学部,学院,学历,毕业年度,去向类别,单位名称,人数
人文学部,外国语学院,本科,2021,升学,重庆大学,14
人文学部,外国语学院,本科,2021,升学,武汉大学,4
人文学部,外国语学院,本科,2021,升学,北京外国语大学,4
人文学部,外国语学院,本科,2021,就业,重庆晓道信息科技有限公司,4
人文学部,外国语学院,本科,2021,升学,北京师范大学,3
人文学部,外国语学院,本科,2021,出国(境)留学或工作,华威大学,3
人文学部,外国语学院,本科,2021,升学,同济大学,3
人文学部,外国语学院,本科,2021,升学,上海外国语大学,3
人文学部,外国语学院,本科,2021,升学,华东师范大学,3
人文学部,外国语学院,本科,2021,就业,深圳市宝视佳科技有限公司,2
人文学部,外国语学院,本科,2021,升学,中国传媒大学,2
人文学部,外国语学院,本科,2021,就业,重庆新东方教育培训学校有限公司,2
人文学部,外国语学院,本科,2021,出国(境)留学或工作,爱丁堡大学,2
人文学部,外国语学院,本科,2021,出国(境)留学或工作,纽约大学,2
人文学部,外国语学院,本科,2021,出国(境)留学或工作,澳门大学,2
人文学部,外国语学院,本科,2021,就业,世强先进(深圳)科技股份有限公司,2
人文学部,外国语学院,本科,2021,升学,广西大学,1
人文学部,外国语学院,本科,2021,就业,武汉洛芙科技股份有限公司,1
人文学部,外国语学院,本科,2021,就业,深圳刀刀电子商务有限公司,1
人文学部,外国语学院,本科,2021,就业,小米通讯技术有限公司,1
人文学部,外国语学院,本科,2021,就业,广州乐牛软件科技有限公司,1
人文学部,外国语学院,本科,2021,就业,惠州TCL电器销售有限公司,1
人文学部,外国语学院,本科,2021,出国(境)留学或工作,格拉斯哥大学,1
人文学部,外国语学院,本科,2021,出国(境)留学或工作,伦敦国王学院,1
人文学部,外国语学院,本科,2021,出国(境)留学或工作,悉尼大学,1
人文学部,外国语学院,本科,2021,就业,湖南兴盛优选电子商务有限公司,1
人文学部,外国语学院,本科,2021,就业,上海高顿教育培训有限公司,1
人文学部,外国语学院,本科,2021,就业,阿里巴巴华南技术有限公司广州增城分公司,1
人文学部,外国语学院,本科,2021,就业,深圳顺丰泰森控股(集团)有限公司,1
人文学部,外国语学院,本科,2021,就业,中建桥梁有限公司,1
人文学部,外国语学院,本科,2021,升学,西南政法大学,1
人文学部,外国语学院,本科,2021,升学,湖南大学,1
人文学部,外国语学院,本科,2021,出国(境)留学或工作,纽卡斯尔大学,1
人文学部,外国语学院,本科,2021,升学,华中科技大学,1
人文学部,外国语学院,本科,2021,升学,华中师范大学,1
人文学部,外国语学院,本科,2021,就业,小米之家商业有限公司,1
人文学部,外国语学院,本科,2021,出国(境)留学或工作,日本语言学校,1
人文学部,外国语学院,本科,2021,就业,上海申能信息安全研究所,1
人文学部,外国语学院,本科,2021,就业,厦门朋信教育咨询有限公司,1
人文学部,外国语学院,本科,2021,升学,天津外国语大学,1
人文学部,外国语学院,本科,2021,就业,武汉盛世人才人力资源服务有限公司,1
人文学部,外国语学院,本科,2021,就业,深圳市龙华区龙华第三小学,1
人文学部,外国语学院,本科,2021,选调生,中共黔南州委组织部,1
人文学部,外国语学院,本科,2021,升学,四川大学,1
人文学部,外国语学院,本科,2021,就业,新乡市辅豫实验高级中学,1
人文学部,外国语学院,本科,2021,就业,个体户经营,1
人文学部,外国语学院,本科,2021,升学,中国人民大学,1
人文学部,外国语学院,本科,2021,就业,东方菱日锅炉有限公司,1
人文学部,外国语学院,本科,2021,升学,哈尔滨工业大学,1
人文学部,外国语学院,本科,2021,就业,重庆凤韵婉美文化传媒有限公司,1
人文学部,外国语学院,本科,2021,升学,南开大学,1
人文学部,外国语学院,本科,2021,就业,深圳市盐田区教育局,1
人文学部,外国语学院,本科,2021,就业,北京安德信业信息咨询有限责任公司,1
人文学部,外国语学院,本科,2021,升学,上海交通大学,1
人文学部,外国语学院,本科,2021,出国(境)留学或工作,香港大学,1
人文学部,外国语学院,本科,2021,出国(境)留学或工作,蒙特雷国际研究院,1
人文学部,外国语学院,硕士,2021,就业,彭水苗族土家族自治县教育委员会,3
人文学部,外国语学院,硕士,2021,就业,重庆高新技术产业开发区管理委员会,3
人文学部,外国语学院,硕士,2021,就业,重庆市九龙坡区杨石路小学校,2
人文学部,外国语学院,硕士,2021,就业,重庆市南开中学校,2
人文学部,外国语学院,硕士,2021,就业,重庆市第二十九中学校,1
人文学部,外国语学院,硕士,2021,就业,湖北省人才市场有限责任公司,1
人文学部,外国语学院,硕士,2021,就业,重庆市九龙坡区晋渝森林小学校,1
人文学部,外国语学院,硕士,2021,就业,重庆耀中国际学校,1
人文学部,外国语学院,硕士,2021,就业,成都市新都区西街小学校,1
人文学部,外国语学院,硕士,2021,就业,重庆两江新区金山小学校,1
人文学部,外国语学院,硕士,2021,就业,重庆大学产业技术研究院,1
人文学部,外国语学院,硕士,2021,就业,嵩山少林武术职业学院,1
人文学部,外国语学院,硕士,2021,就业,绵阳市涪城区西园学校,1
人文学部,外国语学院,硕士,2021,选调生,中共乐山市委组织部,1
人文学部,外国语学院,硕士,2021,就业,四川城市技师学院,1
人文学部,外国语学院,硕士,2021,就业,重庆两江新区礼嘉中学校,1
人文学部,外国语学院,硕士,2021,就业,西南政法大学,1
人文学部,外国语学院,硕士,2021,就业,华中师范大学第一附属中学光谷分校,1
人文学部,外国语学院,硕士,2021,就业,深圳市罗湖区教育局,1
人文学部,外国语学院,硕士,2021,就业,鸿富锦精密电子(成都)有限公司,1
人文学部,外国语学院,硕士,2021,就业,孝感外国语学校黄陂路高级中学,1
人文学部,外国语学院,硕士,2021,就业,四川省广元中学,1
人文学部,外国语学院,硕士,2021,就业,西安陕西师范大学凤凰城初级中学,1
人文学部,外国语学院,硕士,2021,就业,西湖欧米(杭州)生物科技有限公司,1
人文学部,外国语学院,硕士,2021,就业,杭州市春蕾中学,1
人文学部,外国语学院,硕士,2021,就业,中国科学院、水利部成都山地灾害与环境研究所,1
人文学部,外国语学院,硕士,2021,就业,重庆市江北区江北嘴实验学校,1
人文学部,外国语学院,硕士,2021,就业,成都市现代制造职业技术学校,1
人文学部,外国语学院,硕士,2021,就业,小米通讯技术有限公司,1
人文学部,外国语学院,硕士,2021,就业,重庆新东方教育培训学校有限公司,1
人文学部,外国语学院,硕士,2021,就业,鹤山市第一中学,1
人文学部,外国语学院,硕士,2021,就业,成都市实验外国语学校,1
人文学部,外国语学院,硕士,2021,就业,荆门市漳河新区龙山实验学校,1
人文学部,外国语学院,硕士,2021,就业,北京城建集团有限责任公司,1
人文学部,外国语学院,硕士,2021,就业,成都高新区教育文化和卫生健康局,1
人文学部,外国语学院,硕士,2021,就业,苏州依顿外籍人员子女学校,1
人文学部,外国语学院,硕士,2021,就业,重庆巴蜀常春藤学校,1
人文学部,外国语学院,硕士,2021,就业,武昌首义学院,1
人文学部,外国语学院,硕士,2021,就业,北京第二外国语学院成都附属中学,1
人文学部,外国语学院,硕士,2021,就业,广东外语外贸大学南国商学院,1
人文学部,外国语学院,硕士,2021,选调生,中国共产党达州市委员会组织部,1
人文学部,外国语学院,硕士,2021,就业,重庆市求精中学校,1
人文学部,外国语学院,硕士,2021,就业,中共淮安市委组织部,1
人文学部,外国语学院,硕士,2021,就业,建始县第一中学(湖北省建始民族师范学校),1
人文学部,外国语学院,硕士,2021,就业,重庆市九龙坡区西彭镇第二中学校,1
人文学部,外国语学院,硕士,2021,就业,浙江省台州中学,1
人文学部,外国语学院,硕士,2021,就业,中电(重庆)数字经济产业园发展有限公司,1
人文学部,外国语学院,硕士,2021,就业,重庆德普外国语学校,1
人文学部,外国语学院,硕士,2021,升学,上海交通大学,1
人文学部,外国语学院,硕士,2021,就业,遂宁市安居育才中学校,1
人文学部,外国语学院,硕士,2021,选调生,中共陕西省委组织部,1
人文学部,外国语学院,硕士,2021,就业,眉山天府新区第一中学,1
人文学部,外国语学院,硕士,2021,就业,肇庆高新技术产业开发区育慧学校,1
人文学部,外国语学院,硕士,2021,就业,南召衡越实验中学,1
人文学部,外国语学院,硕士,2021,就业,黄石市第一中学,1
人文学部,外国语学院,硕士,2021,就业,重庆供销控股(集团)有限公司,1
人文学部,外国语学院,硕士,2021,就业,平原外国语学校,1
人文学部,外国语学院,硕士,2021,就业,重庆市人民小学校,1
人文学部,外国语学院,硕士,2021,就业,宜昌金东方教育集团,1
人文学部,外国语学院,硕士,2021,就业,重庆市第八中学校,1
人文学部,外国语学院,硕士,2021,就业,中国建设银行股份有限公司重庆市分行,1
人文学部,外国语学院,硕士,2021,就业,兰州市西固区合水路小学,1
人文学部,外国语学院,硕士,2021,就业,重庆城市科技学院,1
人文学部,外国语学院,硕士,2021,就业,湖北三峡职业技术学院,1
人文学部,外国语学院,硕士,2021,就业,浙江公路技师学院,1
人文学部,外国语学院,硕士,2021,就业,深圳市宝安区教育局,1
人文学部,外国语学院,硕士,2021,就业,武汉四达外国语言文化研究有限公司,1
人文学部,外国语学院,硕士,2021,就业,重庆建设工业(集团)有限责任公司,1
人文学部,外国语学院,硕士,2021,就业,浙江省新华书店集团有限公司——电商事业部,1
人文学部,外国语学院,硕士,2021,就业,重庆巴南巴蜀小学校,1
人文学部,外国语学院,硕士,2021,就业,郑州市郑开学校,1
人文学部,外国语学院,硕士,2021,就业,重庆三境世纪教育科技有限公司,1
人文学部,外国语学院,硕士,2021,就业,重庆市第七中学校,1
人文学部,外国语学院,硕士,2021,就业,重庆市巴南区珠江城初级中学校,1
人文学部,外国语学院,硕士,2021,就业,重庆外语外事学院,1
人文学部,外国语学院,硕士,2021,就业,上海德邦物流有限公司,1
人文学部,外国语学院,硕士,2021,就业,深圳市龙岗区教育局,1
人文学部,外国语学院,硕士,2021,就业,成都市新都区新都镇谕亭小学,1
人文学部,外国语学院,硕士,2021,就业,重庆市巴蜀小学校,1
人文学部,外国语学院,硕士,2021,就业,深圳市龙华高级中学教育集团,1
人文学部,外国语学院,硕士,2021,就业,昆山市花桥高级中学,1
人文学部,外国语学院,硕士,2021,就业,四川省广元实验中学,1
人文学部,外国语学院,硕士,2021,就业,重庆大学,1
人文学部,外国语学院,硕士,2021,选调生,中共南充市委组织部,1
人文学部,外国语学院,本科,2022,就业,重庆大学,13
人文学部,外国语学院,本科,2022,升学,四川大学,3
人文学部,外国语学院,本科,2022,升学,武汉大学,3
人文学部,外国语学院,本科,2022,升学,南京大学,2
人文学部,外国语学院,本科,2022,出国(境)留学或工作,东北大学,2
人文学部,外国语学院,本科,2022,出国(境)留学或工作,伦敦大学学院,2
人文学部,外国语学院,本科,2022,升学,中山大学,2
人文学部,外国语学院,本科,2022,升学,浙江大学,2
人文学部,外国语学院,本科,2022,志愿服务西部计划,北京立德未来助学公益基金会,2
人文学部,外国语学院,本科,2022,升学,北京师范大学,2
人文学部,外国语学院,本科,2022,出国(境)留学或工作,香港中文大学,2
人文学部,外国语学院,本科,2022,升学,西安交通大学,2
人文学部,外国语学院,本科,2022,升学,中南财经政法大学,1
人文学部,外国语学院,本科,2022,升学,华中师范大学,1
人文学部,外国语学院,本科,2022,升学,西南财经大学,1
人文学部,外国语学院,本科,2022,就业,三一重型装备有限公司,1
人文学部,外国语学院,本科,2022,出国(境)留学或工作,爱丁堡大学,1
人文学部,外国语学院,本科,2022,志愿服务西部计划,璧山区八塘镇经济发展办公室,1
人文学部,外国语学院,本科,2022,升学,上海外国语大学,1
人文学部,外国语学院,本科,2022,出国(境)留学或工作,布里斯托大学,1
人文学部,外国语学院,本科,2022,出国(境)留学或工作,纽约大学,1
人文学部,外国语学院,本科,2022,就业,丰都县档案馆,1
人文学部,外国语学院,本科,2022,就业,小米之家商业有限公司,1
人文学部,外国语学院,本科,2022,选调生,中共陕西省委组织部,1
人文学部,外国语学院,本科,2022,升学,兰州大学,1
人文学部,外国语学院,本科,2022,出国(境)留学或工作,伦敦艺术大学,1
人文学部,外国语学院,本科,2022,就业,比亚迪股份有限公司,1
人文学部,外国语学院,本科,2022,就业,浙江晶盛机电股份有限公司,1
人文学部,外国语学院,本科,2022,出国(境)留学或工作,西北大学,1
人文学部,外国语学院,本科,2022,就业,联友智连科技有限公司,1
人文学部,外国语学院,本科,2022,就业,深圳市昊一源科技有限公司,1
人文学部,外国语学院,本科,2022,升学,山东大学,1
人文学部,外国语学院,本科,2022,就业,BC教育咨询(北京)有限公司重庆分公司,1
人文学部,外国语学院,本科,2022,升学,中国人民大学,1
人文学部,外国语学院,本科,2022,就业,浙江华友钴业股份有限公司,1
人文学部,外国语学院,本科,2022,升学,吉林大学,1
人文学部,外国语学院,本科,2022,选调生,中共黔南州委组织部,1
人文学部,外国语学院,本科,2022,升学,华东师范大学,1
人文学部,外国语学院,本科,2022,升学,中国农业大学,1
人文学部,外国语学院,本科,2022,就业,成都市青白江区弥牟镇人民政府,1
人文学部,外国语学院,本科,2022,出国(境)留学或工作,南安普敦大学,1
人文学部,外国语学院,本科,2022,升学,华中科技大学,1
人文学部,外国语学院,本科,2022,升学,北京外国语大学,1
人文学部,外国语学院,本科,2022,出国(境)留学或工作,巴斯大学,1
人文学部,外国语学院,本科,2022,就业,文思海辉智科科技有限公司成都分公司,1
人文学部,外国语学院,本科,2022,就业,中国银行股份有限公司广东省分行,1
人文学部,外国语学院,本科,2022,升学,中国传媒大学,1
人文学部,外国语学院,本科,2022,就业,一汽丰田汽车销售有限公司,1
人文学部,外国语学院,本科,2022,就业,重庆江北巴川学校,1
人文学部,外国语学院,本科,2022,就业,广东美的制冷设备有限公司,1
人文学部,外国语学院,本科,2022,升学,湖南大学,1
人文学部,外国语学院,本科,2022,就业,沈阳兴华航空电器有限责任公司,1
人文学部,外国语学院,本科,2022,就业,珠海得尔塔科技有限公司,1
人文学部,外国语学院,本科,2022,升学,对外经济贸易大学,1
人文学部,外国语学院,本科,2022,出国(境)留学或工作,香港城市大学,1
人文学部,外国语学院,本科,2022,升学,北京理工大学,1
人文学部,外国语学院,本科,2022,志愿服务西部计划,重庆市綦江区隆盛镇人民政府,1
人文学部,外国语学院,本科,2022,就业,中建三局第三建设工程有限责任公司,1
人文学部,外国语学院,本科,2022,升学,上海音乐学院,1
人文学部,外国语学院,本科,2022,出国(境)留学或工作,大阪大学,1
人文学部,外国语学院,本科,2022,出国(境)留学或工作,华威大学,1
人文学部,外国语学院,硕士,2022,选调生,中国共产党遂宁市委员会组织部,2
人文学部,外国语学院,硕士,2022,就业,重庆人文科技学院,2
人文学部,外国语学院,硕士,2022,就业,鸿富锦精密电子(成都)有限公司,2
人文学部,外国语学院,硕士,2022,就业,北京京东世纪贸易有限公司,1
人文学部,外国语学院,硕士,2022,选调生,山西省退役军人事务厅,1
人文学部,外国语学院,硕士,2022,就业,深圳市宝安区教育局,1
人文学部,外国语学院,硕士,2022,就业,重庆市求精中学校,1
人文学部,外国语学院,硕士,2022,就业,深圳市龙华区第二外国语学校,1
人文学部,外国语学院,硕士,2022,出国(境)留学或工作,名古屋大学,1
人文学部,外国语学院,硕士,2022,就业,深圳市龙华区第三实验学校,1
人文学部,外国语学院,硕士,2022,升学,上海外国语大学,1
人文学部,外国语学院,硕士,2022,选调生,中共黔东南州委组织部(黔东南州公务员局),1
人文学部,外国语学院,硕士,2022,选调生,中共黔南州委组织部,1
人文学部,外国语学院,硕士,2022,就业,十堰市医药卫生学校,1
人文学部,外国语学院,硕士,2022,就业,重庆旅游职业学院,1
人文学部,外国语学院,硕士,2022,就业,南京仁芯科技有限公司(成都分公司),1
人文学部,外国语学院,硕士,2022,就业,深圳市福田区教育局,1
人文学部,外国语学院,硕士,2022,就业,深圳市龙华高级中学教育集团,1
人文学部,外国语学院,硕士,2022,就业,浙江省国家安全厅,1
人文学部,外国语学院,硕士,2022,就业,重庆市礼嘉中学校,1
人文学部,外国语学院,硕士,2022,就业,川北医学院,1
人文学部,外国语学院,硕士,2022,就业,河南省实验文博学校,1
人文学部,外国语学院,硕士,2022,就业,宿州万古人力资源服务有限公司,1
人文学部,外国语学院,硕士,2022,就业,重庆万盛经济技术开发区中盛小学,1
人文学部,外国语学院,硕士,2022,就业,比亚迪股份有限公司,1
人文学部,外国语学院,硕士,2022,就业,宜宾市中山街小学校,1
人文学部,外国语学院,硕士,2022,就业,中央民族大学附属中学贵阳学校,1
人文学部,外国语学院,硕士,2022,就业,垫江第八中学校,1
人文学部,外国语学院,硕士,2022,就业,四川省德阳市第五中学,1
人文学部,外国语学院,硕士,2022,就业,重庆南城巴川学校,1
人文学部,外国语学院,硕士,2022,就业,重庆新东方教育培训学校有限公司,1
人文学部,外国语学院,硕士,2022,就业,重庆市工业学校,1
人文学部,外国语学院,硕士,2022,就业,重庆巴蜀常春藤学校,1
人文学部,外国语学院,硕士,2022,就业,重庆市巴渝学校,1
人文学部,外国语学院,硕士,2022,就业,BC教育咨询(北京)有限公司重庆分公司,1
人文学部,外国语学院,硕士,2022,就业,福州市仓山区教育局,1
人文学部,外国语学院,硕士,2022,就业,重庆高新技术产业开发区管理委员会公共服务局,1
人文学部,外国语学院,硕士,2022,就业,江苏第二师范学院(江苏省教育科学研究院),1
人文学部,外国语学院,硕士,2022,就业,深圳市坪山区教育局,1
人文学部,外国语学院,硕士,2022,就业,重庆两江新区重光小学校,1
人文学部,外国语学院,硕士,2022,就业,重庆市高新技术产业开发区管理委员会,1
人文学部,外国语学院,硕士,2022,就业,昆山震川高级中学,1
人文学部,外国语学院,硕士,2022,就业,成都高新技术产业开发区教育文化和卫生健康局,1
人文学部,外国语学院,硕士,2022,就业,都江堰市实验中学,1
人文学部,外国语学院,硕士,2022,就业,重庆长安汽车股份有限公司,1
人文学部,外国语学院,硕士,2022,出国(境)留学或工作,麦考瑞大学,1
人文学部,外国语学院,硕士,2022,选调生,中国共产党成都市委员会组织部,1
人文学部,外国语学院,硕士,2022,就业,深圳市龙华区同胜学校,1
人文学部,外国语学院,硕士,2022,就业,云南民族大学,1
人文学部,外国语学院,硕士,2022,就业,重庆市巴川中学校,1
人文学部,外国语学院,硕士,2022,就业,四川文化艺术学院,1
人文学部,外国语学院,硕士,2022,就业,重庆巴南育才实验中学校,1
人文学部,外国语学院,硕士,2022,就业,成都市金牛区实外高级中学,1
人文学部,外国语学院,硕士,2022,就业,重庆市第八中学校,1
人文学部,外国语学院,硕士,2022,就业,深圳市罗湖区教育局,1
人文学部,外国语学院,硕士,2022,就业,云阳县沙沱初级中学,1
人文学部,外国语学院,硕士,2022,就业,奇瑞汽车股份有限公司,1
人文学部,外国语学院,硕士,2022,选调生,海南省高级人民法院,1
人文学部,外国语学院,硕士,2022,选调生,中国共产党广安市委员会组织部,1
人文学部,外国语学院,硕士,2022,选调生,中共贵阳市委组织部,1
人文学部,外国语学院,硕士,2022,就业,成都市青羊区教育局,1
人文学部,外国语学院,硕士,2022,就业,深圳村田科技有限公司,1
人文学部,外国语学院,硕士,2022,就业,新乡市第二中学,1
人文学部,外国语学院,硕士,2022,就业,成都市郫都区天立学校,1
人文学部,外国语学院,硕士,2022,就业,深圳市光明区教育局,1
人文学部,外国语学院,硕士,2022,选调生,中共许昌市委组织部,1
人文学部,外国语学院,硕士,2022,就业,重庆市江津区双福育才中学校,1
人文学部,外国语学院,硕士,2022,选调生,中共内江市委组织部,1
人文学部,外国语学院,硕士,2022,就业,中国民用航空飞行学院洛阳分院,1
人文学部,外国语学院,硕士,2022,就业,成都市新都区旃檀小学校,1
人文学部,外国语学院,硕士,2022,就业,渤海银行股份有限公司成都分行,1
人文学部,外国语学院,硕士,2022,就业,洛阳市涧西区中小学教师,1
人文学部,外国语学院,硕士,2022,就业,西南财经大学,1
人文学部,外国语学院,本科,2023,升学,重庆大学,11
人文学部,外国语学院,本科,2023,就业,比亚迪股份有限公司,6
人文学部,外国语学院,本科,2023,出国(境)留学或工作,伦敦大学学院,4
人文学部,外国语学院,本科,2023,升学,四川大学,3
人文学部,外国语学院,本科,2023,升学,华东师范大学,2
人文学部,外国语学院,本科,2023,升学,上海外国语大学,2
人文学部,外国语学院,本科,2023,升学,湖南大学,2
人文学部,外国语学院,本科,2023,出国(境)留学或工作,香港中文大学,2
人文学部,外国语学院,本科,2023,升学,华中科技大学,2
人文学部,外国语学院,本科,2023,出国(境)留学或工作,香港大学,1
人文学部,外国语学院,本科,2023,升学,中南大学,1
人文学部,外国语学院,本科,2023,出国(境)留学或工作,阿伯丁大学,1
人文学部,外国语学院,本科,2023,就业,鸿富锦精密电子(成都)有限公司,1
人文学部,外国语学院,本科,2023,选调生,中共三元区委组织部信息化办,1
人文学部,外国语学院,本科,2023,升学,辽宁大学,1
人文学部,外国语学院,本科,2023,就业,大连高新技术产业园区教育文体局,1
人文学部,外国语学院,本科,2023,就业,重庆市渝中区学而思益思科技培训有限公司,1
人文学部,外国语学院,本科,2023,升学,同济大学,1
人文学部,外国语学院,本科,2023,志愿服务西部计划,湖北省西部计划项目办,1
人文学部,外国语学院,本科,2023,出国(境)留学或工作,墨尔本大学,1
人文学部,外国语学院,本科,2023,就业,香港博雅教育控股有限公司,1
人文学部,外国语学院,本科,2023,出国(境)留学或工作,爱丁堡大学,1
人文学部,外国语学院,本科,2023,就业,一汽—大众汽车有限公司,1
人文学部,外国语学院,本科,2023,就业,伯恩光学(惠州)有限公司,1
人文学部,外国语学院,本科,2023,升学,南京大学,1
人文学部,外国语学院,本科,2023,升学,中国政法大学,1
人文学部,外国语学院,本科,2023,升学,上海交通大学,1
人文学部,外国语学院,本科,2023,就业,深圳市珂莱蒂尔服饰有限公司,1
人文学部,外国语学院,本科,2023,就业,上海亿保健康管理有限公司重庆分公司,1
人文学部,外国语学院,本科,2023,就业,浙江友邦集成吊顶股份有限公司,1
人文学部,外国语学院,本科,2023,出国(境)留学或工作,伦敦国王学院,1
人文学部,外国语学院,本科,2023,升学,浙江大学,1
人文学部,外国语学院,本科,2023,就业,重庆奥普提科技有限公司,1
人文学部,外国语学院,本科,2023,就业,厦门金鹭特种合金有限公司,1
人文学部,外国语学院,本科,2023,出国(境)留学或工作,早稻田大学,1
人文学部,外国语学院,本科,2023,出国(境)留学或工作,香港理工大学,1
人文学部,外国语学院,本科,2023,升学,东南大学,1
人文学部,外国语学院,本科,2023,就业,上海长宁区世纪学小思线上教育培训学校,1
人文学部,外国语学院,本科,2023,出国(境)留学或工作,图宾根大学,1
人文学部,外国语学院,本科,2023,升学,四川外国语大学,1
人文学部,外国语学院,本科,2023,就业,上海墨帝教育科技服务有限公司,1
人文学部,外国语学院,本科,2023,出国(境)留学或工作,华威大学,1
人文学部,外国语学院,本科,2023,就业,丝芙兰(上海)化妆品销售有限公司,1
人文学部,外国语学院,本科,2023,升学,中国传媒大学,1
人文学部,外国语学院,本科,2023,升学,暨南大学,1
人文学部,外国语学院,本科,2023,出国(境)留学或工作,澳门大学,1
人文学部,外国语学院,本科,2023,升学,西南大学,1
人文学部,外国语学院,本科,2023,升学,北京师范大学,1
人文学部,外国语学院,本科,2023,升学,天津大学,1
人文学部,外国语学院,硕士,2023,就业,鸿富锦精密电子(成都)有限公司,4
人文学部,外国语学院,硕士,2023,选调生,中国共产党达州市委员会组织部,3
人文学部,外国语学院,硕士,2023,升学,重庆大学,3
人文学部,外国语学院,硕士,2023,选调生,中共陕西省委组织部,3
人文学部,外国语学院,硕士,2023,就业,重庆新东方教育培训学校有限公司,2
人文学部,外国语学院,硕士,2023,就业,南昌市第十中学,1
人文学部,外国语学院,硕士,2023,就业,温州长江汽车电子有限公司,1
人文学部,外国语学院,硕士,2023,就业,重庆江北嘴实验中学,1
人文学部,外国语学院,硕士,2023,就业,南安市教育局,1
人文学部,外国语学院,硕士,2023,就业,重庆市永川中学校,1
人文学部,外国语学院,硕士,2023,就业,南京泉峰科技有限公司,1
人文学部,外国语学院,硕士,2023,就业,重庆市巴川中学校,1
人文学部,外国语学院,硕士,2023,选调生,中国共产党重庆市合川区委员会组织部,1
人文学部,外国语学院,硕士,2023,就业,上海汉世陶瓷艺术有限公司,1
人文学部,外国语学院,硕士,2023,就业,奇瑞汽车股份有限公司,1
人文学部,外国语学院,硕士,2023,选调生,中共云阳县委组织部,1
人文学部,外国语学院,硕士,2023,就业,电子科技大学实验中学,1
人文学部,外国语学院,硕士,2023,就业,重庆市梁平区城市管理综合行政执法支队,1
人文学部,外国语学院,硕士,2023,就业,成都高新技术产业开发区教育文化体育局,1
人文学部,外国语学院,硕士,2023,就业,常熟外国语学校,1
人文学部,外国语学院,硕士,2023,就业,重庆市江津李市中学校,1
人文学部,外国语学院,硕士,2023,就业,中共泰州市委组织部,1
人文学部,外国语学院,硕士,2023,选调生,中共铜陵市委组织部,1
人文学部,外国语学院,硕士,2023,就业,西安欧尔意信息科技有限公司,1
人文学部,外国语学院,硕士,2023,就业,自贡市第二十八中学校,1
人文学部,外国语学院,硕士,2023,就业,重庆市鲁能巴蜀中学校,1
人文学部,外国语学院,硕士,2023,就业,重庆市涪陵城区第七小学校,1
人文学部,外国语学院,硕士,2023,就业,深圳市坪山区教育局,1
人文学部,外国语学院,硕士,2023,就业,重庆高新技术产业开发区管理委员会,1
人文学部,外国语学院,硕士,2023,选调生,中国共产党雅安市委员会组织部,1
人文学部,外国语学院,硕士,2023,就业,西安牛学英语培训学校有限公司,1
人文学部,外国语学院,硕士,2023,就业,云南省普洱市第一中学,1
人文学部,外国语学院,硕士,2023,就业,杭州欢阅信息技术有限公司,1
人文学部,外国语学院,硕士,2023,就业,四川省内江市第六中学,1
人文学部,外国语学院,硕士,2023,就业,重庆市两江人民小学校,1
人文学部,外国语学院,硕士,2023,就业,三井住友银行(中国)有限公司重庆分行,1
人文学部,外国语学院,硕士,2023,就业,深圳实验学校明理高中,1
人文学部,外国语学院,硕士,2023,就业,中国物流集团资产管理有限公司,1
人文学部,外国语学院,硕士,2023,就业,四川工业科技学院,1
人文学部,外国语学院,硕士,2023,就业,重庆南城巴川学校,1
人文学部,外国语学院,硕士,2023,就业,重庆以梦为马出国留学中介服务有限公司,1
人文学部,外国语学院,硕士,2023,就业,重庆电讯职业学院,1
人文学部,外国语学院,硕士,2023,就业,成都市新都区谕亭小学校,1
人文学部,外国语学院,硕士,2023,就业,西咸新区黄冈泾河中学,1
人文学部,外国语学院,硕士,2023,就业,BC教育咨询(北京)有限公司重庆分公司,1
人文学部,外国语学院,硕士,2023,选调生,中国人民政治协商会议全国委员会办公厅,1
人文学部,外国语学院,硕士,2023,就业,盐城外国语学校,1
人文学部,外国语学院,硕士,2023,就业,四川鑫冠诚电子有限公司,1
人文学部,外国语学院,硕士,2023,就业,重庆实验外国语学校,1
人文学部,外国语学院,硕士,2023,就业,北京京东世纪贸易有限公司,1
人文学部,外国语学院,硕士,2023,就业,武汉市东西湖区教育局,1
人文学部,外国语学院,硕士,2023,就业,武汉市洪山区教育局,1
人文学部,外国语学院,硕士,2023,就业,烟台市福山区教育和体育局,1
人文学部,外国语学院,硕士,2023,就业,毕马威华振会计师事务所(特殊普通合伙)南京分所,1
人文学部,外国语学院,硕士,2023,就业,重庆新航道锦秋教育信息咨询有限公司,1
人文学部,外国语学院,硕士,2023,就业,深圳市龙岗区教育局,1
人文学部,外国语学院,硕士,2023,就业,古交市第一中学校,1
人文学部,外国语学院,硕士,2023,就业,佛山市顺德区梁开初级中学,1
人文学部,外国语学院,硕士,2023,就业,郑州市第四十一高级中学,1
人文学部,外国语学院,硕士,2023,就业,重庆财经职业学院,1
人文学部,外国语学院,硕士,2023,就业,深圳市龙华区教育局,1
人文学部,外国语学院,硕士,2023,就业,重庆艾买网络技术有限公司,1
人文学部,外国语学院,硕士,2023,选调生,开州区委组织部,1
人文学部,外国语学院,硕士,2023,就业,宜宾三江中学,1
人文学部,外国语学院,硕士,2023,就业,重庆市巴蜀小学校,1
人文学部,外国语学院,硕士,2023,就业,吉林财经大学,1
人文学部,外国语学院,硕士,2023,就业,重庆市两江育才中学校,1
人文学部,外国语学院,硕士,2023,升学,上海外国语大学,1
人文学部,外国语学院,硕士,2023,就业,重庆市南岸区珊瑚中铁小学校,1
人文学部,艺术学院,本科,2021,升学,重庆大学,21
人文学部,艺术学院,本科,2021,就业,广州恒大民族歌舞团有限公司,4
人文学部,艺术学院,本科,2021,升学,四川大学,3
人文学部,艺术学院,本科,2021,升学,四川美术学院,3
人文学部,艺术学院,本科,2021,升学,湖南大学,2
人文学部,艺术学院,本科,2021,就业,重庆巴南巴蜀小学校,2
人文学部,艺术学院,本科,2021,就业,重庆市北碚区文化馆,2
人文学部,艺术学院,本科,2021,就业,重庆玖夏文化传媒有限责任公司,2
人文学部,艺术学院,本科,2021,升学,苏州大学,2
人文学部,艺术学院,本科,2021,就业,成都邻你生活股份有限公司,2
人文学部,艺术学院,本科,2021,就业,深圳奥雅设计股份有限公司,2
人文学部,艺术学院,本科,2021,就业,重庆卓创开文园林设计工程有限公司,2
人文学部,艺术学院,本科,2021,出国(境)留学或工作,伦敦大学学院,2
人文学部,艺术学院,本科,2021,就业,中建八局第三建设有限公司,2
人文学部,艺术学院,本科,2021,就业,上海德邦物流有限公司,2
人文学部,艺术学院,本科,2021,就业,重庆象行教育科技有限公司,1
人文学部,艺术学院,本科,2021,就业,重庆市歌剧院,1
人文学部,艺术学院,本科,2021,就业,重庆星熠独秀演艺有限公司,1
人文学部,艺术学院,本科,2021,就业,重庆飞驶特人力资源管理有限公司,1
人文学部,艺术学院,本科,2021,就业,重庆市九龙坡区恩桥创美课外培训中心有限公司,1
人文学部,艺术学院,本科,2021,就业,芜湖同文高级中学有限公司,1
人文学部,艺术学院,本科,2021,就业,桃江县桃江七中,1
人文学部,艺术学院,本科,2021,出国(境)留学或工作,爱丁堡大学,1
人文学部,艺术学院,本科,2021,就业,成都声玩文化传播有限公司,1
人文学部,艺术学院,本科,2021,就业,海南青年本土文化发展有限公司,1
人文学部,艺术学院,本科,2021,就业,万宁市翼翔舞蹈培训有限公司,1
人文学部,艺术学院,本科,2021,就业,华东师范大学附属中旭学校,1
人文学部,艺术学院,本科,2021,就业,秦皇岛恺雨葡萄酿酒有限公司,1
人文学部,艺术学院,本科,2021,就业,吉林市歌舞团文化传媒股份有限公司,1
人文学部,艺术学院,本科,2021,升学,陕西师范大学,1
人文学部,艺术学院,本科,2021,就业,重庆单色小熊文化传媒有限公司,1
人文学部,艺术学院,本科,2021,就业,重庆羊羔文化艺术中心,1
人文学部,艺术学院,本科,2021,就业,重庆长安汽车股份有限公司,1
人文学部,艺术学院,本科,2021,就业,曲靖市麒麟区建宁街道办事处爱心幼儿园,1
人文学部,艺术学院,本科,2021,就业,泸州市纳溪区灵通艺术学校,1
人文学部,艺术学院,本科,2021,就业,重庆新东方教育培训学校有限公司,1
人文学部,艺术学院,本科,2021,就业,重庆市璧山区未来星教育培训有限公司,1
人文学部,艺术学院,本科,2021,就业,重庆歌舞团有限责任公司,1
人文学部,艺术学院,本科,2021,就业,重庆银行股份有限公司渝中管理部,1
人文学部,艺术学院,本科,2021,就业,腾讯科技(深圳)有限公司,1
人文学部,艺术学院,本科,2021,就业,长沙巨世科技有限公司,1
人文学部,艺术学院,本科,2021,就业,上海咕么信息科技有限公司,1
人文学部,艺术学院,本科,2021,就业,广州乐牛软件科技有限公司,1
人文学部,艺术学院,本科,2021,就业,欣欣相融教育科技(北京)有限公司,1
人文学部,艺术学院,本科,2021,就业,应征义务兵,1
人文学部,艺术学院,本科,2021,就业,重庆狼卜品牌策划有限公司,1
人文学部,艺术学院,本科,2021,出国(境)留学或工作,布莱顿大学,1
人文学部,艺术学院,本科,2021,出国(境)留学或工作,东京JCLI日本语学校,1
人文学部,艺术学院,本科,2021,就业,河北艺中荷马教育科技有限公司,1
人文学部,艺术学院,本科,2021,就业,成都高途云集教育科技有限公司,1
人文学部,艺术学院,本科,2021,就业,盛京银行股份有限公司,1
人文学部,艺术学院,本科,2021,就业,广州市天诺营销策划有限公司上海勤正营销策划分公司,1
人文学部,艺术学院,本科,2021,就业,深圳市事务通科技开发有限公司,1
人文学部,艺术学院,本科,2021,就业,林同棪国际工程咨询(中国)有限公司,1
人文学部,艺术学院,本科,2021,出国(境)留学或工作,金斯顿大学,1
人文学部,艺术学院,本科,2021,出国(境)留学或工作,普瑞特艺术学院,1
人文学部,艺术学院,本科,2021,升学,深圳大学,1
人文学部,艺术学院,本科,2021,就业,北京立德未来助学公益基金会,1
人文学部,艺术学院,本科,2021,就业,重庆可兰达科技有限公司,1
人文学部,艺术学院,本科,2021,就业,浙江拓越装饰工程有限公司,1
人文学部,艺术学院,本科,2021,就业,深圳市寻麟文化娱乐有限公司,1
人文学部,艺术学院,本科,2021,就业,重庆帕斯亚科技有限公司,1
人文学部,艺术学院,本科,2021,就业,郑州平行线教育科技有限公司,1
人文学部,艺术学院,本科,2021,出国(境)留学或工作,拉夫堡大学,1
人文学部,艺术学院,本科,2021,就业,广东长虹电子有限公司,1
人文学部,艺术学院,本科,2021,升学,武汉理工大学,1
人文学部,艺术学院,本科,2021,出国(境)留学或工作,格拉斯哥艺术学院,1
人文学部,艺术学院,本科,2021,升学,西安交通大学,1
人文学部,艺术学院,本科,2021,出国(境)留学或工作,伦敦大学金史密斯学院,1
人文学部,艺术学院,本科,2021,就业,淄博市公园城市服务中心,1
人文学部,艺术学院,本科,2021,出国(境)留学或工作,美都里慕日本语学校,1
人文学部,艺术学院,本科,2021,升学,武汉大学,1
人文学部,艺术学院,本科,2021,就业,惠州市西顿工业发展有限公司,1
人文学部,艺术学院,本科,2021,出国(境)留学或工作,伦敦艺术大学,1
人文学部,艺术学院,本科,2021,就业,重庆长安汽车软件科技有限公司,1
人文学部,艺术学院,本科,2021,就业,欧冶工业品股份有限公司,1
人文学部,艺术学院,本科,2021,就业,星络家居云物联科技有限公司,1
人文学部,艺术学院,本科,2021,就业,成都极课好学教育科技有限公司,1
人文学部,艺术学院,本科,2021,就业,六安英科实业有限公司,1
人文学部,艺术学院,本科,2021,就业,永威置业集团有限公司,1
人文学部,艺术学院,本科,2021,出国(境)留学或工作,那不勒斯美院,1
人文学部,艺术学院,本科,2021,就业,小米通讯技术有限公司,1
人文学部,艺术学院,本科,2021,就业,维沃移动通信有限公司,1
人文学部,艺术学院,本科,2021,就业,上海中南锦时置业有限责任公司,1
人文学部,艺术学院,本科,2021,就业,广州富力地产(重庆)有限公司,1
人文学部,艺术学院,本科,2021,就业,中信银行股份有限公司南昌分行,1
人文学部,艺术学院,本科,2021,就业,华润建筑有限公司,1
人文学部,艺术学院,本科,2021,选调生,中共黑龙江省委组织部,1
人文学部,艺术学院,本科,2021,就业,中冶(上海)钢结构科技有限公司,1
人文学部,艺术学院,本科,2021,就业,重庆大学建筑规划设计研究总院有限公司,1
人文学部,艺术学院,本科,2021,出国(境)留学或工作,建筑联盟学院,1
人文学部,艺术学院,本科,2021,升学,江南大学,1
人文学部,艺术学院,本科,2021,就业,广州市城市规划勘测设计研究院,1
人文学部,艺术学院,本科,2021,出国(境)留学或工作,香港大学,1
人文学部,艺术学院,本科,2021,就业,广州天盈园林工程有限公司,1
人文学部,艺术学院,本科,2021,就业,兰州市西固区住房和城乡建设局,1
人文学部,艺术学院,本科,2021,就业,常州万嘉置业咨询有限公司,1
人文学部,艺术学院,本科,2021,就业,重庆全智胜广告有限公司,1
人文学部,艺术学院,本科,2021,就业,阜南县申通机械制造有限公司,1
人文学部,艺术学院,本科,2021,就业,长沙惟德教育科技有限公司,1
人文学部,艺术学院,本科,2021,选调生,中共雅安市委组织部,1
人文学部,艺术学院,硕士,2021,就业,重庆大学,3
人文学部,艺术学院,硕士,2021,就业,北京市正泽学校,1
人文学部,艺术学院,硕士,2021,就业,重庆城市科技学院,1
人文学部,艺术学院,硕士,2021,升学,东南大学,1
人文学部,艺术学院,硕士,2021,就业,重庆市九龙坡区人和小学校,1
人文学部,艺术学院,硕士,2021,就业,南京网眼信息技术有限公司,1
人文学部,艺术学院,硕士,2021,就业,西安市高陵区教育局,1
人文学部,艺术学院,硕士,2021,就业,湖南创悦时代教育科技有限公司,1
人文学部,艺术学院,硕士,2021,升学,南京艺术学院,1
人文学部,艺术学院,硕士,2021,就业,浙江绿城建筑设计有限公司重庆分公司,1
人文学部,艺术学院,硕士,2021,就业,深圳今日头条科技有限公司,1
人文学部,艺术学院,硕士,2021,就业,东风汽车有限公司东风日产乘用车公司,1
人文学部,艺术学院,硕士,2021,就业,湖南农业大学,1
人文学部,艺术学院,硕士,2021,就业,苏州外国语学校,1
人文学部,艺术学院,硕士,2021,就业,中国建筑西南设计研究院有限公司,1
人文学部,艺术学院,硕士,2021,就业,江苏南碧房地产开发有限公司,1
人文学部,艺术学院,硕士,2021,就业,四川虹微技术有限公司,1
人文学部,艺术学院,硕士,2021,就业,重庆黔景学生托管服务有限公司,1
人文学部,艺术学院,硕士,2021,就业,广西民族大学,1
人文学部,艺术学院,硕士,2021,就业,重庆金科房地产开发有限公司,1
人文学部,艺术学院,硕士,2021,就业,中国人寿财产保险股份有限公司,1
人文学部,艺术学院,硕士,2021,就业,重庆工程学院,1
人文学部,艺术学院,硕士,2021,就业,重庆高新技术产业开发区管理委员会公共服务局,1
人文学部,艺术学院,硕士,2021,就业,菏泽学院,1
人文学部,艺术学院,硕士,2021,就业,成都中兴软件有限责任公司,1
人文学部,艺术学院,硕士,2021,就业,杭州筑景设计有限公司,1
人文学部,艺术学院,硕士,2021,就业,宜宾学院,1
人文学部,艺术学院,硕士,2021,就业,重庆市朝阳中学,1
人文学部,艺术学院,硕士,2021,就业,淮南联合大学,1
人文学部,艺术学院,硕士,2021,就业,杭州市萧山区教育局,1
人文学部,艺术学院,硕士,2021,就业,深圳奥雅设计股份有限公司西安分公司,1
人文学部,艺术学院,硕士,2021,就业,美的置业集团有限公司,1
人文学部,艺术学院,硕士,2021,就业,中冶赛迪重庆信息技术有限公司,1
人文学部,艺术学院,硕士,2021,就业,南京工程学院,1
人文学部,艺术学院,硕士,2021,选调生,广西壮族自治区党委组织部干部规划办(定向选调生),1
人文学部,艺术学院,硕士,2021,就业,宁波中海海润置业有限公司,1
人文学部,艺术学院,硕士,2021,就业,广东科技学院,1
人文学部,艺术学院,硕士,2021,就业,学科网(北京)股份有限公司,1
人文学部,艺术学院,硕士,2021,就业,重庆人民(融侨)小学校,1
人文学部,艺术学院,硕士,2021,就业,成都文理学院,1
人文学部,艺术学院,硕士,2021,就业,重庆高新技术产业开发区管理委员会,1
人文学部,艺术学院,硕士,2021,就业,重庆金隅大成新都会有限公司,1
人文学部,艺术学院,硕士,2021,就业,重庆长安汽车股份有限公司,1
人文学部,艺术学院,硕士,2021,就业,吉利汽车研究院(宁波)有限公司,1
人文学部,艺术学院,硕士,2021,就业,同方知网(北京)技术有限公司,1
人文学部,艺术学院,本科,2022,升学,重庆大学,22
人文学部,艺术学院,本科,2022,就业,重庆长安汽车股份有限公司,5
人文学部,艺术学院,本科,2022,升学,江南大学,3
人文学部,艺术学院,本科,2022,就业,重庆市北碚区文化馆,2
人文学部,艺术学院,本科,2022,出国(境)留学或工作,伦敦艺术大学,2
人文学部,艺术学院,本科,2022,出国(境)留学或工作,爱丁堡大学,2
人文学部,艺术学院,本科,2022,升学,北京理工大学,2
人文学部,艺术学院,本科,2022,出国(境)留学或工作,考文垂大学,2
人文学部,艺术学院,本科,2022,出国(境)留学或工作,拉夫堡大学,2
人文学部,艺术学院,本科,2022,就业,中建三局集团有限公司,2
人文学部,艺术学院,本科,2022,出国(境)留学或工作,伦敦大学学院,2
人文学部,艺术学院,本科,2022,志愿服务西部计划,北京立德未来助学公益基金会,2
人文学部,艺术学院,本科,2022,就业,重庆漫想族文化传播有限公司,2
人文学部,艺术学院,本科,2022,就业,江西省歌舞剧院有限责任公司,1
人文学部,艺术学院,本科,2022,出国(境)留学或工作,布里斯托大学,1
人文学部,艺术学院,本科,2022,就业,中国联合网络通信有限公司成都市分公司,1
人文学部,艺术学院,本科,2022,就业,甘肃东方大明贸易(集团)有限责任公司,1
人文学部,艺术学院,本科,2022,就业,重庆市秋华艺术培训有限公司,1
人文学部,艺术学院,本科,2022,就业,长沙银行股份有限公司衡阳分行,1
人文学部,艺术学院,本科,2022,就业,常德市湘楚歌舞剧院有限公司,1
人文学部,艺术学院,本科,2022,就业,重庆艾克文化传媒有限公司,1
人文学部,艺术学院,本科,2022,升学,南京师范大学,1
人文学部,艺术学院,本科,2022,出国(境)留学或工作,那不勒斯音乐学院,1
人文学部,艺术学院,本科,2022,升学,山东艺术学院,1
人文学部,艺术学院,本科,2022,升学,中国音乐学院,1
人文学部,艺术学院,本科,2022,升学,重庆师范大学,1
人文学部,艺术学院,本科,2022,就业,泉州市闽南民间歌舞传承中心,1
人文学部,艺术学院,本科,2022,就业,天津海滨艺术培训学校有限公司,1
人文学部,艺术学院,本科,2022,就业,重庆高新技术产业开发区管理委员会,1
人文学部,艺术学院,本科,2022,就业,钰尚舞教育集团,1
人文学部,艺术学院,本科,2022,升学,湖南师范大学,1
人文学部,艺术学院,本科,2022,就业,衡阳市高新技术产业开发区兴华小学,1
人文学部,艺术学院,本科,2022,就业,眉山市歌舞剧院有限责任公司,1
人文学部,艺术学院,本科,2022,就业,重庆歌舞团有限责任公司,1
人文学部,艺术学院,本科,2022,就业,银川高级中学,1
人文学部,艺术学院,本科,2022,就业,青岛市即墨区北安街道新都社区居民委员会,1
人文学部,艺术学院,本科,2022,升学,宁夏大学,1
人文学部,艺术学院,本科,2022,就业,泸州市纳溪区小天使艺术学校,1
人文学部,艺术学院,本科,2022,升学,上海戏剧学院,1
人文学部,艺术学院,本科,2022,就业,重庆市渝中区半岛青年艺术团,1
人文学部,艺术学院,本科,2022,就业,重庆歌舞团江北艺术培训学校,1
人文学部,艺术学院,本科,2022,就业,重庆市九龙坡区谢家湾(金茂)小学校,1
人文学部,艺术学院,本科,2022,就业,重庆市江北区玉带山小学,1
人文学部,艺术学院,本科,2022,就业,重庆小当家艺术培训中心有限公司,1
人文学部,艺术学院,本科,2022,就业,重庆外国语学校森林小学,1
人文学部,艺术学院,本科,2022,就业,重庆移通学院,1
人文学部,艺术学院,本科,2022,就业,重庆江北巴川学校,1
人文学部,艺术学院,本科,2022,升学,深圳大学,1
人文学部,艺术学院,本科,2022,就业,重庆市渝北区启诚巴蜀小学校,1
人文学部,艺术学院,本科,2022,就业,重庆市北碚区思巴达教育培训机构,1
人文学部,艺术学院,本科,2022,升学,暨南大学,1
人文学部,艺术学院,本科,2022,升学,湘潭大学,1
人文学部,艺术学院,本科,2022,就业,腾讯科技(深圳)有限公司,1
人文学部,艺术学院,本科,2022,就业,广东君崇网络传媒有限公司,1
人文学部,艺术学院,本科,2022,出国(境)留学或工作,东京言语教育学校,1
人文学部,艺术学院,本科,2022,出国(境)留学或工作,东京国际文化学院,1
人文学部,艺术学院,本科,2022,升学,福州大学,1
人文学部,艺术学院,本科,2022,升学,中山大学,1
人文学部,艺术学院,本科,2022,升学,武汉理工大学,1
人文学部,艺术学院,本科,2022,就业,乐府互娱(上海)网络科技有限公司,1
人文学部,艺术学院,本科,2022,就业,深圳市汤姆拓客科技有限公司湖南分公司,1
人文学部,艺术学院,本科,2022,就业,蔚来汽车(安徽)有限公司,1
人文学部,艺术学院,本科,2022,就业,北京超岛串串餐饮服务有限公司,1
人文学部,艺术学院,本科,2022,就业,陕西省西安市高新区小学,1
人文学部,艺术学院,本科,2022,升学,南京艺术学院,1
人文学部,艺术学院,本科,2022,出国(境)留学或工作,伦敦大学金史密斯学院,1
人文学部,艺术学院,本科,2022,就业,劲牌有限公司,1
人文学部,艺术学院,本科,2022,就业,上海微创软件股份有限公司深圳分公司,1
人文学部,艺术学院,本科,2022,就业,合创汽车科技有限公司,1
人文学部,艺术学院,本科,2022,就业,苏州高新区(虎丘区)教育发展中心(教师发展中心、教育财务结算中心),1
人文学部,艺术学院,本科,2022,就业,上海申城建筑设计有限公司,1
人文学部,艺术学院,本科,2022,就业,哈尔滨市第十中学校,1
人文学部,艺术学院,本科,2022,就业,维沃移动通信(深圳)有限公司,1
人文学部,艺术学院,本科,2022,就业,青岛紫贝工艺品有限公司,1
人文学部,艺术学院,本科,2022,就业,深圳箴新健康科技有限公司,1
人文学部,艺术学院,本科,2022,升学,苏州大学,1
人文学部,艺术学院,本科,2022,就业,比亚迪股份有限公司,1
人文学部,艺术学院,本科,2022,就业,中国重型汽车集团有限公司,1
人文学部,艺术学院,本科,2022,升学,太原理工大学,1
人文学部,艺术学院,本科,2022,就业,中国工商银行湖南省分行,1
人文学部,艺术学院,本科,2022,升学,四川美术学院,1
人文学部,艺术学院,本科,2022,就业,中科创达(重庆)汽车科技有限公司,1
人文学部,艺术学院,本科,2022,就业,华人运通(杭州)汽车销售服务有限公司,1
人文学部,艺术学院,本科,2022,升学,同济大学,1
人文学部,艺术学院,本科,2022,升学,广州美术学院,1
人文学部,艺术学院,本科,2022,就业,临沂添翼科技模型有限公司青岛分公司,1
人文学部,艺术学院,本科,2022,就业,中铁四局集团有限公司第七工程分公司,1
人文学部,艺术学院,本科,2022,就业,中国建筑西南设计研究院有限公司,1
人文学部,艺术学院,本科,2022,就业,小芒电子商务有限责任公司,1
人文学部,艺术学院,本科,2022,就业,中建科技集团有限公司,1
人文学部,艺术学院,本科,2022,就业,森林鸟科技有限公司,1
人文学部,艺术学院,本科,2022,出国(境)留学或工作,谢菲尔德大学,1
人文学部,艺术学院,本科,2022,就业,中国建筑第四工程局有限公司,1
人文学部,艺术学院,本科,2022,出国(境)留学或工作,香港城市大学,1
人文学部,艺术学院,本科,2022,就业,江苏中设集团股份有限公司,1
人文学部,艺术学院,本科,2022,就业,中国建筑第八工程局有限公司,1
人文学部,艺术学院,本科,2022,升学,中国科学院大学,1
人文学部,艺术学院,本科,2022,就业,四川领跑体育有限公司,1
人文学部,艺术学院,本科,2022,就业,广西华景城建筑设计有限公司,1
人文学部,艺术学院,本科,2022,就业,北京建院装饰工程设计有限公司,1
人文学部,艺术学院,本科,2022,就业,重庆一起来吧新媒体发展有限公司,1
人文学部,艺术学院,本科,2022,就业,长沙天创文化传播有限公司,1
人文学部,艺术学院,本科,2022,就业,北京奥雅景观与建筑规划设计有限公司,1
人文学部,艺术学院,本科,2022,出国(境)留学或工作,佛罗伦萨但丁语言学校,1
人文学部,艺术学院,本科,2022,就业,合肥视物对话广告设计有限公司,1
人文学部,艺术学院,本科,2022,就业,亚信科技(中国)有限公司,1
人文学部,艺术学院,本科,2022,就业,深圳市中顺和盈科技有限公司,1
人文学部,艺术学院,本科,2022,升学,西南大学,1
人文学部,艺术学院,本科,2022,升学,中国艺术研究院,1
人文学部,艺术学院,本科,2022,就业,明基电通科技(上海)有限公司苏州第一分公司,1
人文学部,艺术学院,本科,2022,就业,合江县华艺陶瓷制品有限公司,1
人文学部,艺术学院,本科,2022,就业,云南省曲靖市马龙区一键钟琴音乐艺术培训中心,1
人文学部,艺术学院,硕士,2022,就业,四川电影电视学院,1
人文学部,艺术学院,硕士,2022,就业,安徽信息工程学院,1
人文学部,艺术学院,硕士,2022,就业,重庆交通职业学院,1
人文学部,艺术学院,硕士,2022,选调生,贵州省安顺市组织部,1
人文学部,艺术学院,硕士,2022,就业,罗技科技(苏州)有限公司,1
人文学部,艺术学院,硕士,2022,选调生,中共和田地委组织部,1
人文学部,艺术学院,硕士,2022,就业,重庆外语外事学院,1
人文学部,艺术学院,硕士,2022,就业,北京比特大陆科技有限公司,1
人文学部,艺术学院,硕士,2022,就业,重庆工程学院,1
人文学部,艺术学院,硕士,2022,就业,意谷智联科技(重庆)有限公司,1
人文学部,艺术学院,硕士,2022,就业,nan,1
人文学部,艺术学院,硕士,2022,就业,川南幼儿师范高等专科学校,1
人文学部,艺术学院,硕士,2022,就业,江西旅游商贸职业学院,1
人文学部,艺术学院,硕士,2022,就业,重庆长安汽车股份有限公司,1
人文学部,艺术学院,硕士,2022,就业,陕西建工房地产开发集团有限公司,1
人文学部,艺术学院,硕士,2022,就业,苏州银行股份有限公司,1
人文学部,艺术学院,硕士,2022,升学,北京理工大学,1
人文学部,艺术学院,硕士,2022,就业,深圳市龙岗区教育局,1
人文学部,艺术学院,硕士,2022,就业,江苏方洋集团有限公司,1
人文学部,艺术学院,硕士,2022,就业,天津市园林规划设计研究总院有限公司,1
人文学部,艺术学院,硕士,2022,选调生,中国共产党宜宾市委员会组织部,1
人文学部,艺术学院,硕士,2022,就业,成都艺术职业大学,1
人文学部,艺术学院,硕士,2022,就业,宁波职业技术学院,1
人文学部,艺术学院,硕士,2022,就业,河北民族师范学院,1
人文学部,艺术学院,硕士,2022,就业,重庆高新技术产业开发区管理委员会,1
人文学部,艺术学院,硕士,2022,就业,重庆长安新能源汽车科技有限公司,1
人文学部,艺术学院,硕士,2022,就业,成都设计咨询集团有限公司,1
人文学部,艺术学院,硕士,2022,就业,网易(上海)网络有限公司,1
人文学部,艺术学院,硕士,2022,就业,成都天勇数码科技有限公司,1
人文学部,艺术学院,硕士,2022,就业,皖江工学院,1
人文学部,艺术学院,硕士,2022,就业,四川文化艺术学院,1
人文学部,艺术学院,硕士,2022,就业,中国建筑西南设计研究院有限公司,1
人文学部,艺术学院,硕士,2022,就业,四川农业大学,1
人文学部,艺术学院,硕士,2022,就业,重庆禧格尔实业有限公司,1
人文学部,艺术学院,硕士,2022,就业,六盘水师范学院,1
人文学部,艺术学院,硕士,2022,出国(境)留学或工作,乌隆他尼皇家大学,1
人文学部,艺术学院,硕士,2022,就业,成都金苹果锦城第一中学,1
人文学部,艺术学院,硕士,2022,就业,华为技术有限公司,1
人文学部,艺术学院,硕士,2022,就业,比亚迪股份有限公司,1
人文学部,艺术学院,硕士,2022,就业,四川蔚宇电气有限责任公司,1
人文学部,艺术学院,硕士,2022,就业,潮州三环(集团)股份有限公司,1
人文学部,艺术学院,硕士,2022,就业,重庆市合川中学,1
人文学部,艺术学院,硕士,2022,选调生,太原市人民政府金融工作办公室,1
人文学部,艺术学院,硕士,2022,出国(境)留学或工作,伦敦大学金史密斯学院,1
人文学部,艺术学院,硕士,2022,就业,重庆大学,1
人文学部,艺术学院,硕士,2022,就业,四川九洲电器集团有限责任公司,1
人文学部,艺术学院,硕士,2022,就业,金沙遗址博物馆,1
人文学部,艺术学院,本科,2023,升学,重庆大学,28
人文学部,艺术学院,本科,2023,就业,重庆长安汽车股份有限公司,6
人文学部,艺术学院,本科,2023,就业,重庆歌舞团有限责任公司,5
人文学部,艺术学院,本科,2023,志愿服务西部计划,北京立德未来助学公益基金会,3
人文学部,艺术学院,本科,2023,就业,比亚迪股份有限公司,2
人文学部,艺术学院,本科,2023,升学,江南大学,2
人文学部,艺术学院,本科,2023,就业,重庆市北碚区文化馆,2
人文学部,艺术学院,本科,2023,升学,北京理工大学,2
人文学部,艺术学院,本科,2023,升学,上海大学,2
人文学部,艺术学院,本科,2023,升学,中南大学,2
人文学部,艺术学院,本科,2023,就业,深圳吉展创意文化科技有限公司,1
人文学部,艺术学院,本科,2023,出国(境)留学或工作,澳门城市大学,1
人文学部,艺术学院,本科,2023,升学,北京舞蹈学院,1
人文学部,艺术学院,本科,2023,就业,郑州思谷信息科技有限公司,1
人文学部,艺术学院,本科,2023,就业,成都敏感无限文化创意有限公司,1
人文学部,艺术学院,本科,2023,就业,北京经纬恒润科技股份有限公司成都分公司,1
人文学部,艺术学院,本科,2023,升学,西安交通大学,1
人文学部,艺术学院,本科,2023,就业,安徽省城建设计研究总院有限公司,1
人文学部,艺术学院,本科,2023,升学,武汉大学,1
人文学部,艺术学院,本科,2023,升学,四川美术学院,1
人文学部,艺术学院,本科,2023,就业,中国农业银行股份有限公司广州分行,1
人文学部,艺术学院,本科,2023,升学,四川音乐学院,1
人文学部,艺术学院,本科,2023,就业,江汉艺术职业学院,1
人文学部,艺术学院,本科,2023,就业,重庆勤愉体育发展有限公司,1
人文学部,艺术学院,本科,2023,就业,重庆市超群工业股份有限公司,1
人文学部,艺术学院,本科,2023,就业,烟台君恬果园农业有限公司,1
人文学部,艺术学院,本科,2023,就业,奇瑞新能源汽车股份有限公司,1
人文学部,艺术学院,本科,2023,就业,重庆宜家家居有限公司,1
人文学部,艺术学院,本科,2023,就业,贝壳找房(北京)科技有限公司,1
人文学部,艺术学院,本科,2023,就业,成都艺本线教育咨询有限公司,1
人文学部,艺术学院,本科,2023,出国(境)留学或工作,宝龙国际学校,1
人文学部,艺术学院,本科,2023,志愿服务西部计划,宗场镇人民政府,1
人文学部,艺术学院,本科,2023,就业,湖南中祥石化有限责任公司,1
人文学部,艺术学院,本科,2023,升学,西南交通大学,1
人文学部,艺术学院,本科,2023,就业,杭州有赞科技有限公司,1
人文学部,艺术学院,本科,2023,就业,上海飞机客户服务有限公司,1
人文学部,艺术学院,本科,2023,就业,中移物联网有限公司,1
人文学部,艺术学院,本科,2023,就业,中国工商银行股份有限公司远程银行中心(成都),1
人文学部,艺术学院,本科,2023,升学,广州大学,1
人文学部,艺术学院,本科,2023,就业,苏州瀚鼎轩建材有限公司,1
人文学部,艺术学院,本科,2023,就业,重庆城市职业学院,1
人文学部,艺术学院,本科,2023,升学,浙江师范大学,1
人文学部,艺术学院,本科,2023,就业,永州市冷水滩区魅舞邹文舞蹈形体会所,1
人文学部,艺术学院,本科,2023,就业,重庆移通学院,1
人文学部,艺术学院,本科,2023,就业,安徽新华教育集团有限公司,1
人文学部,艺术学院,本科,2023,就业,重庆长安新能源汽车科技有限公司,1
人文学部,艺术学院,本科,2023,就业,奇瑞商用车(安徽)有限公司,1
人文学部,艺术学院,本科,2023,就业,重庆长航船舶设计研究院有限公司,1
人文学部,艺术学院,本科,2023,就业,中国人寿保险股份有限公司成都市分公司,1
人文学部,艺术学院,本科,2023,出国(境)留学或工作,新加坡国立大学,1
人文学部,艺术学院,本科,2023,出国(境)留学或工作,谢菲尔德大学,1
人文学部,艺术学院,本科,2023,就业,上海各尧企业管理有限公司,1
人文学部,艺术学院,本科,2023,出国(境)留学或工作,威尼斯大学,1
人文学部,艺术学院,本科,2023,就业,锦州市太和区泰合职业培训学校,1
人文学部,艺术学院,本科,2023,就业,成都高新区第一幼儿园,1
人文学部,艺术学院,本科,2023,就业,佛山维尚家具制造有限公司,1
人文学部,艺术学院,本科,2023,就业,中国银行股份有限公司安徽省分行,1
人文学部,艺术学院,本科,2023,就业,东风本田汽车有限公司,1
人文学部,艺术学院,本科,2023,就业,江苏中央新亚百货股份有限公司,1
人文学部,艺术学院,本科,2023,升学,湖南大学,1
人文学部,艺术学院,本科,2023,就业,中建铁路投资建设集团有限公司,1
人文学部,艺术学院,本科,2023,就业,苏州中迈商务咨询有限公司,1
人文学部,艺术学院,本科,2023,就业,四川忆兴丰建设工程有限公司,1
人文学部,艺术学院,本科,2023,就业,合肥逆创数绘游戏有限公司,1
人文学部,艺术学院,本科,2023,出国(境)留学或工作,澳门理工大学,1
人文学部,艺术学院,本科,2023,就业,贵州珍酒酿酒有限公司,1
人文学部,艺术学院,本科,2023,就业,安徽天辉新能源科技有限公司,1
人文学部,艺术学院,本科,2023,就业,苏州和氏设计营造股份有限公司,1
人文学部,艺术学院,本科,2023,出国(境)留学或工作,香港理工大学,1
人文学部,艺术学院,本科,2023,出国(境)留学或工作,香港城市大学,1
人文学部,艺术学院,本科,2023,出国(境)留学或工作,曼彻斯特大学,1
人文学部,艺术学院,本科,2023,就业,四川博凤农业发展有限公司,1
人文学部,艺术学院,本科,2023,出国(境)留学或工作,不来梅大学,1
人文学部,艺术学院,本科,2023,升学,兰州大学,1
人文学部,艺术学院,本科,2023,就业,成都市成华区薄荷印象艺术培训学校有限公司,1
人文学部,艺术学院,本科,2023,就业,无锡广播电视发展有限公司,1
人文学部,艺术学院,本科,2023,出国(境)留学或工作,利兹大学,1
人文学部,艺术学院,本科,2023,升学,天津科技大学,1
人文学部,艺术学院,本科,2023,升学,苏州大学,1
人文学部,艺术学院,本科,2023,就业,菏泽市人力资源和社会保障局,1
人文学部,艺术学院,本科,2023,就业,重庆蓝调城市景观规划设计有限公司,1
人文学部,艺术学院,本科,2023,就业,西双版纳傣族自治州允景洪小学,1
人文学部,艺术学院,本科,2023,就业,湖南弘翔消防检测有限公司,1
人文学部,艺术学院,本科,2023,出国(境)留学或工作,肯特州立大学,1
人文学部,艺术学院,本科,2023,志愿服务西部计划,重庆市彭水县项目办,1
人文学部,艺术学院,本科,2023,就业,江苏云端启建设工程有限公司,1
人文学部,艺术学院,本科,2023,就业,单县新时代文明实践服务中心,1
人文学部,艺术学院,本科,2023,就业,智己汽车科技有限公司,1
人文学部,艺术学院,本科,2023,就业,新疆和田地委组织部,1
人文学部,艺术学院,本科,2023,就业,上汽红岩汽车有限公司,1
人文学部,艺术学院,本科,2023,就业,长沙市规划设计院有限责任公司,1
人文学部,艺术学院,本科,2023,升学,湖南师范大学,1
人文学部,艺术学院,本科,2023,就业,重庆艺享天开文化艺术有限公司,1
人文学部,艺术学院,硕士,2023,就业,重庆长安汽车股份有限公司,5
人文学部,艺术学院,硕士,2023,就业,比亚迪股份有限公司,5
人文学部,艺术学院,硕士,2023,升学,重庆大学,2
人文学部,艺术学院,硕士,2023,就业,重庆高新技术产业开发区管理委员会,2
人文学部,艺术学院,硕士,2023,就业,赛力斯汽车有限公司,1
人文学部,艺术学院,硕士,2023,选调生,中共成都市委组织部,1
人文学部,艺术学院,硕士,2023,就业,重庆文化艺术职业学院,1
人文学部,艺术学院,硕士,2023,就业,新乡工程学院,1
人文学部,艺术学院,硕士,2023,就业,成都飞机工业(集团)有限责任公司,1
人文学部,艺术学院,硕士,2023,就业,中国五冶集团有限公司,1
人文学部,艺术学院,硕士,2023,就业,重庆长安汽车软件科技有限公司,1
人文学部,艺术学院,硕士,2023,就业,川南幼儿师范高等专科学校,1
人文学部,艺术学院,硕士,2023,就业,四川宽窄印务有限责任公司,1
人文学部,艺术学院,硕士,2023,就业,北京大学重庆大数据研究院,1
人文学部,艺术学院,硕士,2023,就业,重庆人文科技学院,1
人文学部,艺术学院,硕士,2023,就业,重庆外语外事学院,1
人文学部,艺术学院,硕士,2023,就业,上海师范大学,1
人文学部,艺术学院,硕士,2023,就业,广州工商学院,1
人文学部,艺术学院,硕士,2023,就业,深圳市南山区南头城学校,1
人文学部,艺术学院,硕士,2023,就业,重庆市风景园林规划研究院,1
人文学部,艺术学院,硕士,2023,就业,南通市崇川区人力资源服务中心(崇川区人才交流服务中心),1
人文学部,艺术学院,硕士,2023,就业,成都市新都区桂湖小学校,1
人文学部,艺术学院,硕士,2023,就业,上海蔚来汽车有限公司,1
人文学部,艺术学院,硕士,2023,就业,东风汽车有限公司东风日产乘用车公司,1
人文学部,艺术学院,硕士,2023,就业,深圳实验学校,1
人文学部,艺术学院,硕士,2023,就业,上海联影医疗科技股份有限公司,1
人文学部,艺术学院,硕士,2023,就业,重庆单轨交通工程有限责任公司,1
人文学部,艺术学院,硕士,2023,就业,重庆长安新能源汽车科技有限公司,1
人文学部,艺术学院,硕士,2023,就业,重庆实验外国语学校,1
人文学部,体育学院,本科,2021,就业,重庆大学,4
人文学部,体育学院,本科,2021,就业,重庆高新区公共服务局,2
人文学部,体育学院,本科,2021,升学,中南大学,2
人文学部,体育学院,本科,2021,就业,深圳市龙华区创新实验学校,1
人文学部,体育学院,本科,2021,就业,长沙市雨花区砂子塘新世界小学,1
人文学部,体育学院,本科,2021,就业,重庆高新技术产业开发区管理委员会,1
人文学部,体育学院,本科,2021,就业,重庆利博特体育文化发展有限公司,1
人文学部,体育学院,本科,2021,就业,宜宾市翠屏区级机关幼儿园,1
人文学部,体育学院,本科,2021,就业,应征义务兵,1
人文学部,体育学院,本科,2021,出国(境)留学或工作,爱丁堡大学,1
人文学部,体育学院,本科,2021,就业,重庆华熙国际篮球俱乐部有限公司,1
人文学部,体育学院,本科,2021,志愿服务西部计划,共青团重庆两江新区工作委员会,1
人文学部,体育学院,本科,2021,就业,深圳奇艺展览策划有限公司,1
人文学部,体育学院,本科,2021,就业,重庆守望者企业管理咨询有限公司,1
人文学部,体育学院,本科,2021,就业,四川省广汉中学,1
人文学部,体育学院,本科,2021,升学,四川大学,1
人文学部,体育学院,本科,2021,就业,广东实验中学附属江门学校,1
人文学部,体育学院,本科,2021,就业,蓬溪绿然国际学校,1
人文学部,体育学院,本科,2021,就业,深圳市龙华区潜龙学校,1
人文学部,体育学院,本科,2021,就业,成都市新都区三河街道办事处中心小学校,1
人文学部,体育学院,硕士,2021,就业,重庆电力高等专科学校,4
人文学部,体育学院,硕士,2021,就业,重庆城市科技学院,2
人文学部,体育学院,硕士,2021,就业,重庆市璧山中学校,1
人文学部,体育学院,硕士,2021,就业,重庆南城巴川学校,1
人文学部,体育学院,硕士,2021,选调生,国家信访局,1
人文学部,体育学院,硕士,2021,就业,重庆滨江实验学校,1
人文学部,体育学院,硕士,2021,就业,重庆市立信职业教育中心,1
人文学部,体育学院,硕士,2021,就业,重庆市渝北区鲁能巴蜀小学,1
人文学部,体育学院,硕士,2021,就业,中共溆浦县委组织部,1
人文学部,体育学院,硕士,2021,就业,重庆市渝中区人和街小学校,1
人文学部,体育学院,硕士,2021,就业,重庆骓锋体育文化有限公司,1
人文学部,体育学院,硕士,2021,就业,重庆移通学院,1
人文学部,体育学院,硕士,2021,就业,重庆工业职业技术学院,1
人文学部,体育学院,硕士,2021,就业,新津岷江新城成外学校,1
人文学部,体育学院,本科,2022,升学,重庆大学,7
人文学部,体育学院,本科,2022,升学,中南大学,3
人文学部,体育学院,本科,2022,就业,重庆树人立德小学,2
人文学部,体育学院,本科,2022,选调生,中共甘孜州委组织部,1
人文学部,体育学院,本科,2022,就业,深圳市龙华区第三实验学校,1
人文学部,体育学院,本科,2022,就业,成都市龙泉驿区东山中学,1
人文学部,体育学院,本科,2022,就业,重庆育才成功学校,1
人文学部,体育学院,本科,2022,就业,重庆市渝高中学校,1
人文学部,体育学院,本科,2022,就业,福建省福州第四中学,1
人文学部,体育学院,本科,2022,就业,成都天府新区第十小学,1
人文学部,体育学院,本科,2022,就业,达州市鸿鹄高级中学,1
人文学部,体育学院,本科,2022,就业,重庆市巴川中学校,1
人文学部,体育学院,本科,2022,就业,深圳市龙岗区教育局,1
人文学部,体育学院,本科,2022,就业,渠县崇德实验学校,1
人文学部,体育学院,本科,2022,就业,深圳市龙华区德风小学,1
人文学部,体育学院,本科,2022,就业,nan,1
人文学部,体育学院,本科,2022,就业,重庆高新技术产业开发区育才中学,1
人文学部,体育学院,本科,2022,就业,深圳市龙华区第二外国语学校,1
人文学部,体育学院,本科,2022,就业,宜章县第六中学,1
人文学部,体育学院,硕士,2022,就业,重庆工业职业技术学院,2
人文学部,体育学院,硕士,2022,就业,深圳市龙华高级中学教育集团,1
人文学部,体育学院,硕士,2022,升学,清华大学,1
人文学部,体育学院,硕士,2022,就业,重庆高新技术产业开发区管理委员会,1
人文学部,体育学院,硕士,2022,就业,重庆市子漫人力资源服务有限公司,1
人文学部,体育学院,硕士,2022,就业,绍兴市越城区教育体育局,1
人文学部,体育学院,硕士,2022,就业,重庆大学体育学院,1
人文学部,体育学院,硕士,2022,选调生,中共南昌市委组织部,1
人文学部,体育学院,硕士,2022,就业,重庆两江新区华师中旭学校,1
人文学部,体育学院,硕士,2022,就业,重庆电力高等专科学校,1
人文学部,体育学院,硕士,2022,就业,湖南涉外经济学院,1
人文学部,体育学院,硕士,2022,就业,重庆市巴川中学校,1
人文学部,体育学院,硕士,2022,就业,重庆城市管理职业学院,1
人文学部,体育学院,硕士,2022,就业,重庆市第六十六中学校,1
人文学部,体育学院,硕士,2022,就业,四川轻化工大学,1
人文学部,体育学院,硕士,2022,就业,重庆医药高等专科学校,1
人文学部,体育学院,硕士,2022,就业,重庆邮电大学移通学院,1
人文学部,体育学院,硕士,2022,就业,重庆电子工程职业学院,1
人文学部,体育学院,硕士,2022,就业,彭州市教育人才管理服务中心,1
人文学部,体育学院,本科,2023,升学,重庆大学,3
人文学部,体育学院,本科,2023,就业,深圳市龙岗区教育局,2
人文学部,体育学院,本科,2023,升学,四川大学,2
人文学部,体育学院,本科,2023,就业,四川鸿鹄科智教育科技有限责任公司,1
人文学部,体育学院,本科,2023,就业,四川京邦达物流科技有限公司,1
人文学部,体育学院,本科,2023,选调生,中国共产党宜宾市委员会组织部,1
人文学部,体育学院,本科,2023,就业,共青城博雅学校,1
人文学部,体育学院,本科,2023,就业,重庆市沙坪坝区树人崇文小学校,1
人文学部,体育学院,本科,2023,就业,重庆市永川区红旗小学校,1
人文学部,体育学院,本科,2023,就业,重庆科技职业学院,1
人文学部,体育学院,本科,2023,就业,深圳市龙华区第二实验学校,1
人文学部,体育学院,本科,2023,就业,重庆艺术工程职业学院,1
人文学部,体育学院,本科,2023,就业,重庆守望者企业管理咨询有限公司,1
人文学部,体育学院,本科,2023,就业,重庆市沙坪坝区上桥南开小学校,1
人文学部,体育学院,本科,2023,升学,华南理工大学,1
人文学部,体育学院,本科,2023,就业,重庆大学城沙坪坝小学校,1
人文学部,体育学院,本科,2023,升学,深圳大学,1
人文学部,体育学院,本科,2023,升学,广西民族大学,1
人文学部,体育学院,硕士,2023,就业,重庆高新技术产业开发区管理委员会,2
人文学部,体育学院,硕士,2023,就业,深圳市坪山区教育局,1
人文学部,体育学院,硕士,2023,就业,重庆化工职业学院,1
人文学部,体育学院,硕士,2023,就业,重庆市沙坪坝区教育委员会,1
人文学部,体育学院,硕士,2023,就业,深圳市龙华区民治小学,1
人文学部,体育学院,硕士,2023,就业,重庆市渝中区石油路小学校,1
人文学部,体育学院,硕士,2023,就业,重庆市鲁能巴蜀中学校,1
人文学部,体育学院,硕士,2023,就业,珠海市香洲区教育局,1
人文学部,体育学院,硕士,2023,就业,重庆市垫江实验中学校,1
人文学部,体育学院,硕士,2023,就业,重庆市江津第二中学校,1
人文学部,体育学院,硕士,2023,就业,重庆城市科技学院,1
人文学部,体育学院,硕士,2023,就业,重庆市公安局高新区分局西永派出所,1
人文学部,体育学院,硕士,2023,选调生,中共安顺市委组织部,1
人文学部,体育学院,硕士,2023,出国(境)留学或工作,拉夫堡大学,1
人文学部,美视电影学院,本科,2021,升学,重庆大学,13
人文学部,美视电影学院,本科,2021,升学,中国传媒大学,6
人文学部,美视电影学院,本科,2021,出国(境)留学或工作,伦敦大学国王学院,5
人文学部,美视电影学院,本科,2021,出国(境)留学或工作,伦敦大学学院,3
人文学部,美视电影学院,本科,2021,出国(境)留学或工作,格拉斯哥大学,2
人文学部,美视电影学院,本科,2021,升学,四川大学,2
人文学部,美视电影学院,本科,2021,选调生,中共黑龙江省委组织部,2
人文学部,美视电影学院,本科,2021,升学,南京大学,2
人文学部,美视电影学院,本科,2021,就业,白马星重庆演艺经纪有限公司,2
人文学部,美视电影学院,本科,2021,升学,上海戏剧学院,2
人文学部,美视电影学院,本科,2021,出国(境)留学或工作,布里斯托大学,2
人文学部,美视电影学院,本科,2021,出国(境)留学或工作,香港中文大学,2
人文学部,美视电影学院,本科,2021,就业,广州博冠信息科技有限公司,2
人文学部,美视电影学院,本科,2021,升学,北京电影学院,2
人文学部,美视电影学院,本科,2021,升学,西安交通大学,2
人文学部,美视电影学院,本科,2021,升学,华中科技大学,2
人文学部,美视电影学院,本科,2021,就业,广州富力地产(重庆)有限公司,2
人文学部,美视电影学院,本科,2021,就业,中国建筑第四工程局有限公司,1
人文学部,美视电影学院,本科,2021,就业,重庆德本财末文化传播有限公司,1
人文学部,美视电影学院,本科,2021,升学,武汉大学,1
人文学部,美视电影学院,本科,2021,就业,北京博纳东方艺术团有限公司,1
人文学部,美视电影学院,本科,2021,就业,三诺生物传感股份有限公司,1
人文学部,美视电影学院,本科,2021,升学,北京大学,1
人文学部,美视电影学院,本科,2021,就业,湘西碧达企业管理有限公司,1
人文学部,美视电影学院,本科,2021,就业,深圳市永固五金制品有限公司,1
人文学部,美视电影学院,本科,2021,就业,广州广传艺术传媒有限公司,1
人文学部,美视电影学院,本科,2021,就业,深圳万升新实业有限公司,1
人文学部,美视电影学院,本科,2021,就业,深圳蓝色光标互动营销有限公司,1
人文学部,美视电影学院,本科,2021,就业,重庆市渝中区心田花开课外培训中心有限公司,1
人文学部,美视电影学院,本科,2021,就业,咪咕动漫有限公司,1
人文学部,美视电影学院,本科,2021,就业,上海启李广告有限公司,1
人文学部,美视电影学院,本科,2021,升学,上海交通大学,1
人文学部,美视电影学院,本科,2021,就业,北京时代峰峻文化艺术发展有限公司重庆分公司,1
人文学部,美视电影学院,本科,2021,就业,陕西影棣文化娱乐有限公司,1
人文学部,美视电影学院,本科,2021,就业,重庆小二郎文化传媒有限公司,1
人文学部,美视电影学院,本科,2021,就业,广东广播电视台,1
人文学部,美视电影学院,本科,2021,升学,复旦大学,1
人文学部,美视电影学院,本科,2021,就业,重庆洪崖洞创业孵化器有限公司,1
人文学部,美视电影学院,本科,2021,就业,长沙市岳麓区黄红蓝艺术培训学校,1
人文学部,美视电影学院,本科,2021,就业,华融湘江银行股份有限公司,1
人文学部,美视电影学院,本科,2021,就业,重庆市潼南区传媒(集团)有限公司,1
人文学部,美视电影学院,本科,2021,升学,浙江大学,1
人文学部,美视电影学院,本科,2021,升学,湖南大学,1
人文学部,美视电影学院,本科,2021,就业,广州礼和置业发展有限公司,1
人文学部,美视电影学院,本科,2021,升学,中国电影艺术研究中心,1
人文学部,美视电影学院,本科,2021,升学,江南大学,1
人文学部,美视电影学院,本科,2021,升学,南京航空航天大学,1
人文学部,美视电影学院,本科,2021,就业,广州三七互娱科技有限公司,1
人文学部,美视电影学院,本科,2021,就业,上海亿保健康管理有限公司,1
人文学部,美视电影学院,本科,2021,就业,深圳市龙华区华南实验学校,1
人文学部,美视电影学院,本科,2021,就业,重庆星剧力演艺有限公司,1
人文学部,美视电影学院,本科,2021,就业,北京兄弟蒙太奇艺术培训有限公司,1
人文学部,美视电影学院,本科,2021,就业,北京立德未来助学公益基金会,1
人文学部,美视电影学院,本科,2021,就业,重庆市沙坪坝区融媒体中心,1
人文学部,美视电影学院,本科,2021,就业,重庆长安汽车股份有限公司,1
人文学部,美视电影学院,本科,2021,就业,重庆荔娅文化传播有限公司,1
人文学部,美视电影学院,本科,2021,就业,北京百度网讯科技有限公司,1
人文学部,美视电影学院,本科,2021,出国(境)留学或工作,那不勒斯美院,1
人文学部,美视电影学院,本科,2021,出国(境)留学或工作,弘益大学,1
人文学部,美视电影学院,本科,2021,出国(境)留学或工作,南加州大学,1
人文学部,美视电影学院,本科,2021,就业,武汉市洪山区珞珈传媒艺术培训学校,1
人文学部,美视电影学院,本科,2021,升学,中央戏剧学院,1
人文学部,美视电影学院,本科,2021,就业,北京尚宸影业有限公司,1
人文学部,美视电影学院,本科,2021,就业,济宁城市展示馆,1
人文学部,美视电影学院,本科,2021,就业,鼎道智联(北京)科技有限公司,1
人文学部,美视电影学院,本科,2021,就业,中科曙光信息产业成都有限公司,1
人文学部,美视电影学院,本科,2021,就业,上海高顿教育培训有限公司,1
人文学部,美视电影学院,本科,2021,就业,成都天空线网络有限公司,1
人文学部,美视电影学院,本科,2021,升学,东南大学,1
人文学部,美视电影学院,本科,2021,升学,吉林大学,1
人文学部,美视电影学院,本科,2021,就业,上海巨果文化传播有限公司南京分公司,1
人文学部,美视电影学院,本科,2021,就业,淄博圣源教育培训学校有限公司,1
人文学部,美视电影学院,本科,2021,出国(境)留学或工作,华威大学,1
人文学部,美视电影学院,本科,2021,就业,重庆青年歌舞团有限公司,1
人文学部,美视电影学院,本科,2021,就业,深圳市翠林投资控股集团有限公司,1
人文学部,美视电影学院,本科,2021,就业,佛山市新晋房地产开发有限公司,1
人文学部,美视电影学院,本科,2021,就业,内蒙古伊利实业集团股份有限公司金山分公司,1
人文学部,美视电影学院,本科,2021,就业,北京创想联合文化艺术发展有限公司,1
人文学部,美视电影学院,本科,2021,升学,苏州大学,1
人文学部,美视电影学院,本科,2021,就业,中国建筑第八工程局有限公司西南分公司,1
人文学部,美视电影学院,本科,2021,就业,北京源力星聚网络科技有限公司,1
人文学部,美视电影学院,本科,2021,就业,四川新儒教育咨询有限公司,1
人文学部,美视电影学院,本科,2021,就业,重庆移通学院,1
人文学部,美视电影学院,本科,2021,升学,重庆师范大学,1
人文学部,美视电影学院,本科,2021,就业,青岛市广播电视台,1
人文学部,美视电影学院,本科,2021,就业,重庆新东方教育培训学校有限公司,1
人文学部,美视电影学院,本科,2021,就业,富平县文化馆,1
人文学部,美视电影学院,本科,2021,就业,湖南广播电视台电视剧频道,1
人文学部,美视电影学院,本科,2021,就业,新恩知(杭州)教育科技有限公司,1
人文学部,美视电影学院,本科,2021,就业,湖南省消防救援总队,1
人文学部,美视电影学院,本科,2021,就业,重庆明艳文化传媒有限公司,1
人文学部,美视电影学院,硕士,2021,选调生,中共成都市委组织部,2
人文学部,美视电影学院,硕士,2021,选调生,中共黑龙江省委组织部,2
人文学部,美视电影学院,硕士,2021,选调生,中共乐山市委组织部,2
人文学部,美视电影学院,硕士,2021,就业,上海随训通电子科技有限公司,1
人文学部,美视电影学院,硕士,2021,就业,四川传媒学院,1
人文学部,美视电影学院,硕士,2021,就业,北京首钢股份有限公司,1
人文学部,美视电影学院,硕士,2021,就业,深圳市龙华区鹭湖外国语小学,1
人文学部,美视电影学院,硕士,2021,就业,成都高途云集教育科技有限公司,1
人文学部,美视电影学院,硕士,2021,就业,上海隧道工程有限公司,1
人文学部,美视电影学院,硕士,2021,就业,万科企业股份有限公司,1
人文学部,美视电影学院,硕士,2021,就业,菏泽市退役军人服务中心,1
人文学部,美视电影学院,硕士,2021,选调生,中共遵义市委组织部,1
人文学部,美视电影学院,硕士,2021,就业,二更文化传媒(北京)有限公司,1
人文学部,美视电影学院,硕士,2021,选调生,中共雅安市委组织部,1
人文学部,美视电影学院,硕士,2021,选调生,中国共产党自贡市委员会组织部,1
人文学部,美视电影学院,硕士,2021,就业,西安华润置地发展有限公司曲江新区分公司,1
人文学部,美视电影学院,硕士,2021,就业,北京有好戏网络科技有限公司,1
人文学部,美视电影学院,硕士,2021,就业,南京信息职业技术学院,1
人文学部,美视电影学院,硕士,2021,就业,上汽通用五菱汽车股份有限公司,1
人文学部,美视电影学院,硕士,2021,就业,江西省高速公路投资集团有限责任公司,1
人文学部,美视电影学院,硕士,2021,就业,中国电信股份有限公司湖南分公司,1
人文学部,美视电影学院,硕士,2021,就业,重庆城市科技学院,1
人文学部,美视电影学院,硕士,2021,就业,淮安祖龙科技有限公司北京分公司,1
人文学部,美视电影学院,硕士,2021,就业,广州南沙人力资源发展有限公司,1
人文学部,美视电影学院,硕士,2021,就业,青岛海信电器营销股份有限公司济南分公司,1
人文学部,美视电影学院,硕士,2021,选调生,中共重庆市委组织部,1
人文学部,美视电影学院,硕士,2021,就业,深圳市润投咨询有限公司,1
人文学部,美视电影学院,硕士,2021,就业,重庆移通学院,1
人文学部,美视电影学院,硕士,2021,就业,网易有道信息技术(北京)有限公司,1
人文学部,美视电影学院,硕士,2021,就业,腾讯科技(北京)有限公司,1
人文学部,美视电影学院,硕士,2021,就业,中建三局房地产开发有限公司,1
人文学部,美视电影学院,硕士,2021,就业,赣州市文清外国语学校,1
人文学部,美视电影学院,硕士,2021,就业,重庆市江南艺术中学校,1
人文学部,美视电影学院,硕士,2021,选调生,中共德阳市委组织部,1
人文学部,美视电影学院,硕士,2021,就业,山西远峰房地产开发有限公司,1
人文学部,美视电影学院,硕士,2021,选调生,中国共产党宁波市海曙区委员会组织部,1
人文学部,美视电影学院,硕士,2021,选调生,中共攀枝花市委组织部,1
人文学部,美视电影学院,硕士,2021,就业,重庆市江津区万达房地产开发有限公司,1
人文学部,美视电影学院,硕士,2021,就业,四川文化艺术学院,1
人文学部,美视电影学院,硕士,2021,就业,重庆长安汽车股份有限公司,1
人文学部,美视电影学院,硕士,2021,就业,中信出版集团,1
人文学部,美视电影学院,硕士,2021,就业,上海元聚网络科技有限公司,1
人文学部,美视电影学院,本科,2022,升学,重庆大学,15
人文学部,美视电影学院,本科,2022,升学,中国传媒大学,10
人文学部,美视电影学院,本科,2022,就业,北京罗克维尔斯科技有限公司,4
人文学部,美视电影学院,本科,2022,出国(境)留学或工作,曼彻斯特大学,3
人文学部,美视电影学院,本科,2022,升学,华中科技大学,2
人文学部,美视电影学院,本科,2022,升学,北京师范大学,2
人文学部,美视电影学院,本科,2022,升学,西安交通大学,2
人文学部,美视电影学院,本科,2022,升学,上海大学,2
人文学部,美视电影学院,本科,2022,升学,华东师范大学,2
人文学部,美视电影学院,本科,2022,出国(境)留学或工作,俄罗斯国立舞台艺术学院,2
人文学部,美视电影学院,本科,2022,就业,明基电通科技(上海)有限公司苏州第一分公司,2
人文学部,美视电影学院,本科,2022,出国(境)留学或工作,爱丁堡大学,2
人文学部,美视电影学院,本科,2022,出国(境)留学或工作,诺丁汉大学,1
人文学部,美视电影学院,本科,2022,就业,中国建筑一局集团天津有限公司,1
人文学部,美视电影学院,本科,2022,升学,中国人民大学,1
人文学部,美视电影学院,本科,2022,就业,长沙湖畔晓学品牌管理有限公司,1
人文学部,美视电影学院,本科,2022,就业,重庆邮电大学移通学院,1
人文学部,美视电影学院,本科,2022,出国(境)留学或工作,布里斯托大学,1
人文学部,美视电影学院,本科,2022,就业,北京达佳互联信息技术有限公司杭州分公司,1
人文学部,美视电影学院,本科,2022,就业,重庆宜千易贸易有限公司,1
人文学部,美视电影学院,本科,2022,就业,阿里巴巴(北京)软件服务有限公司,1
人文学部,美视电影学院,本科,2022,就业,重庆儿童天堂摄影有限公司,1
人文学部,美视电影学院,本科,2022,升学,山东大学,1
人文学部,美视电影学院,本科,2022,就业,湖南省商务展览中心有限责任公司,1
人文学部,美视电影学院,本科,2022,就业,上海金科商业管理有限公司,1
人文学部,美视电影学院,本科,2022,升学,武汉大学,1
人文学部,美视电影学院,本科,2022,升学,中国美术学院,1
人文学部,美视电影学院,本科,2022,就业,上海亦静网络科技有限公司,1
人文学部,美视电影学院,本科,2022,就业,重庆市南岸区云之谷艺术培训有限公司,1
人文学部,美视电影学院,本科,2022,就业,重庆小二郎文化传媒有限公司,1
人文学部,美视电影学院,本科,2022,就业,德勤风驭智能科技(上海)有限公司重庆分公司,1
人文学部,美视电影学院,本科,2022,出国(境)留学或工作,伦敦国王学院,1
人文学部,美视电影学院,本科,2022,出国(境)留学或工作,萨凡纳艺术设计学院,1
人文学部,美视电影学院,本科,2022,出国(境)留学或工作,马来西亚博特拉大学,1
人文学部,美视电影学院,本科,2022,就业,深圳明日光影文化传媒有限公司,1
人文学部,美视电影学院,本科,2022,升学,北京师范大学(珠海校区),1
人文学部,美视电影学院,本科,2022,升学,北京交通大学,1
人文学部,美视电影学院,本科,2022,就业,深圳市龙华区实验学校,1
人文学部,美视电影学院,本科,2022,出国(境)留学或工作,庆熙大学,1
人文学部,美视电影学院,本科,2022,出国(境)留学或工作,墨尔本大学,1
人文学部,美视电影学院,本科,2022,就业,中建科工集团有限公司,1
人文学部,美视电影学院,本科,2022,就业,杭州嘉源环境技术有限公司,1
人文学部,美视电影学院,本科,2022,出国(境)留学或工作,香港城市大学,1
人文学部,美视电影学院,本科,2022,志愿服务西部计划,重庆市荣昌区铜鼓镇,1
人文学部,美视电影学院,本科,2022,就业,重庆金源时代购物广场有限公司,1
人文学部,美视电影学院,本科,2022,就业,海油富岛(上海)化学有限公司西北分公司,1
人文学部,美视电影学院,本科,2022,出国(境)留学或工作,华威大学,1
人文学部,美视电影学院,本科,2022,就业,宁波极氪智能科技有限公司杭州分公司,1
人文学部,美视电影学院,本科,2022,就业,重庆艺先锋艺术培训有限公司,1
人文学部,美视电影学院,本科,2022,就业,重庆德和环境工程有限公司,1
人文学部,美视电影学院,本科,2022,出国(境)留学或工作,新南威尔士大学,1
人文学部,美视电影学院,本科,2022,升学,上海师范大学,1
人文学部,美视电影学院,本科,2022,就业,重庆麦芽传媒有限公司,1
人文学部,美视电影学院,本科,2022,升学,西华师范大学,1
人文学部,美视电影学院,本科,2022,就业,成都开心麻花剧院管理有限公司,1
人文学部,美视电影学院,本科,2022,就业,湖南省话剧院责任有限公司,1
人文学部,美视电影学院,本科,2022,出国(境)留学或工作,利兹大学,1
人文学部,美视电影学院,本科,2022,就业,重庆理想汽车有限公司,1
人文学部,美视电影学院,本科,2022,就业,铁越传媒重庆有限公司,1
人文学部,美视电影学院,本科,2022,就业,渝中区融媒体中心(劳务派遣用工制),1
人文学部,美视电影学院,本科,2022,升学,南京大学,1
人文学部,美视电影学院,本科,2022,出国(境)留学或工作,日本京进语言学校,1
人文学部,美视电影学院,本科,2022,就业,飞猪商务服务(杭州)有限公司,1
人文学部,美视电影学院,本科,2022,就业,广州慕可生物科技有限公司,1
人文学部,美视电影学院,本科,2022,就业,中国农业银行股份有限公司内蒙古自治区分行,1
人文学部,美视电影学院,本科,2022,出国(境)留学或工作,东京早稻田外国语学校,1
人文学部,美视电影学院,本科,2022,就业,小芒电子商务有限责任公司,1
人文学部,美视电影学院,本科,2022,就业,重庆帕斯亚科技有限公司,1
人文学部,美视电影学院,本科,2022,就业,重庆长安汽车股份有限公司,1
人文学部,美视电影学院,本科,2022,出国(境)留学或工作,格拉斯哥大学,1
人文学部,美视电影学院,本科,2022,就业,成都贝塔网络科技有限公司,1
人文学部,美视电影学院,本科,2022,出国(境)留学或工作,香港浸会大学,1
人文学部,美视电影学院,本科,2022,就业,泸州老窖商超卖场商贸股份公司,1
人文学部,美视电影学院,本科,2022,升学,上海戏剧学院,1
人文学部,美视电影学院,本科,2022,选调生,宁夏中卫市沙坡头区香山乡,1
人文学部,美视电影学院,本科,2022,升学,华南师范大学,1
人文学部,美视电影学院,本科,2022,升学,暨南大学,1
人文学部,美视电影学院,本科,2022,就业,Club Med 度假村,1
人文学部,美视电影学院,本科,2022,就业,北京五三商贸有限公司,1
人文学部,美视电影学院,本科,2022,出国(境)留学或工作,伦敦艺术大学,1
人文学部,美视电影学院,本科,2022,升学,清华大学,1
人文学部,美视电影学院,本科,2022,就业,上海寻梦信息技术有限公司,1
人文学部,美视电影学院,本科,2022,就业,nan,1
人文学部,美视电影学院,本科,2022,就业,成都行知天风文化传播有限公司,1
人文学部,美视电影学院,本科,2022,出国(境)留学或工作,罗斯布鲁佛学院,1
人文学部,美视电影学院,硕士,2022,就业,重庆国际传播中心有限公司,2
人文学部,美视电影学院,硕士,2022,就业,重庆邮电大学移通学院,2
人文学部,美视电影学院,硕士,2022,就业,重庆长安汽车股份有限公司,2
人文学部,美视电影学院,硕士,2022,就业,重庆工业职业技术学院,1
人文学部,美视电影学院,硕士,2022,就业,绵阳城市学院,1
人文学部,美视电影学院,硕士,2022,就业,华中科技大学,1
人文学部,美视电影学院,硕士,2022,就业,广工揭阳理工学院(筹),1
人文学部,美视电影学院,硕士,2022,选调生,中共成都市委组织部,1
人文学部,美视电影学院,硕士,2022,就业,湖南涉外经济学院,1
人文学部,美视电影学院,硕士,2022,就业,菏泽市文化和旅游局,1
人文学部,美视电影学院,硕士,2022,选调生,中共商丘市委组织部,1
人文学部,美视电影学院,硕士,2022,就业,泸州市江阳区融媒体中心,1
人文学部,美视电影学院,硕士,2022,就业,西北师范大学,1
人文学部,美视电影学院,硕士,2022,就业,重庆市少年宫,1
人文学部,美视电影学院,硕士,2022,就业,上海均荃实业有限公司,1
人文学部,美视电影学院,硕士,2022,就业,山西省太忻经济一体化发展促进中心,1
人文学部,美视电影学院,硕士,2022,就业,高途教育科技集团有限公司,1
人文学部,美视电影学院,硕士,2022,就业,合肥工业大学,1
人文学部,美视电影学院,硕士,2022,就业,上海哔哩哔哩科技有限公司,1
人文学部,美视电影学院,硕士,2022,就业,湖南大学,1
人文学部,美视电影学院,硕士,2022,选调生,中国共产党宜宾市委员会组织部,1
人文学部,美视电影学院,硕士,2022,就业,上海巨果文化传播有限公司南京分公司,1
人文学部,美视电影学院,硕士,2022,就业,重庆大学,1
人文学部,美视电影学院,硕士,2022,选调生,中共安顺市委组织部,1
人文学部,美视电影学院,硕士,2022,就业,心动互动娱乐有限公司,1
人文学部,美视电影学院,硕士,2022,选调生,中国共产党广安市委员会组织部,1
人文学部,美视电影学院,硕士,2022,就业,石首市群众艺术馆,1
人文学部,美视电影学院,硕士,2022,就业,北京中核华辉科技发展有限公司,1
人文学部,美视电影学院,硕士,2022,就业,深圳华侨城房地产有限公司,1
人文学部,美视电影学院,硕士,2022,就业,重庆财经学院,1
人文学部,美视电影学院,硕士,2022,就业,重庆缜准信息科技有限公司,1
人文学部,美视电影学院,硕士,2022,选调生,中共南昌市委组织部,1
人文学部,美视电影学院,硕士,2022,就业,岳阳市人才发展服务中心,1
人文学部,美视电影学院,硕士,2022,就业,重庆移通学院,1
人文学部,美视电影学院,硕士,2022,就业,成都莱嗯信息技术有限公司,1
人文学部,美视电影学院,硕士,2022,就业,四川广南高速公路有限责任公司,1
人文学部,美视电影学院,硕士,2022,就业,南京视客网络科技有限公司,1
人文学部,美视电影学院,硕士,2022,就业,腾讯科技(上海)有限公司,1
人文学部,美视电影学院,硕士,2022,就业,巨量引擎(上海)计算机科技有限公司,1
人文学部,美视电影学院,硕士,2022,就业,零束科技有限公司,1
人文学部,美视电影学院,硕士,2022,选调生,中共廊坊市委组织部,1
人文学部,美视电影学院,硕士,2022,就业,成都锦城学院,1
人文学部,美视电影学院,硕士,2022,就业,重庆广播电视集团,1
人文学部,美视电影学院,硕士,2022,就业,上海壹佰米网络科技有限公司,1
人文学部,美视电影学院,本科,2023,升学,重庆大学,12
人文学部,美视电影学院,本科,2023,出国(境)留学或工作,香港城市大学,5
人文学部,美视电影学院,本科,2023,出国(境)留学或工作,伦敦大学学院,5
人文学部,美视电影学院,本科,2023,出国(境)留学或工作,华威大学,4
人文学部,美视电影学院,本科,2023,升学,中国传媒大学,4
人文学部,美视电影学院,本科,2023,升学,上海大学,4
人文学部,美视电影学院,本科,2023,升学,武汉大学,3
人文学部,美视电影学院,本科,2023,升学,浙江大学,3
人文学部,美视电影学院,本科,2023,就业,重庆一九四九演艺文化有限公司,3
人文学部,美视电影学院,本科,2023,出国(境)留学或工作,香港中文大学,2
人文学部,美视电影学院,本科,2023,出国(境)留学或工作,爱丁堡大学,2
人文学部,美视电影学院,本科,2023,升学,四川大学,2
人文学部,美视电影学院,本科,2023,出国(境)留学或工作,墨尔本大学,2
人文学部,美视电影学院,本科,2023,升学,山东大学,2
人文学部,美视电影学院,本科,2023,出国(境)留学或工作,格拉斯哥大学,2
人文学部,美视电影学院,本科,2023,升学,北京师范大学,2
人文学部,美视电影学院,本科,2023,升学,西安交通大学,2
人文学部,美视电影学院,本科,2023,就业,新创世管理有限公司,1
人文学部,美视电影学院,本科,2023,就业,北京博乐科技有限公司,1
人文学部,美视电影学院,本科,2023,就业,中国水利水电第三工程局有限公司,1
人文学部,美视电影学院,本科,2023,升学,南昌大学,1
人文学部,美视电影学院,本科,2023,就业,中移物联网有限公司,1
人文学部,美视电影学院,本科,2023,升学,广州大学,1
人文学部,美视电影学院,本科,2023,就业,湖南梦洁家纺股份有限公司,1
人文学部,美视电影学院,本科,2023,出国(境)留学或工作,布里斯托大学,1
人文学部,美视电影学院,本科,2023,就业,重庆科技馆管理有限公司,1
人文学部,美视电影学院,本科,2023,就业,重庆长安汽车股份有限公司,1
人文学部,美视电影学院,本科,2023,升学,湖南大学,1
人文学部,美视电影学院,本科,2023,就业,北京华图宏阳教育文化发展股份有限公司,1
人文学部,美视电影学院,本科,2023,就业,山东胜邦防水工程有限公司,1
人文学部,美视电影学院,本科,2023,出国(境)留学或工作,德保罗大学,1
人文学部,美视电影学院,本科,2023,就业,比亚迪股份有限公司,1
人文学部,美视电影学院,本科,2023,升学,上海交通大学,1
人文学部,美视电影学院,本科,2023,升学,华南理工大学,1
人文学部,美视电影学院,本科,2023,升学,中国社会科学院大学,1
人文学部,美视电影学院,本科,2023,就业,眉山市城市和交通建设投资有限公司,1
人文学部,美视电影学院,本科,2023,就业,重庆原宙必生文化传播有限公司,1
人文学部,美视电影学院,本科,2023,选调生,中共黔南州委组织部,1
人文学部,美视电影学院,本科,2023,就业,重庆新瑞怡科技有限公司,1
人文学部,美视电影学院,本科,2023,就业,奇瑞汽车股份有限公司,1
人文学部,美视电影学院,本科,2023,就业,中电建湖北电力建设有限公司,1
人文学部,美视电影学院,本科,2023,出国(境)留学或工作,nan,1
人文学部,美视电影学院,本科,2023,就业,宁波美艾斯宠物用品有限公司,1
人文学部,美视电影学院,本科,2023,就业,奇瑞商用车(安徽)有限公司,1
人文学部,美视电影学院,本科,2023,就业,国家税务总局白银市税务局,1
人文学部,美视电影学院,本科,2023,就业,重庆长安新能源汽车科技有限公司,1
人文学部,美视电影学院,本科,2023,就业,中国联合网络通信有限公司重庆市分公司,1
人文学部,美视电影学院,本科,2023,就业,沈阳北镜剧制文化传媒有限公司,1
人文学部,美视电影学院,本科,2023,就业,潇湘晨报社,1
人文学部,美视电影学院,本科,2023,升学,西南大学,1
人文学部,美视电影学院,本科,2023,出国(境)留学或工作,曼彻斯特大学,1
人文学部,美视电影学院,本科,2023,就业,厦门外图集团有限公司,1
人文学部,美视电影学院,本科,2023,就业,宏珏高级时装股份有限公司,1
人文学部,美视电影学院,本科,2023,就业,上海蔚来汽车有限公司,1
人文学部,美视电影学院,本科,2023,就业,航宇救生装备有限公司,1
人文学部,美视电影学院,本科,2023,就业,重庆麦芽传媒有限公司,1
人文学部,美视电影学院,本科,2023,升学,上海戏剧学院,1
人文学部,美视电影学院,本科,2023,就业,南宁市第十四中学,1
人文学部,美视电影学院,本科,2023,出国(境)留学或工作,悉尼大学,1
人文学部,美视电影学院,本科,2023,就业,海南航空控股股份有限公司,1
人文学部,美视电影学院,本科,2023,就业,成都数字天空科技有限公司,1
人文学部,美视电影学院,本科,2023,就业,中国共产党青岛市崂山区委员会组织部,1
人文学部,美视电影学院,本科,2023,就业,重庆玩剧岛文化传播有限公司,1
人文学部,美视电影学院,本科,2023,出国(境)留学或工作,杜伦大学,1
人文学部,美视电影学院,本科,2023,就业,安徽三建工程有限公司,1
人文学部,美视电影学院,本科,2023,就业,北京罗克维尔斯科技有限公司,1
人文学部,美视电影学院,本科,2023,升学,厦门大学,1
人文学部,美视电影学院,本科,2023,就业,北京姿美堂生物技术股份有限公司,1
人文学部,美视电影学院,本科,2023,升学,南开大学,1
人文学部,美视电影学院,本科,2023,就业,贵州习酒投资控股集团有限责任公司,1
人文学部,美视电影学院,本科,2023,就业,海南享自游文化传播有限公司,1
人文学部,美视电影学院,硕士,2023,就业,重庆城市科技学院,4
人文学部,美视电影学院,硕士,2023,就业,四川传媒学院,3
人文学部,美视电影学院,硕士,2023,就业,重庆长安汽车股份有限公司,3
人文学部,美视电影学院,硕士,2023,就业,上海澄穆生物科技有限公司,1
人文学部,美视电影学院,硕士,2023,就业,西南交通大学希望学院,1
人文学部,美视电影学院,硕士,2023,就业,天合光能股份有限公司,1
人文学部,美视电影学院,硕士,2023,就业,中金资本运营有限公司,1
人文学部,美视电影学院,硕士,2023,选调生,中共安顺市委组织部,1
人文学部,美视电影学院,硕士,2023,就业,上海飞机制造有限公司,1
人文学部,美视电影学院,硕士,2023,就业,重庆德瓦科技有限公司,1
人文学部,美视电影学院,硕士,2023,就业,奇瑞汽车股份有限公司,1
人文学部,美视电影学院,硕士,2023,就业,北京车之家信息技术有限公司,1
人文学部,美视电影学院,硕士,2023,就业,呼和浩特市文化艺术研究院,1
人文学部,美视电影学院,硕士,2023,就业,上海奥美广告有限公司广州分公司,1
人文学部,美视电影学院,硕士,2023,就业,重庆华龙网影视有限公司,1
人文学部,美视电影学院,硕士,2023,就业,中国工商银行股份有限公司山西省分行,1
人文学部,美视电影学院,硕士,2023,就业,左尚明舍家居用品(上海)有限公司,1
人文学部,美视电影学院,硕士,2023,就业,重庆市九龙坡区陶家镇小学校,1
人文学部,美视电影学院,硕士,2023,就业,浙江壹点设计咨询有限公司,1
人文学部,美视电影学院,硕士,2023,就业,四川考一教育科技有限公司,1
人文学部,美视电影学院,硕士,2023,就业,华谊兄弟(天津)实景娱乐有限公司,1
人文学部,美视电影学院,硕士,2023,就业,绿城物业服务集团有限公司宁波分公司,1
人文学部,美视电影学院,硕士,2023,就业,上海门吾广告有限公司,1
人文学部,美视电影学院,硕士,2023,就业,比亚迪股份有限公司,1
人文学部,美视电影学院,硕士,2023,就业,重庆财经学院,1
人文学部,美视电影学院,硕士,2023,就业,成都银杏酒店管理学院,1
人文学部,美视电影学院,硕士,2023,就业,烟台工程职业技术学院(烟台市技师学院),1
人文学部,美视电影学院,硕士,2023,就业,泰山科技学院,1
人文学部,博雅学院,本科,2021,升学,武汉大学,5
人文学部,博雅学院,本科,2021,升学,中山大学,4
人文学部,博雅学院,本科,2021,升学,华东师范大学,3
人文学部,博雅学院,本科,2021,升学,重庆大学,3
人文学部,博雅学院,本科,2021,升学,厦门大学,2
人文学部,博雅学院,本科,2021,升学,华中科技大学,2
人文学部,博雅学院,本科,2021,升学,中国人民大学,2
人文学部,博雅学院,本科,2021,就业,俊发集团有限公司,1
人文学部,博雅学院,本科,2021,选调生,中国共产党遂宁市委组织部,1
人文学部,博雅学院,本科,2021,就业,江门市新会区供销合作联社,1
人文学部,博雅学院,本科,2021,升学,中国科学技术大学,1
人文学部,博雅学院,本科,2021,出国(境)留学或工作,布里斯托大学,1
人文学部,博雅学院,本科,2021,就业,重庆市渝中区心田花开课外培训中心有限公司,1
人文学部,博雅学院,本科,2021,升学,中央民族大学,1
人文学部,博雅学院,本科,2021,升学,中国社会科学院大学,1
人文学部,博雅学院,本科,2021,就业,深圳市龙华区第二外国语学校,1
人文学部,博雅学院,本科,2021,就业,北京立德未来助学公益基金会,1
人文学部,博雅学院,硕士,2021,就业,重庆市字水中学,2
人文学部,博雅学院,硕士,2021,选调生,中共重庆市委组织部,2
人文学部,博雅学院,硕士,2021,就业,重庆市渝中区人和街小学校,2
人文学部,博雅学院,硕士,2021,就业,上海市新中高级中学,1
人文学部,博雅学院,硕士,2021,就业,成都市青白江区清泉学校,1
人文学部,博雅学院,硕士,2021,就业,四川省南充市白塔中学,1
人文学部,博雅学院,硕士,2021,选调生,中共六盘水市委组织部,1
人文学部,博雅学院,硕士,2021,就业,上海市建平实验中学,1
人文学部,博雅学院,硕士,2021,出国(境)留学或工作,香港大学,1
人文学部,博雅学院,硕士,2021,就业,江苏省公务员局,1
人文学部,博雅学院,硕士,2021,就业,四川外语学院重庆第二外国语学校,1
人文学部,博雅学院,硕士,2021,就业,福建省厦门第一中学,1
人文学部,博雅学院,硕士,2021,就业,重庆高新技术产业开发区管理委员会,1
人文学部,博雅学院,硕士,2021,选调生,中共贵阳市委组织部,1
人文学部,博雅学院,硕士,2021,就业,深圳市龙岗区教育局,1
人文学部,博雅学院,硕士,2021,就业,郑北一中学校,1
人文学部,博雅学院,硕士,2021,就业,重庆有线电视网络股份有限公司,1
人文学部,博雅学院,硕士,2021,选调生,中共德阳市委组织部,1
人文学部,博雅学院,硕士,2021,选调生,中共乐山市委组织部,1
人文学部,博雅学院,硕士,2021,就业,重庆市鲁能巴蜀中学校,1
人文学部,博雅学院,硕士,2021,就业,西南大学中国乡村建设学院,1
人文学部,博雅学院,硕士,2021,升学,中共中央党校,1
人文学部,博雅学院,硕士,2021,就业,重庆市礼嘉中学校,1
人文学部,博雅学院,硕士,2021,就业,山西工商学院,1
人文学部,博雅学院,硕士,2021,就业,重庆工业职业技术学院,1
人文学部,博雅学院,硕士,2021,就业,嘉兴市秀洲区洪合镇人民政府,1
人文学部,博雅学院,硕士,2021,就业,赣州中海海富房地产有限公司,1
人文学部,博雅学院,硕士,2021,选调生,山西省宁武县迭台寺乡人民政府,1
人文学部,博雅学院,硕士,2021,升学,中国人民大学,1
人文学部,博雅学院,硕士,2021,就业,深圳市罗湖区教育局,1
人文学部,博雅学院,硕士,2021,就业,重庆品胜科技有限公司,1
人文学部,博雅学院,硕士,2021,就业,宁波第二技师学院,1
人文学部,博雅学院,硕士,2021,升学,吉林大学,1
人文学部,博雅学院,硕士,2021,就业,重庆长安汽车股份有限公司,1
人文学部,博雅学院,博士,2021,就业,四川师范大学,1
人文学部,博雅学院,博士,2021,就业,重庆市潼南区人力资源和社会保障局,1
人文学部,博雅学院,本科,2022,升学,重庆大学,4
人文学部,博雅学院,本科,2022,升学,中国人民大学,3
人文学部,博雅学院,本科,2022,升学,武汉大学,3
人文学部,博雅学院,本科,2022,升学,北京大学,2
人文学部,博雅学院,本科,2022,升学,厦门大学,2
人文学部,博雅学院,本科,2022,升学,南京大学,2
人文学部,博雅学院,本科,2022,升学,华东师范大学,2
人文学部,博雅学院,本科,2022,升学,山东大学,1
人文学部,博雅学院,本科,2022,出国(境)留学或工作,博洛尼亚大学,1
人文学部,博雅学院,本科,2022,升学,南开大学,1
人文学部,博雅学院,本科,2022,就业,北京比特大陆科技有限公司,1
人文学部,博雅学院,本科,2022,升学,中国传媒大学,1
人文学部,博雅学院,本科,2022,就业,贵阳航发精密铸造有限公司,1
人文学部,博雅学院,本科,2022,就业,广东省立中山图书馆,1
人文学部,博雅学院,本科,2022,出国(境)留学或工作,澳门大学,1
人文学部,博雅学院,本科,2022,就业,长沙市雨花区南雅双语实验中学,1
人文学部,博雅学院,本科,2022,就业,中国共产党普洱市委员会组织部,1
人文学部,博雅学院,本科,2022,出国(境)留学或工作,曼彻斯特大学,1
人文学部,博雅学院,本科,2022,升学,中央民族大学,1
人文学部,博雅学院,本科,2022,升学,浙江大学,1
人文学部,博雅学院,本科,2022,志愿服务西部计划,彭水县第五小学,1
人文学部,博雅学院,本科,2022,出国(境)留学或工作,香港大学,1
人文学部,博雅学院,本科,2022,就业,威海环翠区环翠楼街道办事处,1
人文学部,博雅学院,本科,2022,出国(境)留学或工作,名进日本语学校,1
人文学部,博雅学院,本科,2022,就业,重庆好课堂教育科技有限公司,1
人文学部,博雅学院,硕士,2022,选调生,中国共产党南充市委员会组织部,2
人文学部,博雅学院,硕士,2022,就业,重庆大学,2
人文学部,博雅学院,硕士,2022,就业,重庆两江新区西南大学附属中学校,1
人文学部,博雅学院,硕士,2022,就业,巩义安德医院,1
人文学部,博雅学院,硕士,2022,就业,贵阳市第六中学,1
人文学部,博雅学院,硕士,2022,出国(境)留学或工作,伦敦国王学院,1
人文学部,博雅学院,硕士,2022,就业,深圳实验学校卓越高中,1
人文学部,博雅学院,硕士,2022,就业,重庆医药(集团)股份有限公司,1
人文学部,博雅学院,硕士,2022,就业,中汽院智能网联科技有限公司,1
人文学部,博雅学院,硕士,2022,就业,东莞电力设计院有限公司,1
人文学部,博雅学院,硕士,2022,选调生,广西壮族自治区党委组织部干部规划办(定向选调生),1
人文学部,博雅学院,硕士,2022,就业,深圳市坪山区教育局,1
人文学部,博雅学院,硕士,2022,选调生,中国共产党澄江市委员会组织部,1
人文学部,博雅学院,硕士,2022,就业,中国农业银行股份有限公司广州分行,1
人文学部,博雅学院,硕士,2022,选调生,中共重庆市垫江县委组织部,1
人文学部,博雅学院,硕士,2022,就业,重庆市渝中区天地人和街小学校,1
人文学部,博雅学院,硕士,2022,就业,《中国公路》杂志社,1
人文学部,博雅学院,硕士,2022,选调生,天津市和平区人民政府劝业场街道办事处,1
人文学部,博雅学院,硕士,2022,就业,苏州高铁新城人力资源管理有限公司,1
人文学部,博雅学院,硕士,2022,选调生,中国共产党重庆市委员会组织部,1
人文学部,博雅学院,硕士,2022,就业,昆明文理学院,1
人文学部,博雅学院,硕士,2022,就业,重庆市水利电力建筑勘测设计研究院有限公司,1
人文学部,博雅学院,硕士,2022,就业,中共扬州市广陵区委组织部,1
人文学部,博雅学院,硕士,2022,就业,重庆文理学院,1
人文学部,博雅学院,硕士,2022,就业,重庆市两江育才中学校,1
人文学部,博雅学院,硕士,2022,就业,福建省同安第一中学,1
人文学部,博雅学院,硕士,2022,选调生,中共南昌市委组织部,1
人文学部,博雅学院,硕士,2022,就业,泸州市龙马高中,1
人文学部,博雅学院,硕士,2022,升学,北京大学,1
人文学部,博雅学院,硕士,2022,选调生,中国共产党广元市委员会组织部,1
人文学部,博雅学院,硕士,2022,选调生,中共达州市委组织部,1
人文学部,博雅学院,硕士,2022,选调生,中共铜仁市委组织部,1
人文学部,博雅学院,博士,2022,就业,太原学院,1
人文学部,博雅学院,本科,2023,升学,重庆大学,4
人文学部,博雅学院,本科,2023,升学,武汉大学,4
人文学部,博雅学院,本科,2023,升学,外交学院,2
人文学部,博雅学院,本科,2023,升学,浙江大学,2
人文学部,博雅学院,本科,2023,出国(境)留学或工作,爱丁堡大学,2
人文学部,博雅学院,本科,2023,升学,中山大学,2
人文学部,博雅学院,本科,2023,就业,中建三局基础设施建设投资有限公司,1
人文学部,博雅学院,本科,2023,就业,中国移动通信集团广东有限公司广州分公司,1
人文学部,博雅学院,本科,2023,选调生,中共石家庄市委组织部,1
人文学部,博雅学院,本科,2023,就业,重庆长安汽车股份有限公司,1
人文学部,博雅学院,本科,2023,就业,深圳市龙岗区教育局,1
人文学部,博雅学院,本科,2023,就业,重庆慧达天街商业管理有限公司,1
人文学部,博雅学院,本科,2023,升学,中国人民大学,1
人文学部,博雅学院,本科,2023,升学,华中师范大学,1
人文学部,博雅学院,本科,2023,升学,华东师范大学,1
人文学部,博雅学院,本科,2023,出国(境)留学或工作,香港大学,1
人文学部,博雅学院,本科,2023,就业,重庆课堂内外融媒体有限责任公司,1
人文学部,博雅学院,本科,2023,就业,安徽省安庆军分区,1
人文学部,博雅学院,本科,2023,就业,贵阳世纪金源购物中心置业有限公司,1
人文学部,博雅学院,本科,2023,就业,都安县农业农村局动物疫病防治中心,1
人文学部,博雅学院,本科,2023,升学,上海大学,1
人文学部,博雅学院,本科,2023,升学,南京大学,1
人文学部,博雅学院,本科,2023,升学,中南财经政法大学,1
人文学部,博雅学院,本科,2023,就业,泰晶科技股份有限公司,1
人文学部,博雅学院,硕士,2023,升学,重庆大学,2
人文学部,博雅学院,硕士,2023,就业,新华文轩出版传媒股份有限公司,1
人文学部,博雅学院,硕士,2023,就业,无锡市辅仁高级中学,1
人文学部,博雅学院,硕士,2023,就业,西安市曲江第一中学,1
人文学部,博雅学院,硕士,2023,就业,湖南体德体育科技有限公司,1
人文学部,博雅学院,硕士,2023,就业,岳阳市南湖新区农业农村局,1
人文学部,博雅学院,硕士,2023,就业,北京市西城区人民政府西长安街街道办事处,1
人文学部,博雅学院,硕士,2023,就业,重庆亚信健康产业集团有限公司,1
人文学部,博雅学院,硕士,2023,选调生,中共安顺市委组织部,1
人文学部,博雅学院,硕士,2023,就业,重庆实验外国语学校,1
人文学部,博雅学院,硕士,2023,就业,重庆开放大学重庆工商职业学院,1
人文学部,博雅学院,硕士,2023,选调生,中共重庆市委组织部,1
人文学部,博雅学院,硕士,2023,就业,重庆南开(融侨)中学校,1
人文学部,博雅学院,硕士,2023,就业,重庆城市科技学院,1
人文学部,博雅学院,硕士,2023,就业,深圳中学光明科学城学校,1
人文学部,博雅学院,硕士,2023,选调生,中共德阳市委组织部,1
人文学部,博雅学院,硕士,2023,就业,中国航发贵州黎阳航空动力有限公司,1
人文学部,博雅学院,硕士,2023,就业,重庆新课堂数字出版有限公司,1
人文学部,博雅学院,硕士,2023,就业,吉利汽车集团有限公司,1
人文学部,博雅学院,硕士,2023,选调生,中国共产党攀枝花市委员会组织部,1
人文学部,博雅学院,硕士,2023,就业,葫芦岛广播电视台,1
人文学部,博雅学院,硕士,2023,就业,贵阳市第八中学,1
人文学部,博雅学院,硕士,2023,就业,晋中信息学院,1
人文学部,博雅学院,硕士,2023,就业,重庆八中宏帆初级中学校,1
人文学部,博雅学院,硕士,2023,就业,广州华商学院,1
人文学部,博雅学院,硕士,2023,就业,陆军军医大学第二附属医院(新桥医院),1
人文学部,博雅学院,硕士,2023,选调生,中国共产党雅安市委员会组织部,1
人文学部,博雅学院,硕士,2023,就业,远东控股集团有限公司,1
人文学部,博雅学院,硕士,2023,就业,东莞高级中学,1
人文学部,博雅学院,硕士,2023,就业,上海市民立中学,1
人文学部,博雅学院,硕士,2023,就业,重庆七中沙滨学校,1
人文学部,博雅学院,博士,2023,就业,西华大学,1
社会科学学部,公共管理学院,本科,2021,升学,重庆大学,43
社会科学学部,公共管理学院,本科,2021,升学,西安交通大学,4
社会科学学部,公共管理学院,本科,2021,升学,中国人民大学,4
社会科学学部,公共管理学院,本科,2021,升学,华中科技大学,3
社会科学学部,公共管理学院,本科,2021,升学,中山大学,3
社会科学学部,公共管理学院,本科,2021,就业,中国建设银行股份有限公司新疆维吾尔自治区分行,2
社会科学学部,公共管理学院,本科,2021,就业,中建桥梁有限公司,2
社会科学学部,公共管理学院,本科,2021,升学,武汉大学,2
社会科学学部,公共管理学院,本科,2021,就业,中国建筑第八工程局有限公司西南分公司,2
社会科学学部,公共管理学院,本科,2021,选调生,广西壮族自治区党委组织部干部规划办,2
社会科学学部,公共管理学院,本科,2021,出国(境)留学或工作,华威大学,2
社会科学学部,公共管理学院,本科,2021,就业,中国银行股份有限公司西藏自治区分行,2
社会科学学部,公共管理学院,本科,2021,就业,海信集团控股股份有限公司,2
社会科学学部,公共管理学院,本科,2021,出国(境)留学或工作,悉尼大学,2
社会科学学部,公共管理学院,本科,2021,升学,四川大学,2
社会科学学部,公共管理学院,本科,2021,升学,浙江大学,2
社会科学学部,公共管理学院,本科,2021,就业,北京立德未来助学公益基金会,1
社会科学学部,公共管理学院,本科,2021,就业,内蒙古蒙牛乳业(集团)股份有限公司北京科技分公司,1
社会科学学部,公共管理学院,本科,2021,就业,成都美尔贝科技股份有限公司,1
社会科学学部,公共管理学院,本科,2021,就业,长江生态环保集团有限公司,1
社会科学学部,公共管理学院,本科,2021,出国(境)留学或工作,南洋理工大学,1
社会科学学部,公共管理学院,本科,2021,就业,公众号编辑运营,1
社会科学学部,公共管理学院,本科,2021,升学,上海社会科学院,1
社会科学学部,公共管理学院,本科,2021,就业,国标舞培训师,1
社会科学学部,公共管理学院,本科,2021,就业,重庆宝达科技发展有限公司,1
社会科学学部,公共管理学院,本科,2021,就业,办公室行政助理,1
社会科学学部,公共管理学院,本科,2021,就业,重庆京东方光电科技有限公司,1
社会科学学部,公共管理学院,本科,2021,选调生,中共天门市委组织部,1
社会科学学部,公共管理学院,本科,2021,就业,重庆泳文餐饮管理有限公司,1
社会科学学部,公共管理学院,本科,2021,就业,重庆甄准信息科技有限公司,1
社会科学学部,公共管理学院,本科,2021,升学,石河子大学,1
社会科学学部,公共管理学院,本科,2021,升学,华南理工大学,1
社会科学学部,公共管理学院,本科,2021,就业,中建西部建设西南有限公司,1
社会科学学部,公共管理学院,本科,2021,就业,基恩士(中国)有限公司,1
社会科学学部,公共管理学院,本科,2021,就业,天职国际会计师事务所(特殊普通合伙),1
社会科学学部,公共管理学院,本科,2021,出国(境)留学或工作,利兹大学,1
社会科学学部,公共管理学院,本科,2021,升学,北京体育大学,1
社会科学学部,公共管理学院,本科,2021,就业,中国建筑第七工程局有限公司,1
社会科学学部,公共管理学院,本科,2021,出国(境)留学或工作,香港城市大学,1
社会科学学部,公共管理学院,本科,2021,就业,无锡金田电子有限公司,1
社会科学学部,公共管理学院,本科,2021,升学,上海财经大学,1
社会科学学部,公共管理学院,本科,2021,就业,郑州平行线教育科技有限公司,1
社会科学学部,公共管理学院,本科,2021,就业,君合律师事务所上海分所,1
社会科学学部,公共管理学院,本科,2021,就业,佛山市海天调味食品股份有限公司,1
社会科学学部,公共管理学院,本科,2021,就业,中国联合网络通信有限公司广州市分公司,1
社会科学学部,公共管理学院,本科,2021,选调生,中共遵义市委组织部,1
社会科学学部,公共管理学院,本科,2021,升学,西南财经大学,1
社会科学学部,公共管理学院,本科,2021,就业,江西省水利投资集团有限公司,1
社会科学学部,公共管理学院,本科,2021,选调生,中共安顺市委组织部,1
社会科学学部,公共管理学院,本科,2021,就业,株洲市城市公用事业经营有限公司,1
社会科学学部,公共管理学院,本科,2021,选调生,甘肃省纪委监委,1
社会科学学部,公共管理学院,本科,2021,就业,中国建筑第八工程局有限公司上海分公司,1
社会科学学部,公共管理学院,本科,2021,就业,微信公众号运营,1
社会科学学部,公共管理学院,本科,2021,就业,中铁五局集团成都工程有限责任公司,1
社会科学学部,公共管理学院,本科,2021,就业,中国农业银行股份有限公司西藏自治区分行,1
社会科学学部,公共管理学院,本科,2021,升学,浙江财经大学,1
社会科学学部,公共管理学院,本科,2021,就业,浙江省新华书店集团有限公司,1
社会科学学部,公共管理学院,本科,2021,就业,湖南御泥坊化妆品有限公司,1
社会科学学部,公共管理学院,本科,2021,就业,同道精英(天津)信息技术有限公司北京分公司,1
社会科学学部,公共管理学院,本科,2021,出国(境)留学或工作,杜伦大学,1
社会科学学部,公共管理学院,本科,2021,就业,中国光大银行股份有限公司北京分行,1
社会科学学部,公共管理学院,本科,2021,就业,网络营销推广,1
社会科学学部,公共管理学院,本科,2021,升学,中央民族大学,1
社会科学学部,公共管理学院,本科,2021,就业,伊宁县人民医院,1
社会科学学部,公共管理学院,本科,2021,就业,新疆兵团第六师五家渠市自然资源和规划局,1
社会科学学部,公共管理学院,本科,2021,出国(境)留学或工作,曼彻斯特大学,1
社会科学学部,公共管理学院,本科,2021,就业,澳门国际银行股份有限公司广州分行,1
社会科学学部,公共管理学院,本科,2021,就业,成都高途云集教育科技有限公司,1
社会科学学部,公共管理学院,本科,2021,就业,中建四局贵州投资建设有限公司,1
社会科学学部,公共管理学院,本科,2021,就业,中国建筑土木建设有限公司,1
社会科学学部,公共管理学院,本科,2021,升学,北京师范大学(第二学位),1
社会科学学部,公共管理学院,本科,2021,就业,新疆红海人力资源有限公司,1
社会科学学部,公共管理学院,本科,2021,就业,金科智慧服务集团股份有限公司,1
社会科学学部,公共管理学院,本科,2021,出国(境)留学或工作,格拉斯哥大学,1
社会科学学部,公共管理学院,本科,2021,就业,重庆华邦制药有限公司,1
社会科学学部,公共管理学院,本科,2021,就业,北京碧欧缇传媒科技有限公司,1
社会科学学部,公共管理学院,本科,2021,出国(境)留学或工作,墨尔本大学,1
社会科学学部,公共管理学院,本科,2021,就业,贵阳银行股份有限公司云岩支行,1
社会科学学部,公共管理学院,本科,2021,就业,渤海银行股份有限公司重庆分行,1
社会科学学部,公共管理学院,本科,2021,就业,中国建筑第八工程局有限公司南方分公司,1
社会科学学部,公共管理学院,本科,2021,就业,中国建设银行股份有限公司贵州省分行,1
社会科学学部,公共管理学院,本科,2021,就业,重庆耀满商务信息咨询有限公司,1
社会科学学部,公共管理学院,本科,2021,就业,中建二局第三建筑工程有限公司,1
社会科学学部,公共管理学院,本科,2021,就业,会计师事务助理,1
社会科学学部,公共管理学院,本科,2021,升学,云南大学,1
社会科学学部,公共管理学院,本科,2021,就业,贵州安达科技能源股份有限公司,1
社会科学学部,公共管理学院,硕士,2021,就业,重庆城市科技学院,5
社会科学学部,公共管理学院,硕士,2021,选调生,中共重庆市委组织部,3
社会科学学部,公共管理学院,硕士,2021,选调生,中国共产党广安市委员会组织部,3
社会科学学部,公共管理学院,硕士,2021,选调生,中国共产党内江市委员会组织部,3
社会科学学部,公共管理学院,硕士,2021,就业,重庆市南岸区市政园林管理局,2
社会科学学部,公共管理学院,硕士,2021,就业,重庆市老干部活动中心,2
社会科学学部,公共管理学院,硕士,2021,就业,重庆市永川区财政局,2
社会科学学部,公共管理学院,硕士,2021,就业,北京三快在线科技有限公司,2
社会科学学部,公共管理学院,硕士,2021,就业,重庆中元生物技术有限公司,2
社会科学学部,公共管理学院,硕士,2021,升学,重庆大学,2
社会科学学部,公共管理学院,硕士,2021,就业,重庆两江新区档案馆,2
社会科学学部,公共管理学院,硕士,2021,就业,重庆市委机要局,2
社会科学学部,公共管理学院,硕士,2021,就业,中共重庆市永川区委办公室,2
社会科学学部,公共管理学院,硕士,2021,就业,国家税务总局重庆市南岸区税务局,2
社会科学学部,公共管理学院,硕士,2021,就业,北京世纪好未来教育科技有限公司,2
社会科学学部,公共管理学院,硕士,2021,就业,重庆长安跨越车辆有限公司,2
社会科学学部,公共管理学院,硕士,2021,就业,中共重庆两江新区工作委员会组织部,1
社会科学学部,公共管理学院,硕士,2021,就业,重庆市专用通信局,1
社会科学学部,公共管理学院,硕士,2021,就业,重庆市长寿区人民政府办公室,1
社会科学学部,公共管理学院,硕士,2021,就业,阳光人寿保险股份有限公司重庆分公司,1
社会科学学部,公共管理学院,硕士,2021,就业,重庆市铜梁区永嘉镇人民政府,1
社会科学学部,公共管理学院,硕士,2021,就业,重庆市涪陵区蔺市镇人民政府,1
社会科学学部,公共管理学院,硕士,2021,就业,重庆两江新区龙兴工业园建设投资有限公司,1
社会科学学部,公共管理学院,硕士,2021,就业,正安县农村信用合作联社,1
社会科学学部,公共管理学院,硕士,2021,就业,重庆市公安局警务保障部机关事务服务中心,1
社会科学学部,公共管理学院,硕士,2021,就业,重庆市北碚区人力资源和社会保障局,1
社会科学学部,公共管理学院,硕士,2021,就业,重庆市公安局特警总队,1
社会科学学部,公共管理学院,硕士,2021,就业,重庆市綦江区人民政府文龙街道办事处,1
社会科学学部,公共管理学院,硕士,2021,就业,重庆市江津区石门镇永安村民委员会,1
社会科学学部,公共管理学院,硕士,2021,就业,重庆市璧山区人民政府丁家街道办事处,1
社会科学学部,公共管理学院,硕士,2021,就业,重庆市涪陵区科学技术协会,1
社会科学学部,公共管理学院,硕士,2021,就业,重庆市永川区国家税务局,1
社会科学学部,公共管理学院,硕士,2021,就业,重庆市永川职业教育中心,1
社会科学学部,公共管理学院,硕士,2021,就业,重庆市荣昌区民政局,1
社会科学学部,公共管理学院,硕士,2021,就业,中国共产党重庆市铜梁区小林镇委员会,1
社会科学学部,公共管理学院,硕士,2021,就业,中国人民银行长寿中心支行,1
社会科学学部,公共管理学院,硕士,2021,就业,重庆市南川区公安局,1
社会科学学部,公共管理学院,硕士,2021,就业,中国石油集团川庆钻探工程有限公司川东钻探公司,1
社会科学学部,公共管理学院,硕士,2021,就业,华夏航空股份有限公司,1
社会科学学部,公共管理学院,硕士,2021,就业,中华人民共和国重庆出入境检验检疫局,1
社会科学学部,公共管理学院,硕士,2021,就业,重庆两江新区劳动仲裁院,1
社会科学学部,公共管理学院,硕士,2021,就业,重庆保税港区开发管理集团有限公司,1
社会科学学部,公共管理学院,硕士,2021,就业,中国农业银行股份有限公司重庆北碚支行,1
社会科学学部,公共管理学院,硕士,2021,就业,重庆可兰达科技有限公司,1
社会科学学部,公共管理学院,硕士,2021,就业,中国邮政储蓄银行股份有限公司重庆铜梁区支行,1
社会科学学部,公共管理学院,硕士,2021,就业,重庆翰廷投资有限公司,1
社会科学学部,公共管理学院,硕士,2021,就业,中国人民共和国重庆海事局,1
社会科学学部,公共管理学院,硕士,2021,就业,重庆市轨道交通(集团)有限公司,1
社会科学学部,公共管理学院,硕士,2021,就业,重庆市渝中区建设和交通委员会,1
社会科学学部,公共管理学院,硕士,2021,就业,中共重庆市沙坪坝区委宣传部,1
社会科学学部,公共管理学院,硕士,2021,就业,云阳县水口镇人民政府,1
社会科学学部,公共管理学院,硕士,2021,就业,双桥经开区办公室,1
社会科学学部,公共管理学院,硕士,2021,就业,中国共产党重庆市委员会统一战线工作部,1
社会科学学部,公共管理学院,硕士,2021,就业,广安市国土资源局广安区分局,1
社会科学学部,公共管理学院,硕士,2021,就业,宜宾市环境监察执法支队,1
社会科学学部,公共管理学院,硕士,2021,就业,国家统计局习水调查队,1
社会科学学部,公共管理学院,硕士,2021,就业,成都市新都区人才发展服务中心,1
社会科学学部,公共管理学院,硕士,2021,选调生,兰溪市基层自然资源和规划管理中心,1
社会科学学部,公共管理学院,硕士,2021,选调生,中共德阳市委组织部,1
社会科学学部,公共管理学院,硕士,2021,升学,中国人民大学,1
社会科学学部,公共管理学院,硕士,2021,就业,厦门朋信教育咨询有限公司,1
社会科学学部,公共管理学院,硕士,2021,就业,重庆市铁路(集团)有限公司,1
社会科学学部,公共管理学院,硕士,2021,就业,中移(杭州)信息技术有限公司,1
社会科学学部,公共管理学院,硕士,2021,选调生,中共安顺市委组织部,1
社会科学学部,公共管理学院,硕士,2021,就业,华润万象商业(深圳)有限公司成都分公司,1
社会科学学部,公共管理学院,硕士,2021,就业,重庆新东方教育培训学校有限公司,1
社会科学学部,公共管理学院,硕士,2021,升学,兰州大学,1
社会科学学部,公共管理学院,硕士,2021,就业,东原房地产开发集团有限公司,1
社会科学学部,公共管理学院,硕士,2021,就业,重庆市九龙坡区华岩镇综合行政执法大队,1
社会科学学部,公共管理学院,硕士,2021,升学,南开大学,1
社会科学学部,公共管理学院,硕士,2021,就业,中建三局房地产开发有限公司,1
社会科学学部,公共管理学院,硕士,2021,选调生,广西壮族自治区党委组织部干部规划办(定向选调生),1
社会科学学部,公共管理学院,硕士,2021,就业,中海宏洋地产集团有限公司,1
社会科学学部,公共管理学院,硕士,2021,就业,重庆中梁坤元企业管理咨询有限公司,1
社会科学学部,公共管理学院,硕士,2021,就业,雨润控股集团有限公司,1
社会科学学部,公共管理学院,硕士,2021,就业,中建隧道建设有限公司,1
社会科学学部,公共管理学院,硕士,2021,选调生,中国共产党元阳县委会,1
社会科学学部,公共管理学院,硕士,2021,就业,中国建筑第八工程局有限公司西南分公司,1
社会科学学部,公共管理学院,硕士,2021,就业,重庆市九龙坡区招商投资促进局,1
社会科学学部,公共管理学院,硕士,2021,就业,成都绿城致嘉建设管理有限公司,1
社会科学学部,公共管理学院,硕士,2021,就业,重庆电力高等专科学校,1
社会科学学部,公共管理学院,硕士,2021,就业,重庆钢铁股份有限公司,1
社会科学学部,公共管理学院,硕士,2021,选调生,中共重庆市黔江区委组织部,1
社会科学学部,公共管理学院,硕士,2021,就业,重庆闹海科技有限公司,1
社会科学学部,公共管理学院,硕士,2021,就业,中国银行股份有限公司湖北省分行,1
社会科学学部,公共管理学院,硕士,2021,升学,四川大学,1
社会科学学部,公共管理学院,硕士,2021,选调生,中共乐山市委组织部,1
社会科学学部,公共管理学院,硕士,2021,就业,陆军军医大学第二附属医院(新桥医院),1
社会科学学部,公共管理学院,硕士,2021,就业,普洱市政务服务管理局,1
社会科学学部,公共管理学院,硕士,2021,就业,重庆市黔江区城市管理局数字化城市管理中心,1
社会科学学部,公共管理学院,硕士,2021,就业,湖北省咸丰县人民政府办公室,1
社会科学学部,公共管理学院,硕士,2021,就业,重庆市急救医疗中心,1
社会科学学部,公共管理学院,硕士,2021,就业,寰球建设工程管理有限公司,1
社会科学学部,公共管理学院,硕士,2021,就业,重庆市老年大学,1
社会科学学部,公共管理学院,硕士,2021,就业,重庆重大远兴科技发展有限公司,1
社会科学学部,公共管理学院,硕士,2021,就业,重庆市渝中区人力资源和社会保障局,1
社会科学学部,公共管理学院,硕士,2021,就业,重庆市自来水有限公司渝中区水厂,1
社会科学学部,公共管理学院,硕士,2021,就业,重庆市北碚区社会保险局,1
社会科学学部,公共管理学院,硕士,2021,就业,重庆市南川区骑龙镇人民政府,1
社会科学学部,公共管理学院,硕士,2021,就业,重庆市沙坪坝区城市管理综合行政执法支队,1
社会科学学部,公共管理学院,硕士,2021,就业,重庆市渝北区人民政府金山街道办事处,1
社会科学学部,公共管理学院,硕士,2021,就业,重庆市渝北区龙塔街道办事处,1
社会科学学部,公共管理学院,硕士,2021,就业,重庆市地产集团有限公司,1
社会科学学部,公共管理学院,硕士,2021,就业,重庆华侨城实业发展有限公司,1
社会科学学部,公共管理学院,硕士,2021,就业,重庆城市职业学院,1
社会科学学部,公共管理学院,硕士,2021,就业,沙坪坝街道办事处,1
社会科学学部,公共管理学院,硕士,2021,就业,重庆市璧山区群团活动中心,1
社会科学学部,公共管理学院,硕士,2021,就业,重庆财经职业学院,1
社会科学学部,公共管理学院,硕士,2021,就业,重庆市建设工程施工安全管理总站,1
社会科学学部,公共管理学院,硕士,2021,就业,重庆凯锐农业发展有限责任公司,1
社会科学学部,公共管理学院,硕士,2021,就业,重庆市肿瘤医院,1
社会科学学部,公共管理学院,硕士,2021,就业,重庆市南川区水务局,1
社会科学学部,公共管理学院,硕士,2021,就业,重庆恒治达建筑咨询有限公司,1
社会科学学部,公共管理学院,硕士,2021,就业,重庆市永川区城乡建设委员会,1
社会科学学部,公共管理学院,硕士,2021,就业,国家税务总局重庆市渝中区税务局,1
社会科学学部,公共管理学院,硕士,2021,就业,重庆京东方显示照明有限公司,1
社会科学学部,公共管理学院,硕士,2021,就业,重庆市江北区税务局,1
社会科学学部,公共管理学院,硕士,2021,就业,重庆建筑工程职业学院,1
社会科学学部,公共管理学院,硕士,2021,就业,成都市青羊区税务局,1
社会科学学部,公共管理学院,硕士,2021,就业,美皇管理资讯有限公司,1
社会科学学部,公共管理学院,硕士,2021,就业,重庆市江津区社会保险局,1
社会科学学部,公共管理学院,硕士,2021,就业,重庆两江新区鸳鸯街道办事处,1
社会科学学部,公共管理学院,硕士,2021,就业,重庆市渝中区交通运输管理所,1
社会科学学部,公共管理学院,硕士,2021,就业,重庆市南川区工商业联合会,1
社会科学学部,公共管理学院,硕士,2021,就业,重庆市博语外文翻译中心,1
社会科学学部,公共管理学院,硕士,2021,就业,重庆市医药科技学校,1
社会科学学部,公共管理学院,硕士,2021,就业,重庆革未科技有限公司,1
社会科学学部,公共管理学院,硕士,2021,就业,重庆市开州区义和镇鱼龙中心小学,1
社会科学学部,公共管理学院,硕士,2021,就业,国家税务总局重庆高新技术产业开发区税务局,1
社会科学学部,公共管理学院,硕士,2021,就业,国家税务总局重庆市南川区税务局,1
社会科学学部,公共管理学院,硕士,2021,就业,重庆市万盛经开区万东镇,1
社会科学学部,公共管理学院,硕士,2021,就业,重庆市地方志办公室,1
社会科学学部,公共管理学院,硕士,2021,就业,重庆市合川区沙鱼镇人民政府,1
社会科学学部,公共管理学院,硕士,2021,就业,重庆嘉合世兴科技有限公司,1
社会科学学部,公共管理学院,硕士,2021,就业,四川省南江县人民法院,1
社会科学学部,公共管理学院,硕士,2021,就业,中共重庆市长寿区委党校,1
社会科学学部,公共管理学院,硕士,2021,就业,重庆市忠县国土资源和房屋管理局,1
社会科学学部,公共管理学院,硕士,2021,就业,重庆轨道交通集团(有限)公司,1
社会科学学部,公共管理学院,硕士,2021,就业,重庆农村商业银行股份有限公司垫江支行,1
社会科学学部,公共管理学院,硕士,2021,就业,中共重庆市梁平区委宣传部,1
社会科学学部,公共管理学院,硕士,2021,就业,国家统计局开州调查队,1
社会科学学部,公共管理学院,硕士,2021,就业,重庆市万州食品药品检验所,1
社会科学学部,公共管理学院,硕士,2021,就业,重庆市綦江区农业委员会,1
社会科学学部,公共管理学院,硕士,2021,就业,重庆市綦江区永城镇人民政府,1
社会科学学部,公共管理学院,硕士,2021,就业,重庆市荣昌区安富街道畜牧兽医站,1
社会科学学部,公共管理学院,硕士,2021,就业,重庆市大足区棠香街道办事处,1
社会科学学部,公共管理学院,硕士,2021,就业,国家税务总局重庆市税务局第三税务分局,1
社会科学学部,公共管理学院,硕士,2021,就业,重庆市国家税务局直属税务分局,1
社会科学学部,公共管理学院,硕士,2021,就业,重庆市大足区人民政府龙岗街道办事处,1
社会科学学部,公共管理学院,硕士,2021,就业,国家税务总局重庆市大渡口区税务局,1
社会科学学部,公共管理学院,硕士,2021,就业,重庆中禾天教育咨询有限公司,1
社会科学学部,公共管理学院,硕士,2021,就业,重庆市江津区人力资源和社会保障局,1
社会科学学部,公共管理学院,硕士,2021,就业,重庆市渝北区龙山街道办事处,1
社会科学学部,公共管理学院,硕士,2021,就业,重庆南桐矿业有限责任公司总医院,1
社会科学学部,公共管理学院,硕士,2021,就业,丰都县许明寺镇人民政府,1
社会科学学部,公共管理学院,硕士,2021,就业,重庆市江津区城市管理综合行政执法支队慈云大队,1
社会科学学部,公共管理学院,硕士,2021,就业,重庆钧玺地产顾问有限公司,1
社会科学学部,公共管理学院,硕士,2021,就业,重庆市万盛经济技术开发区财政局,1
社会科学学部,公共管理学院,硕士,2021,就业,深圳信惠基金管理有限公司,1
社会科学学部,公共管理学院,硕士,2021,就业,重庆市江津区经济和信息化委员会,1
社会科学学部,公共管理学院,硕士,2021,就业,中共重庆市渝中区委组织部,1
社会科学学部,公共管理学院,硕士,2021,就业,涪陵区纪委,1
社会科学学部,公共管理学院,硕士,2021,就业,重庆航天职业技术学院,1
社会科学学部,公共管理学院,硕士,2021,就业,重庆市食品药品监督管理局荣昌区分局,1
社会科学学部,公共管理学院,硕士,2021,就业,中国人民人寿保险股份有限公司重庆市分公司,1
社会科学学部,公共管理学院,硕士,2021,就业,国家税务总局丰都县税务局,1
社会科学学部,公共管理学院,硕士,2021,就业,重庆市涪陵区石沱镇人民政府,1
社会科学学部,公共管理学院,硕士,2021,就业,重庆市涪陵区公安局,1
社会科学学部,公共管理学院,硕士,2021,就业,重庆农村商业银行股份有限公司黔江支行,1
社会科学学部,公共管理学院,硕士,2021,就业,广安市广安区司法局,1
社会科学学部,公共管理学院,硕士,2021,就业,自贡市第三人民医院,1
社会科学学部,公共管理学院,硕士,2021,就业,重庆煤监局渝南分局,1
社会科学学部,公共管理学院,硕士,2021,就业,四川省邻水县城北镇人民政府,1
社会科学学部,公共管理学院,硕士,2021,就业,四川省达州市开江县市场监督管理局,1
社会科学学部,公共管理学院,硕士,2021,就业,中共广安市广安区委办公室,1
社会科学学部,公共管理学院,硕士,2021,就业,四川省泸州市教育局,1
社会科学学部,公共管理学院,硕士,2021,就业,广安市前锋区人民法院,1
社会科学学部,公共管理学院,硕士,2021,就业,四川省泸州市泸县牛滩镇人民政府,1
社会科学学部,公共管理学院,硕士,2021,就业,国家税务总局泸州市江阳区税务局,1
社会科学学部,公共管理学院,硕士,2021,就业,合江县财政局,1
社会科学学部,公共管理学院,硕士,2021,就业,中共大竹县委党校,1
社会科学学部,公共管理学院,硕士,2021,就业,四川省广安市华蓥市农业局,1
社会科学学部,公共管理学院,硕士,2021,就业,邻水县教育科技体育局,1
社会科学学部,公共管理学院,硕士,2021,就业,贵州省安顺市镇宁县六马镇政府,1
社会科学学部,公共管理学院,硕士,2021,选调生,中共泸州市委组织部,1
社会科学学部,公共管理学院,硕士,2021,就业,重庆智识新经济管理咨询有限公司,1
社会科学学部,公共管理学院,硕士,2021,就业,垫江县发展和改革委员会,1
社会科学学部,公共管理学院,硕士,2021,升学,中山大学,1
社会科学学部,公共管理学院,硕士,2021,就业,成都市金牛区人力资源和社会保障局,1
社会科学学部,公共管理学院,硕士,2021,就业,贵州省机场集团有限公司,1
社会科学学部,公共管理学院,硕士,2021,选调生,山西省生态环境厅,1
社会科学学部,公共管理学院,硕士,2021,就业,长安汽车金融有限公司,1
社会科学学部,公共管理学院,硕士,2021,就业,武侯区投资服务中心,1
社会科学学部,公共管理学院,硕士,2021,就业,唯品会(中国)有限公司,1
社会科学学部,公共管理学院,硕士,2021,就业,中国农业发展银行重庆市分行,1
社会科学学部,公共管理学院,硕士,2021,选调生,中共南充市委组织部,1
社会科学学部,公共管理学院,硕士,2021,就业,中量工程咨询有限公司,1
社会科学学部,公共管理学院,硕士,2021,就业,重庆赛迪工程咨询有限公司,1
社会科学学部,公共管理学院,硕士,2021,选调生,中共贵阳市委组织部,1
社会科学学部,公共管理学院,硕士,2021,就业,中国建筑第七工程局有限公司,1
社会科学学部,公共管理学院,硕士,2021,选调生,中共陕西省委组织部,1
社会科学学部,公共管理学院,硕士,2021,就业,重庆汇庭房地产开发有限公司,1
社会科学学部,公共管理学院,硕士,2021,就业,珠海市慢性病防治中心,1
社会科学学部,公共管理学院,硕士,2021,就业,上海市质协用户评价中心,1
社会科学学部,公共管理学院,硕士,2021,就业,重庆三峡职业学院,1
社会科学学部,公共管理学院,硕士,2021,就业,nan,1
社会科学学部,公共管理学院,硕士,2021,就业,成都四方伟业软件股份有限公司,1
社会科学学部,公共管理学院,硕士,2021,就业,重庆市冬青社会工作服务中心,1
社会科学学部,公共管理学院,硕士,2021,就业,泸州老窖股份有限公司,1
社会科学学部,公共管理学院,硕士,2021,就业,简阳市水务投资发展有限公司,1
社会科学学部,公共管理学院,硕士,2021,选调生,中国共产党内江市委员会组织部(待分配),1
社会科学学部,公共管理学院,硕士,2021,就业,西南财经大学天府学院,1
社会科学学部,公共管理学院,硕士,2021,选调生,中国共产党达州市委组织部,1
社会科学学部,公共管理学院,硕士,2021,就业,奉节县总工会,1
社会科学学部,公共管理学院,硕士,2021,选调生,中共兰州市委组织部,1
社会科学学部,公共管理学院,硕士,2021,就业,广州山水比德设计股份有限公司,1
社会科学学部,公共管理学院,硕士,2021,升学,华中科技大学,1
社会科学学部,公共管理学院,硕士,2021,就业,四川五粮液文化旅游开发有限公司,1
社会科学学部,公共管理学院,硕士,2021,就业,重庆菲斯克人力资源管理有限公司,1
社会科学学部,公共管理学院,硕士,2021,就业,深圳农村商业银行股份有限公司,1
社会科学学部,公共管理学院,硕士,2021,就业,江西省水利投资集团有限公司,1
社会科学学部,公共管理学院,硕士,2021,选调生,中共成都市委组织部,1
社会科学学部,公共管理学院,硕士,2021,就业,内蒙古蒙牛乳业(集团)股份有限公司北京科技分公司,1
社会科学学部,公共管理学院,硕士,2021,就业,重庆市渝北区人民医院,1
社会科学学部,公共管理学院,博士,2021,就业,重庆工商大学,6
社会科学学部,公共管理学院,博士,2021,选调生,中共重庆市委组织部,1
社会科学学部,公共管理学院,博士,2021,就业,西南大学,1
社会科学学部,公共管理学院,博士,2021,选调生,中共乐山市委组织部,1
社会科学学部,公共管理学院,博士,2021,就业,浙江省发展规划研究院,1
社会科学学部,公共管理学院,博士,2021,就业,华东师范大学,1
社会科学学部,公共管理学院,博士,2021,就业,云南师范大学,1
社会科学学部,公共管理学院,博士,2021,就业,四川外国语大学,1
社会科学学部,公共管理学院,本科,2022,升学,重庆大学,39
社会科学学部,公共管理学院,本科,2022,升学,西安交通大学,3
社会科学学部,公共管理学院,本科,2022,升学,中山大学,3
社会科学学部,公共管理学院,本科,2022,升学,中南大学,2
社会科学学部,公共管理学院,本科,2022,升学,厦门大学,2
社会科学学部,公共管理学院,本科,2022,升学,华中科技大学,2
社会科学学部,公共管理学院,本科,2022,选调生,中共德阳市委组织部,2
社会科学学部,公共管理学院,本科,2022,升学,四川大学,2
社会科学学部,公共管理学院,本科,2022,就业,中国农业银行股份有限公司西藏自治区分行,2
社会科学学部,公共管理学院,本科,2022,出国(境)留学或工作,香港中文大学,2
社会科学学部,公共管理学院,本科,2022,选调生,中共陕西省委组织部,2
社会科学学部,公共管理学院,本科,2022,就业,中建七局国际工程建设有限公司,2
社会科学学部,公共管理学院,本科,2022,升学,湖南大学,1
社会科学学部,公共管理学院,本科,2022,选调生,中共黔东南州委组织部(黔东南州公务员局),1
社会科学学部,公共管理学院,本科,2022,就业,三一重能股份有限公司,1
社会科学学部,公共管理学院,本科,2022,升学,西南财经大学,1
社会科学学部,公共管理学院,本科,2022,升学,北京工业大学,1
社会科学学部,公共管理学院,本科,2022,就业,国家税务总局罗平县税务局,1
社会科学学部,公共管理学院,本科,2022,升学,暨南大学,1
社会科学学部,公共管理学院,本科,2022,出国(境)留学或工作,谢菲尔德大学,1
社会科学学部,公共管理学院,本科,2022,出国(境)留学或工作,密歇根大学,1
社会科学学部,公共管理学院,本科,2022,选调生,中国共产党成都市委员会组织部,1
社会科学学部,公共管理学院,本科,2022,升学,中国地质大学(武汉),1
社会科学学部,公共管理学院,本科,2022,选调生,深圳市罗湖区翠竹街道办事处,1
社会科学学部,公共管理学院,本科,2022,升学,成都理工大学,1
社会科学学部,公共管理学院,本科,2022,出国(境)留学或工作,华威大学,1
社会科学学部,公共管理学院,本科,2022,就业,新华人寿保险股份有限公司深圳分公司,1
社会科学学部,公共管理学院,本科,2022,就业,重庆云仓跨境物流有限公司,1
社会科学学部,公共管理学院,本科,2022,就业,天津滨海农村商业银行股份有限公司,1
社会科学学部,公共管理学院,本科,2022,就业,科大讯飞股份有限公司,1
社会科学学部,公共管理学院,本科,2022,出国(境)留学或工作,澳门大学,1
社会科学学部,公共管理学院,本科,2022,就业,中建铁路投资建设集团有限公司,1
社会科学学部,公共管理学院,本科,2022,就业,重庆市秀山县纪委,1
社会科学学部,公共管理学院,本科,2022,选调生,新疆维吾尔自治区交通运输厅,1
社会科学学部,公共管理学院,本科,2022,就业,中国电信股份有限公司上海分公司,1
社会科学学部,公共管理学院,本科,2022,升学,商务部国际贸易经济合作研究院,1
社会科学学部,公共管理学院,本科,2022,就业,南昌帕羽科技有限公司,1
社会科学学部,公共管理学院,本科,2022,升学,北京体育大学,1
社会科学学部,公共管理学院,本科,2022,就业,桂林银行股份有限公司,1
社会科学学部,公共管理学院,本科,2022,就业,重庆外企德科人力资源服务有限公司,1
社会科学学部,公共管理学院,本科,2022,升学,武汉大学,1
社会科学学部,公共管理学院,本科,2022,选调生,永德县人民政府办公室,1
社会科学学部,公共管理学院,本科,2022,出国(境)留学或工作,佛罗里达大学,1
社会科学学部,公共管理学院,本科,2022,就业,比亚迪股份有限公司,1
社会科学学部,公共管理学院,本科,2022,升学,上海财经大学,1
社会科学学部,公共管理学院,本科,2022,就业,重庆三峡银行股份有限公司,1
社会科学学部,公共管理学院,本科,2022,选调生,中共凉山彝族自治州委组织部,1
社会科学学部,公共管理学院,本科,2022,出国(境)留学或工作,香港城市大学,1
社会科学学部,公共管理学院,本科,2022,升学,西北大学,1
社会科学学部,公共管理学院,本科,2022,就业,上海浦东发展银行股份有限公司徐州分行,1
社会科学学部,公共管理学院,本科,2022,就业,中建一局集团建设发展有限公司广州分公司,1
社会科学学部,公共管理学院,本科,2022,就业,贵州珍酒销售有限公司,1
社会科学学部,公共管理学院,本科,2022,就业,鞍钢绿色资源科技有限公司,1
社会科学学部,公共管理学院,本科,2022,升学,大连理工大学,1
社会科学学部,公共管理学院,本科,2022,就业,nan,1
社会科学学部,公共管理学院,本科,2022,就业,广东省信息技术应用研究所,1
社会科学学部,公共管理学院,本科,2022,志愿服务西部计划,柯坪县乡村振兴局,1
社会科学学部,公共管理学院,本科,2022,升学,新疆大学,1
社会科学学部,公共管理学院,本科,2022,就业,喀什地区警官培训中心,1
社会科学学部,公共管理学院,本科,2022,就业,超聚变数字技术有限公司,1
社会科学学部,公共管理学院,本科,2022,就业,中华人民共和国外交部,1
社会科学学部,公共管理学院,本科,2022,升学,南开大学,1
社会科学学部,公共管理学院,本科,2022,就业,中建西部建设西南有限公司,1
社会科学学部,公共管理学院,本科,2022,选调生,广西壮族自治区党委组织部干部规划办,1
社会科学学部,公共管理学院,本科,2022,就业,福建安踏物流信息科技有限公司,1
社会科学学部,公共管理学院,本科,2022,就业,四川爱德中创建设工程有限公司,1
社会科学学部,公共管理学院,本科,2022,就业,中建一局华江建设有限公司,1
社会科学学部,公共管理学院,本科,2022,选调生,中共新和县委组织部,1
社会科学学部,公共管理学院,本科,2022,选调生,中国共产党毕节市委员会组织部,1
社会科学学部,公共管理学院,本科,2022,就业,立信会计师事务所(特殊普通合伙)深圳分所,1
社会科学学部,公共管理学院,本科,2022,就业,中建八局轨道交通建设有限公司,1
社会科学学部,公共管理学院,本科,2022,就业,招商银行股份有限公司重庆分行,1
社会科学学部,公共管理学院,本科,2022,升学,复旦大学,1
社会科学学部,公共管理学院,本科,2022,就业,成都盛誉达电子产品有限公司,1
社会科学学部,公共管理学院,本科,2022,就业,广州燃气集团有限公司,1
社会科学学部,公共管理学院,本科,2022,就业,东风柳州汽车有限公司,1
社会科学学部,公共管理学院,本科,2022,就业,中广核工程有限公司,1
社会科学学部,公共管理学院,本科,2022,就业,长安福特汽车有限公司,1
社会科学学部,公共管理学院,本科,2022,就业,招商局地产(南京)有限公司,1
社会科学学部,公共管理学院,本科,2022,升学,北京师范大学,1
社会科学学部,公共管理学院,本科,2022,就业,广西柳工机械股份有限公司,1
社会科学学部,公共管理学院,本科,2022,升学,哈尔滨工业大学(深圳),1
社会科学学部,公共管理学院,本科,2022,就业,中国葛洲坝集团易普力股份有限公司,1
社会科学学部,公共管理学院,本科,2022,就业,中国建设银行股份有限公司西藏自治区分行,1
社会科学学部,公共管理学院,硕士,2022,就业,重庆大学,6
社会科学学部,公共管理学院,硕士,2022,就业,浙江华友钴业股份有限公司,3
社会科学学部,公共管理学院,硕士,2022,就业,重庆机场集团有限公司,2
社会科学学部,公共管理学院,硕士,2022,就业,重庆空港航空地面服务有限公司,2
社会科学学部,公共管理学院,硕士,2022,就业,重庆市涪陵区人民政府江北街道办事处,2
社会科学学部,公共管理学院,硕士,2022,选调生,中国共产党重庆市委员会组织部,2
社会科学学部,公共管理学院,硕士,2022,就业,重庆长安民生物流股份有限公司,2
社会科学学部,公共管理学院,硕士,2022,就业,重庆市老干部活动中心,2
社会科学学部,公共管理学院,硕士,2022,就业,重庆两江新区国库集中支付中心,2
社会科学学部,公共管理学院,硕士,2022,就业,国家税务总局泸州市龙马潭区税务局,2
社会科学学部,公共管理学院,硕士,2022,就业,重庆长安新能源汽车科技有限公司,2
社会科学学部,公共管理学院,硕士,2022,就业,浙江省海港投资运营集团有限公司,1
社会科学学部,公共管理学院,硕士,2022,就业,重庆市渝北区财政局,1
社会科学学部,公共管理学院,硕士,2022,就业,中国国际货运航空有限公司重庆货站,1
社会科学学部,公共管理学院,硕士,2022,就业,重庆市渝北区民政局,1
社会科学学部,公共管理学院,硕士,2022,就业,北碚区公共保障住房管理中心,1
社会科学学部,公共管理学院,硕士,2022,就业,中垦融资租赁股份有限公司,1
社会科学学部,公共管理学院,硕士,2022,就业,重庆铂胜通风设备有限公司,1
社会科学学部,公共管理学院,硕士,2022,就业,重庆酒宜实业有限公司,1
社会科学学部,公共管理学院,硕士,2022,就业,中共广安市广安区委办公室,1
社会科学学部,公共管理学院,硕士,2022,就业,重庆市渝北区水利局,1
社会科学学部,公共管理学院,硕士,2022,就业,重庆富民银行股份有限公司,1
社会科学学部,公共管理学院,硕士,2022,就业,重庆市鑫安捷电梯有限公司,1
社会科学学部,公共管理学院,硕士,2022,就业,重庆长江船东互助服务有限公司,1
社会科学学部,公共管理学院,硕士,2022,就业,重庆两江新区建设管理事务中心,1
社会科学学部,公共管理学院,硕士,2022,就业,中国共产党重庆市沙坪坝区委员会党史研究室,1
社会科学学部,公共管理学院,硕士,2022,就业,重庆工业设备安装集团有限公司,1
社会科学学部,公共管理学院,硕士,2022,就业,重庆海关所属两路寸滩海关,1
社会科学学部,公共管理学院,硕士,2022,就业,武胜县人力资源和社会保障局,1
社会科学学部,公共管理学院,硕士,2022,就业,重庆市南川区气象局,1
社会科学学部,公共管理学院,硕士,2022,就业,重庆市江津区永兴镇人民政府,1
社会科学学部,公共管理学院,硕士,2022,就业,重庆天然气管道有限公司,1
社会科学学部,公共管理学院,硕士,2022,就业,重庆燃气集团股份有限公司沙坪坝分公司,1
社会科学学部,公共管理学院,硕士,2022,就业,重庆市聋哑学校,1
社会科学学部,公共管理学院,硕士,2022,就业,重庆市公安局警令部,1
社会科学学部,公共管理学院,硕士,2022,就业,重庆市渝北区人民政府办公室,1
社会科学学部,公共管理学院,硕士,2022,就业,万科(重庆)房地产有限公司,1
社会科学学部,公共管理学院,硕士,2022,就业,中国银河证券股份有限公司重庆民族路证券营业部,1
社会科学学部,公共管理学院,硕士,2022,就业,重庆乾汇工贸有限公司,1
社会科学学部,公共管理学院,硕士,2022,就业,东兆长泰科技发展有限公司,1
社会科学学部,公共管理学院,硕士,2022,就业,重庆钢铁集团建设工程有限公司,1
社会科学学部,公共管理学院,硕士,2022,就业,重庆市綦江区人民代表大会常务委员会,1
社会科学学部,公共管理学院,硕士,2022,就业,重庆市九龙坡区农业委员会,1
社会科学学部,公共管理学院,硕士,2022,就业,湖北特种设备检验检测研究院恩施分院,1
社会科学学部,公共管理学院,硕士,2022,就业,中国烟草总公司重庆市公司江津分公司,1
社会科学学部,公共管理学院,硕士,2022,就业,重庆市渝中区建设和交通委员会,1
社会科学学部,公共管理学院,硕士,2022,就业,重庆市忠县社会保险局,1
社会科学学部,公共管理学院,硕士,2022,就业,忠县发展和改革委员会,1
社会科学学部,公共管理学院,硕士,2022,就业,忠县社会保险局,1
社会科学学部,公共管理学院,硕士,2022,就业,重庆市永川监狱,1
社会科学学部,公共管理学院,硕士,2022,就业,重庆长安汽车股份有限公司,1
社会科学学部,公共管理学院,硕士,2022,就业,重庆市地方税务局重点税源管理局,1
社会科学学部,公共管理学院,硕士,2022,就业,中国共产党重庆市委员会党校,1
社会科学学部,公共管理学院,硕士,2022,就业,重庆市大足区教育委员会,1
社会科学学部,公共管理学院,硕士,2022,就业,海南军海建设有限公司陕西分公司重庆办事处,1
社会科学学部,公共管理学院,硕士,2022,就业,中共重庆市渝北区委宣传部,1
社会科学学部,公共管理学院,硕士,2022,就业,重庆天地久安企业管理咨询有限公司,1
社会科学学部,公共管理学院,硕士,2022,就业,中国共产主义青年团重庆市委员会,1
社会科学学部,公共管理学院,硕士,2022,就业,重庆两江新区管理委员会,1
社会科学学部,公共管理学院,硕士,2022,就业,重庆市江津区城市管理综合执法支队慈云大队,1
社会科学学部,公共管理学院,硕士,2022,就业,重庆市江津区招商局,1
社会科学学部,公共管理学院,硕士,2022,就业,重庆市璧山区人民政府大路街道办事处,1
社会科学学部,公共管理学院,硕士,2022,就业,中国邮政储蓄银行股份有限公司重庆分行直属支行,1
社会科学学部,公共管理学院,硕士,2022,就业,重庆市南川区信访办,1
社会科学学部,公共管理学院,硕士,2022,就业,重庆巧思体育文化传播有限公司,1
社会科学学部,公共管理学院,硕士,2022,就业,重庆市武隆县扶贫开发办公室,1
社会科学学部,公共管理学院,硕士,2022,就业,国网重庆市电力公司垫江县供电分公司,1
社会科学学部,公共管理学院,硕士,2022,就业,国网重庆市电力公司物资分公司,1
社会科学学部,公共管理学院,硕士,2022,就业,重庆市渝中区国税局,1
社会科学学部,公共管理学院,硕士,2022,就业,重庆大学医院,1
社会科学学部,公共管理学院,硕士,2022,就业,中国兵器工业第五九研究所,1
社会科学学部,公共管理学院,硕士,2022,就业,重庆市第三中级人民法院,1
社会科学学部,公共管理学院,硕士,2022,就业,泸州市龙马潭区食品药品监督管理局,1
社会科学学部,公共管理学院,硕士,2022,就业,宜宾南溪农村商业银行股份有限公司,1
社会科学学部,公共管理学院,硕士,2022,就业,中国白酒金三角酒业园区管委会,1
社会科学学部,公共管理学院,硕士,2022,就业,四川省广安市邻水县坛同镇人民政府,1
社会科学学部,公共管理学院,硕士,2022,就业,陇南市人民政府办公室,1
社会科学学部,公共管理学院,硕士,2022,出国(境)留学或工作,埃克塞特大学,1
社会科学学部,公共管理学院,硕士,2022,选调生,中共南昌市委组织部,1
社会科学学部,公共管理学院,硕士,2022,升学,上海交通大学,1
社会科学学部,公共管理学院,硕士,2022,就业,江西铜业股份有限公司,1
社会科学学部,公共管理学院,硕士,2022,就业,杭州海康威视数字技术股份有限公司,1
社会科学学部,公共管理学院,硕士,2022,就业,上海小鹏汽车科技有限公司,1
社会科学学部,公共管理学院,硕士,2022,就业,武汉地铁集团有限公司,1
社会科学学部,公共管理学院,硕士,2022,升学,中山大学,1
社会科学学部,公共管理学院,硕士,2022,就业,广西幼儿师范高等专科学校,1
社会科学学部,公共管理学院,硕士,2022,就业,上海外高桥造船有限公司,1
社会科学学部,公共管理学院,硕士,2022,就业,重庆燃气集团股份有限公司,1
社会科学学部,公共管理学院,硕士,2022,就业,中建三局绿色产业投资有限公司,1
社会科学学部,公共管理学院,硕士,2022,选调生,中共乐山市委组织部,1
社会科学学部,公共管理学院,硕士,2022,就业,重庆环境科学研究院,1
社会科学学部,公共管理学院,硕士,2022,就业,重庆医科大学,1
社会科学学部,公共管理学院,硕士,2022,就业,西安精密机械研究所昆明分部,1
社会科学学部,公共管理学院,硕士,2022,选调生,中共云南省昆明市五华区委组织部,1
社会科学学部,公共管理学院,硕士,2022,就业,中建桥梁有限公司,1
社会科学学部,公共管理学院,硕士,2022,就业,北京市朝阳区人民政府东湖街道办事处,1
社会科学学部,公共管理学院,硕士,2022,就业,江苏徐矿能源股份有限公司煤炭运销分公司,1
社会科学学部,公共管理学院,硕士,2022,就业,浙江省机场集团有限公司,1
社会科学学部,公共管理学院,硕士,2022,就业,江苏先声药业有限公司,1
社会科学学部,公共管理学院,硕士,2022,就业,福建南孚市场营销有限公司,1
社会科学学部,公共管理学院,硕士,2022,就业,珠海珠江帝景投资有限公司,1
社会科学学部,公共管理学院,硕士,2022,选调生,中共重庆市委组织部,1
社会科学学部,公共管理学院,硕士,2022,选调生,中共石柱土家族自治县委组织部,1
社会科学学部,公共管理学院,硕士,2022,就业,重庆市江津区中心医院,1
社会科学学部,公共管理学院,硕士,2022,就业,重庆移通学院,1
社会科学学部,公共管理学院,硕士,2022,就业,中国葛洲坝集团易普力股份有限公司,1
社会科学学部,公共管理学院,硕士,2022,就业,中国核动力研究设计院,1
社会科学学部,公共管理学院,硕士,2022,选调生,中共兰州市委组织部,1
社会科学学部,公共管理学院,硕士,2022,选调生,中共重庆市云阳县委组织部,1
社会科学学部,公共管理学院,硕士,2022,就业,中铁建重庆投资集团有限公司,1
社会科学学部,公共管理学院,硕士,2022,就业,中国汽车工程研究院股份有限公司,1
社会科学学部,公共管理学院,硕士,2022,就业,广东美的制冷设备有限公司,1
社会科学学部,公共管理学院,硕士,2022,就业,凯龙高科技股份有限公司,1
社会科学学部,公共管理学院,硕士,2022,就业,云阳县青龙街道办事处,1
社会科学学部,公共管理学院,硕士,2022,就业,重庆勤鹿工程技术咨询有限公司,1
社会科学学部,公共管理学院,硕士,2022,就业,中央储备粮阿拉善直属库有限公司,1
社会科学学部,公共管理学院,硕士,2022,就业,中国建设银行股份有限公司重庆市分行,1
社会科学学部,公共管理学院,硕士,2022,就业,宜宾发展控股集团有限公司,1
社会科学学部,公共管理学院,硕士,2022,就业,涪陵区崇义街道办事处(公务员),1
社会科学学部,公共管理学院,硕士,2022,就业,中航西安飞机工业集团股份有限公司,1
社会科学学部,公共管理学院,硕士,2022,就业,北森云计算有限公司北京分公司,1
社会科学学部,公共管理学院,硕士,2022,就业,重庆藤门教育科技有限公司,1
社会科学学部,公共管理学院,硕士,2022,就业,重庆市商务委员会,1
社会科学学部,公共管理学院,硕士,2022,就业,重庆市黔江区委组织部,1
社会科学学部,公共管理学院,硕士,2022,就业,重庆市江北区观音桥商圈管理办公室,1
社会科学学部,公共管理学院,硕士,2022,就业,重庆出版集团有限公司,1
社会科学学部,公共管理学院,硕士,2022,就业,秀山土家族苗族自治县卫生健康委员会,1
社会科学学部,公共管理学院,硕士,2022,就业,重庆市急救医疗中心,1
社会科学学部,公共管理学院,硕士,2022,就业,重庆市教育委员会,1
社会科学学部,公共管理学院,硕士,2022,就业,重庆市人才交流服务中心,1
社会科学学部,公共管理学院,硕士,2022,就业,两江新区国库集中支付中心,1
社会科学学部,公共管理学院,硕士,2022,就业,中国人民解放军陆军军医大学第二附属医院,1
社会科学学部,公共管理学院,硕士,2022,就业,阿斯利康制药有限公司,1
社会科学学部,公共管理学院,硕士,2022,就业,重庆市自来水有限公司渝中区水厂,1
社会科学学部,公共管理学院,硕士,2022,就业,重庆中远海运物流有限公司,1
社会科学学部,公共管理学院,硕士,2022,就业,重庆市沙坪坝区退役军人事务局,1
社会科学学部,公共管理学院,硕士,2022,就业,重庆市交通行政执法总队高速公路第五支队三大队,1
社会科学学部,公共管理学院,硕士,2022,就业,中国民主同盟重庆市委员会,1
社会科学学部,公共管理学院,硕士,2022,就业,重庆市荣昌区观胜镇人民政府,1
社会科学学部,公共管理学院,硕士,2022,就业,重庆市永川区三教镇人民政府,1
社会科学学部,公共管理学院,硕士,2022,就业,重庆医科大学附属永川医院,1
社会科学学部,公共管理学院,硕士,2022,就业,重庆中国三峡博物馆,1
社会科学学部,公共管理学院,硕士,2022,就业,重庆市沙坪坝区人民政府办公室,1
社会科学学部,公共管理学院,硕士,2022,就业,重庆市北碚区市场监督管理局,1
社会科学学部,公共管理学院,硕士,2022,就业,重庆昆布装饰工程有限公司,1
社会科学学部,公共管理学院,硕士,2022,就业,重庆市大足区万古镇人民政府,1
社会科学学部,公共管理学院,硕士,2022,就业,重庆市九龙坡区人民政府办公室,1
社会科学学部,公共管理学院,硕士,2022,就业,重庆兴农融资担保集团有限公司,1
社会科学学部,公共管理学院,硕士,2022,就业,共青团重庆市委办公室,1
社会科学学部,公共管理学院,硕士,2022,就业,重庆两江新区城市管理综合执法支队,1
社会科学学部,公共管理学院,硕士,2022,就业,国家税务总局重庆市渝中区税务局,1
社会科学学部,公共管理学院,硕士,2022,就业,中共重庆市委网络安全和信息化委员会办公室,1
社会科学学部,公共管理学院,硕士,2022,就业,重庆长寿经济技术开发区开发投资集团有限公司,1
社会科学学部,公共管理学院,硕士,2022,就业,重庆商务职业学院,1
社会科学学部,公共管理学院,硕士,2022,就业,中国证券监督管理委员会重庆监管局,1
社会科学学部,公共管理学院,硕士,2022,就业,国家电投集团重庆狮子滩发电有限公司,1
社会科学学部,公共管理学院,硕士,2022,就业,重庆市大渡口区发展和改革委员会,1
社会科学学部,公共管理学院,硕士,2022,就业,中共重庆市大渡口区纪律检查委员会,1
社会科学学部,公共管理学院,硕士,2022,就业,重庆必然传媒股份有限公司,1
社会科学学部,公共管理学院,硕士,2022,就业,四川省乐至县天池镇人民政府,1
社会科学学部,公共管理学院,硕士,2022,就业,重庆市长寿区发展和改革委员会,1
社会科学学部,公共管理学院,硕士,2022,就业,重庆市丰都县仙女湖镇人民政府,1
社会科学学部,公共管理学院,硕士,2022,就业,重庆市璧山区财政局,1
社会科学学部,公共管理学院,硕士,2022,就业,重庆市渝中区发展和改革委员会,1
社会科学学部,公共管理学院,硕士,2022,就业,国家税务总局重庆市璧山区税务局,1
社会科学学部,公共管理学院,硕士,2022,就业,重庆同丰工程管理咨询有限公司,1
社会科学学部,公共管理学院,硕士,2022,就业,重庆两江新区交通运输管理中心,1
社会科学学部,公共管理学院,硕士,2022,就业,重庆市护士学校,1
社会科学学部,公共管理学院,硕士,2022,就业,重庆市忠县三汇镇人民政府,1
社会科学学部,公共管理学院,硕士,2022,就业,兴业银行股份有限公司重庆分行,1
社会科学学部,公共管理学院,硕士,2022,就业,重庆市大渡口区机关事务管理局,1
社会科学学部,公共管理学院,硕士,2022,就业,重庆市武隆区后坪苗族土家族乡人民政府,1
社会科学学部,公共管理学院,硕士,2022,就业,重庆市渝北区玉峰山镇人民政府,1
社会科学学部,公共管理学院,硕士,2022,就业,重庆市沙坪坝区城市管理综合行政执法支队,1
社会科学学部,公共管理学院,硕士,2022,就业,中共重庆市万州区纪律检查委员会,1
社会科学学部,公共管理学院,硕士,2022,就业,重庆市渝北区玉峰山镇政府,1
社会科学学部,公共管理学院,硕士,2022,就业,重庆市荣昌区河包镇人民政府,1
社会科学学部,公共管理学院,硕士,2022,就业,重庆市送变电工程有限公司,1
社会科学学部,公共管理学院,硕士,2022,就业,共青团重庆市武隆区委,1
社会科学学部,公共管理学院,硕士,2022,就业,重庆市南岸区城市管理综合执法支队,1
社会科学学部,公共管理学院,硕士,2022,就业,西南油气田公司重庆气矿垫江采输气作业区,1
社会科学学部,公共管理学院,硕士,2022,就业,重庆市南川区德隆镇人民政府,1
社会科学学部,公共管理学院,硕士,2022,就业,国家税务总局重庆市江北区税务局,1
社会科学学部,公共管理学院,硕士,2022,就业,中国共产主义青年团重庆市涪陵区委员会,1
社会科学学部,公共管理学院,硕士,2022,就业,国家税务总局重庆市南岸区税务局,1
社会科学学部,公共管理学院,硕士,2022,就业,中国邮政集团公司重庆市丰都县分公司,1
社会科学学部,公共管理学院,硕士,2022,就业,彭水苗族土家族自治县汉葭街道办事处,1
社会科学学部,公共管理学院,硕士,2022,就业,重庆市涪陵区清溪镇人民政府,1
社会科学学部,公共管理学院,硕士,2022,就业,中共重庆市涪陵区委宣传部,1
社会科学学部,公共管理学院,硕士,2022,就业,重庆轻工职业学院,1
社会科学学部,公共管理学院,硕士,2022,就业,泸县云锦镇人民政府,1
社会科学学部,公共管理学院,硕士,2022,就业,泸县云龙镇人民政府,1
社会科学学部,公共管理学院,硕士,2022,就业,中国(四川)自由贸易试验区川南临港片区管理委员会,1
社会科学学部,公共管理学院,硕士,2022,就业,四川省泸州市合江县五通镇人民政府,1
社会科学学部,公共管理学院,硕士,2022,就业,四川省泸州市合江县财政局,1
社会科学学部,公共管理学院,硕士,2022,就业,四川省泸州市泸县综合行政执法局,1
社会科学学部,公共管理学院,硕士,2022,就业,泸县综合行政执法局,1
社会科学学部,公共管理学院,硕士,2022,就业,四川省合江县委组织部,1
社会科学学部,公共管理学院,硕士,2022,就业,四川省自贡市大安区大山铺镇人民政府,1
社会科学学部,公共管理学院,硕士,2022,就业,富顺县城市管理监察大队,1
社会科学学部,公共管理学院,硕士,2022,就业,四川省华蓥市住房和城乡建设局,1
社会科学学部,公共管理学院,硕士,2022,就业,华蓥市市场监督管理局,1
社会科学学部,公共管理学院,硕士,2022,就业,广安市气象局,1
社会科学学部,公共管理学院,硕士,2022,就业,中国农业银行股份有限公司邻水县支行,1
社会科学学部,公共管理学院,硕士,2022,就业,成都农村商业银行股份有限公司达州分行,1
社会科学学部,公共管理学院,硕士,2022,就业,达州市达川区木头乡人民政府,1
社会科学学部,公共管理学院,硕士,2022,就业,四川省广安市华蓥市发展和改革局,1
社会科学学部,公共管理学院,硕士,2022,就业,贵阳市市场监督管理局,1
社会科学学部,公共管理学院,硕士,2022,就业,贵州省广播电视信息网络股份有限公司乌当区分公司,1
社会科学学部,公共管理学院,硕士,2022,就业,中国烟草总公司重庆市公司铜梁分公司,1
社会科学学部,公共管理学院,硕士,2022,就业,重庆市人民政府对外联络办公室,1
社会科学学部,公共管理学院,硕士,2022,就业,重庆市工业学校,1
社会科学学部,公共管理学院,硕士,2022,就业,重庆市财政局,1
社会科学学部,公共管理学院,硕士,2022,就业,中国建设银行股份有限公司重庆沙坪坝支行,1
社会科学学部,公共管理学院,硕士,2022,就业,重庆市黔江区阿蓬江镇人民政府,1
社会科学学部,公共管理学院,硕士,2022,就业,重庆市江津区规划局,1
社会科学学部,公共管理学院,硕士,2022,就业,重庆联合产权交易所集团股份有限公司,1
社会科学学部,公共管理学院,硕士,2022,就业,重庆市九龙坡区房屋管理局,1
社会科学学部,公共管理学院,硕士,2022,就业,重庆市九龙坡区机关事务管理局,1
社会科学学部,公共管理学院,硕士,2022,就业,黔江区人民政府城南街道办事处,1
社会科学学部,公共管理学院,硕士,2022,就业,重庆市万州区行政服务中心管理办公室,1
社会科学学部,公共管理学院,硕士,2022,就业,重庆市物价局,1
社会科学学部,公共管理学院,硕士,2022,就业,重庆市鸣谦物流信息咨询有限公司,1
社会科学学部,公共管理学院,硕士,2022,就业,重庆市长寿区财政局,1
社会科学学部,公共管理学院,硕士,2022,就业,重庆维格智慧科技有限公司,1
社会科学学部,公共管理学院,硕士,2022,就业,重庆市两江新区国家税务局,1
社会科学学部,公共管理学院,硕士,2022,就业,重庆市南川区统计局,1
社会科学学部,公共管理学院,硕士,2022,就业,重庆合伟设计工程有限公司,1
社会科学学部,公共管理学院,硕士,2022,就业,中共重庆市纪委铁山坪管理中心,1
社会科学学部,公共管理学院,硕士,2022,就业,忠县任家镇人民政府,1
社会科学学部,公共管理学院,硕士,2022,就业,重庆市璧山区审计局,1
社会科学学部,公共管理学院,硕士,2022,就业,重庆两江新区教育局,1
社会科学学部,公共管理学院,硕士,2022,就业,重庆市合川区交通行政执法路政支队,1
社会科学学部,公共管理学院,硕士,2022,就业,成都市成华区人民法院,1
社会科学学部,公共管理学院,硕士,2022,就业,四川省合江县地方税务局,1
社会科学学部,公共管理学院,硕士,2022,就业,重庆卓汉文化传播有限公司,1
社会科学学部,公共管理学院,硕士,2022,就业,中国农业银行股份有限公司重庆北碚支行,1
社会科学学部,公共管理学院,硕士,2022,就业,重庆市江津区畜牧兽医局,1
社会科学学部,公共管理学院,硕士,2022,就业,重庆市荣昌区清江镇人民政府,1
社会科学学部,公共管理学院,硕士,2022,就业,重庆市北碚区童家溪镇人民政府,1
社会科学学部,公共管理学院,硕士,2022,就业,北京普斯维斯防腐科技有限公司,1
社会科学学部,公共管理学院,硕士,2022,就业,东莞市委组织部,1
社会科学学部,公共管理学院,硕士,2022,选调生,国家市场监督管理总局,1
社会科学学部,公共管理学院,硕士,2022,就业,中铁开发投资集团有限公司,1
社会科学学部,公共管理学院,硕士,2022,就业,中国人民银行重庆营业管理部,1
社会科学学部,公共管理学院,硕士,2022,就业,农民日报社,1
社会科学学部,公共管理学院,硕士,2022,就业,中国信息通信研究院,1
社会科学学部,公共管理学院,硕士,2022,升学,中国社会科学院大学,1
社会科学学部,公共管理学院,硕士,2022,就业,北京达佳互联信息技术有限公司,1
社会科学学部,公共管理学院,硕士,2022,选调生,中国共产党泸州市委员会组织部,1
社会科学学部,公共管理学院,硕士,2022,就业,中国建设银行股份有限公司四川省分行,1
社会科学学部,公共管理学院,硕士,2022,就业,上海商汤智能科技有限公司,1
社会科学学部,公共管理学院,硕士,2022,就业,东风汽车集团股份有限公司岚图汽车科技分公司,1
社会科学学部,公共管理学院,硕士,2022,就业,重庆建设工业(集团)有限责任公司,1
社会科学学部,公共管理学院,硕士,2022,就业,长沙蔚澜汽车销售有限公司,1
社会科学学部,公共管理学院,硕士,2022,就业,中冶赛迪重庆信息技术有限公司,1
社会科学学部,公共管理学院,硕士,2022,就业,中建八局第三建设有限公司,1
社会科学学部,公共管理学院,硕士,2022,就业,深圳市海目星激光智能装备股份有限公司,1
社会科学学部,公共管理学院,硕士,2022,就业,德勤华永会计师事务所(特殊普通合伙)重庆分所,1
社会科学学部,公共管理学院,硕士,2022,就业,四川省数字经济研究中心,1
社会科学学部,公共管理学院,硕士,2022,就业,国家税务总局许昌市魏都区税务局,1
社会科学学部,公共管理学院,硕士,2022,选调生,中共重庆市酉阳县委组织部,1
社会科学学部,公共管理学院,硕士,2022,选调生,中国共产党宜良县委员会办公室(宜良县国家保密局、宜良县国家密码管理局、宜良县档案局),1
社会科学学部,公共管理学院,硕士,2022,就业,中建一局江苏物业管理有限公司,1
社会科学学部,公共管理学院,硕士,2022,就业,中共泰州市委组织部,1
社会科学学部,公共管理学院,硕士,2022,就业,江西省交通投资集团有限责任公司,1
社会科学学部,公共管理学院,硕士,2022,就业,深圳麦克韦尔科技有限公司,1
社会科学学部,公共管理学院,硕士,2022,就业,成都京东方光电科技有限公司,1
社会科学学部,公共管理学院,硕士,2022,就业,中信证券股份有限公司重庆解放碑证券营业部,1
社会科学学部,公共管理学院,硕士,2022,就业,重庆旅游云信息科技有限公司,1
社会科学学部,公共管理学院,硕士,2022,出国(境)留学或工作,威斯康星大学麦迪逊分校,1
社会科学学部,公共管理学院,硕士,2022,就业,中国烟草总公司重庆市公司,1
社会科学学部,公共管理学院,硕士,2022,选调生,中共成都市委组织部,1
社会科学学部,公共管理学院,硕士,2022,就业,乐山高新区嘉祥外国语学校,1
社会科学学部,公共管理学院,硕士,2022,就业,中电科技集团重庆声光电有限公司,1
社会科学学部,公共管理学院,硕士,2022,选调生,中共贵阳市委组织部,1
社会科学学部,公共管理学院,硕士,2022,选调生,中共南充市委组织部,1
社会科学学部,公共管理学院,硕士,2022,选调生,中国共产党内江市委员会组织部(待分配),1
社会科学学部,公共管理学院,硕士,2022,就业,浙江交工集团股份有限公司,1
社会科学学部,公共管理学院,硕士,2022,选调生,中共雅安市委组织部,1
社会科学学部,公共管理学院,硕士,2022,就业,地平线(上海)人工智能技术有限公司,1
社会科学学部,公共管理学院,硕士,2022,就业,华为技术有限公司,1
社会科学学部,公共管理学院,硕士,2022,就业,顺丰速运集团(上海)速运有限公司,1
社会科学学部,公共管理学院,博士,2022,就业,四川外国语大学,2
社会科学学部,公共管理学院,博士,2022,就业,重庆农村商业银行股份有限公司,1
社会科学学部,公共管理学院,博士,2022,就业,南方电网能源发展研究院有限责任公司,1
社会科学学部,公共管理学院,博士,2022,就业,重庆理工大学,1
社会科学学部,公共管理学院,本科,2023,升学,重庆大学,36
社会科学学部,公共管理学院,本科,2023,出国(境)留学或工作,香港城市大学,3
社会科学学部,公共管理学院,本科,2023,出国(境)留学或工作,香港中文大学,2
社会科学学部,公共管理学院,本科,2023,就业,比亚迪股份有限公司,2
社会科学学部,公共管理学院,本科,2023,升学,中山大学,2
社会科学学部,公共管理学院,本科,2023,选调生,中共黔东南州委组织部(黔东南州公务员局),2
社会科学学部,公共管理学院,本科,2023,就业,中建四局安装工程有限公司,2
社会科学学部,公共管理学院,本科,2023,升学,四川大学,2
社会科学学部,公共管理学院,本科,2023,出国(境)留学或工作,澳门大学,2
社会科学学部,公共管理学院,本科,2023,就业,中国共产党屏边苗族自治县委员会组织部,1
社会科学学部,公共管理学院,本科,2023,就业,安徽省戴峰农业装备科技股份有限公司,1
社会科学学部,公共管理学院,本科,2023,就业,秀山土家族苗族自治县卫生健康委员会,1
社会科学学部,公共管理学院,本科,2023,升学,西安交通大学,1
社会科学学部,公共管理学院,本科,2023,选调生,中国共产党宣威市委员会巡察工作领导小组办公室,1
社会科学学部,公共管理学院,本科,2023,升学,山东大学,1
社会科学学部,公共管理学院,本科,2023,就业,中冶建工集团有限公司,1
社会科学学部,公共管理学院,本科,2023,就业,西藏隆子县日当镇人民政府,1
社会科学学部,公共管理学院,本科,2023,出国(境)留学或工作,澳洲国立大学,1
社会科学学部,公共管理学院,本科,2023,就业,中建八局发展建设有限公司,1
社会科学学部,公共管理学院,本科,2023,选调生,中国共产党泸州市委员会组织部,1
社会科学学部,公共管理学院,本科,2023,就业,中国建设银行股份有限公司西藏自治区分行,1
社会科学学部,公共管理学院,本科,2023,升学,上海交通大学,1
社会科学学部,公共管理学院,本科,2023,就业,中建科工集团有限公司,1
社会科学学部,公共管理学院,本科,2023,升学,中国农业大学烟台研究院,1
社会科学学部,公共管理学院,本科,2023,就业,贵州习酒股份有限公司,1
社会科学学部,公共管理学院,本科,2023,升学,中央财经大学,1
社会科学学部,公共管理学院,本科,2023,就业,新疆阿尔曼食品集团有限责任公司,1
社会科学学部,公共管理学院,本科,2023,选调生,中共贵州省委组织部,1
社会科学学部,公共管理学院,本科,2023,就业,中国农业银行股份有限公司西藏自治区分行,1
社会科学学部,公共管理学院,本科,2023,就业,中铁电气化局集团第一工程有限公司,1
社会科学学部,公共管理学院,本科,2023,就业,广西柳生医工医疗供应链服务有限公司,1
社会科学学部,公共管理学院,本科,2023,升学,华中科技大学,1
社会科学学部,公共管理学院,本科,2023,就业,广州虹科电子科技有限公司成都分公司,1
社会科学学部,公共管理学院,本科,2023,出国(境)留学或工作,哥伦比亚大学,1
社会科学学部,公共管理学院,本科,2023,选调生,中共浦江县委组织部,1
社会科学学部,公共管理学院,本科,2023,就业,重庆市树诚医药有限公司,1
社会科学学部,公共管理学院,本科,2023,就业,中国工商银行股份有限公司湖北省分行,1
社会科学学部,公共管理学院,本科,2023,就业,中国平安财产保险股份有限公司福建分公司,1
社会科学学部,公共管理学院,本科,2023,就业,广州基正管理软件有限公司,1
社会科学学部,公共管理学院,本科,2023,就业,中建桥梁有限公司,1
社会科学学部,公共管理学院,本科,2023,升学,南京大学,1
社会科学学部,公共管理学院,本科,2023,就业,中铝瑞闽股份有限公司,1
社会科学学部,公共管理学院,本科,2023,就业,中国电建集团贵州工程有限公司,1
社会科学学部,公共管理学院,本科,2023,就业,东风汽车集团股份有限公司,1
社会科学学部,公共管理学院,本科,2023,就业,中国邮政储蓄银行股份有限公司西藏自治区分行,1
社会科学学部,公共管理学院,本科,2023,出国(境)留学或工作,南洋理工大学,1
社会科学学部,公共管理学院,本科,2023,选调生,中共黔西南州委组织部,1
社会科学学部,公共管理学院,本科,2023,就业,重庆永坤财务咨询有限公司,1
社会科学学部,公共管理学院,本科,2023,就业,用友网络科技股份有限公司,1
社会科学学部,公共管理学院,本科,2023,出国(境)留学或工作,新加坡国立大学,1
社会科学学部,公共管理学院,本科,2023,就业,天津格美广告有限公司,1
社会科学学部,公共管理学院,本科,2023,升学,中国人民大学,1
社会科学学部,公共管理学院,本科,2023,就业,天津航空机电有限公司,1
社会科学学部,公共管理学院,本科,2023,选调生,中共安顺市委组织部,1
社会科学学部,公共管理学院,本科,2023,升学,北京大学,1
社会科学学部,公共管理学院,本科,2023,出国(境)留学或工作,悉尼大学,1
社会科学学部,公共管理学院,本科,2023,就业,西藏巨龙铜业有限公司,1
社会科学学部,公共管理学院,本科,2023,就业,立信会计师事务所(特殊普通合伙)重庆分所,1
社会科学学部,公共管理学院,本科,2023,就业,河南凤凰泉饮品有限公司,1
社会科学学部,公共管理学院,本科,2023,就业,新疆长城计算机系统有限公司,1
社会科学学部,公共管理学院,本科,2023,升学,商务部国际贸易经济合作研究院,1
社会科学学部,公共管理学院,本科,2023,选调生,中共成都市委组织部,1
社会科学学部,公共管理学院,本科,2023,就业,重庆顺渤物流有限公司,1
社会科学学部,公共管理学院,本科,2023,就业,连云港前沿重工机械有限公司,1
社会科学学部,公共管理学院,本科,2023,升学,苏州大学,1
社会科学学部,公共管理学院,本科,2023,就业,滁州捷泰新能源科技有限公司,1
社会科学学部,公共管理学院,本科,2023,就业,昆明派康环境艺术工程有限公司,1
社会科学学部,公共管理学院,本科,2023,就业,中建一局集团第五建筑有限公司,1
社会科学学部,公共管理学院,本科,2023,升学,中国科学院大学,1
社会科学学部,公共管理学院,本科,2023,就业,招商银行股份有限公司重庆分行,1
社会科学学部,公共管理学院,本科,2023,就业,东风汽车股份有限公司,1
社会科学学部,公共管理学院,本科,2023,选调生,中国共产党达州市委员会组织部,1
社会科学学部,公共管理学院,本科,2023,出国(境)留学或工作,香港科技大学,1
社会科学学部,公共管理学院,本科,2023,升学,浙江大学,1
社会科学学部,公共管理学院,本科,2023,就业,贵州航天电器股份有限公司,1
社会科学学部,公共管理学院,本科,2023,就业,中国水利水电第七工程局有限公司,1
社会科学学部,公共管理学院,本科,2023,就业,招商银行股份有限公司东莞分行,1
社会科学学部,公共管理学院,本科,2023,就业,绵阳市坤宁科技有限公司,1
社会科学学部,公共管理学院,本科,2023,就业,陕西省烟草公司汉中市烟草专卖局,1
社会科学学部,公共管理学院,本科,2023,就业,河南智锐科技有限公司,1
社会科学学部,公共管理学院,本科,2023,就业,高盈科技有限公司,1
社会科学学部,公共管理学院,本科,2023,出国(境)留学或工作,拉夫堡大学,1
社会科学学部,公共管理学院,本科,2023,就业,重庆邢天营销策划有限公司,1
社会科学学部,公共管理学院,本科,2023,升学,南开大学,1
社会科学学部,公共管理学院,本科,2023,就业,浪潮集团有限公司,1
社会科学学部,公共管理学院,本科,2023,出国(境)留学或工作,香港大学,1
社会科学学部,公共管理学院,本科,2023,就业,山东安特生物技术有限公司,1
社会科学学部,公共管理学院,本科,2023,就业,中建三局集团有限公司上海分公司,1
社会科学学部,公共管理学院,本科,2023,就业,北京小米移动软件有限公司,1
社会科学学部,公共管理学院,本科,2023,就业,北京达佳互联信息技术有限公司杭州分公司,1
社会科学学部,公共管理学院,本科,2023,志愿服务西部计划,北京立德未来助学公益基金会,1
社会科学学部,公共管理学院,本科,2023,选调生,云南省供销合作社联合社,1
社会科学学部,公共管理学院,本科,2023,就业,青岛海尔人力资源开发有限公司,1
社会科学学部,公共管理学院,本科,2023,就业,中国共产党防城港市港口区委员会组织部,1
社会科学学部,公共管理学院,本科,2023,就业,国家税务总局重庆市沙坪坝区税务局,1
社会科学学部,公共管理学院,本科,2023,就业,深圳金信诺高新技术股份有限公司,1
社会科学学部,公共管理学院,本科,2023,就业,郑州市中原区建启家纺店,1
社会科学学部,公共管理学院,本科,2023,就业,上海农村商业银行股份有限公司,1
社会科学学部,公共管理学院,本科,2023,选调生,中国共产党重庆市委员会组织部,1
社会科学学部,公共管理学院,硕士,2023,升学,重庆大学,5
社会科学学部,公共管理学院,硕士,2023,选调生,中共重庆市委组织部,4
社会科学学部,公共管理学院,硕士,2023,就业,比亚迪股份有限公司,3
社会科学学部,公共管理学院,硕士,2023,就业,中建桥梁有限公司,3
社会科学学部,公共管理学院,硕士,2023,就业,重庆市江北区市场监督管理局,2
社会科学学部,公共管理学院,硕士,2023,就业,重庆长安汽车股份有限公司,2
社会科学学部,公共管理学院,硕士,2023,选调生,中共遵义市委组织部,2
社会科学学部,公共管理学院,硕士,2023,就业,重庆江津综合保税区开发建设有限公司,2
社会科学学部,公共管理学院,硕士,2023,就业,重庆城市科技学院,2
社会科学学部,公共管理学院,硕士,2023,就业,重庆长安新能源汽车科技有限公司,2
社会科学学部,公共管理学院,硕士,2023,选调生,中国共产党内江市委员会组织部,2
社会科学学部,公共管理学院,硕士,2023,就业,重庆市巴南区接龙镇人民政府,1
社会科学学部,公共管理学院,硕士,2023,就业,中国邮政储蓄银行股份有限公司重庆江津区支行,1
社会科学学部,公共管理学院,硕士,2023,就业,重庆市红十字会医院(江北区人民医院),1
社会科学学部,公共管理学院,硕士,2023,就业,瑞安市吾悦房地产开发有限公司,1
社会科学学部,公共管理学院,硕士,2023,就业,重庆市公安局警卫局,1
社会科学学部,公共管理学院,硕士,2023,就业,重庆市南开中学校,1
社会科学学部,公共管理学院,硕士,2023,就业,重庆市工商行政管理局涪陵区分局,1
社会科学学部,公共管理学院,硕士,2023,就业,深圳汇德信金融服务有限公司,1
社会科学学部,公共管理学院,硕士,2023,就业,泸州市地方税务局,1
社会科学学部,公共管理学院,硕士,2023,就业,广安市公安局前锋区分局,1
社会科学学部,公共管理学院,硕士,2023,就业,古蔺县红十字会,1
社会科学学部,公共管理学院,硕士,2023,就业,四川省广安市华蓥市国土资源局,1
社会科学学部,公共管理学院,硕士,2023,升学,中山大学,1
社会科学学部,公共管理学院,硕士,2023,选调生,中国共产党巫山县委员会组织部,1
社会科学学部,公共管理学院,硕士,2023,就业,重庆公共运输职业学院,1
社会科学学部,公共管理学院,硕士,2023,就业,重庆前卫科技集团有限公司,1
社会科学学部,公共管理学院,硕士,2023,就业,重庆市长寿老年大学,1
社会科学学部,公共管理学院,硕士,2023,就业,中国人民武装警察部队水电第八支队,1
社会科学学部,公共管理学院,硕士,2023,就业,国家税务总局重庆市税务局第三税务分局,1
社会科学学部,公共管理学院,硕士,2023,就业,重庆市人民政府外事办公室,1
社会科学学部,公共管理学院,硕士,2023,就业,重庆市长寿区晏家街道办事处,1
社会科学学部,公共管理学院,硕士,2023,就业,重庆市九龙坡区人民政府黄桷坪街道办事处,1
社会科学学部,公共管理学院,硕士,2023,就业,重庆市沙坪坝区凤凰镇人民政府,1
社会科学学部,公共管理学院,硕士,2023,就业,重庆市国家保密局,1
社会科学学部,公共管理学院,硕士,2023,就业,重庆市长寿区市场监督管理局,1
社会科学学部,公共管理学院,硕士,2023,就业,重庆市梁平区人民检察院,1
社会科学学部,公共管理学院,硕士,2023,就业,石柱土家族自治县文化和旅游发展委员会,1
社会科学学部,公共管理学院,硕士,2023,就业,中华人民共和国重庆海事局,1
社会科学学部,公共管理学院,硕士,2023,就业,中共重庆市渝中区委办公室,1
社会科学学部,公共管理学院,硕士,2023,就业,重庆市巴南区人民政府南泉街道办事处,1
社会科学学部,公共管理学院,硕士,2023,就业,忠县市场监督管理局,1
社会科学学部,公共管理学院,硕士,2023,就业,重庆市江津区德感工业园管理委员会,1
社会科学学部,公共管理学院,硕士,2023,就业,重庆市万州区社会保障服务中心,1
社会科学学部,公共管理学院,硕士,2023,就业,中共重庆市渝中区委巡察工作领导小组办公室,1
社会科学学部,公共管理学院,硕士,2023,就业,国家税务总局重庆市合川区税务局第三税务所,1
社会科学学部,公共管理学院,硕士,2023,就业,重庆市彭水苗族土家族自治县双龙乡人民政府,1
社会科学学部,公共管理学院,硕士,2023,就业,国家税务总局重庆市渝北区税务局,1
社会科学学部,公共管理学院,硕士,2023,就业,重庆市卫生信息中心,1
社会科学学部,公共管理学院,硕士,2023,就业,国网重庆市电力公司璧山供电分公司,1
社会科学学部,公共管理学院,硕士,2023,就业,重庆市渝中区社会保险局,1
社会科学学部,公共管理学院,硕士,2023,就业,泸州临港产业管理有限公司,1
社会科学学部,公共管理学院,硕士,2023,就业,泸县综合行政执法局,1
社会科学学部,公共管理学院,硕士,2023,就业,邻水县黎家乡人民政府,1
社会科学学部,公共管理学院,硕士,2023,就业,邻水县王家镇人民政府,1
社会科学学部,公共管理学院,硕士,2023,就业,北京市对外服务办公室,1
社会科学学部,公共管理学院,硕士,2023,就业,内蒙古电力(集团)有限责任公司,1
社会科学学部,公共管理学院,硕士,2023,就业,安永(中国)企业咨询有限公司北京分公司,1
社会科学学部,公共管理学院,硕士,2023,就业,宁波市轨道交通集团有限公司运营分公司,1
社会科学学部,公共管理学院,硕士,2023,就业,中铁十五局集团第四工程有限公司,1
社会科学学部,公共管理学院,硕士,2023,就业,台山核电合营有限公司,1
社会科学学部,公共管理学院,硕士,2023,选调生,重庆市潼南区委组织部,1
社会科学学部,公共管理学院,硕士,2023,就业,中海实业有限责任公司,1
社会科学学部,公共管理学院,硕士,2023,就业,重庆燃气集团股份有限公司,1
社会科学学部,公共管理学院,硕士,2023,就业,重庆大学储能产教融合创新平台,1
社会科学学部,公共管理学院,硕士,2023,就业,隆基乐叶光伏科技有限公司,1
社会科学学部,公共管理学院,硕士,2023,选调生,澄江市人民政府办公室,1
社会科学学部,公共管理学院,硕士,2023,就业,中国联合网络通信有限公司重庆市分公司,1
社会科学学部,公共管理学院,硕士,2023,就业,中国航发贵州黎阳航空动力有限公司,1
社会科学学部,公共管理学院,硕士,2023,就业,招商局地产(重庆)花园城有限公司,1
社会科学学部,公共管理学院,硕士,2023,就业,重庆市涪陵区人民政府崇义街道办事处,1
社会科学学部,公共管理学院,硕士,2023,就业,重庆江增船舶重工有限公司,1
社会科学学部,公共管理学院,硕士,2023,就业,中国烟草总公司重庆市公司合川分公司,1
社会科学学部,公共管理学院,硕士,2023,就业,重庆理想汽车有限公司,1
社会科学学部,公共管理学院,硕士,2023,就业,中建三局科创产业发展有限公司,1
社会科学学部,公共管理学院,硕士,2023,就业,重庆城市职业学院,1
社会科学学部,公共管理学院,硕士,2023,就业,成都环境投资集团有限公司,1
社会科学学部,公共管理学院,硕士,2023,就业,中子科学研究院(重庆)有限公司,1
社会科学学部,公共管理学院,硕士,2023,就业,中国人民银行贵阳中心支行,1
社会科学学部,公共管理学院,硕士,2023,选调生,中共安顺市委组织部,1
社会科学学部,公共管理学院,硕士,2023,就业,国家税务总局西安市碑林区税务局,1
社会科学学部,公共管理学院,硕士,2023,就业,四川省交通建设集团有限责任公司,1
社会科学学部,公共管理学院,硕士,2023,升学,上海交通大学,1
社会科学学部,公共管理学院,硕士,2023,就业,赛力斯汽车有限公司,1
社会科学学部,公共管理学院,硕士,2023,就业,江西省综合交通运输发展研究中心,1
社会科学学部,公共管理学院,硕士,2023,就业,宁德时代新能源科技股份有限公司,1
社会科学学部,公共管理学院,硕士,2023,选调生,河北省司法厅,1
社会科学学部,公共管理学院,硕士,2023,就业,深圳市环水投资集团有限公司,1
社会科学学部,公共管理学院,硕士,2023,选调生,中国共产党玉溪市红塔区委员会机构编制委员会办公室,1
社会科学学部,公共管理学院,硕士,2023,就业,国家税务总局重庆市北碚区税务局,1
社会科学学部,公共管理学院,硕士,2023,就业,重庆机场信息通信网络有限公司,1
社会科学学部,公共管理学院,硕士,2023,就业,重庆空港航空地面服务有限公司,1
社会科学学部,公共管理学院,硕士,2023,就业,重庆市大渡口区税务局,1
社会科学学部,公共管理学院,硕士,2023,就业,中国水利水电第五工程局有限公司重庆分公司,1
社会科学学部,公共管理学院,硕士,2023,就业,重庆市万州区财政局,1
社会科学学部,公共管理学院,硕士,2023,就业,重庆菲斯克人力资源管理有限公司,1
社会科学学部,公共管理学院,硕士,2023,就业,重庆市长寿区区委党校,1
社会科学学部,公共管理学院,硕士,2023,就业,78156部队90分队,1
社会科学学部,公共管理学院,硕士,2023,就业,四川仪表工业学校,1
社会科学学部,公共管理学院,硕士,2023,就业,重庆市北碚区歇马街道东风村村民委员会,1
社会科学学部,公共管理学院,硕士,2023,就业,重庆市规划设计研究院,1
社会科学学部,公共管理学院,硕士,2023,就业,重庆市永川区朱沱镇人民政府,1
社会科学学部,公共管理学院,硕士,2023,就业,国家税务总局重庆市荣昌区税务局,1
社会科学学部,公共管理学院,硕士,2023,就业,重庆市巴南区纪委监委,1
社会科学学部,公共管理学院,硕士,2023,就业,中国人民解放军78156部队20分队,1
社会科学学部,公共管理学院,硕士,2023,就业,重庆市万州区市场监督管理局,1
社会科学学部,公共管理学院,硕士,2023,就业,重庆市档案馆,1
社会科学学部,公共管理学院,硕士,2023,就业,重庆大学附属肿瘤医院,1
社会科学学部,公共管理学院,硕士,2023,就业,重庆市梁平区人力资源和社会保障综合行政执法支队,1
社会科学学部,公共管理学院,硕士,2023,就业,国网重庆市电力公司市区供电分公司,1
社会科学学部,公共管理学院,硕士,2023,就业,重庆市渝中区生态环境局,1
社会科学学部,公共管理学院,硕士,2023,就业,重庆长寿经济技术开发区开发投资集团有限公司,1
社会科学学部,公共管理学院,硕士,2023,就业,中共云阳县委办公室,1
社会科学学部,公共管理学院,硕士,2023,就业,重庆市江北区金融办,1
社会科学学部,公共管理学院,硕士,2023,就业,重庆市北碚区童家溪镇人民政府,1
社会科学学部,公共管理学院,硕士,2023,就业,重庆市交通局,1
社会科学学部,公共管理学院,硕士,2023,就业,石柱土家族自治县生态环境局,1
社会科学学部,公共管理学院,硕士,2023,就业,重庆市永川区道路运输服务所,1
社会科学学部,公共管理学院,硕士,2023,就业,重庆市垫江县医疗保障局,1
社会科学学部,公共管理学院,硕士,2023,就业,重庆市南岸区审计局,1
社会科学学部,公共管理学院,硕士,2023,就业,西南证券股份有限公司重庆惠工路证券营业部,1
社会科学学部,公共管理学院,硕士,2023,就业,重庆市南岸区长生桥镇人民政府,1
社会科学学部,公共管理学院,硕士,2023,就业,中国电信股份有限公司自贡分公司,1
社会科学学部,公共管理学院,硕士,2023,就业,泸州市公安局,1
社会科学学部,公共管理学院,硕士,2023,就业,中国共产党泸县纪律检查委员会,1
社会科学学部,公共管理学院,硕士,2023,就业,中国科学院大学重庆仁济医院,1
社会科学学部,公共管理学院,硕士,2023,就业,成都航空旅游职业学校,1
社会科学学部,公共管理学院,硕士,2023,就业,武胜县农业农村局,1
社会科学学部,公共管理学院,硕士,2023,就业,中共华蓥市委统战部,1
社会科学学部,公共管理学院,硕士,2023,就业,邻水县社会保险事业管理局,1
社会科学学部,公共管理学院,硕士,2023,就业,中共邻水县委办公室,1
社会科学学部,公共管理学院,硕士,2023,就业,华蓥市财政局,1
社会科学学部,公共管理学院,硕士,2023,就业,重庆市规划展览馆,1
社会科学学部,公共管理学院,硕士,2023,就业,重庆灵域信息技术有限责任公司,1
社会科学学部,公共管理学院,硕士,2023,选调生,中共邯郸市委组织部,1
社会科学学部,公共管理学院,硕士,2023,就业,北京市文化投资发展集团有限责任公司,1
社会科学学部,公共管理学院,硕士,2023,就业,国家开发银行江西省分行,1
社会科学学部,公共管理学院,硕士,2023,选调生,中共贵州省委组织部,1
社会科学学部,公共管理学院,硕士,2023,就业,北京顺丰速运有限公司,1
社会科学学部,公共管理学院,硕士,2023,就业,中建三局绿色产业投资有限公司,1
社会科学学部,公共管理学院,硕士,2023,志愿服务西部计划,北京立德未来助学公益基金会,1
社会科学学部,公共管理学院,硕士,2023,就业,中国银行股份有限公司成都青羊支行,1
社会科学学部,公共管理学院,硕士,2023,选调生,中国共产党广安市委员会组织部,1
社会科学学部,公共管理学院,硕士,2023,就业,德勤华永会计师事务所(特殊普通合伙)成都分所,1
社会科学学部,公共管理学院,硕士,2023,就业,中国工商银行股份有限公司重庆市分行,1
社会科学学部,公共管理学院,硕士,2023,选调生,天水工信局,1
社会科学学部,公共管理学院,硕士,2023,选调生,中共黔西南州委组织部,1
社会科学学部,公共管理学院,硕士,2023,就业,农业农村部大数据发展中心,1
社会科学学部,公共管理学院,硕士,2023,就业,浙江雷博人力资源开发有限公司,1
社会科学学部,公共管理学院,硕士,2023,就业,东方电气集团东方电机有限公司,1
社会科学学部,公共管理学院,硕士,2023,就业,普华永道中天会计师事务所(特殊普通合伙)北京分所,1
社会科学学部,公共管理学院,硕士,2023,就业,成都市锦江区人才发展中心,1
社会科学学部,公共管理学院,硕士,2023,就业,重庆环保产业私募股权投资基金管理有限公司,1
社会科学学部,公共管理学院,硕士,2023,就业,国家税务总局成都高新技术产业开发区税务局,1
社会科学学部,公共管理学院,硕士,2023,就业,福建漳州港口有限公司,1
社会科学学部,公共管理学院,硕士,2023,选调生,中共石柱土家族自治县委组织部,1
社会科学学部,公共管理学院,硕士,2023,就业,中移物联网有限公司,1
社会科学学部,公共管理学院,硕士,2023,就业,东方电气自动控制工程有限公司,1
社会科学学部,公共管理学院,硕士,2023,选调生,中共重庆市丰都县委组织部,1
社会科学学部,公共管理学院,硕士,2023,就业,中国建设银行股份有限公司重庆市分行,1
社会科学学部,公共管理学院,硕士,2023,选调生,中共重庆市黔江区委组织部,1
社会科学学部,公共管理学院,硕士,2023,就业,重庆市巴南区青枫社会工作服务中心,1
社会科学学部,公共管理学院,硕士,2023,就业,雅安开放大学,1
社会科学学部,公共管理学院,硕士,2023,就业,成都米分网络科技有限公司,1
社会科学学部,公共管理学院,硕士,2023,就业,中建三局集团华南有限公司,1
社会科学学部,公共管理学院,硕士,2023,就业,四川省烟草公司达州市公司,1
社会科学学部,公共管理学院,硕士,2023,就业,中共西昌市委办公室,1
社会科学学部,公共管理学院,硕士,2023,就业,绵阳城市学院,1
社会科学学部,公共管理学院,硕士,2023,出国(境)留学或工作,香港大学,1
社会科学学部,公共管理学院,硕士,2023,选调生,中共乐山市委组织部,1
社会科学学部,公共管理学院,硕士,2023,选调生,金昌市妇女联合会,1
社会科学学部,公共管理学院,硕士,2023,就业,重庆长安望江工业集团有限公司,1
社会科学学部,公共管理学院,硕士,2023,就业,万物云空间科技服务股份有限公司,1
社会科学学部,公共管理学院,博士,2023,就业,西南财经大学,1
社会科学学部,公共管理学院,博士,2023,就业,重庆工程职业技术学院,1
社会科学学部,公共管理学院,博士,2023,就业,新疆大学,1
社会科学学部,公共管理学院,博士,2023,就业,徐州工程学院,1
社会科学学部,公共管理学院,博士,2023,就业,重庆理工大学,1
社会科学学部,经济与工商管理学院,本科,2021,就业,重庆大学,49
社会科学学部,经济与工商管理学院,本科,2021,升学,西安交通大学,7
社会科学学部,经济与工商管理学院,本科,2021,出国(境)留学或工作,香港中文大学,6
社会科学学部,经济与工商管理学院,本科,2021,升学,武汉大学,6
社会科学学部,经济与工商管理学院,本科,2021,升学,同济大学,6
社会科学学部,经济与工商管理学院,本科,2021,升学,南京大学,5
社会科学学部,经济与工商管理学院,本科,2021,升学,华南理工大学,4
社会科学学部,经济与工商管理学院,本科,2021,升学,南开大学,4
社会科学学部,经济与工商管理学院,本科,2021,升学,中央财经大学,4
社会科学学部,经济与工商管理学院,本科,2021,就业,中国建筑第七工程局有限公司,4
社会科学学部,经济与工商管理学院,本科,2021,出国(境)留学或工作,华威大学,4
社会科学学部,经济与工商管理学院,本科,2021,出国(境)留学或工作,格拉斯哥大学,4
社会科学学部,经济与工商管理学院,本科,2021,升学,上海财经大学,3
社会科学学部,经济与工商管理学院,本科,2021,升学,西南财经大学,3
社会科学学部,经济与工商管理学院,本科,2021,就业,重庆市沙坪坝区学而思培优课外培训学校有限公司,3
社会科学学部,经济与工商管理学院,本科,2021,升学,复旦大学,3
社会科学学部,经济与工商管理学院,本科,2021,出国(境)留学或工作,伦敦国王学院,3
社会科学学部,经济与工商管理学院,本科,2021,出国(境)留学或工作,香港中文大学(深圳),3
社会科学学部,经济与工商管理学院,本科,2021,升学,中山大学,3
社会科学学部,经济与工商管理学院,本科,2021,升学,天津大学,3
社会科学学部,经济与工商管理学院,本科,2021,就业,合肥美的电冰箱有限公司,3
社会科学学部,经济与工商管理学院,本科,2021,升学,中国科学技术大学,3
社会科学学部,经济与工商管理学院,本科,2021,出国(境)留学或工作,南洋理工大学,2
社会科学学部,经济与工商管理学院,本科,2021,升学,华南师范大学,2
社会科学学部,经济与工商管理学院,本科,2021,就业,中铁文化旅游投资集团有限公司,2
社会科学学部,经济与工商管理学院,本科,2021,就业,深圳市神舟电脑股份有限公司,2
社会科学学部,经济与工商管理学院,本科,2021,升学,对外经济贸易大学,2
社会科学学部,经济与工商管理学院,本科,2021,就业,广东美的生活电器制造有限公司,2
社会科学学部,经济与工商管理学院,本科,2021,出国(境)留学或工作,香港城市大学,2
社会科学学部,经济与工商管理学院,本科,2021,升学,上海交通大学,2
社会科学学部,经济与工商管理学院,本科,2021,就业,正邦集团有限公司,2
社会科学学部,经济与工商管理学院,本科,2021,就业,桂林银行股份有限公司,2
社会科学学部,经济与工商管理学院,本科,2021,升学,中国传媒大学,2
社会科学学部,经济与工商管理学院,本科,2021,就业,上海德邦物流有限公司,2
社会科学学部,经济与工商管理学院,本科,2021,就业,北京京东世纪贸易有限公司,2
社会科学学部,经济与工商管理学院,本科,2021,升学,北京理工大学,2
社会科学学部,经济与工商管理学院,本科,2021,出国(境)留学或工作,香港大学,2
社会科学学部,经济与工商管理学院,本科,2021,升学,四川大学,2
社会科学学部,经济与工商管理学院,本科,2021,就业,慕思健康睡眠股份有限公司,2
社会科学学部,经济与工商管理学院,本科,2021,升学,浙江大学,1
社会科学学部,经济与工商管理学院,本科,2021,就业,北京华信宏景税务师事务所有限公司惠州分公司,1
社会科学学部,经济与工商管理学院,本科,2021,就业,中国二十二冶集团有限公司,1
社会科学学部,经济与工商管理学院,本科,2021,就业,广西电网有限责任公司柳州供电局,1
社会科学学部,经济与工商管理学院,本科,2021,升学,厦门大学,1
社会科学学部,经济与工商管理学院,本科,2021,升学,南京农业大学,1
社会科学学部,经济与工商管理学院,本科,2021,升学,东北大学,1
社会科学学部,经济与工商管理学院,本科,2021,出国(境)留学或工作,墨尔本大学,1
社会科学学部,经济与工商管理学院,本科,2021,出国(境)留学或工作,新加坡管理大学,1
社会科学学部,经济与工商管理学院,本科,2021,就业,长江水利委员会水文局长江上游水文水资源勘测局,1
社会科学学部,经济与工商管理学院,本科,2021,升学,哈尔滨工业大学(深圳),1
社会科学学部,经济与工商管理学院,本科,2021,就业,中国铁路武汉局集团有限公司,1
社会科学学部,经济与工商管理学院,本科,2021,就业,国网湖南省电力有限公司长沙供电分公司,1
社会科学学部,经济与工商管理学院,本科,2021,就业,淄博文昌湖省级旅游度假区管理委员会人力资源和社会保障局,1
社会科学学部,经济与工商管理学院,本科,2021,就业,广东美的制冷设备有限公司,1
社会科学学部,经济与工商管理学院,本科,2021,出国(境)留学或工作,香港理工大学,1
社会科学学部,经济与工商管理学院,本科,2021,就业,中国电信股份有限公司重庆分公司,1
社会科学学部,经济与工商管理学院,本科,2021,升学,北京大学深圳研究生院,1
社会科学学部,经济与工商管理学院,本科,2021,出国(境)留学或工作,约翰霍普金斯大学,1
社会科学学部,经济与工商管理学院,本科,2021,就业,中共中央直属机关事务管理局,1
社会科学学部,经济与工商管理学院,本科,2021,就业,湖南省商务服务中心,1
社会科学学部,经济与工商管理学院,本科,2021,就业,中国建设银行股份有限公司重庆市分行,1
社会科学学部,经济与工商管理学院,本科,2021,就业,优维科技(深圳)有限公司,1
社会科学学部,经济与工商管理学院,本科,2021,升学,哈尔滨工业大学,1
社会科学学部,经济与工商管理学院,本科,2021,就业,和田宝地亚食品有限公司,1
社会科学学部,经济与工商管理学院,本科,2021,就业,重庆三峡银行股份有限公司,1
社会科学学部,经济与工商管理学院,本科,2021,就业,上海浦东发展银行股份有限公司重庆分行,1
社会科学学部,经济与工商管理学院,本科,2021,就业,华夏航空股份有限公司,1
社会科学学部,经济与工商管理学院,本科,2021,就业,安永(中国)企业咨询有限公司深圳分公司,1
社会科学学部,经济与工商管理学院,本科,2021,就业,中建桥梁有限公司,1
社会科学学部,经济与工商管理学院,本科,2021,就业,广东星城科技有限公司,1
社会科学学部,经济与工商管理学院,本科,2021,就业,中国葛洲坝集团易普力股份有限公司,1
社会科学学部,经济与工商管理学院,本科,2021,升学,东北财经大学,1
社会科学学部,经济与工商管理学院,本科,2021,出国(境)留学或工作,香港科技大学,1
社会科学学部,经济与工商管理学院,本科,2021,就业,广州乐牛软件科技有限公司,1
社会科学学部,经济与工商管理学院,本科,2021,志愿服务西部计划,第十四师二二五团农业发展服务中心,1
社会科学学部,经济与工商管理学院,本科,2021,就业,重庆渝玖点食品有限公司,1
社会科学学部,经济与工商管理学院,本科,2021,升学,中共上海市委党校,1
社会科学学部,经济与工商管理学院,本科,2021,就业,深圳市恒腾网络有限公司,1
社会科学学部,经济与工商管理学院,本科,2021,就业,正荣荣域(天津)置业发展有限公司,1
社会科学学部,经济与工商管理学院,本科,2021,就业,广东铂美物业服务股份有限公司,1
社会科学学部,经济与工商管理学院,本科,2021,就业,基恩士(中国)有限公司,1
社会科学学部,经济与工商管理学院,本科,2021,就业,中国建筑一局(集团)有限公司西南分公司,1
社会科学学部,经济与工商管理学院,本科,2021,就业,OPPO广东移动通信有限公司,1
社会科学学部,经济与工商管理学院,本科,2021,就业,中建三局绿色产业投资有限公司,1
社会科学学部,经济与工商管理学院,本科,2021,就业,三诺生物传感股份有限公司,1
社会科学学部,经济与工商管理学院,本科,2021,就业,新海科技集团有限公司,1
社会科学学部,经济与工商管理学院,本科,2021,就业,重庆延锋安道拓汽车部件系统有限公司,1
社会科学学部,经济与工商管理学院,本科,2021,就业,江苏雨润肉类产业集团有限公司,1
社会科学学部,经济与工商管理学院,本科,2021,就业,中国建筑第八工程局有限公司上海分公司,1
社会科学学部,经济与工商管理学院,本科,2021,升学,中共浙江省委党校,1
社会科学学部,经济与工商管理学院,本科,2021,就业,恒大地产集团重庆有限公司,1
社会科学学部,经济与工商管理学院,本科,2021,就业,重庆融创启洋置业有限公司,1
社会科学学部,经济与工商管理学院,本科,2021,就业,桂林福达股份有限公司,1
社会科学学部,经济与工商管理学院,本科,2021,就业,中国人民解放军空军预警学院,1
社会科学学部,经济与工商管理学院,本科,2021,志愿服务西部计划,新疆建设兵团第九师核算中心162团财政所-核算中心,1
社会科学学部,经济与工商管理学院,本科,2021,就业,nan,1
社会科学学部,经济与工商管理学院,本科,2021,就业,重庆华宇集团有限公司,1
社会科学学部,经济与工商管理学院,本科,2021,就业,无锡小天鹅电器有限公司,1
社会科学学部,经济与工商管理学院,本科,2021,出国(境)留学或工作,曼切斯特大学,1
社会科学学部,经济与工商管理学院,本科,2021,就业,海信集团控股股份有限公司,1
社会科学学部,经济与工商管理学院,本科,2021,就业,中国建设银行安徽省分行,1
社会科学学部,经济与工商管理学院,本科,2021,就业,中国农业银行股份有限公司广东省分行,1
社会科学学部,经济与工商管理学院,本科,2021,就业,碧捷(广东)洁净科技有限公司,1
社会科学学部,经济与工商管理学院,本科,2021,出国(境)留学或工作,哥德堡大学,1
社会科学学部,经济与工商管理学院,本科,2021,选调生,中共绵阳市委组织部,1
社会科学学部,经济与工商管理学院,本科,2021,就业,雅迪科技集团有限公司,1
社会科学学部,经济与工商管理学院,本科,2021,就业,深信服科技股份有限公司,1
社会科学学部,经济与工商管理学院,本科,2021,就业,东方证券承销保荐有限公司,1
社会科学学部,经济与工商管理学院,本科,2021,就业,北京三快在线科技有限公司,1
社会科学学部,经济与工商管理学院,本科,2021,就业,上海亿保健康管理有限公司重庆分公司,1
社会科学学部,经济与工商管理学院,本科,2021,升学,北京师范大学,1
社会科学学部,经济与工商管理学院,本科,2021,就业,中国建设银行股份有限公司河南省分行,1
社会科学学部,经济与工商管理学院,本科,2021,就业,中国建筑第六工程局有限公司,1
社会科学学部,经济与工商管理学院,本科,2021,就业,南昌德邦物流有限公司,1
社会科学学部,经济与工商管理学院,本科,2021,升学,电子科技大学,1
社会科学学部,经济与工商管理学院,本科,2021,就业,中国工商银行股份有限公司合肥分行,1
社会科学学部,经济与工商管理学院,本科,2021,就业,中国建筑第二工程局有限公司华南分公司,1
社会科学学部,经济与工商管理学院,本科,2021,就业,浙江绿城房地产投资有限公司,1
社会科学学部,经济与工商管理学院,本科,2021,选调生,中共忠县县委组织部,1
社会科学学部,经济与工商管理学院,本科,2021,就业,中信证券股份有限公司浙江分公司,1
社会科学学部,经济与工商管理学院,本科,2021,出国(境)留学或工作,悉尼大学,1
社会科学学部,经济与工商管理学院,本科,2021,就业,重庆新东方教育培训学校有限公司,1
社会科学学部,经济与工商管理学院,本科,2021,就业,中国大地财产保险股份有限公司重庆分公司,1
社会科学学部,经济与工商管理学院,本科,2021,就业,四川郎酒股份有限公司,1
社会科学学部,经济与工商管理学院,本科,2021,就业,中国银行股份有限公司广西壮族自治区分行,1
社会科学学部,经济与工商管理学院,本科,2021,就业,集友银行有限公司福州分行,1
社会科学学部,经济与工商管理学院,本科,2021,升学,北京体育大学,1
社会科学学部,经济与工商管理学院,本科,2021,选调生,中共重庆市委组织部,1
社会科学学部,经济与工商管理学院,本科,2021,就业,国家税务总局重庆市江津区税务局,1
社会科学学部,经济与工商管理学院,本科,2021,升学,中国人民大学,1
社会科学学部,经济与工商管理学院,本科,2021,出国(境)留学或工作,布里斯托大学,1
社会科学学部,经济与工商管理学院,本科,2021,升学,辽宁大学,1
社会科学学部,经济与工商管理学院,本科,2021,出国(境)留学或工作,南加利福尼亚大学,1
社会科学学部,经济与工商管理学院,本科,2021,升学,中国科学院大学,1
社会科学学部,经济与工商管理学院,本科,2021,出国(境)留学或工作,苏黎世大学,1
社会科学学部,经济与工商管理学院,本科,2021,就业,国家税务总局广州市税务局,1
社会科学学部,经济与工商管理学院,本科,2021,就业,深圳美团科技有限公司,1
社会科学学部,经济与工商管理学院,本科,2021,就业,佛山安得智联科技有限公司,1
社会科学学部,经济与工商管理学院,本科,2021,就业,四川京邦达物流科技有限公司,1
社会科学学部,经济与工商管理学院,本科,2021,就业,六安英科实业有限公司,1
社会科学学部,经济与工商管理学院,本科,2021,升学,大连理工大学,1
社会科学学部,经济与工商管理学院,本科,2021,就业,广东京邦达供应链科技有限公司,1
社会科学学部,经济与工商管理学院,本科,2021,就业,华勤技术有限公司,1
社会科学学部,经济与工商管理学院,本科,2021,就业,三一筑工科技有限公司,1
社会科学学部,经济与工商管理学院,硕士,2021,就业,富士康科技集团(重庆),7
社会科学学部,经济与工商管理学院,硕士,2021,就业,重庆大学,6
社会科学学部,经济与工商管理学院,硕士,2021,就业,长安福特汽车有限公司,5
社会科学学部,经济与工商管理学院,硕士,2021,就业,重庆金科房地产开发有限公司,3
社会科学学部,经济与工商管理学院,硕士,2021,就业,重庆医药(集团)股份有限公司,3
社会科学学部,经济与工商管理学院,硕士,2021,就业,中国汽车工程研究院股份有限公司,2
社会科学学部,经济与工商管理学院,硕士,2021,就业,成都龙湖辰治置业有限公司,2
社会科学学部,经济与工商管理学院,硕士,2021,就业,西南证券股份有限公司,2
社会科学学部,经济与工商管理学院,硕士,2021,就业,上海浦东发展银行股份有限公司重庆分行,2
社会科学学部,经济与工商管理学院,硕士,2021,就业,重庆长安汽车股份有限公司,2
社会科学学部,经济与工商管理学院,硕士,2021,就业,重庆市城市建设投资(集团)有限公司,2
社会科学学部,经济与工商管理学院,硕士,2021,就业,重庆机场集团有限公司,2
社会科学学部,经济与工商管理学院,硕士,2021,就业,重庆耀中国际学校,2
社会科学学部,经济与工商管理学院,硕士,2021,就业,重庆和平药房连锁有限责任公司,2
社会科学学部,经济与工商管理学院,硕士,2021,就业,交通银行股份有限公司重庆市分行,2
社会科学学部,经济与工商管理学院,硕士,2021,就业,重庆银行股份有限公司文化宫支行,2
社会科学学部,经济与工商管理学院,硕士,2021,就业,申万宏源证券承销保荐有限责任公司,2
社会科学学部,经济与工商管理学院,硕士,2021,选调生,中共德阳市委组织部,2
社会科学学部,经济与工商管理学院,硕士,2021,就业,重庆三峡银行股份有限公司,2
社会科学学部,经济与工商管理学院,硕士,2021,选调生,中共重庆市委组织部,2
社会科学学部,经济与工商管理学院,硕士,2021,就业,重庆市江北区中公职业考试培训有限公司,1
社会科学学部,经济与工商管理学院,硕士,2021,就业,重庆市沙坪坝区国家税务局,1
社会科学学部,经济与工商管理学院,硕士,2021,就业,同景集团有限公司,1
社会科学学部,经济与工商管理学院,硕士,2021,就业,重庆渝兴房地产综合开发公司,1
社会科学学部,经济与工商管理学院,硕士,2021,就业,丰都县统计局,1
社会科学学部,经济与工商管理学院,硕士,2021,就业,广元市质量技术监督局朝天区分局,1
社会科学学部,经济与工商管理学院,硕士,2021,就业,成都富江机械制造有限公司,1
社会科学学部,经济与工商管理学院,硕士,2021,就业,重庆市三峡水务有限责任公司,1
社会科学学部,经济与工商管理学院,硕士,2021,就业,晋煤集团职教中心,1
社会科学学部,经济与工商管理学院,硕士,2021,就业,重庆大学先进技术学院,1
社会科学学部,经济与工商管理学院,硕士,2021,就业,重庆碧桂园顺碧企业管理有限公司,1
社会科学学部,经济与工商管理学院,硕士,2021,就业,重庆航空有限责任公司,1
社会科学学部,经济与工商管理学院,硕士,2021,就业,中国农业银行股份有限公司贵州省分行,1
社会科学学部,经济与工商管理学院,硕士,2021,就业,南昌水利投资发展有限公司,1
社会科学学部,经济与工商管理学院,硕士,2021,就业,青岛实昊星置业有限公司,1
社会科学学部,经济与工商管理学院,硕士,2021,就业,立信会计师事务所(特殊普通合伙),1
社会科学学部,经济与工商管理学院,硕士,2021,就业,安永华明会计师事务所(特殊普通合伙)郑州分所,1
社会科学学部,经济与工商管理学院,硕士,2021,就业,重庆市南岸区人民检察院,1
社会科学学部,经济与工商管理学院,硕士,2021,就业,郑州平行线教育科技有限公司,1
社会科学学部,经济与工商管理学院,硕士,2021,就业,湖北工程学院,1
社会科学学部,经济与工商管理学院,硕士,2021,就业,江苏康缘药业股份有限公司,1
社会科学学部,经济与工商管理学院,硕士,2021,就业,中联重科股份有限公司,1
社会科学学部,经济与工商管理学院,硕士,2021,就业,金蝶软件(中国)有限公司,1
社会科学学部,经济与工商管理学院,硕士,2021,就业,河南省交通规划设计研究院股份有限公司,1
社会科学学部,经济与工商管理学院,硕士,2021,就业,重庆市工程管理有限公司,1
社会科学学部,经济与工商管理学院,硕士,2021,就业,重庆两化大健康产业有限公司,1
社会科学学部,经济与工商管理学院,硕士,2021,就业,重庆市荣昌区税务局,1
社会科学学部,经济与工商管理学院,硕士,2021,就业,重庆金科科健置业有限公司,1
社会科学学部,经济与工商管理学院,硕士,2021,就业,重庆市社会保险局,1
社会科学学部,经济与工商管理学院,硕士,2021,就业,重庆市巴南区税务局,1
社会科学学部,经济与工商管理学院,硕士,2021,就业,国家税务总局重庆市万盛经济技术开发区税务局,1
社会科学学部,经济与工商管理学院,硕士,2021,就业,重庆顺博铝合金股份有限公司,1
社会科学学部,经济与工商管理学院,硕士,2021,就业,重庆市北碚区税务局,1
社会科学学部,经济与工商管理学院,硕士,2021,就业,重庆巴南天然气有限责任公司,1
社会科学学部,经济与工商管理学院,硕士,2021,就业,攀枝花市思维实业有限公司,1
社会科学学部,经济与工商管理学院,硕士,2021,就业,重庆市巴南区地方税务局,1
社会科学学部,经济与工商管理学院,硕士,2021,就业,富滇银行股份有限公司重庆分行,1
社会科学学部,经济与工商管理学院,硕士,2021,就业,西南大学附属小学,1
社会科学学部,经济与工商管理学院,硕士,2021,就业,西南政法大学,1
社会科学学部,经济与工商管理学院,硕士,2021,就业,重庆市合川区三汇镇人民政府,1
社会科学学部,经济与工商管理学院,硕士,2021,就业,重庆市农业生态与资源保护站,1
社会科学学部,经济与工商管理学院,硕士,2021,就业,中国中建设计集团有限公司,1
社会科学学部,经济与工商管理学院,硕士,2021,就业,重庆新鸥鹏地产(集团)有限公司,1
社会科学学部,经济与工商管理学院,硕士,2021,选调生,中共遵义市委组织部,1
社会科学学部,经济与工商管理学院,硕士,2021,就业,重庆新东方教育培训学校有限公司,1
社会科学学部,经济与工商管理学院,硕士,2021,就业,重庆长安新能源汽车科技有限公司,1
社会科学学部,经济与工商管理学院,硕士,2021,就业,重庆中元汇吉生物技术有限公司,1
社会科学学部,经济与工商管理学院,硕士,2021,就业,重庆市长寿区税务局,1
社会科学学部,经济与工商管理学院,硕士,2021,就业,东方鑫源集团有限公司,1
社会科学学部,经济与工商管理学院,硕士,2021,就业,重庆保监局,1
社会科学学部,经济与工商管理学院,硕士,2021,就业,中国银行业监督管理委员会万州监管分局,1
社会科学学部,经济与工商管理学院,硕士,2021,就业,陆海新通道运营重庆有限公司,1
社会科学学部,经济与工商管理学院,硕士,2021,就业,西南期货有限公司,1
社会科学学部,经济与工商管理学院,硕士,2021,就业,重庆市南岸区人民政府南坪街道办事处,1
社会科学学部,经济与工商管理学院,硕士,2021,就业,重庆市合川区人民检察院,1
社会科学学部,经济与工商管理学院,硕士,2021,就业,重庆医科大学附属儿童医院,1
社会科学学部,经济与工商管理学院,硕士,2021,就业,重庆市永川区四海建筑工程有限公司,1
社会科学学部,经济与工商管理学院,硕士,2021,就业,重庆市上桥粮食中转库有限责任公司,1
社会科学学部,经济与工商管理学院,硕士,2021,就业,重庆市涪陵区科学技术委员会,1
社会科学学部,经济与工商管理学院,硕士,2021,就业,重庆市城投路桥管理有限公司,1
社会科学学部,经济与工商管理学院,硕士,2021,就业,重庆市渝中区教育委员会,1
社会科学学部,经济与工商管理学院,硕士,2021,就业,国家税务总局重庆市南川区税务局,1
社会科学学部,经济与工商管理学院,硕士,2021,就业,成都宇熙电子技术有限公司,1
社会科学学部,经济与工商管理学院,硕士,2021,就业,中国铁路成都局集团有限公司达州电务段,1
社会科学学部,经济与工商管理学院,硕士,2021,就业,重庆经济技术开发区土地利用事务中心,1
社会科学学部,经济与工商管理学院,硕士,2021,就业,中天运会计师事务所四川分所,1
社会科学学部,经济与工商管理学院,硕士,2021,就业,宜宾市第二人民医院,1
社会科学学部,经济与工商管理学院,硕士,2021,就业,重庆京东方光电科技有限公司,1
社会科学学部,经济与工商管理学院,硕士,2021,就业,贵州航天电子科技有限公司,1
社会科学学部,经济与工商管理学院,硕士,2021,选调生,中共贵州省委组织部,1
社会科学学部,经济与工商管理学院,硕士,2021,就业,容诚会计师事务所(特殊普通合伙)深圳分所,1
社会科学学部,经济与工商管理学院,硕士,2021,就业,德勤华永会计师事务所(特殊普通合伙)重庆分所,1
社会科学学部,经济与工商管理学院,硕士,2021,就业,重庆零壹空间科技集团有限公司,1
社会科学学部,经济与工商管理学院,硕士,2021,就业,重庆铭德再生资源有限公司,1
社会科学学部,经济与工商管理学院,硕士,2021,就业,浪潮通用软件有限公司,1
社会科学学部,经济与工商管理学院,硕士,2021,就业,重庆虹霖品牌管理咨询有限公司,1
社会科学学部,经济与工商管理学院,硕士,2021,就业,成都碧桂园盛碧置业有限责任公司,1
社会科学学部,经济与工商管理学院,硕士,2021,就业,北京京东世纪贸易有限公司,1
社会科学学部,经济与工商管理学院,硕士,2021,就业,重庆宗电发动机制造有限公司,1
社会科学学部,经济与工商管理学院,硕士,2021,就业,中国建设银行股份有限公司重庆沙坪坝支行,1
社会科学学部,经济与工商管理学院,硕士,2021,就业,上海罗氏制药有限公司,1
社会科学学部,经济与工商管理学院,硕士,2021,就业,中国人民银行重庆营管部,1
社会科学学部,经济与工商管理学院,硕士,2021,就业,重庆市物价局,1
社会科学学部,经济与工商管理学院,硕士,2021,就业,重庆宏昌融资担保有限公司,1
社会科学学部,经济与工商管理学院,硕士,2021,就业,民生物流有限公司,1
社会科学学部,经济与工商管理学院,硕士,2021,就业,中国石化集团四川维尼纶厂,1
社会科学学部,经济与工商管理学院,硕士,2021,就业,重庆市少年儿童图书馆,1
社会科学学部,经济与工商管理学院,硕士,2021,就业,华夏航空股份有限公司,1
社会科学学部,经济与工商管理学院,硕士,2021,就业,重庆市龙门浩职业中学校,1
社会科学学部,经济与工商管理学院,硕士,2021,就业,重庆锐改汽车配件有限公司,1
社会科学学部,经济与工商管理学院,硕士,2021,就业,重庆华赫科技有限公司,1
社会科学学部,经济与工商管理学院,硕士,2021,就业,重庆江渠建材销售有限公司,1
社会科学学部,经济与工商管理学院,硕士,2021,就业,重庆市渝商投资控股集团有限公司,1
社会科学学部,经济与工商管理学院,硕士,2021,就业,重庆诺怀软件有限公司,1
社会科学学部,经济与工商管理学院,硕士,2021,就业,重庆登康口腔护理用品股份有限公司,1
社会科学学部,经济与工商管理学院,硕士,2021,就业,重庆同邦房地产开发有限公司,1
社会科学学部,经济与工商管理学院,硕士,2021,就业,中国移动通信集团重庆有限公司,1
社会科学学部,经济与工商管理学院,硕士,2021,就业,国网重庆市电力公司綦南供电分公司,1
社会科学学部,经济与工商管理学院,硕士,2021,就业,兴业银行股份有限公司重庆分行,1
社会科学学部,经济与工商管理学院,硕士,2021,就业,重庆捷测机电有限公司,1
社会科学学部,经济与工商管理学院,硕士,2021,就业,重庆西顾教育信息咨询有限公司,1
社会科学学部,经济与工商管理学院,硕士,2021,就业,重庆峡光科技开发有限责任公司,1
社会科学学部,经济与工商管理学院,硕士,2021,就业,英业达(重庆)有限公司,1
社会科学学部,经济与工商管理学院,硕士,2021,就业,渝农商金融租赁有限责任公司,1
社会科学学部,经济与工商管理学院,硕士,2021,就业,重庆重交再生资源开发股份有限公司,1
社会科学学部,经济与工商管理学院,硕士,2021,就业,中国惠普有限公司,1
社会科学学部,经济与工商管理学院,硕士,2021,就业,中国烟草总公司重庆市公司永川分公司,1
社会科学学部,经济与工商管理学院,硕士,2021,就业,建设银行重庆两江分行,1
社会科学学部,经济与工商管理学院,硕士,2021,就业,渣打银行(中国)有限公司重庆北部新区支行,1
社会科学学部,经济与工商管理学院,硕士,2021,就业,中信银行股份有限公司重庆分行,1
社会科学学部,经济与工商管理学院,硕士,2021,就业,克瑞国际商贸(北京)有限公司上海分公司,1
社会科学学部,经济与工商管理学院,硕士,2021,就业,英标管理体系认证(北京)有限公司重庆分公司,1
社会科学学部,经济与工商管理学院,硕士,2021,就业,华夏银行股份有限公司重庆分行,1
社会科学学部,经济与工商管理学院,硕士,2021,就业,广州众佳贸易有限公司,1
社会科学学部,经济与工商管理学院,硕士,2021,就业,重庆明珠机电有限公司,1
社会科学学部,经济与工商管理学院,硕士,2021,就业,西部航空有限责任公司,1
社会科学学部,经济与工商管理学院,硕士,2021,就业,重庆睿博光电股份有限公司,1
社会科学学部,经济与工商管理学院,硕士,2021,就业,重庆渝富资产经营管理集团有限公司,1
社会科学学部,经济与工商管理学院,硕士,2021,就业,重庆人和粮食产业集团有限责任公司,1
社会科学学部,经济与工商管理学院,硕士,2021,就业,重庆前卫科技集团有限公司,1
社会科学学部,经济与工商管理学院,硕士,2021,就业,中国建设银行,1
社会科学学部,经济与工商管理学院,硕士,2021,就业,重庆市生态环境建设有限公司,1
社会科学学部,经济与工商管理学院,硕士,2021,就业,中国农业银行股份有限公司重庆市分行,1
社会科学学部,经济与工商管理学院,硕士,2021,就业,中国人民银行江津中心支行,1
社会科学学部,经济与工商管理学院,硕士,2021,就业,东莞虎彩印艺股份有限公司,1
社会科学学部,经济与工商管理学院,硕士,2021,就业,深圳市响邦科技有限公司,1
社会科学学部,经济与工商管理学院,硕士,2021,就业,中国电子科技集团重庆声光电有限公司,1
社会科学学部,经济与工商管理学院,硕士,2021,就业,重庆壹平方米网络科技有限公司,1
社会科学学部,经济与工商管理学院,硕士,2021,就业,中国葛洲坝集团易普力股份有限公司,1
社会科学学部,经济与工商管理学院,硕士,2021,就业,国网重庆市电力公司长寿供电分公司,1
社会科学学部,经济与工商管理学院,硕士,2021,就业,重庆八戒商业保理有限公司,1
社会科学学部,经济与工商管理学院,硕士,2021,就业,西南证券股份有限公司重庆惠工路证券营业部,1
社会科学学部,经济与工商管理学院,硕士,2021,就业,中国电信股份有限公司重庆分公司,1
社会科学学部,经济与工商管理学院,硕士,2021,就业,重庆世乐投资有限公司,1
社会科学学部,经济与工商管理学院,硕士,2021,就业,重庆市芝麻门文化传播有限公司,1
社会科学学部,经济与工商管理学院,硕士,2021,就业,重庆谈石融资租赁有限公司,1
社会科学学部,经济与工商管理学院,硕士,2021,就业,中国农业发展银行重庆市铜梁支行,1
社会科学学部,经济与工商管理学院,硕士,2021,就业,重庆医药和平医疗器械有限公司,1
社会科学学部,经济与工商管理学院,硕士,2021,就业,国泰君安证券股份有限公司重庆分公司,1
社会科学学部,经济与工商管理学院,硕士,2021,就业,重庆昌辉旅游咨询有限公司,1
社会科学学部,经济与工商管理学院,硕士,2021,就业,重庆市渝北区人力资源和社会保障局,1
社会科学学部,经济与工商管理学院,硕士,2021,就业,首创置业股份有限公司重庆公司,1
社会科学学部,经济与工商管理学院,硕士,2021,就业,重庆一秒广告传播有限公司,1
社会科学学部,经济与工商管理学院,硕士,2021,就业,重庆市力通建筑工程有限公司,1
社会科学学部,经济与工商管理学院,硕士,2021,就业,重庆市江北区五宝镇人民政府,1
社会科学学部,经济与工商管理学院,硕士,2021,就业,重庆一七三测绘工程有限公司,1
社会科学学部,经济与工商管理学院,硕士,2021,就业,重庆信立同实业有限公司,1
社会科学学部,经济与工商管理学院,硕士,2021,就业,重庆大河公司,1
社会科学学部,经济与工商管理学院,硕士,2021,就业,中国联合网络通信有限公司重庆分公司,1
社会科学学部,经济与工商管理学院,硕士,2021,就业,民生证券重庆营业部,1
社会科学学部,经济与工商管理学院,硕士,2021,就业,北京北森云计算股份有限公司,1
社会科学学部,经济与工商管理学院,硕士,2021,就业,中国银行股份有限公司重庆渝中支行,1
社会科学学部,经济与工商管理学院,硕士,2021,就业,江苏农华智慧农业科技股份有限公司,1
社会科学学部,经济与工商管理学院,硕士,2021,就业,重庆市礼仪之邦电子商务有限公司,1
社会科学学部,经济与工商管理学院,硕士,2021,就业,重庆市中科大业建筑科技有限公司,1
社会科学学部,经济与工商管理学院,硕士,2021,就业,李尔长安(重庆)汽车系统有限责任公司,1
社会科学学部,经济与工商管理学院,硕士,2021,就业,重庆长江黄金游轮有限公司,1
社会科学学部,经济与工商管理学院,硕士,2021,就业,上汽依维柯红岩商用车有限公司,1
社会科学学部,经济与工商管理学院,硕士,2021,就业,重庆市全媒体数字教育工程技术研究中心有限公司,1
社会科学学部,经济与工商管理学院,硕士,2021,就业,重庆农村商业银行巴南支行,1
社会科学学部,经济与工商管理学院,硕士,2021,就业,维胜(中国)有限公司,1
社会科学学部,经济与工商管理学院,硕士,2021,就业,重庆市城市建设土地发展有限责任公司,1
社会科学学部,经济与工商管理学院,硕士,2021,就业,重庆大龙网科技有限公司,1
社会科学学部,经济与工商管理学院,硕士,2021,就业,国渝国际融资租赁有限公司,1
社会科学学部,经济与工商管理学院,硕士,2021,就业,重庆啤酒股份有限公司,1
社会科学学部,经济与工商管理学院,硕士,2021,就业,中国建筑第七工程局有限公司西南分公司,1
社会科学学部,经济与工商管理学院,硕士,2021,就业,重庆米开科技有限公司,1
社会科学学部,经济与工商管理学院,硕士,2021,就业,中国电子科技集团公司第二十六研究所,1
社会科学学部,经济与工商管理学院,硕士,2021,就业,大信会计师事务所(特殊普通合伙)重庆分所,1
社会科学学部,经济与工商管理学院,硕士,2021,就业,重庆卓荦人力资源管理有限公司,1
社会科学学部,经济与工商管理学院,硕士,2021,就业,汉高(中国)投资有限公司,1
社会科学学部,经济与工商管理学院,硕士,2021,就业,重庆商社集团汽车俱乐部有限公司,1
社会科学学部,经济与工商管理学院,硕士,2021,就业,爱茉莉太平洋贸易有限公司,1
社会科学学部,经济与工商管理学院,硕士,2021,就业,重庆银行股份有限公司,1
社会科学学部,经济与工商管理学院,硕士,2021,就业,中节能(重庆)天域节能环保有限公司,1
社会科学学部,经济与工商管理学院,硕士,2021,就业,重庆高新技术产业开发区德光汽车配件经营部,1
社会科学学部,经济与工商管理学院,硕士,2021,就业,中冶建工集团有限公司第二建筑工程分公司,1
社会科学学部,经济与工商管理学院,硕士,2021,就业,奉节县人民政府办公室,1
社会科学学部,经济与工商管理学院,硕士,2021,就业,重庆市大渡口融兴村镇银行有限责任公司,1
社会科学学部,经济与工商管理学院,硕士,2021,就业,重庆软岛科技股份有限公司,1
社会科学学部,经济与工商管理学院,硕士,2021,就业,重庆市今力投资有限公司,1
社会科学学部,经济与工商管理学院,硕士,2021,就业,中国农业银行股份有限公司重庆南川支行,1
社会科学学部,经济与工商管理学院,硕士,2021,就业,南方佛吉亚汽车部件有限公司,1
社会科学学部,经济与工商管理学院,硕士,2021,就业,重庆国际复合材料有限公司,1
社会科学学部,经济与工商管理学院,硕士,2021,就业,西南证券股份有限公司建新北路证券营业部,1
社会科学学部,经济与工商管理学院,硕士,2021,就业,重庆工贸职业技术学院,1
社会科学学部,经济与工商管理学院,硕士,2021,就业,中国邮政集团公司重庆市九龙坡区分公司,1
社会科学学部,经济与工商管理学院,硕士,2021,就业,重庆百弗语言培训学校,1
社会科学学部,经济与工商管理学院,硕士,2021,就业,中国医药集团重庆医药设计院,1
社会科学学部,经济与工商管理学院,硕士,2021,就业,重庆新鸥鹏地产集团有限公司,1
社会科学学部,经济与工商管理学院,硕士,2021,就业,中国移动通信集团重庆有限公司第三分公司,1
社会科学学部,经济与工商管理学院,硕士,2021,就业,国网重庆市电力公司铜梁区供电分公司,1
社会科学学部,经济与工商管理学院,硕士,2021,就业,重庆新东方培训学校,1
社会科学学部,经济与工商管理学院,硕士,2021,就业,重庆渝贸通供应链管理有限责任公司,1
社会科学学部,经济与工商管理学院,硕士,2021,就业,重庆鲁能开发(集团)有限公司,1
社会科学学部,经济与工商管理学院,硕士,2021,就业,重庆蓝岸通讯技术有限公司,1
社会科学学部,经济与工商管理学院,硕士,2021,就业,中国共产党重庆市委员会党校,1
社会科学学部,经济与工商管理学院,硕士,2021,就业,重庆新聚源建筑装饰工程有限公司,1
社会科学学部,经济与工商管理学院,硕士,2021,就业,重庆长安汽车国际销售服务有限公司,1
社会科学学部,经济与工商管理学院,硕士,2021,就业,安邦财产保险股份有限公司重庆分公司,1
社会科学学部,经济与工商管理学院,硕士,2021,就业,沙坪坝区沙坪坝街道办,1
社会科学学部,经济与工商管理学院,硕士,2021,就业,北京龙湖物业服务有限公司,1
社会科学学部,经济与工商管理学院,硕士,2021,就业,中建五局第三建设有限公司,1
社会科学学部,经济与工商管理学院,硕士,2021,就业,江苏方洋集团有限公司,1
社会科学学部,经济与工商管理学院,硕士,2021,出国(境)留学或工作,新加坡管理大学,1
社会科学学部,经济与工商管理学院,硕士,2021,就业,九江银行股份有限公司,1
社会科学学部,经济与工商管理学院,硕士,2021,就业,海信集团控股股份有限公司,1
社会科学学部,经济与工商管理学院,硕士,2021,就业,中国船舶重工集团公司第七一九研究所,1
社会科学学部,经济与工商管理学院,硕士,2021,就业,三一集团有限公司,1
社会科学学部,经济与工商管理学院,硕士,2021,升学,清华大学,1
社会科学学部,经济与工商管理学院,硕士,2021,就业,佛山市顺德区碧桂园物业发展有限公司,1
社会科学学部,经济与工商管理学院,硕士,2021,就业,盐城长辉管理咨询有限公司,1
社会科学学部,经济与工商管理学院,硕士,2021,就业,中建海峡建设发展有限公司,1
社会科学学部,经济与工商管理学院,硕士,2021,就业,重庆赛迪工程咨询有限公司,1
社会科学学部,经济与工商管理学院,硕士,2021,就业,腾讯科技(深圳)有限公司,1
社会科学学部,经济与工商管理学院,硕士,2021,就业,国网湖南省电力有限公司电力科学研究院,1
社会科学学部,经济与工商管理学院,硕士,2021,就业,中国三峡建工(集团)有限公司,1
社会科学学部,经济与工商管理学院,硕士,2021,就业,深圳市中集产城发展集团有限公司,1
社会科学学部,经济与工商管理学院,硕士,2021,选调生,中共阿坝州委组织部,1
社会科学学部,经济与工商管理学院,硕士,2021,就业,北京航天微电科技有限公司成都分公司,1
社会科学学部,经济与工商管理学院,硕士,2021,选调生,中共乐山市委组织部,1
社会科学学部,经济与工商管理学院,硕士,2021,就业,重庆国际信托股份有限公司,1
社会科学学部,经济与工商管理学院,硕士,2021,就业,重庆财经职业学院,1
社会科学学部,经济与工商管理学院,硕士,2021,就业,中电科技集团重庆声光电有限公司,1
社会科学学部,经济与工商管理学院,硕士,2021,就业,四川省宜宾五粮液集团有限公司,1
社会科学学部,经济与工商管理学院,硕士,2021,就业,北京六方云科技有限公司,1
社会科学学部,经济与工商管理学院,硕士,2021,就业,国家税务总局武汉市江岸区税务局,1
社会科学学部,经济与工商管理学院,硕士,2021,就业,中国三峡新能源(集团)股份有限公司西南分公司,1
社会科学学部,经济与工商管理学院,硕士,2021,就业,宁波市鄞州区人力资源和社会保障局,1
社会科学学部,经济与工商管理学院,硕士,2021,就业,广州虹科电子科技有限公司,1
社会科学学部,经济与工商管理学院,硕士,2021,就业,重庆财经学院,1
社会科学学部,经济与工商管理学院,硕士,2021,就业,国网重庆市电力公司,1
社会科学学部,经济与工商管理学院,硕士,2021,就业,深圳市晨北科技有限公司,1
社会科学学部,经济与工商管理学院,硕士,2021,出国(境)留学或工作,萨里大学,1
社会科学学部,经济与工商管理学院,硕士,2021,就业,重庆市北碚区财政局,1
社会科学学部,经济与工商管理学院,硕士,2021,就业,重庆京东方显示技术有限公司,1
社会科学学部,经济与工商管理学院,硕士,2021,就业,江西仟得文化传播有限公司,1
社会科学学部,经济与工商管理学院,硕士,2021,就业,重庆金山科技(集团)有限公司,1
社会科学学部,经济与工商管理学院,硕士,2021,就业,厦门亿力吉奥信息科技有限公司,1
社会科学学部,经济与工商管理学院,硕士,2021,就业,重庆农村商业银行潼南支行,1
社会科学学部,经济与工商管理学院,硕士,2021,就业,BC教育咨询(北京)有限公司重庆分公司,1
社会科学学部,经济与工商管理学院,硕士,2021,就业,重庆市城乡建设行政审批服务中心,1
社会科学学部,经济与工商管理学院,硕士,2021,就业,富士施乐(中国)有限公司重庆分公司,1
社会科学学部,经济与工商管理学院,硕士,2021,就业,重庆燃气集团股份有限公司,1
社会科学学部,经济与工商管理学院,硕士,2021,就业,砂之船商业管理集团有限公司,1
社会科学学部,经济与工商管理学院,硕士,2021,就业,中铝西南铝冷连轧板带有限公司,1
社会科学学部,经济与工商管理学院,硕士,2021,就业,重庆交运集团交运快递有限公司,1
社会科学学部,经济与工商管理学院,硕士,2021,就业,重庆市雨霖景观规划设计有限公司,1
社会科学学部,经济与工商管理学院,硕士,2021,就业,重庆蓝格广告策划有限公司,1
社会科学学部,经济与工商管理学院,硕士,2021,就业,民生银行重庆分行,1
社会科学学部,经济与工商管理学院,硕士,2021,就业,重庆市大足区新世纪理想城幼儿园,1
社会科学学部,经济与工商管理学院,硕士,2021,就业,重庆普华会计师事务所有限责任公司,1
社会科学学部,经济与工商管理学院,硕士,2021,就业,重庆渝海盛航股权投资基金管理有限公司,1
社会科学学部,经济与工商管理学院,硕士,2021,就业,重庆飞力达供应链管理有限公司,1
社会科学学部,经济与工商管理学院,硕士,2021,就业,贵州蓝美高防水保温工程有限公司,1
社会科学学部,经济与工商管理学院,硕士,2021,就业,重庆庞博商务信息咨询有限公司,1
社会科学学部,经济与工商管理学院,硕士,2021,就业,雅培贸易(上海)有限公司,1
社会科学学部,经济与工商管理学院,硕士,2021,就业,重庆新云潞咖啡产业有限公司,1
社会科学学部,经济与工商管理学院,硕士,2021,就业,重庆市人才大市场集团有限公,1
社会科学学部,经济与工商管理学院,硕士,2021,就业,重庆四联测控技术有限公司,1
社会科学学部,经济与工商管理学院,硕士,2021,就业,北京神州新桥科技有限公司,1
社会科学学部,经济与工商管理学院,硕士,2021,就业,重庆燃气安装工程有限责任公司,1
社会科学学部,经济与工商管理学院,硕士,2021,就业,重庆市纪委监委,1
社会科学学部,经济与工商管理学院,硕士,2021,就业,重庆蔓藤科技有限公司,1
社会科学学部,经济与工商管理学院,硕士,2021,就业,中船重工物资贸易集团重庆有限公司,1
社会科学学部,经济与工商管理学院,硕士,2021,就业,重庆璞润控股集团有限公司,1
社会科学学部,经济与工商管理学院,硕士,2021,就业,重庆鼎润科技发展有限公司,1
社会科学学部,经济与工商管理学院,硕士,2021,就业,重庆宜兴昌实业有限公司,1
社会科学学部,经济与工商管理学院,硕士,2021,就业,中国石化润滑油有限公司合成油脂分公司,1
社会科学学部,经济与工商管理学院,硕士,2021,就业,重庆华升律师事务所,1
社会科学学部,经济与工商管理学院,硕士,2021,就业,潍柴(重庆)汽车有限公司,1
社会科学学部,经济与工商管理学院,硕士,2021,就业,重庆康达环保产业(集团)有限公司,1
社会科学学部,经济与工商管理学院,硕士,2021,就业,重庆市融开投资发展有限公司,1
社会科学学部,经济与工商管理学院,硕士,2021,就业,重庆华景国际旅行社有限责任公司,1
社会科学学部,经济与工商管理学院,硕士,2021,就业,银华财富资本管理(北京)有限公司,1
社会科学学部,经济与工商管理学院,硕士,2021,就业,重庆市万盛经开区青年镇文化服务中心,1
社会科学学部,经济与工商管理学院,硕士,2021,就业,重庆汇宇信力建设工程有限公司,1
社会科学学部,经济与工商管理学院,硕士,2021,就业,重庆隆耕实业发展有限公司,1
社会科学学部,经济与工商管理学院,硕士,2021,就业,重庆市江北区古琦摄影室,1
社会科学学部,经济与工商管理学院,硕士,2021,就业,重庆两山建设投资有限公司,1
社会科学学部,经济与工商管理学院,硕士,2021,就业,重庆市步联科技有限公司,1
社会科学学部,经济与工商管理学院,硕士,2021,就业,华润雪花啤酒(四川)有限责任公司,1
社会科学学部,经济与工商管理学院,硕士,2021,就业,中国人民银行内江市中心支行,1
社会科学学部,经济与工商管理学院,硕士,2021,就业,重庆市垫江县五洞镇人民政府,1
社会科学学部,经济与工商管理学院,硕士,2021,就业,重庆尚擎科技有限公司,1
社会科学学部,经济与工商管理学院,硕士,2021,就业,重庆信航建设工程有限公司,1
社会科学学部,经济与工商管理学院,硕士,2021,就业,重庆瑞博机电工程有限公司,1
社会科学学部,经济与工商管理学院,硕士,2021,就业,宜信宜人贷(重庆珩郁达科技有限公司),1
社会科学学部,经济与工商管理学院,硕士,2021,就业,宁波梅山保税港区正旭投资管理有限公司,1
社会科学学部,经济与工商管理学院,硕士,2021,就业,重庆股份转让中心有限责任公司,1
社会科学学部,经济与工商管理学院,硕士,2021,就业,中国移动重庆公司,1
社会科学学部,经济与工商管理学院,硕士,2021,就业,垫江县桂阳小学校,1
社会科学学部,经济与工商管理学院,硕士,2021,就业,重庆荣曦文化传播有限公司,1
社会科学学部,经济与工商管理学院,硕士,2021,就业,重庆红蜻蜓油脂有限责任公司,1
社会科学学部,经济与工商管理学院,硕士,2021,就业,重庆力帆实业(集团)进出口有限公司,1
社会科学学部,经济与工商管理学院,硕士,2021,就业,天健会计师事务所(特殊普通合伙)重庆分所,1
社会科学学部,经济与工商管理学院,硕士,2021,就业,重庆西南医院,1
社会科学学部,经济与工商管理学院,硕士,2021,就业,重庆上创新微股权投资基金管理有限公司,1
社会科学学部,经济与工商管理学院,硕士,2021,就业,重庆市渝中区人民政府办公室,1
社会科学学部,经济与工商管理学院,硕士,2021,就业,重庆延锋安道拓汽车部件系统有限公司,1
社会科学学部,经济与工商管理学院,硕士,2021,就业,重庆昀锐商贸有限公司,1
社会科学学部,经济与工商管理学院,硕士,2021,就业,北京优锘科技有限公司,1
社会科学学部,经济与工商管理学院,硕士,2021,就业,重庆华融天泽基础设施发展有限公司,1
社会科学学部,经济与工商管理学院,硕士,2021,就业,重庆日报报业集团,1
社会科学学部,经济与工商管理学院,硕士,2021,就业,重庆天箭惯性科技股份有限公司,1
社会科学学部,经济与工商管理学院,硕士,2021,就业,重庆精研知识产权代理有限公司,1
社会科学学部,经济与工商管理学院,硕士,2021,就业,宜宾市商业银行,1
社会科学学部,经济与工商管理学院,硕士,2021,就业,成都市龙泉驿区人力资源和社会保障局,1
社会科学学部,经济与工商管理学院,硕士,2021,就业,重庆菲斯克人力资源管理有限公司,1
社会科学学部,经济与工商管理学院,硕士,2021,就业,四川省知识产权服务促进中心,1
社会科学学部,经济与工商管理学院,硕士,2021,选调生,中共成都市委组织部,1
社会科学学部,经济与工商管理学院,硕士,2021,就业,陆军军医大学第二附属医院(新桥医院),1
社会科学学部,经济与工商管理学院,硕士,2021,就业,融侨(福州)置业有限公司,1
社会科学学部,经济与工商管理学院,硕士,2021,就业,珠海农村商业银行股份有限公司,1
社会科学学部,经济与工商管理学院,硕士,2021,就业,普华永道中天会计师事务所(特殊普通合伙)重庆分所,1
社会科学学部,经济与工商管理学院,硕士,2021,就业,重庆第二师范学院,1
社会科学学部,经济与工商管理学院,硕士,2021,选调生,中共开封市委组织部,1
社会科学学部,经济与工商管理学院,硕士,2021,选调生,中国共产党自贡市委员会组织部,1
社会科学学部,经济与工商管理学院,硕士,2021,就业,正邦集团有限公司,1
社会科学学部,经济与工商管理学院,硕士,2021,选调生,中国共产党广安市委员组织部,1
社会科学学部,经济与工商管理学院,硕士,2021,就业,重庆西部大数据前沿应用研究院,1
社会科学学部,经济与工商管理学院,硕士,2021,就业,中煤科工集团重庆研究院有限公司,1
社会科学学部,经济与工商管理学院,硕士,2021,选调生,中国共产党重庆市委员会组织部,1
社会科学学部,经济与工商管理学院,硕士,2021,选调生,中国共产党广安市委员会组织部,1
社会科学学部,经济与工商管理学院,硕士,2021,就业,江苏银行股份有限公司北京分行,1
社会科学学部,经济与工商管理学院,硕士,2021,选调生,中共巴中市委组织部,1
社会科学学部,经济与工商管理学院,硕士,2021,就业,重庆国家金融科技认证中心有限责任公司,1
社会科学学部,经济与工商管理学院,硕士,2021,选调生,中国共产党内江市委员会组织部,1
社会科学学部,经济与工商管理学院,硕士,2021,就业,成都航空有限公司,1
社会科学学部,经济与工商管理学院,硕士,2021,就业,深圳担保集团有限公司,1
社会科学学部,经济与工商管理学院,硕士,2021,就业,中国烟草总公司重庆市公司万盛分公司,1
社会科学学部,经济与工商管理学院,硕士,2021,选调生,中国共产党宜宾市委员会组织部,1
社会科学学部,经济与工商管理学院,硕士,2021,就业,重庆两江卫星移动通信有限公司,1
社会科学学部,经济与工商管理学院,硕士,2021,就业,重庆工程职业技术学院,1
社会科学学部,经济与工商管理学院,硕士,2021,就业,上海哔哩哔哩科技有限公司,1
社会科学学部,经济与工商管理学院,硕士,2021,就业,宁德时代新能源科技股份有限公司,1
社会科学学部,经济与工商管理学院,硕士,2021,就业,维沃移动通信有限公司,1
社会科学学部,经济与工商管理学院,硕士,2021,就业,重庆飞驶特人力资源管理有限公司,1
社会科学学部,经济与工商管理学院,硕士,2021,就业,重庆市轨道交通(集团)有限公司,1
社会科学学部,经济与工商管理学院,硕士,2021,就业,中国工程物理研究院化工材料研究所,1
社会科学学部,经济与工商管理学院,硕士,2021,就业,广东中大管理咨询集团股份有限公司,1
社会科学学部,经济与工商管理学院,硕士,2021,选调生,中共陕西省委组织部,1
社会科学学部,经济与工商管理学院,硕士,2021,就业,中国电子系统工程第三建设有限公司,1
社会科学学部,经济与工商管理学院,硕士,2021,升学,四川大学,1
社会科学学部,经济与工商管理学院,硕士,2021,就业,重庆正大农牧食品有限公司,1
社会科学学部,经济与工商管理学院,博士,2021,就业,重庆工商大学,4
社会科学学部,经济与工商管理学院,博士,2021,就业,重庆交通大学,2
社会科学学部,经济与工商管理学院,博士,2021,就业,重庆理工大学,2
社会科学学部,经济与工商管理学院,博士,2021,就业,重庆师范大学,2
社会科学学部,经济与工商管理学院,博士,2021,就业,西南政法大学,2
社会科学学部,经济与工商管理学院,博士,2021,就业,安徽大学,1
社会科学学部,经济与工商管理学院,博士,2021,就业,江西财经大学,1
社会科学学部,经济与工商管理学院,博士,2021,就业,重庆银行股份有限公司,1
社会科学学部,经济与工商管理学院,博士,2021,就业,常州大学,1
社会科学学部,经济与工商管理学院,博士,2021,就业,四川师范大学,1
社会科学学部,经济与工商管理学院,博士,2021,就业,西南科技大学,1
社会科学学部,经济与工商管理学院,博士,2021,就业,清华大学,1
社会科学学部,经济与工商管理学院,博士,2021,就业,湖南大学,1
社会科学学部,经济与工商管理学院,博士,2021,就业,河南大学,1
社会科学学部,经济与工商管理学院,博士,2021,就业,四川金融控股集团有限公司,1
社会科学学部,经济与工商管理学院,博士,2021,就业,四川外国语大学,1
社会科学学部,经济与工商管理学院,博士,2021,就业,国家外汇管理局研究中心,1
社会科学学部,经济与工商管理学院,博士,2021,就业,海南大学,1
社会科学学部,经济与工商管理学院,本科,2022,升学,重庆大学,55
社会科学学部,经济与工商管理学院,本科,2022,出国(境)留学或工作,香港中文大学,10
社会科学学部,经济与工商管理学院,本科,2022,升学,南京大学,8
社会科学学部,经济与工商管理学院,本科,2022,出国(境)留学或工作,南洋理工大学,6
社会科学学部,经济与工商管理学院,本科,2022,出国(境)留学或工作,布里斯托大学,6
社会科学学部,经济与工商管理学院,本科,2022,出国(境)留学或工作,曼彻斯特大学,5
社会科学学部,经济与工商管理学院,本科,2022,升学,西安交通大学,5
社会科学学部,经济与工商管理学院,本科,2022,升学,上海交通大学,5
社会科学学部,经济与工商管理学院,本科,2022,升学,上海财经大学,5
社会科学学部,经济与工商管理学院,本科,2022,升学,武汉大学,5
社会科学学部,经济与工商管理学院,本科,2022,升学,中国人民大学,4
社会科学学部,经济与工商管理学院,本科,2022,升学,西南财经大学,4
社会科学学部,经济与工商管理学院,本科,2022,出国(境)留学或工作,香港大学,4
社会科学学部,经济与工商管理学院,本科,2022,升学,东南大学,4
社会科学学部,经济与工商管理学院,本科,2022,出国(境)留学或工作,华威大学,4
社会科学学部,经济与工商管理学院,本科,2022,就业,海信集团控股股份有限公司,3
社会科学学部,经济与工商管理学院,本科,2022,出国(境)留学或工作,香港城市大学,3
社会科学学部,经济与工商管理学院,本科,2022,升学,对外经济贸易大学,3
社会科学学部,经济与工商管理学院,本科,2022,升学,中央财经大学,3
社会科学学部,经济与工商管理学院,本科,2022,升学,中山大学,3
社会科学学部,经济与工商管理学院,本科,2022,升学,天津大学,3
社会科学学部,经济与工商管理学院,本科,2022,升学,中国科学技术大学,3
社会科学学部,经济与工商管理学院,本科,2022,升学,南开大学,2
社会科学学部,经济与工商管理学院,本科,2022,出国(境)留学或工作,西北大学,2
社会科学学部,经济与工商管理学院,本科,2022,出国(境)留学或工作,京都大学,2
社会科学学部,经济与工商管理学院,本科,2022,升学,厦门大学,2
社会科学学部,经济与工商管理学院,本科,2022,出国(境)留学或工作,悉尼大学,2
社会科学学部,经济与工商管理学院,本科,2022,就业,毕马威华振会计师事务所(特殊普通合伙),2
社会科学学部,经济与工商管理学院,本科,2022,出国(境)留学或工作,香港科技大学,2
社会科学学部,经济与工商管理学院,本科,2022,出国(境)留学或工作,新加坡管理大学,2
社会科学学部,经济与工商管理学院,本科,2022,升学,哈尔滨工业大学,2
社会科学学部,经济与工商管理学院,本科,2022,就业,海信家电集团股份有限公司,2
社会科学学部,经济与工商管理学院,本科,2022,就业,浪潮集团有限公司,2
社会科学学部,经济与工商管理学院,本科,2022,升学,同济大学,2
社会科学学部,经济与工商管理学院,本科,2022,就业,成都万科物业服务有限公司重庆分公司,2
社会科学学部,经济与工商管理学院,本科,2022,就业,福建南孚市场营销有限公司,2
社会科学学部,经济与工商管理学院,本科,2022,就业,广东美的制冷设备有限公司,2
社会科学学部,经济与工商管理学院,本科,2022,出国(境)留学或工作,杜伦大学,2
社会科学学部,经济与工商管理学院,本科,2022,就业,浙江晶盛机电股份有限公司,2
社会科学学部,经济与工商管理学院,本科,2022,升学,华东师范大学,2
社会科学学部,经济与工商管理学院,本科,2022,出国(境)留学或工作,格拉斯哥大学,2
社会科学学部,经济与工商管理学院,本科,2022,出国(境)留学或工作,新加坡国立大学,2
社会科学学部,经济与工商管理学院,本科,2022,出国(境)留学或工作,南加州大学,2
社会科学学部,经济与工商管理学院,本科,2022,就业,中国建筑土木建设有限公司,2
社会科学学部,经济与工商管理学院,本科,2022,就业,中国工商银行股份有限公司乌鲁木齐分行,2
社会科学学部,经济与工商管理学院,本科,2022,就业,绵阳市涪城区经开摩西教育英语培训学校,1
社会科学学部,经济与工商管理学院,本科,2022,升学,上海师范大学,1
社会科学学部,经济与工商管理学院,本科,2022,出国(境)留学或工作,麦考瑞大学,1
社会科学学部,经济与工商管理学院,本科,2022,就业,立信会计师事务所(特殊普通合伙),1
社会科学学部,经济与工商管理学院,本科,2022,选调生,中共石家庄市委组织部,1
社会科学学部,经济与工商管理学院,本科,2022,升学,北京大学深圳研究生院,1
社会科学学部,经济与工商管理学院,本科,2022,就业,中建八局发展建设有限公司,1
社会科学学部,经济与工商管理学院,本科,2022,就业,普华永道中天会计师事务所(特殊普通合伙)北京分所,1
社会科学学部,经济与工商管理学院,本科,2022,升学,中国政法大学,1
社会科学学部,经济与工商管理学院,本科,2022,就业,东莞新奥燃气有限公司,1
社会科学学部,经济与工商管理学院,本科,2022,就业,青岛鼎信通讯股份有限公司,1
社会科学学部,经济与工商管理学院,本科,2022,升学,浙江大学,1
社会科学学部,经济与工商管理学院,本科,2022,就业,国家税务总局闽侯县税务局,1
社会科学学部,经济与工商管理学院,本科,2022,出国(境)留学或工作,苏黎世大学,1
社会科学学部,经济与工商管理学院,本科,2022,就业,天健会计师事务所(特殊普通合伙)重庆分所,1
社会科学学部,经济与工商管理学院,本科,2022,就业,正领管理咨询(深圳)有限公司,1
社会科学学部,经济与工商管理学院,本科,2022,就业,兰州市中医医院,1
社会科学学部,经济与工商管理学院,本科,2022,就业,沙坪坝区城市管理综合行政执法支队,1
社会科学学部,经济与工商管理学院,本科,2022,就业,中国石油天然气股份有限公司四川销售分公司,1
社会科学学部,经济与工商管理学院,本科,2022,就业,安永(中国)企业咨询有限公司北京分公司,1
社会科学学部,经济与工商管理学院,本科,2022,就业,致同会计师事务所(特殊普通合伙)福州分所,1
社会科学学部,经济与工商管理学院,本科,2022,升学,中南大学,1
社会科学学部,经济与工商管理学院,本科,2022,就业,招商银行股份有限公司贵阳分行,1
社会科学学部,经济与工商管理学院,本科,2022,就业,广州农村商业银行股份有限公司,1
社会科学学部,经济与工商管理学院,本科,2022,就业,南京医基云医疗数据研究院有限公司,1
社会科学学部,经济与工商管理学院,本科,2022,就业,宁德时代新能源科技股份有限公司,1
社会科学学部,经济与工商管理学院,本科,2022,就业,中移物联网有限公司,1
社会科学学部,经济与工商管理学院,本科,2022,就业,上汽大众汽车有限公司,1
社会科学学部,经济与工商管理学院,本科,2022,就业,中国工商银行股份有限公司软件开发中心,1
社会科学学部,经济与工商管理学院,本科,2022,就业,海能达通信股份有限公司,1
社会科学学部,经济与工商管理学院,本科,2022,升学,湖北省社会科学院,1
社会科学学部,经济与工商管理学院,本科,2022,就业,重庆长安汽车股份有限公司,1
社会科学学部,经济与工商管理学院,本科,2022,就业,物产中大元通实业集团有限公司,1
社会科学学部,经济与工商管理学院,本科,2022,志愿服务西部计划,人和街道办事处,1
社会科学学部,经济与工商管理学院,本科,2022,升学,中国科学院大学,1
社会科学学部,经济与工商管理学院,本科,2022,选调生,中共黔西南州委组织部,1
社会科学学部,经济与工商管理学院,本科,2022,出国(境)留学或工作,博科尼大学,1
社会科学学部,经济与工商管理学院,本科,2022,就业,广发银行股份有限公司大连分行,1
社会科学学部,经济与工商管理学院,本科,2022,升学,东北财经大学,1
社会科学学部,经济与工商管理学院,本科,2022,就业,阳光人寿保险股份有限公司重庆分公司,1
社会科学学部,经济与工商管理学院,本科,2022,就业,国家税务总局成都市郫都区税务局,1
社会科学学部,经济与工商管理学院,本科,2022,就业,苏州安特威阀门有限公司,1
社会科学学部,经济与工商管理学院,本科,2022,出国(境)留学或工作,南安普敦大学,1
社会科学学部,经济与工商管理学院,本科,2022,就业,三星(中国)半导体有限公司,1
社会科学学部,经济与工商管理学院,本科,2022,就业,强生(上海)医疗器材有限公司,1
社会科学学部,经济与工商管理学院,本科,2022,升学,北京理工大学,1
社会科学学部,经济与工商管理学院,本科,2022,就业,浙江华友钴业股份有限公司,1
社会科学学部,经济与工商管理学院,本科,2022,出国(境)留学或工作,伯明翰大学,1
社会科学学部,经济与工商管理学院,本科,2022,就业,宿迁市宿豫区财政局,1
社会科学学部,经济与工商管理学院,本科,2022,就业,汤丽柏琦(上海)商贸有限公司,1
社会科学学部,经济与工商管理学院,本科,2022,就业,深圳市中兴新云服务有限公司,1
社会科学学部,经济与工商管理学院,本科,2022,就业,重庆全咨工程咨询有限公司,1
社会科学学部,经济与工商管理学院,本科,2022,就业,重庆硕盈峰新能源科技有限公司,1
社会科学学部,经济与工商管理学院,本科,2022,就业,河南省汉森体育文化传播有限公司,1
社会科学学部,经济与工商管理学院,本科,2022,选调生,中共黔东南州委组织部,1
社会科学学部,经济与工商管理学院,本科,2022,升学,华中科技大学,1
社会科学学部,经济与工商管理学院,本科,2022,就业,武汉生态环境投资发展集团有限公司,1
社会科学学部,经济与工商管理学院,本科,2022,就业,上海中南锦时置业有限责任公司,1
社会科学学部,经济与工商管理学院,本科,2022,就业,重庆渝欧跨境电子商务股份有限公司,1
社会科学学部,经济与工商管理学院,本科,2022,就业,九江银行股份有限公司,1
社会科学学部,经济与工商管理学院,本科,2022,就业,中国建设银行股份有限公司柳州分行,1
社会科学学部,经济与工商管理学院,本科,2022,升学,西华大学,1
社会科学学部,经济与工商管理学院,本科,2022,就业,中铁五局集团贵州工程有限公司,1
社会科学学部,经济与工商管理学院,本科,2022,就业,国网陕西省电力有限公司西安供电公司,1
社会科学学部,经济与工商管理学院,本科,2022,就业,中兴通讯股份有限公司,1
社会科学学部,经济与工商管理学院,本科,2022,就业,国家税务总局柳州高新技术产业开发区税务局,1
社会科学学部,经济与工商管理学院,本科,2022,就业,上海汉得信息技术股份有限公司深圳分公司,1
社会科学学部,经济与工商管理学院,本科,2022,就业,重庆三峡油漆股份有限公司,1
社会科学学部,经济与工商管理学院,本科,2022,就业,徐州徐工农业装备科技有限公司,1
社会科学学部,经济与工商管理学院,本科,2022,出国(境)留学或工作,墨尔本大学,1
社会科学学部,经济与工商管理学院,本科,2022,选调生,中国共产党泸县委员会组织部,1
社会科学学部,经济与工商管理学院,本科,2022,就业,中建西部建设西南有限公司,1
社会科学学部,经济与工商管理学院,本科,2022,就业,中信证券股份有限公司泸州星光路证券营业部,1
社会科学学部,经济与工商管理学院,本科,2022,就业,中国建筑第五工程局有限公司河南分公司,1
社会科学学部,经济与工商管理学院,本科,2022,选调生,喀什地区疏附县审计局,1
社会科学学部,经济与工商管理学院,本科,2022,就业,中国工商银行股份有限公司西藏自治区分行,1
社会科学学部,经济与工商管理学院,本科,2022,就业,成立航空股份有限公司,1
社会科学学部,经济与工商管理学院,本科,2022,就业,飞利浦企业服务(苏州)有限公司,1
社会科学学部,经济与工商管理学院,本科,2022,就业,重庆金辉长江房地产有限公司,1
社会科学学部,经济与工商管理学院,本科,2022,就业,中铁房地产集团华南有限公司,1
社会科学学部,经济与工商管理学院,本科,2022,选调生,中共黔南州委组织部,1
社会科学学部,经济与工商管理学院,本科,2022,升学,华南理工大学,1
社会科学学部,经济与工商管理学院,本科,2022,就业,广州未来一手网络科技有限公司,1
社会科学学部,经济与工商管理学院,本科,2022,就业,中国农业银行股份有限公司西藏自治区分行,1
社会科学学部,经济与工商管理学院,本科,2022,就业,重庆大龙网科技集团有限公司,1
社会科学学部,经济与工商管理学院,本科,2022,升学,电子科技大学,1
社会科学学部,经济与工商管理学院,本科,2022,选调生,喀什地区巴楚县人民法院,1
社会科学学部,经济与工商管理学院,本科,2022,就业,国家税务总局重庆两江新区税务局,1
社会科学学部,经济与工商管理学院,本科,2022,就业,重庆左岸环境服务股份有限公司,1
社会科学学部,经济与工商管理学院,本科,2022,就业,重庆阿克索信息科技有限公司,1
社会科学学部,经济与工商管理学院,本科,2022,就业,顾家家居股份有限公司,1
社会科学学部,经济与工商管理学院,本科,2022,就业,广东睿住智能科技有限公司,1
社会科学学部,经济与工商管理学院,本科,2022,就业,比亚迪股份有限公司,1
社会科学学部,经济与工商管理学院,本科,2022,就业,重庆海装风电销售有限公司,1
社会科学学部,经济与工商管理学院,本科,2022,就业,锐珂亚太投资管理(上海)有限公司,1
社会科学学部,经济与工商管理学院,本科,2022,就业,中建隧道建设有限公司,1
社会科学学部,经济与工商管理学院,本科,2022,升学,中国计量大学,1
社会科学学部,经济与工商管理学院,本科,2022,就业,中国联合网络通信有限公司重庆市分公司,1
社会科学学部,经济与工商管理学院,本科,2022,出国(境)留学或工作,澳大利亚国立大学,1
社会科学学部,经济与工商管理学院,本科,2022,升学,复旦大学,1
社会科学学部,经济与工商管理学院,本科,2022,升学,清华大学,1
社会科学学部,经济与工商管理学院,本科,2022,出国(境)留学或工作,旧金山大学,1
社会科学学部,经济与工商管理学院,本科,2022,出国(境)留学或工作,伦敦国王学院,1
社会科学学部,经济与工商管理学院,本科,2022,选调生,义乌市委组织部,1
社会科学学部,经济与工商管理学院,本科,2022,出国(境)留学或工作,昆士兰大学,1
社会科学学部,经济与工商管理学院,本科,2022,就业,四川巴罗股权投资基金管理有限公司,1
社会科学学部,经济与工商管理学院,硕士,2022,选调生,中国共产党重庆市委员会组织部,22
社会科学学部,经济与工商管理学院,硕士,2022,就业,长安福特汽车有限公司,7
社会科学学部,经济与工商管理学院,硕士,2022,就业,重庆长安汽车股份有限公司,6
社会科学学部,经济与工商管理学院,硕士,2022,就业,中电科技集团重庆声光电有限公司,6
社会科学学部,经济与工商管理学院,硕士,2022,就业,荣耀终端有限公司,3
社会科学学部,经济与工商管理学院,硕士,2022,选调生,中国共产党成都市委员会组织部,3
社会科学学部,经济与工商管理学院,硕士,2022,就业,重庆前卫科技集团有限公司,3
社会科学学部,经济与工商管理学院,硕士,2022,就业,德勤华庆商务服务有限公司,3
社会科学学部,经济与工商管理学院,硕士,2022,就业,天健会计师事务所(特殊普通合伙)重庆分所,3
社会科学学部,经济与工商管理学院,硕士,2022,就业,鸿富锦精密电子(重庆)有限公司,3
社会科学学部,经济与工商管理学院,硕士,2022,就业,中国民生银行股份有限公司重庆分行,3
社会科学学部,经济与工商管理学院,硕士,2022,就业,重庆国际复合材料股份有限公司,3
社会科学学部,经济与工商管理学院,硕士,2022,就业,杭州银行股份有限公司,2
社会科学学部,经济与工商管理学院,硕士,2022,就业,成都龙湖物业服务有限公司,2
社会科学学部,经济与工商管理学院,硕士,2022,选调生,中共贵阳市委组织部,2
社会科学学部,经济与工商管理学院,硕士,2022,就业,中国铁路成都局集团有限公司,2
社会科学学部,经济与工商管理学院,硕士,2022,就业,重庆小康工业集团股份有限公司,2
社会科学学部,经济与工商管理学院,硕士,2022,就业,重庆水务集团股份有限公司,2
社会科学学部,经济与工商管理学院,硕士,2022,就业,北京京东世纪贸易有限公司,2
社会科学学部,经济与工商管理学院,硕士,2022,就业,德勤华永会计师事务所(特殊普通合伙)重庆分所,2
社会科学学部,经济与工商管理学院,硕士,2022,就业,中国建筑第二工程局有限公司西南分公司,2
社会科学学部,经济与工商管理学院,硕士,2022,就业,兴业银行股份有限公司重庆分行,2
社会科学学部,经济与工商管理学院,硕士,2022,就业,重庆医药(集团)股份有限公司,2
社会科学学部,经济与工商管理学院,硕士,2022,就业,上海恬淡资产管理有限公司,2
社会科学学部,经济与工商管理学院,硕士,2022,就业,重庆市人民政府办公厅,2
社会科学学部,经济与工商管理学院,硕士,2022,就业,华夏航空股份有限公司,2
社会科学学部,经济与工商管理学院,硕士,2022,就业,申万宏源证券有限公司重庆分公司,2
社会科学学部,经济与工商管理学院,硕士,2022,就业,恒丰银行股份有限公司重庆分行,2
社会科学学部,经济与工商管理学院,硕士,2022,就业,马上消费金融股份有限公司,2
社会科学学部,经济与工商管理学院,硕士,2022,就业,新奥集团股份有限公司,2
社会科学学部,经济与工商管理学院,硕士,2022,就业,华为技术有限公司,2
社会科学学部,经济与工商管理学院,硕士,2022,就业,云航时代(重庆)科技有限公司,2
社会科学学部,经济与工商管理学院,硕士,2022,就业,重庆优合一众网络科技有限公司,2
社会科学学部,经济与工商管理学院,硕士,2022,就业,金科地产集团股份有限公司,2
社会科学学部,经济与工商管理学院,硕士,2022,就业,交通银行股份有限公司重庆市分行,2
社会科学学部,经济与工商管理学院,硕士,2022,选调生,中共重庆市委组织部,2
社会科学学部,经济与工商管理学院,硕士,2022,选调生,中共贵州省委组织部,2
社会科学学部,经济与工商管理学院,硕士,2022,就业,中移物联网有限公司,2
社会科学学部,经济与工商管理学院,硕士,2022,就业,上海浦东发展银行股份有限公司成都分行,2
社会科学学部,经济与工商管理学院,硕士,2022,选调生,中共达州市委组织部,2
社会科学学部,经济与工商管理学院,硕士,2022,就业,申港证券股份有限公司,2
社会科学学部,经济与工商管理学院,硕士,2022,就业,中国银行保险监督管理委员会重庆监管局,2
社会科学学部,经济与工商管理学院,硕士,2022,就业,西南证券股份有限公司,2
社会科学学部,经济与工商管理学院,硕士,2022,就业,光大证券股份有限公司,2
社会科学学部,经济与工商管理学院,硕士,2022,就业,中铁开发投资集团有限公司,1
社会科学学部,经济与工商管理学院,硕士,2022,就业,重庆安吉红岩物流有限公司,1
社会科学学部,经济与工商管理学院,硕士,2022,就业,重庆电力高等专科学校,1
社会科学学部,经济与工商管理学院,硕士,2022,就业,融乐时代代(海南)文化发展有限公司北京分公司,1
社会科学学部,经济与工商管理学院,硕士,2022,就业,高创(苏州)电子有限公司,1
社会科学学部,经济与工商管理学院,硕士,2022,就业,重庆市中医院,1
社会科学学部,经济与工商管理学院,硕士,2022,就业,大华会计师事务所(特殊普通合伙)重庆分所,1
社会科学学部,经济与工商管理学院,硕士,2022,就业,重庆市合川区地方税务局,1
社会科学学部,经济与工商管理学院,硕士,2022,就业,华能重庆珞璜发电有限责任公司,1
社会科学学部,经济与工商管理学院,硕士,2022,就业,中国农业银行股份有限公司重庆城口支行,1
社会科学学部,经济与工商管理学院,硕士,2022,就业,重庆艾思科汽车电子有限公司,1
社会科学学部,经济与工商管理学院,硕士,2022,就业,中国电子科技集团公司第五十四研究所,1
社会科学学部,经济与工商管理学院,硕士,2022,就业,陕西省财政厅,1
社会科学学部,经济与工商管理学院,硕士,2022,就业,国能榆林化工有限公司,1
社会科学学部,经济与工商管理学院,硕士,2022,就业,金蝶软件(中国)有限公司,1
社会科学学部,经济与工商管理学院,硕士,2022,就业,海能达通信股份有限公司,1
社会科学学部,经济与工商管理学院,硕士,2022,就业,郑州华润燃气股份有限公司,1
社会科学学部,经济与工商管理学院,硕士,2022,就业,重庆国际复合材料有限公司,1
社会科学学部,经济与工商管理学院,硕士,2022,就业,中国电信股份有限公司贵州分公司,1
社会科学学部,经济与工商管理学院,硕士,2022,就业,四川长虹电器股份有限公司,1
社会科学学部,经济与工商管理学院,硕士,2022,就业,北京荣耀终端有限公司,1
社会科学学部,经济与工商管理学院,硕士,2022,就业,九州证券股份有限公司,1
社会科学学部,经济与工商管理学院,硕士,2022,就业,中信银行股份有限公司重庆分行,1
社会科学学部,经济与工商管理学院,硕士,2022,就业,中国邮政集团有限公司重庆市分公司,1
社会科学学部,经济与工商管理学院,硕士,2022,就业,浙商银行股份有限公司,1
社会科学学部,经济与工商管理学院,硕士,2022,就业,中国银行保险监督管理委员会苏州监管分局,1
社会科学学部,经济与工商管理学院,硕士,2022,就业,德勤华永会计师事务所(特殊普通合伙)武汉分所,1
社会科学学部,经济与工商管理学院,硕士,2022,就业,国网湖北省电力有限公司荆门供电公司,1
社会科学学部,经济与工商管理学院,硕士,2022,选调生,中共南昌市委组织部,1
社会科学学部,经济与工商管理学院,硕士,2022,就业,远景能源有限公司上海分公司,1
社会科学学部,经济与工商管理学院,硕士,2022,就业,普华永道中天会计师事务所(特殊普通合伙)重庆分所,1
社会科学学部,经济与工商管理学院,硕士,2022,就业,北京罗克维尔斯科技有限公司,1
社会科学学部,经济与工商管理学院,硕士,2022,就业,重庆长安新能源汽车科技有限公司,1
社会科学学部,经济与工商管理学院,硕士,2022,就业,海华电子企业(中国)有限公司,1
社会科学学部,经济与工商管理学院,硕士,2022,就业,苏州汇川技术有限公司,1
社会科学学部,经济与工商管理学院,硕士,2022,就业,惠州亿纬锂能股份有限公司,1
社会科学学部,经济与工商管理学院,硕士,2022,就业,蓝月亮(中国)有限公司,1
社会科学学部,经济与工商管理学院,硕士,2022,就业,成都市龙泉驿区人力资源和社会保障局,1
社会科学学部,经济与工商管理学院,硕士,2022,就业,毕马威华振会计师事务所(特殊普通合伙)成都分所,1
社会科学学部,经济与工商管理学院,硕士,2022,就业,顾家家居股份有限公司,1
社会科学学部,经济与工商管理学院,硕士,2022,就业,审计署驻重庆特派员办事处,1
社会科学学部,经济与工商管理学院,硕士,2022,就业,四川广电传媒集团有限公司,1
社会科学学部,经济与工商管理学院,硕士,2022,就业,中国核工业二三建设有限公司,1
社会科学学部,经济与工商管理学院,硕士,2022,就业,东吴证券股份有限公司,1
社会科学学部,经济与工商管理学院,硕士,2022,就业,重庆市九龙坡区审计中心,1
社会科学学部,经济与工商管理学院,硕士,2022,就业,重庆和彰企业管理咨询有限公司,1
社会科学学部,经济与工商管理学院,硕士,2022,就业,国家税务总局西咸新区秦汉新城税务局,1
社会科学学部,经济与工商管理学院,硕士,2022,就业,重庆中电光谷科技城开发有限公司,1
社会科学学部,经济与工商管理学院,硕士,2022,就业,中国建筑材料科学研究总院有限公司,1
社会科学学部,经济与工商管理学院,硕士,2022,就业,成都方源房地产咨询服务有限公司,1
社会科学学部,经济与工商管理学院,硕士,2022,就业,安永华明会计师事务所(特殊普通合伙)上海分所,1
社会科学学部,经济与工商管理学院,硕士,2022,就业,浙江吉利控股集团有限公司,1
社会科学学部,经济与工商管理学院,硕士,2022,就业,重庆市铜梁区人民政府巴川街道办事处,1
社会科学学部,经济与工商管理学院,硕士,2022,就业,重庆博腾制药科技股份有限公司,1
社会科学学部,经济与工商管理学院,硕士,2022,就业,国家税务总局重庆市万盛经济技术开发区税务局,1
社会科学学部,经济与工商管理学院,硕士,2022,就业,重庆市九龙坡区人民政府黄桷坪街道办事处,1
社会科学学部,经济与工商管理学院,硕士,2022,就业,重庆市忠县司法局,1
社会科学学部,经济与工商管理学院,硕士,2022,就业,重庆市巴南区寒松广告有限公司,1
社会科学学部,经济与工商管理学院,硕士,2022,就业,重庆市北碚区国有资产监督管理委员会,1
社会科学学部,经济与工商管理学院,硕士,2022,就业,重庆市璧山区正兴镇人民政府,1
社会科学学部,经济与工商管理学院,硕士,2022,就业,四川东树新材料有限公司,1
社会科学学部,经济与工商管理学院,硕士,2022,就业,重庆华源防腐保温工程有限公司,1
社会科学学部,经济与工商管理学院,硕士,2022,就业,中铁水务集团有限公司,1
社会科学学部,经济与工商管理学院,硕士,2022,就业,重庆林刘科贸有限公司,1
社会科学学部,经济与工商管理学院,硕士,2022,就业,中国共产党达州市达川区九岭乡委员会,1
社会科学学部,经济与工商管理学院,硕士,2022,就业,重庆化医控股(集团)公司,1
社会科学学部,经济与工商管理学院,硕士,2022,就业,中国电信股份有限公司重庆分公司,1
社会科学学部,经济与工商管理学院,硕士,2022,就业,中国建设银行股份有限公司重庆渝中区支行,1
社会科学学部,经济与工商管理学院,硕士,2022,就业,重庆工业大数据创新中心有限公司,1
社会科学学部,经济与工商管理学院,硕士,2022,就业,中国移动通信集团浙江有限公司宁波分公司,1
社会科学学部,经济与工商管理学院,硕士,2022,就业,华中师范大学,1
社会科学学部,经济与工商管理学院,硕士,2022,就业,华夏湘江股份有限公司,1
社会科学学部,经济与工商管理学院,硕士,2022,就业,河南新田物业服务有限公司,1
社会科学学部,经济与工商管理学院,硕士,2022,就业,重庆市福利彩票发行中心,1
社会科学学部,经济与工商管理学院,硕士,2022,就业,中国电子科技集团公司第二十六研究所,1
社会科学学部,经济与工商管理学院,硕士,2022,就业,重庆农村商业银行股份有限公司綦江支行,1
社会科学学部,经济与工商管理学院,硕士,2022,就业,烟台海德专用汽车有限公司,1
社会科学学部,经济与工商管理学院,硕士,2022,就业,高仕教育科技有限公司,1
社会科学学部,经济与工商管理学院,硕士,2022,就业,重庆市农业担保有限公司,1
社会科学学部,经济与工商管理学院,硕士,2022,就业,重庆香瓜科技有限公司,1
社会科学学部,经济与工商管理学院,硕士,2022,就业,重庆易博翼家教育科技有限公司,1
社会科学学部,经济与工商管理学院,硕士,2022,就业,重庆顶睿企业管理咨询有限公司,1
社会科学学部,经济与工商管理学院,硕士,2022,就业,重庆易日笙商务信息咨询有限公司,1
社会科学学部,经济与工商管理学院,硕士,2022,就业,重庆蜂鸟股权投资基金管理有限公司,1
社会科学学部,经济与工商管理学院,硕士,2022,就业,巫溪县审计局,1
社会科学学部,经济与工商管理学院,硕士,2022,就业,中外运化工国际物流有限公司,1
社会科学学部,经济与工商管理学院,硕士,2022,就业,深圳市鼎辰国际物流有限公司,1
社会科学学部,经济与工商管理学院,硕士,2022,就业,重庆汇君机械制造有限公司,1
社会科学学部,经济与工商管理学院,硕士,2022,就业,重庆钢铁集团铁业有限责任公司,1
社会科学学部,经济与工商管理学院,硕士,2022,就业,重庆赛迪工程咨询有限公司,1
社会科学学部,经济与工商管理学院,硕士,2022,就业,云智汇(重庆)高新科技服务有限公司,1
社会科学学部,经济与工商管理学院,硕士,2022,就业,北京建工京精大房工程建设监理公司重庆分公司,1
社会科学学部,经济与工商管理学院,硕士,2022,就业,中国人民财产保险股份有限公司重庆市沙坪坝支公司,1
社会科学学部,经济与工商管理学院,硕士,2022,就业,重庆倍予微涂料有限公司,1
社会科学学部,经济与工商管理学院,硕士,2022,就业,中国建设银行股份有限公司重庆观音桥支行,1
社会科学学部,经济与工商管理学院,硕士,2022,就业,美天环境控股(重庆)有限公司,1
社会科学学部,经济与工商管理学院,硕士,2022,就业,重庆小雨点小额贷款有限公司,1
社会科学学部,经济与工商管理学院,硕士,2022,就业,重庆天力恒进工程造价咨询有限公司,1
社会科学学部,经济与工商管理学院,硕士,2022,就业,重庆联付通网络结算科技有限责任公司,1
社会科学学部,经济与工商管理学院,硕士,2022,就业,重庆坤基房地产开发有限公司,1
社会科学学部,经济与工商管理学院,硕士,2022,就业,重庆一夫日用品有限责任公司,1
社会科学学部,经济与工商管理学院,硕士,2022,就业,重庆三峡银行股份有限公司,1
社会科学学部,经济与工商管理学院,硕士,2022,就业,勤而思(重庆)企业后勤服务有限公司,1
社会科学学部,经济与工商管理学院,硕士,2022,就业,重庆中烟工业有限责任公司黔江卷烟厂,1
社会科学学部,经济与工商管理学院,硕士,2022,就业,重庆市融资担保业协会,1
社会科学学部,经济与工商管理学院,硕士,2022,就业,重庆市小微企业融资担保有限公司,1
社会科学学部,经济与工商管理学院,硕士,2022,就业,华安鑫创控股(北京)股份有限公司重庆分公司,1
社会科学学部,经济与工商管理学院,硕士,2022,就业,新华人寿保险股份有限公司重庆分公司,1
社会科学学部,经济与工商管理学院,硕士,2022,就业,湖南高城消防实业有限公司重庆分公司,1
社会科学学部,经济与工商管理学院,硕士,2022,就业,重庆医药和平医药批发有限公司,1
社会科学学部,经济与工商管理学院,硕士,2022,就业,中国移动通信集团重庆有限公司北碚分公司,1
社会科学学部,经济与工商管理学院,硕士,2022,就业,中煤科工集团重庆研究院有限公司,1
社会科学学部,经济与工商管理学院,硕士,2022,就业,重庆新征程教育信息咨询服务有限责任公司,1
社会科学学部,经济与工商管理学院,硕士,2022,就业,瓮福达州化工有限责任公司,1
社会科学学部,经济与工商管理学院,硕士,2022,就业,深圳市恩雨化工进出口贸易有限公司,1
社会科学学部,经济与工商管理学院,硕士,2022,就业,重庆市江北区地税局,1
社会科学学部,经济与工商管理学院,硕士,2022,就业,重庆两江新区长江三峡小额贷款有限公司,1
社会科学学部,经济与工商管理学院,硕士,2022,就业,重庆旅游投资集团有限公司,1
社会科学学部,经济与工商管理学院,硕士,2022,就业,中国邮政储蓄银行股份有限公司重庆江北区支行,1
社会科学学部,经济与工商管理学院,硕士,2022,就业,爱麦克斯(上海)影院技术服务有限公司,1
社会科学学部,经济与工商管理学院,硕士,2022,就业,重庆力滔建筑劳务有限公司,1
社会科学学部,经济与工商管理学院,硕士,2022,就业,重庆交通运输控股集团有限公司,1
社会科学学部,经济与工商管理学院,硕士,2022,就业,重庆慧智文化传播有限公司,1
社会科学学部,经济与工商管理学院,硕士,2022,就业,重庆和泓物业服务有限公司,1
社会科学学部,经济与工商管理学院,硕士,2022,就业,重庆渝北银座村镇银行股份有限公司,1
社会科学学部,经济与工商管理学院,硕士,2022,就业,蒂森电梯有限公司重庆分公司,1
社会科学学部,经济与工商管理学院,硕士,2022,就业,利宝保险有限公司,1
社会科学学部,经济与工商管理学院,硕士,2022,就业,重庆天泰投资管理集团有限公司,1
社会科学学部,经济与工商管理学院,硕士,2022,就业,深圳市大咖通商贸易有限公司,1
社会科学学部,经济与工商管理学院,硕士,2022,就业,成都壹舍医疗信息科技有限公司,1
社会科学学部,经济与工商管理学院,硕士,2022,就业,隆鑫控股有限公司,1
社会科学学部,经济与工商管理学院,硕士,2022,就业,北京博韬创略文化创意有限公司,1
社会科学学部,经济与工商管理学院,硕士,2022,就业,重庆奕恒企业管理咨询有限公司,1
社会科学学部,经济与工商管理学院,硕士,2022,就业,云南云岭工程造价咨询有限公司重庆分公司,1
社会科学学部,经济与工商管理学院,硕士,2022,就业,中国长城资产管理股份有限公司重庆市分公司,1
社会科学学部,经济与工商管理学院,硕士,2022,就业,重庆港卓机电设备有限公司,1
社会科学学部,经济与工商管理学院,硕士,2022,就业,重庆众妙教育信息咨询服务有限公司,1
社会科学学部,经济与工商管理学院,硕士,2022,就业,重庆学恒辉教育科技有限公司,1
社会科学学部,经济与工商管理学院,硕士,2022,就业,重庆新通道物流有限公司,1
社会科学学部,经济与工商管理学院,硕士,2022,就业,重庆工贸职业技术学院,1
社会科学学部,经济与工商管理学院,硕士,2022,就业,重庆市博恩科技(集团)有限公司,1
社会科学学部,经济与工商管理学院,硕士,2022,就业,重庆市渝中区大石化新区建设管理委员会,1
社会科学学部,经济与工商管理学院,硕士,2022,就业,重庆荣韵文化传播有限公司,1
社会科学学部,经济与工商管理学院,硕士,2022,就业,重庆业如小额贷款有限公司,1
社会科学学部,经济与工商管理学院,硕士,2022,就业,重庆润灿装饰工程有限公司,1
社会科学学部,经济与工商管理学院,硕士,2022,就业,重庆长安跨越车辆有限公司,1
社会科学学部,经济与工商管理学院,硕士,2022,就业,重庆市医咏数据科技有限公司,1
社会科学学部,经济与工商管理学院,硕士,2022,就业,中国移动通信集团重庆有限公司合川分公司,1
社会科学学部,经济与工商管理学院,硕士,2022,就业,重庆京东方光电科技有限公司,1
社会科学学部,经济与工商管理学院,硕士,2022,就业,李尔长安(重庆)汽车系统有限责任公司,1
社会科学学部,经济与工商管理学院,硕士,2022,就业,新华信托股份有限公司,1
社会科学学部,经济与工商管理学院,硕士,2022,就业,重庆轻纺控股(集团)公司,1
社会科学学部,经济与工商管理学院,硕士,2022,就业,北京复华资产管理有限公司重庆分公司,1
社会科学学部,经济与工商管理学院,硕士,2022,就业,重庆国际信托股份有限公司,1
社会科学学部,经济与工商管理学院,硕士,2022,就业,四川省永亨实业有限责任公司,1
社会科学学部,经济与工商管理学院,硕士,2022,就业,重庆西南铝装饰工程有限公司,1
社会科学学部,经济与工商管理学院,硕士,2022,就业,永恒力叉车(上海)有限公司,1
社会科学学部,经济与工商管理学院,硕士,2022,就业,西南铝业(集团)有限责任公司,1
社会科学学部,经济与工商管理学院,硕士,2022,就业,中国农业银行股份有限公司重庆铜梁支行,1
社会科学学部,经济与工商管理学院,硕士,2022,就业,重庆市特驰科技有限公司,1
社会科学学部,经济与工商管理学院,硕士,2022,就业,重庆市璧山区发展和改革委员会,1
社会科学学部,经济与工商管理学院,硕士,2022,就业,重庆市璧山区普查中心,1
社会科学学部,经济与工商管理学院,硕士,2022,就业,重庆新华书店集团房地产开发有限责任公司,1
社会科学学部,经济与工商管理学院,硕士,2022,就业,重庆永川工业园区港桥管理委员会,1
社会科学学部,经济与工商管理学院,硕士,2022,就业,冀东水泥重庆混凝土有限公司,1
社会科学学部,经济与工商管理学院,硕士,2022,就业,重庆今鸿翼建材有限公司,1
社会科学学部,经济与工商管理学院,硕士,2022,就业,重庆市槿言教育信息咨询服务有限公司,1
社会科学学部,经济与工商管理学院,硕士,2022,就业,重庆中冠新型建材有限公司,1
社会科学学部,经济与工商管理学院,硕士,2022,就业,重庆两江新区产业发展集团有限公司,1
社会科学学部,经济与工商管理学院,硕士,2022,就业,中国工商银行股份有限公司重庆两路口支行,1
社会科学学部,经济与工商管理学院,硕士,2022,就业,重庆韩拓科技有限公司,1
社会科学学部,经济与工商管理学院,硕士,2022,就业,重庆优米工业自动化设备有限公司,1
社会科学学部,经济与工商管理学院,硕士,2022,就业,重庆金孔雀科技有限公司,1
社会科学学部,经济与工商管理学院,硕士,2022,就业,德纳(重庆)传动技术有限公司,1
社会科学学部,经济与工商管理学院,硕士,2022,就业,五八同城信息技术有限公司重庆分公司,1
社会科学学部,经济与工商管理学院,硕士,2022,就业,汕头市鸿基日化有限公司,1
社会科学学部,经济与工商管理学院,硕士,2022,就业,中国民用航空西南地区空中交通管理局运行管理中心,1
社会科学学部,经济与工商管理学院,硕士,2022,就业,北控中科成环保集团有限公司,1
社会科学学部,经济与工商管理学院,硕士,2022,就业,泸州市火印文化传播中心,1
社会科学学部,经济与工商管理学院,硕士,2022,就业,兴业银行股份有限公司贵阳分行,1
社会科学学部,经济与工商管理学院,硕士,2022,就业,重庆华侨城实业发展有限公司欢乐谷旅游分公司,1
社会科学学部,经济与工商管理学院,硕士,2022,就业,中国兵器装备集团融资租赁有限责任公司,1
社会科学学部,经济与工商管理学院,硕士,2022,就业,淘宝(中国)软件有限公司,1
社会科学学部,经济与工商管理学院,硕士,2022,就业,海信集团控股股份有限公司,1
社会科学学部,经济与工商管理学院,硕士,2022,就业,南方电网产业投资集团有限责任公司,1
社会科学学部,经济与工商管理学院,硕士,2022,就业,浙江今日头条科技有限公司,1
社会科学学部,经济与工商管理学院,硕士,2022,就业,中国三峡建工(集团)有限公司,1
社会科学学部,经济与工商管理学院,硕士,2022,就业,中航西安飞机工业集团股份有限公司,1
社会科学学部,经济与工商管理学院,硕士,2022,就业,普联技术有限公司,1
社会科学学部,经济与工商管理学院,硕士,2022,就业,中国石油集团川庆钻探工程有限公司,1
社会科学学部,经济与工商管理学院,硕士,2022,就业,重庆招商依城房地产开发有限公司,1
社会科学学部,经济与工商管理学院,硕士,2022,就业,中冶赛迪信息技术(重庆)有限公司,1
社会科学学部,经济与工商管理学院,硕士,2022,出国(境)留学或工作,坦佩雷大学,1
社会科学学部,经济与工商管理学院,硕士,2022,选调生,中共黔南州委组织部,1
社会科学学部,经济与工商管理学院,硕士,2022,就业,云南宜悦置业有限公司,1
社会科学学部,经济与工商管理学院,硕士,2022,就业,重庆商务职业学院,1
社会科学学部,经济与工商管理学院,硕士,2022,就业,中建海峡建设发展有限公司,1
社会科学学部,经济与工商管理学院,硕士,2022,就业,国网重庆市电力公司,1
社会科学学部,经济与工商管理学院,硕士,2022,就业,安永华明会计师事务所(特殊普通合伙),1
社会科学学部,经济与工商管理学院,硕士,2022,就业,中航通飞华南飞机工业有限公司,1
社会科学学部,经济与工商管理学院,硕士,2022,就业,潮州三环(集团)股份有限公司,1
社会科学学部,经济与工商管理学院,硕士,2022,就业,深圳迈瑞生物医疗电子股份有限公司,1
社会科学学部,经济与工商管理学院,硕士,2022,就业,腾讯科技(深圳)有限公司,1
社会科学学部,经济与工商管理学院,硕士,2022,选调生,中国共产党泸州市委员会组织部,1
社会科学学部,经济与工商管理学院,硕士,2022,就业,西昌市碧达置业有限公司,1
社会科学学部,经济与工商管理学院,硕士,2022,就业,福州华润燃气有限公司,1
社会科学学部,经济与工商管理学院,硕士,2022,就业,中国人寿保险股份有限公司重庆市分公司,1
社会科学学部,经济与工商管理学院,硕士,2022,就业,中信建投证券股份有限公司,1
社会科学学部,经济与工商管理学院,硕士,2022,志愿服务西部计划,南岸区委政法委,1
社会科学学部,经济与工商管理学院,硕士,2022,升学,中山大学,1
社会科学学部,经济与工商管理学院,硕士,2022,就业,元年东方软件有限公司,1
社会科学学部,经济与工商管理学院,硕士,2022,就业,北京现代汽车有限公司,1
社会科学学部,经济与工商管理学院,硕士,2022,就业,广东省电信规划设计院有限公司,1
社会科学学部,经济与工商管理学院,硕士,2022,就业,重庆盛普物资有限公司,1
社会科学学部,经济与工商管理学院,硕士,2022,就业,重庆华川土地房地产估价与资产评估有限责任公司,1
社会科学学部,经济与工商管理学院,硕士,2022,就业,奥的斯机电电梯(重庆)有限公司,1
社会科学学部,经济与工商管理学院,硕士,2022,就业,人保财险重庆市分公司,1
社会科学学部,经济与工商管理学院,硕士,2022,就业,重庆维尔斯科技有限责任公司,1
社会科学学部,经济与工商管理学院,硕士,2022,就业,重庆市交通行政执法总队高速公路第五支队三大队,1
社会科学学部,经济与工商管理学院,硕士,2022,就业,霍尼韦尔(中国)有限公司,1
社会科学学部,经济与工商管理学院,硕士,2022,就业,中国太平洋财产保险股份有限公司重庆分公司,1
社会科学学部,经济与工商管理学院,硕士,2022,就业,重庆大青农业发展有限公司,1
社会科学学部,经济与工商管理学院,硕士,2022,就业,重庆无线绿洲通信技术有限公司,1
社会科学学部,经济与工商管理学院,硕士,2022,就业,华创期货有限责任公司,1
社会科学学部,经济与工商管理学院,硕士,2022,就业,重庆巨琪诺美制药有限公司,1
社会科学学部,经济与工商管理学院,硕士,2022,就业,重庆庆科商贸有限公司,1
社会科学学部,经济与工商管理学院,硕士,2022,就业,重庆市南川区水环境监测站,1
社会科学学部,经济与工商管理学院,硕士,2022,就业,重庆汉砧科技有限公司,1
社会科学学部,经济与工商管理学院,硕士,2022,就业,浩鲸云计算科技股份有限公司,1
社会科学学部,经济与工商管理学院,硕士,2022,就业,重庆国鑫睿诚股权投资基金管理有限公司,1
社会科学学部,经济与工商管理学院,硕士,2022,就业,中国汽车工程研究院股份有限公司,1
社会科学学部,经济与工商管理学院,硕士,2022,就业,重庆莱宝科技有限公司,1
社会科学学部,经济与工商管理学院,硕士,2022,就业,重庆外商服务有限公司,1
社会科学学部,经济与工商管理学院,硕士,2022,就业,重庆市公共住房开发建设投资有限公司,1
社会科学学部,经济与工商管理学院,硕士,2022,就业,重庆凌意建筑安装工程有限公司,1
社会科学学部,经济与工商管理学院,硕士,2022,就业,重庆一方文化传播有限公司,1
社会科学学部,经济与工商管理学院,硕士,2022,就业,重庆市能源投资集团物资有限责任公司,1
社会科学学部,经济与工商管理学院,硕士,2022,就业,中国农业银行重庆合川支行,1
社会科学学部,经济与工商管理学院,硕士,2022,就业,重庆市九龙坡区财政局,1
社会科学学部,经济与工商管理学院,硕士,2022,就业,重庆天泽建筑工程有限公司,1
社会科学学部,经济与工商管理学院,硕士,2022,就业,重庆西信天元数据资讯有限公司,1
社会科学学部,经济与工商管理学院,硕士,2022,就业,四川航空股份有限公司重庆分公司,1
社会科学学部,经济与工商管理学院,硕士,2022,就业,重庆金融资产交易所有限责任公司,1
社会科学学部,经济与工商管理学院,硕士,2022,就业,重庆市江北区千吉课程培训学校有限公司,1
社会科学学部,经济与工商管理学院,硕士,2022,就业,太极集团重庆市永川区中药材有限公司,1
社会科学学部,经济与工商管理学院,硕士,2022,就业,鸿泰鼎石资产管理有限责任公司,1
社会科学学部,经济与工商管理学院,硕士,2022,就业,重庆飞驶特人力资源管理有限公司,1
社会科学学部,经济与工商管理学院,硕士,2022,就业,平安普惠企业管理有限公司重庆分公司,1
社会科学学部,经济与工商管理学院,硕士,2022,就业,重庆联合产权交易所集团股份有限公司,1
社会科学学部,经济与工商管理学院,硕士,2022,就业,重庆齿轮箱有限责任公司,1
社会科学学部,经济与工商管理学院,硕士,2022,就业,重庆市渝北区人民政府,1
社会科学学部,经济与工商管理学院,硕士,2022,就业,成都戴斯克商务服务有限公司,1
社会科学学部,经济与工商管理学院,硕士,2022,就业,重庆猪八戒网络有限公司,1
社会科学学部,经济与工商管理学院,硕士,2022,就业,富士康科技集团(重庆),1
社会科学学部,经济与工商管理学院,硕士,2022,就业,上海微创软件股份有限公司,1
社会科学学部,经济与工商管理学院,硕士,2022,就业,重庆溯联塑胶股份有限公司,1
社会科学学部,经济与工商管理学院,硕士,2022,就业,瀚华普惠有限公司,1
社会科学学部,经济与工商管理学院,硕士,2022,就业,重庆美月时光医疗科技有限公司,1
社会科学学部,经济与工商管理学院,硕士,2022,就业,中国邮政储蓄银行股份有限公司达州市分行,1
社会科学学部,经济与工商管理学院,硕士,2022,就业,宜宾五粮液有机农业发展有限公司,1
社会科学学部,经济与工商管理学院,硕士,2022,就业,重庆明源合创软件科技有限公司,1
社会科学学部,经济与工商管理学院,硕士,2022,就业,江津银监分局,1
社会科学学部,经济与工商管理学院,硕士,2022,就业,中国医药集团重庆医药设计院,1
社会科学学部,经济与工商管理学院,硕士,2022,就业,重庆长安汽车股份限公司,1
社会科学学部,经济与工商管理学院,硕士,2022,就业,华硕电脑,1
社会科学学部,经济与工商管理学院,硕士,2022,就业,中国石化集团重庆川维化工有限公司,1
社会科学学部,经济与工商管理学院,硕士,2022,就业,五龙动力(重庆)锂电材料有限公司,1
社会科学学部,经济与工商管理学院,硕士,2022,就业,重庆佳梦家具有限公司,1
社会科学学部,经济与工商管理学院,硕士,2022,就业,中国石油西南化工销售重庆分公司,1
社会科学学部,经济与工商管理学院,硕士,2022,就业,重庆高峡平湖科技有限公司,1
社会科学学部,经济与工商管理学院,硕士,2022,就业,大宇(广州)贸易有限公司,1
社会科学学部,经济与工商管理学院,硕士,2022,就业,重庆对外经贸(集团)有限公司,1
社会科学学部,经济与工商管理学院,硕士,2022,就业,中国市政工程西南设计研究总院有限公司,1
社会科学学部,经济与工商管理学院,硕士,2022,就业,邻水县煤建工业有限责任公司,1
社会科学学部,经济与工商管理学院,硕士,2022,就业,诺玛科(重庆)汽车零部件有限公司,1
社会科学学部,经济与工商管理学院,硕士,2022,就业,重庆天骄爱生活服务股份有限公司,1
社会科学学部,经济与工商管理学院,硕士,2022,就业,重庆高通智地投资管理有限公司,1
社会科学学部,经济与工商管理学院,硕士,2022,就业,重庆高仕教育科技有限公司,1
社会科学学部,经济与工商管理学院,硕士,2022,就业,重庆艺真影视文化传播有限公司,1
社会科学学部,经济与工商管理学院,硕士,2022,就业,惠普(重庆)生产出口采购及结算有限公司,1
社会科学学部,经济与工商管理学院,硕士,2022,就业,中国光大银行公司重庆分行,1
社会科学学部,经济与工商管理学院,硕士,2022,就业,重庆出版集团图书发行有限公司,1
社会科学学部,经济与工商管理学院,硕士,2022,就业,重庆东银壳牌石化有限公司,1
社会科学学部,经济与工商管理学院,硕士,2022,就业,国泰君安证券股份有限公司重庆九尺坎证券营业部,1
社会科学学部,经济与工商管理学院,硕士,2022,就业,重庆川九建设有限责任公司,1
社会科学学部,经济与工商管理学院,硕士,2022,就业,中国建筑第八工程局有限公司西南分公司,1
社会科学学部,经济与工商管理学院,硕士,2022,就业,重庆市金融发展服务中心,1
社会科学学部,经济与工商管理学院,硕士,2022,就业,重庆白云宾馆有限公司,1
社会科学学部,经济与工商管理学院,硕士,2022,就业,欧瑞康巴尔查斯涂层(苏州)有限公司重庆分公司,1
社会科学学部,经济与工商管理学院,硕士,2022,就业,四川省邻水县烟草专卖局,1
社会科学学部,经济与工商管理学院,硕士,2022,就业,重庆金康新能源汽车有限公司,1
社会科学学部,经济与工商管理学院,硕士,2022,就业,重庆顺锦来西郊汽车销售有限公司,1
社会科学学部,经济与工商管理学院,硕士,2022,就业,重庆市南川区协和家电有限公司,1
社会科学学部,经济与工商管理学院,硕士,2022,就业,重庆市辐射环境监督管理站,1
社会科学学部,经济与工商管理学院,硕士,2022,就业,重庆蔚坤商务信息咨询有限公司,1
社会科学学部,经济与工商管理学院,硕士,2022,就业,重庆市璧山区教兴商贸有限责任公司,1
社会科学学部,经济与工商管理学院,硕士,2022,就业,重庆润生科技有限公司,1
社会科学学部,经济与工商管理学院,硕士,2022,就业,中国石油集团川庆钻探工程有限公司川东钻探公司,1
社会科学学部,经济与工商管理学院,硕士,2022,就业,长安汽车金融有限公司,1
社会科学学部,经济与工商管理学院,硕士,2022,就业,重庆市涪陵区经济和信息化委员会,1
社会科学学部,经济与工商管理学院,硕士,2022,就业,重庆立林冷气工程有限公司,1
社会科学学部,经济与工商管理学院,硕士,2022,就业,重庆普正建材有限公司,1
社会科学学部,经济与工商管理学院,硕士,2022,就业,重庆长策科技有限公司,1
社会科学学部,经济与工商管理学院,硕士,2022,就业,重庆市御园实业有限公司,1
社会科学学部,经济与工商管理学院,硕士,2022,就业,重庆财信环境资源股份有限公司,1
社会科学学部,经济与工商管理学院,硕士,2022,就业,重庆中世律师事务所,1
社会科学学部,经济与工商管理学院,硕士,2022,就业,重庆光宇建设开发(集团)有限公司,1
社会科学学部,经济与工商管理学院,硕士,2022,就业,重庆市智翔铺道技术工程有限公司,1
社会科学学部,经济与工商管理学院,硕士,2022,就业,艾仕得涂料系统(上海)有限公司,1
社会科学学部,经济与工商管理学院,硕士,2022,就业,默沙东(中国)投资有限公司,1
社会科学学部,经济与工商管理学院,硕士,2022,就业,中国银行股份有限公司重庆渝中支行,1
社会科学学部,经济与工商管理学院,硕士,2022,就业,重庆市正光机械有限责任公司,1
社会科学学部,经济与工商管理学院,硕士,2022,就业,重庆普施康科技发展股份有限公司,1
社会科学学部,经济与工商管理学院,硕士,2022,就业,重庆亚永科技有限公司,1
社会科学学部,经济与工商管理学院,硕士,2022,就业,重庆百亚卫生用品股份有限公司,1
社会科学学部,经济与工商管理学院,硕士,2022,就业,重庆泰濠制药有限公司,1
社会科学学部,经济与工商管理学院,硕士,2022,就业,重庆原力投资管理有限公司,1
社会科学学部,经济与工商管理学院,硕士,2022,就业,中国邮政集团公司重庆市北碚区分公司,1
社会科学学部,经济与工商管理学院,硕士,2022,就业,重庆利来登宾馆有限公司,1
社会科学学部,经济与工商管理学院,硕士,2022,就业,重庆宏立至信汽车部件制造有限公司,1
社会科学学部,经济与工商管理学院,硕士,2022,就业,重庆睿羽体育赛事策划有限公司,1
社会科学学部,经济与工商管理学院,硕士,2022,就业,英大长安保险经纪有限公司重庆分公司,1
社会科学学部,经济与工商管理学院,硕士,2022,就业,东风汽车有限公司东风日产乘用车公司,1
社会科学学部,经济与工商管理学院,硕士,2022,就业,桂林银行股份有限公司,1
社会科学学部,经济与工商管理学院,硕士,2022,就业,重庆医科大学附属口腔医院,1
社会科学学部,经济与工商管理学院,硕士,2022,就业,国家税务总局成都高新技术产业开发区税务局,1
社会科学学部,经济与工商管理学院,硕士,2022,升学,上海交通大学,1
社会科学学部,经济与工商管理学院,硕士,2022,就业,宁波方太厨具有限公司,1
社会科学学部,经济与工商管理学院,硕士,2022,就业,中冶建工集团有限公司,1
社会科学学部,经济与工商管理学院,硕士,2022,就业,渝农商金融租赁有限责任公司,1
社会科学学部,经济与工商管理学院,硕士,2022,就业,北京市东城区教育委员会,1
社会科学学部,经济与工商管理学院,硕士,2022,就业,四川省烟草公司达州市公司,1
社会科学学部,经济与工商管理学院,硕士,2022,就业,中建铁路投资建设集团有限公司,1
社会科学学部,经济与工商管理学院,硕士,2022,就业,中泰证券股份有限公司上海分公司,1
社会科学学部,经济与工商管理学院,硕士,2022,就业,浙江同花顺智富软件有限公司,1
社会科学学部,经济与工商管理学院,硕士,2022,就业,国家开发银行重庆市分行,1
社会科学学部,经济与工商管理学院,硕士,2022,就业,中建三局第二建设工程有限责任公司,1
社会科学学部,经济与工商管理学院,硕士,2022,就业,重庆兴农融资担保集团有限公司,1
社会科学学部,经济与工商管理学院,硕士,2022,就业,蚂蚁金服(成都)网络技术有限公司,1
社会科学学部,经济与工商管理学院,硕士,2022,就业,中国航发贵州黎阳航空动力有限公司,1
社会科学学部,经济与工商管理学院,硕士,2022,升学,重庆大学,1
社会科学学部,经济与工商管理学院,硕士,2022,就业,天津直升机研发中心,1
社会科学学部,经济与工商管理学院,硕士,2022,选调生,中国共产党广西壮族自治区委员会组织部,1
社会科学学部,经济与工商管理学院,硕士,2022,就业,中国工商银行股份有限公司重庆市分行,1
社会科学学部,经济与工商管理学院,硕士,2022,就业,深业置地有限公司,1
社会科学学部,经济与工商管理学院,硕士,2022,就业,中国农业发展银行云南省分行营业部,1
社会科学学部,经济与工商管理学院,硕士,2022,就业,招商银行股份有限公司重庆分行,1
社会科学学部,经济与工商管理学院,硕士,2022,就业,中信银行股份有限公司信用卡中心,1
社会科学学部,经济与工商管理学院,硕士,2022,就业,西安导航技术研究所(中国电子科技集团公司第二十研究所),1
社会科学学部,经济与工商管理学院,硕士,2022,选调生,中共天津市河北区委组织部,1
社会科学学部,经济与工商管理学院,硕士,2022,就业,中国建设银行股份有限公司宁波市分行,1
社会科学学部,经济与工商管理学院,硕士,2022,就业,中原银行股份有限公司,1
社会科学学部,经济与工商管理学院,硕士,2022,就业,浙商证券股份有限公司上海长乐路证券营业部,1
社会科学学部,经济与工商管理学院,硕士,2022,就业,浙江华友钴业股份有限公司,1
社会科学学部,经济与工商管理学院,硕士,2022,就业,中国三峡新能源(集团)股份有限公司陕西分公司,1
社会科学学部,经济与工商管理学院,硕士,2022,就业,平安证券股份有限公司,1
社会科学学部,经济与工商管理学院,硕士,2022,就业,比亚迪股份有限公司,1
社会科学学部,经济与工商管理学院,硕士,2022,就业,中国邮政储蓄银行股份有限公司襄阳市分行,1
社会科学学部,经济与工商管理学院,硕士,2022,就业,中国工商银行股份有限公司四川省分行,1
社会科学学部,经济与工商管理学院,硕士,2022,就业,中国建设银行股份有限公司湖北省分行,1
社会科学学部,经济与工商管理学院,硕士,2022,选调生,中共武汉市委组织部,1
社会科学学部,经济与工商管理学院,硕士,2022,就业,中国葛洲坝集团三峡建设工程有限公司,1
社会科学学部,经济与工商管理学院,硕士,2022,就业,南方电网财务有限公司,1
社会科学学部,经济与工商管理学院,硕士,2022,就业,东莞市财政局大朗分局,1
社会科学学部,经济与工商管理学院,硕士,2022,就业,渝农商理财有限责任公司,1
社会科学学部,经济与工商管理学院,硕士,2022,就业,国金证券股份有限公司上海证券承销保荐分公司,1
社会科学学部,经济与工商管理学院,硕士,2022,就业,平安普惠融资担保有限公司重庆分公司,1
社会科学学部,经济与工商管理学院,硕士,2022,选调生,中共绵阳市委组织部,1
社会科学学部,经济与工商管理学院,硕士,2022,就业,涪陵区纪委监委,1
社会科学学部,经济与工商管理学院,硕士,2022,就业,中国银行股份有限公司重庆市分行,1
社会科学学部,经济与工商管理学院,硕士,2022,就业,浙江绍兴瑞丰农村商业银行股份有限公司,1
社会科学学部,经济与工商管理学院,硕士,2022,就业,广安发展建设集团有限公司,1
社会科学学部,经济与工商管理学院,硕士,2022,选调生,中国共产党自贡市委员会组织部,1
社会科学学部,经济与工商管理学院,硕士,2022,就业,四川省建筑机械化工程有限公司,1
社会科学学部,经济与工商管理学院,硕士,2022,就业,上海浦东发展银行股份有限公司重庆分行,1
社会科学学部,经济与工商管理学院,硕士,2022,就业,中诚信国际信用评级有限责任公司,1
社会科学学部,经济与工商管理学院,硕士,2022,就业,中天控股集团有限公司,1
社会科学学部,经济与工商管理学院,硕士,2022,就业,长江三峡技术经济发展有限公司,1
社会科学学部,经济与工商管理学院,硕士,2022,就业,北京三快在线科技有限公司,1
社会科学学部,经济与工商管理学院,硕士,2022,就业,中冶赛迪集团有限公司,1
社会科学学部,经济与工商管理学院,硕士,2022,就业,国家税务总局重庆市南岸区税务局,1
社会科学学部,经济与工商管理学院,硕士,2022,就业,重庆长安工业(集团)有限责任公司,1
社会科学学部,经济与工商管理学院,硕士,2022,就业,中邮信息科技(北京)有限公司,1
社会科学学部,经济与工商管理学院,硕士,2022,就业,腾讯科技(成都)有限公司,1
社会科学学部,经济与工商管理学院,博士,2022,就业,重庆工商大学,3
社会科学学部,经济与工商管理学院,博士,2022,就业,扬州大学,2
社会科学学部,经济与工商管理学院,博士,2022,就业,西南政法大学,2
社会科学学部,经济与工商管理学院,博士,2022,就业,中南大学,1
社会科学学部,经济与工商管理学院,博士,2022,就业,重庆理工大学,1
社会科学学部,经济与工商管理学院,博士,2022,就业,贵州商学院,1
社会科学学部,经济与工商管理学院,博士,2022,就业,四川师范大学,1
社会科学学部,经济与工商管理学院,博士,2022,就业,重庆联合产权交易所集团股份有限公司,1
社会科学学部,经济与工商管理学院,博士,2022,就业,苏州科技大学,1
社会科学学部,经济与工商管理学院,博士,2022,就业,重庆银行,1
社会科学学部,经济与工商管理学院,博士,2022,就业,重庆市旅游局,1
社会科学学部,经济与工商管理学院,博士,2022,就业,四川农业大学,1
社会科学学部,经济与工商管理学院,博士,2022,就业,浙江财经大学,1
社会科学学部,经济与工商管理学院,博士,2022,就业,湖南文理学院,1
社会科学学部,经济与工商管理学院,博士,2022,就业,南京师范大学,1
社会科学学部,经济与工商管理学院,博士,2022,就业,浙江省国有资本运营有限公司,1
社会科学学部,经济与工商管理学院,博士,2022,就业,广州大学,1
社会科学学部,经济与工商管理学院,博士,2022,就业,杭州华为企业通信技术有限公司,1
社会科学学部,经济与工商管理学院,博士,2022,就业,浙江工商大学,1
社会科学学部,经济与工商管理学院,博士,2022,选调生,中国共产党重庆市委员会组织部,1
社会科学学部,经济与工商管理学院,博士,2022,就业,海南大学,1
社会科学学部,经济与工商管理学院,博士,2022,就业,安徽大学,1
社会科学学部,经济与工商管理学院,本科,2023,升学,重庆大学,35
社会科学学部,经济与工商管理学院,本科,2023,出国(境)留学或工作,香港大学,6
社会科学学部,经济与工商管理学院,本科,2023,出国(境)留学或工作,香港城市大学,6
社会科学学部,经济与工商管理学院,本科,2023,出国(境)留学或工作,悉尼大学,6
社会科学学部,经济与工商管理学院,本科,2023,出国(境)留学或工作,华威大学,5
社会科学学部,经济与工商管理学院,本科,2023,升学,南京大学,5
社会科学学部,经济与工商管理学院,本科,2023,升学,西安交通大学,4
社会科学学部,经济与工商管理学院,本科,2023,升学,中国科学技术大学,4
社会科学学部,经济与工商管理学院,本科,2023,出国(境)留学或工作,格拉斯哥大学,4
社会科学学部,经济与工商管理学院,本科,2023,出国(境)留学或工作,墨尔本大学,4
社会科学学部,经济与工商管理学院,本科,2023,升学,复旦大学,3
社会科学学部,经济与工商管理学院,本科,2023,升学,上海财经大学,3
社会科学学部,经济与工商管理学院,本科,2023,升学,中央财经大学,3
社会科学学部,经济与工商管理学院,本科,2023,升学,天津大学,3
社会科学学部,经济与工商管理学院,本科,2023,就业,中审众环会计师事务所(特殊普通合伙)重庆分所,3
社会科学学部,经济与工商管理学院,本科,2023,升学,厦门大学,3
社会科学学部,经济与工商管理学院,本科,2023,就业,蓝月亮(中国)有限公司,3
社会科学学部,经济与工商管理学院,本科,2023,升学,北京师范大学,2
社会科学学部,经济与工商管理学院,本科,2023,出国(境)留学或工作,南洋理工大学,2
社会科学学部,经济与工商管理学院,本科,2023,升学,华东师范大学,2
社会科学学部,经济与工商管理学院,本科,2023,升学,西南财经大学,2
社会科学学部,经济与工商管理学院,本科,2023,出国(境)留学或工作,伦敦大学学院,2
社会科学学部,经济与工商管理学院,本科,2023,升学,北京理工大学,2
社会科学学部,经济与工商管理学院,本科,2023,就业,比亚迪股份有限公司,2
社会科学学部,经济与工商管理学院,本科,2023,就业,四川波鸿实业有限公司,1
社会科学学部,经济与工商管理学院,本科,2023,出国(境)留学或工作,维克森林大学,1
社会科学学部,经济与工商管理学院,本科,2023,就业,中国人民解放军63895部队,1
社会科学学部,经济与工商管理学院,本科,2023,升学,中国地质大学(北京),1
社会科学学部,经济与工商管理学院,本科,2023,升学,东南大学,1
社会科学学部,经济与工商管理学院,本科,2023,就业,安永华明会计师事务所(特殊普通合伙),1
社会科学学部,经济与工商管理学院,本科,2023,就业,普华永道中天会计师事务所(特殊普通合伙)重庆分所,1
社会科学学部,经济与工商管理学院,本科,2023,就业,沪东中华造船(集团)有限公司,1
社会科学学部,经济与工商管理学院,本科,2023,就业,中建五局装饰幕墙有限公司,1
社会科学学部,经济与工商管理学院,本科,2023,就业,陕西千山航空电子有限责任公司,1
社会科学学部,经济与工商管理学院,本科,2023,就业,广发银行股份有限公司重庆分行,1
社会科学学部,经济与工商管理学院,本科,2023,升学,商务部国际贸易经济合作研究院,1
社会科学学部,经济与工商管理学院,本科,2023,升学,哈尔滨工业大学(深圳),1
社会科学学部,经济与工商管理学院,本科,2023,出国(境)留学或工作,新加坡管理大学,1
社会科学学部,经济与工商管理学院,本科,2023,就业,珠海格力电器股份有限公司,1
社会科学学部,经济与工商管理学院,本科,2023,就业,毕马威华振会计师事务所(特殊普通合伙)重庆分所,1
社会科学学部,经济与工商管理学院,本科,2023,就业,湘潭钢铁集团有限公司,1
社会科学学部,经济与工商管理学院,本科,2023,就业,中广核工程有限公司,1
社会科学学部,经济与工商管理学院,本科,2023,出国(境)留学或工作,华盛顿大学圣路易斯分校,1
社会科学学部,经济与工商管理学院,本科,2023,就业,奇瑞汽车股份有限公司,1
社会科学学部,经济与工商管理学院,本科,2023,出国(境)留学或工作,香港中文大学(深圳),1
社会科学学部,经济与工商管理学院,本科,2023,就业,中共珠海市香洲区委组织部,1
社会科学学部,经济与工商管理学院,本科,2023,就业,湖北银行股份有限公司襄阳分行,1
社会科学学部,经济与工商管理学院,本科,2023,升学,四川大学,1
社会科学学部,经济与工商管理学院,本科,2023,就业,湖州市吴兴区教育局教学研究与培训中心,1
社会科学学部,经济与工商管理学院,本科,2023,升学,浙江大学,1
社会科学学部,经济与工商管理学院,本科,2023,就业,中国建筑第五工程局有限公司,1
社会科学学部,经济与工商管理学院,本科,2023,就业,国家石油天然气管网集团有限公司建设项目管理分公司,1
社会科学学部,经济与工商管理学院,本科,2023,升学,中南大学,1
社会科学学部,经济与工商管理学院,本科,2023,升学,上海交通大学,1
社会科学学部,经济与工商管理学院,本科,2023,升学,中山大学,1
社会科学学部,经济与工商管理学院,本科,2023,就业,深圳平安综合金融服务有限公司,1
社会科学学部,经济与工商管理学院,本科,2023,就业,赛力斯集团股份有限公司,1
社会科学学部,经济与工商管理学院,本科,2023,升学,中国人民大学,1
社会科学学部,经济与工商管理学院,本科,2023,就业,上海梦创双杨数据科技股份有限公司,1
社会科学学部,经济与工商管理学院,本科,2023,就业,广东铂美物业服务股份有限公司,1
社会科学学部,经济与工商管理学院,本科,2023,升学,南京农业大学,1
社会科学学部,经济与工商管理学院,本科,2023,升学,华中科技大学,1
社会科学学部,经济与工商管理学院,本科,2023,就业,深圳市海目星激光智能装备股份有限公司,1
社会科学学部,经济与工商管理学院,本科,2023,就业,广域铭岛数字科技有限公司,1
社会科学学部,经济与工商管理学院,本科,2023,就业,联通沃音乐文化有限公司,1
社会科学学部,经济与工商管理学院,本科,2023,就业,深圳市中电电力技术股份有限公司,1
社会科学学部,经济与工商管理学院,本科,2023,就业,中国建设银行股份有限公司广州番禺支行,1
社会科学学部,经济与工商管理学院,本科,2023,选调生,中共垫江县委组织部,1
社会科学学部,经济与工商管理学院,本科,2023,选调生,自贡市委组织部,1
社会科学学部,经济与工商管理学院,本科,2023,出国(境)留学或工作,杜伦大学,1
社会科学学部,经济与工商管理学院,本科,2023,就业,重庆市云阳县石门乡人民政府,1
社会科学学部,经济与工商管理学院,本科,2023,就业,上海东证期货有限公司四川分公司,1
社会科学学部,经济与工商管理学院,本科,2023,就业,北京励鼎汽车销售有限公司,1
社会科学学部,经济与工商管理学院,本科,2023,就业,中铁十七局集团有限公司,1
社会科学学部,经济与工商管理学院,本科,2023,就业,重庆来东能源有限公司,1
社会科学学部,经济与工商管理学院,本科,2023,就业,中建三局第二建设工程有限责任公司,1
社会科学学部,经济与工商管理学院,本科,2023,选调生,中共乐山市委组织部,1
社会科学学部,经济与工商管理学院,本科,2023,就业,泰州市姜堰区青年干部培训中心,1
社会科学学部,经济与工商管理学院,本科,2023,就业,重庆长安望江工业集团有限公司,1
社会科学学部,经济与工商管理学院,本科,2023,就业,中铁五局集团第六工程有限责任公司,1
社会科学学部,经济与工商管理学院,本科,2023,选调生,中共安顺市委组织部,1
社会科学学部,经济与工商管理学院,本科,2023,就业,广州慕可生物科技有限公司,1
社会科学学部,经济与工商管理学院,本科,2023,就业,淮河能源控股集团有限责任公司,1
社会科学学部,经济与工商管理学院,本科,2023,就业,中国航发贵州黎阳航空动力有限公司,1
社会科学学部,经济与工商管理学院,本科,2023,就业,遵义市播州区教育体育局(遵义市播州区科学技术局),1
社会科学学部,经济与工商管理学院,本科,2023,就业,都安瑶族自治县农业农村局,1
社会科学学部,经济与工商管理学院,本科,2023,就业,国家税务总局克拉玛依市税务局,1
社会科学学部,经济与工商管理学院,本科,2023,就业,浙商银行股份有限公司重庆分行,1
社会科学学部,经济与工商管理学院,本科,2023,就业,中铁二局集团有限公司,1
社会科学学部,经济与工商管理学院,本科,2023,就业,福建省三钢(集团)有限责任公司,1
社会科学学部,经济与工商管理学院,本科,2023,就业,中国石化销售股份有限公司广西石油分公司,1
社会科学学部,经济与工商管理学院,本科,2023,就业,宜宾凯翼汽车有限公司,1
社会科学学部,经济与工商管理学院,本科,2023,升学,北方工业大学,1
社会科学学部,经济与工商管理学院,本科,2023,出国(境)留学或工作,谢菲尔德大学,1
社会科学学部,经济与工商管理学院,本科,2023,就业,中国共产党石屏县委员会组织部,1
社会科学学部,经济与工商管理学院,本科,2023,就业,天健会计师事务所(特殊普通合伙)重庆分所,1
社会科学学部,经济与工商管理学院,本科,2023,就业,杭州江南人才服务有限公司,1
社会科学学部,经济与工商管理学院,本科,2023,就业,一汽解放青岛汽车有限公司,1
社会科学学部,经济与工商管理学院,本科,2023,就业,宁波拳头信息科技有限公司,1
社会科学学部,经济与工商管理学院,本科,2023,就业,嘉士伯重庆啤酒有限公司,1
社会科学学部,经济与工商管理学院,本科,2023,就业,中国邮政集团有限公司拉萨市分公司,1
社会科学学部,经济与工商管理学院,本科,2023,就业,厦门市奇右新材料科技有限公司,1
社会科学学部,经济与工商管理学院,本科,2023,就业,基恩士(中国)有限公司,1
社会科学学部,经济与工商管理学院,本科,2023,升学,电子科技大学,1
社会科学学部,经济与工商管理学院,本科,2023,就业,西藏洛扎县生格乡人民政府,1
社会科学学部,经济与工商管理学院,本科,2023,升学,武汉大学,1
社会科学学部,经济与工商管理学院,本科,2023,就业,中国建筑第八工程局有限公司西南分公司,1
社会科学学部,经济与工商管理学院,本科,2023,就业,正大天晴药业集团股份有限公司,1
社会科学学部,经济与工商管理学院,本科,2023,就业,江苏象屿房地产开发有限公司,1
社会科学学部,经济与工商管理学院,本科,2023,选调生,中共黔东南州委组织部,1
社会科学学部,经济与工商管理学院,本科,2023,就业,四川省峨眉山市人民武装部,1
社会科学学部,经济与工商管理学院,本科,2023,就业,杭州世纪睿科信息技术有限公司北京分公司,1
社会科学学部,经济与工商管理学院,本科,2023,就业,中国农业银行股份有限公司新疆维吾尔自治区分行,1
社会科学学部,经济与工商管理学院,本科,2023,就业,重庆数地科技有限公司,1
社会科学学部,经济与工商管理学院,本科,2023,就业,深信服科技股份有限公司,1
社会科学学部,经济与工商管理学院,本科,2023,就业,华润雪花啤酒(中国)投资有限公司,1
社会科学学部,经济与工商管理学院,本科,2023,升学,兰州大学,1
社会科学学部,经济与工商管理学院,本科,2023,出国(境)留学或工作,曼彻斯特大学,1
社会科学学部,经济与工商管理学院,本科,2023,就业,江苏银行股份有限公司深圳分行,1
社会科学学部,经济与工商管理学院,本科,2023,就业,中建八局第三建设有限公司,1
社会科学学部,经济与工商管理学院,本科,2023,出国(境)留学或工作,埃塞克高等商学院,1
社会科学学部,经济与工商管理学院,本科,2023,升学,南开大学,1
社会科学学部,经济与工商管理学院,本科,2023,出国(境)留学或工作,哥伦比亚大学,1
社会科学学部,经济与工商管理学院,本科,2023,出国(境)留学或工作,昆士兰大学,1
社会科学学部,经济与工商管理学院,本科,2023,就业,中建六局建设发展有限公司,1
社会科学学部,经济与工商管理学院,本科,2023,升学,北京大学,1
社会科学学部,经济与工商管理学院,本科,2023,就业,象道物流集团有限公司,1
社会科学学部,经济与工商管理学院,本科,2023,就业,广东兴发铝业有限公司,1
社会科学学部,经济与工商管理学院,本科,2023,就业,云南电网有限责任公司楚雄供电局,1
社会科学学部,经济与工商管理学院,本科,2023,就业,都安瑶族自治县直事业单位,1
社会科学学部,经济与工商管理学院,硕士,2023,选调生,中共重庆市委组织部,17
社会科学学部,经济与工商管理学院,硕士,2023,选调生,中国共产党重庆市委员会组织部,9
社会科学学部,经济与工商管理学院,硕士,2023,就业,德勤华庆商务服务有限公司,6
社会科学学部,经济与工商管理学院,硕士,2023,就业,比亚迪股份有限公司,4
社会科学学部,经济与工商管理学院,硕士,2023,就业,重庆长安汽车股份有限公司,4
社会科学学部,经济与工商管理学院,硕士,2023,就业,交通银行股份有限公司重庆市分行,4
社会科学学部,经济与工商管理学院,硕士,2023,升学,重庆大学,4
社会科学学部,经济与工商管理学院,硕士,2023,就业,马上消费金融股份有限公司,3
社会科学学部,经济与工商管理学院,硕士,2023,就业,重庆长安新能源汽车科技有限公司,3
社会科学学部,经济与工商管理学院,硕士,2023,就业,中国农业银行股份有限公司重庆市分行,3
社会科学学部,经济与工商管理学院,硕士,2023,就业,重庆四联测控技术有限公司,2
社会科学学部,经济与工商管理学院,硕士,2023,就业,成都华为技术有限公司,2
社会科学学部,经济与工商管理学院,硕士,2023,就业,中冶建工集团有限公司,2
社会科学学部,经济与工商管理学院,硕士,2023,就业,中建桥梁有限公司,2
社会科学学部,经济与工商管理学院,硕士,2023,就业,重庆市轨道交通(集团)有限公司,2
社会科学学部,经济与工商管理学院,硕士,2023,就业,贵州元晨和农业发展有限公司,2
社会科学学部,经济与工商管理学院,硕士,2023,就业,中国电信股份有限公司重庆分公司,2
社会科学学部,经济与工商管理学院,硕士,2023,就业,重庆市交通行政执法总队高速公路第五支队,2
社会科学学部,经济与工商管理学院,硕士,2023,就业,康宁显示科技(重庆)有限公司,2
社会科学学部,经济与工商管理学院,硕士,2023,就业,中国联合网络通信有限公司重庆市分公司,2
社会科学学部,经济与工商管理学院,硕士,2023,就业,中移物联网有限公司,2
社会科学学部,经济与工商管理学院,硕士,2023,就业,中国工商银行股份有限公司重庆市分行,2
社会科学学部,经济与工商管理学院,硕士,2023,就业,中国航发贵州黎阳航空动力有限公司,2
社会科学学部,经济与工商管理学院,硕士,2023,就业,江西赣锋锂业股份有限公司,2
社会科学学部,经济与工商管理学院,硕士,2023,就业,中信银行股份有限公司重庆分行,2
社会科学学部,经济与工商管理学院,硕士,2023,就业,西南证券股份有限公司,2
社会科学学部,经济与工商管理学院,硕士,2023,就业,上海念桐企业咨询有限公司深圳分公司,1
社会科学学部,经济与工商管理学院,硕士,2023,就业,重庆市北碚区施家梁镇人民政府,1
社会科学学部,经济与工商管理学院,硕士,2023,就业,重庆市合川区地方税务局,1
社会科学学部,经济与工商管理学院,硕士,2023,就业,重庆市国家税务局第一稽查局,1
社会科学学部,经济与工商管理学院,硕士,2023,就业,中国银行股份有限公司重庆永川支行,1
社会科学学部,经济与工商管理学院,硕士,2023,就业,展图(中国)投资有限公司,1
社会科学学部,经济与工商管理学院,硕士,2023,就业,中国国际货运航空有限公司重庆货站,1
社会科学学部,经济与工商管理学院,硕士,2023,就业,中国十九冶集团有限公司重庆分公司,1
社会科学学部,经济与工商管理学院,硕士,2023,选调生,中共重庆市涪陵区委组织部,1
社会科学学部,经济与工商管理学院,硕士,2023,就业,恒堡管理(上海)有限公司,1
社会科学学部,经济与工商管理学院,硕士,2023,就业,阳光电源股份有限公司,1
社会科学学部,经济与工商管理学院,硕士,2023,就业,招商银行股份有限公司无锡分行,1
社会科学学部,经济与工商管理学院,硕士,2023,就业,中建三局集团北京有限公司,1
社会科学学部,经济与工商管理学院,硕士,2023,就业,中电科芯片技术(集团)有限公司,1
社会科学学部,经济与工商管理学院,硕士,2023,就业,国网湖北省电力有限公司,1
社会科学学部,经济与工商管理学院,硕士,2023,就业,天津市财政局监督评价局,1
社会科学学部,经济与工商管理学院,硕士,2023,就业,中建海峡建设发展有限公司,1
社会科学学部,经济与工商管理学院,硕士,2023,就业,国网天津市电力公司,1
社会科学学部,经济与工商管理学院,硕士,2023,就业,重庆水投原水资源管理有限公司,1
社会科学学部,经济与工商管理学院,硕士,2023,就业,华能(浙江)能源开发有限公司清洁能源分公司,1
社会科学学部,经济与工商管理学院,硕士,2023,就业,协鑫集团有限公司,1
社会科学学部,经济与工商管理学院,硕士,2023,选调生,中共成都市委组织部,1
社会科学学部,经济与工商管理学院,硕士,2023,就业,中建八局第二建设有限公司,1
社会科学学部,经济与工商管理学院,硕士,2023,就业,中国建筑第八工程局有限公司西南分公司,1
社会科学学部,经济与工商管理学院,硕士,2023,就业,中国工商银行股份有限公司河南省分行,1
社会科学学部,经济与工商管理学院,硕士,2023,就业,杭州市运河综合保护开发建设集团有限责任公司,1
社会科学学部,经济与工商管理学院,硕士,2023,就业,中国烟草总公司重庆市公司石柱分公司,1
社会科学学部,经济与工商管理学院,硕士,2023,就业,中国烟草总公司重庆市公司璧山分公司,1
社会科学学部,经济与工商管理学院,硕士,2023,就业,国家税务总局重庆市江北区税务局,1
社会科学学部,经济与工商管理学院,硕士,2023,就业,国家税务总局重庆市綦江区税务局,1
社会科学学部,经济与工商管理学院,硕士,2023,就业,西安精密机械研究所昆明分部,1
社会科学学部,经济与工商管理学院,硕士,2023,就业,成都环境投资集团有限公司,1
社会科学学部,经济与工商管理学院,硕士,2023,就业,中国人民人寿保险股份有限公司四川省分公司,1
社会科学学部,经济与工商管理学院,硕士,2023,就业,四川省烟草公司成都市公司郫都分公司,1
社会科学学部,经济与工商管理学院,硕士,2023,就业,武汉航空仪表有限责任公司,1
社会科学学部,经济与工商管理学院,硕士,2023,就业,中兴通讯股份有限公司,1
社会科学学部,经济与工商管理学院,硕士,2023,就业,中国电建集团贵阳勘测设计研究院有限公司,1
社会科学学部,经济与工商管理学院,硕士,2023,就业,浙江融哲律师事务所,1
社会科学学部,经济与工商管理学院,硕士,2023,就业,重庆市自来水有限公司,1
社会科学学部,经济与工商管理学院,硕士,2023,就业,中铁长江交通设计集团有限公司,1
社会科学学部,经济与工商管理学院,硕士,2023,就业,重庆以恒以沫科技有限公司,1
社会科学学部,经济与工商管理学院,硕士,2023,就业,广汽三菱汽车有限公司,1
社会科学学部,经济与工商管理学院,硕士,2023,就业,中国人民解放军陆军军医大学服务保障中心,1
社会科学学部,经济与工商管理学院,硕士,2023,就业,河南迅之明文化传媒有限公司,1
社会科学学部,经济与工商管理学院,硕士,2023,就业,西部航空有限责任公司,1
社会科学学部,经济与工商管理学院,硕士,2023,就业,重庆天府瓦斯发电有限公司,1
社会科学学部,经济与工商管理学院,硕士,2023,就业,庆铃汽车股份有限公司,1
社会科学学部,经济与工商管理学院,硕士,2023,就业,荣县度佳自来水厂,1
社会科学学部,经济与工商管理学院,硕士,2023,就业,柳州市鱼峰区长城财富商务宾馆,1
社会科学学部,经济与工商管理学院,硕士,2023,就业,重庆市工业高级技工学校,1
社会科学学部,经济与工商管理学院,硕士,2023,就业,重庆博奥江森蓄电池有限公司,1
社会科学学部,经济与工商管理学院,硕士,2023,就业,中国农业银行股份有限公司重庆九龙坡支行,1
社会科学学部,经济与工商管理学院,硕士,2023,就业,重庆软岛科技股份有限公司,1
社会科学学部,经济与工商管理学院,硕士,2023,就业,重庆泰豪晟大股权投资基金管理中心(有限合伙),1
社会科学学部,经济与工商管理学院,硕士,2023,就业,广西裕昌行汽车服务有限公司,1
社会科学学部,经济与工商管理学院,硕士,2023,就业,金蝶软件(中国)有限公司重庆分公司,1
社会科学学部,经济与工商管理学院,硕士,2023,就业,重庆深爱科技股份有限公司,1
社会科学学部,经济与工商管理学院,硕士,2023,就业,延锋伟世通(重庆)汽车电子有限公司,1
社会科学学部,经济与工商管理学院,硕士,2023,就业,远东国际租赁有限公司,1
社会科学学部,经济与工商管理学院,硕士,2023,就业,重庆重通成飞新材料有限公司,1
社会科学学部,经济与工商管理学院,硕士,2023,就业,长江重庆航道工程局,1
社会科学学部,经济与工商管理学院,硕士,2023,就业,重庆万汇注册安全工程师事务所有限公司,1
社会科学学部,经济与工商管理学院,硕士,2023,就业,綦江区发展和改革委员会,1
社会科学学部,经济与工商管理学院,硕士,2023,就业,重庆溯联汽车零部件有限公司,1
社会科学学部,经济与工商管理学院,硕士,2023,就业,重庆市经济技术开发区国家税务局,1
社会科学学部,经济与工商管理学院,硕士,2023,就业,重庆市商顺换热设备有限公司,1
社会科学学部,经济与工商管理学院,硕士,2023,就业,重庆速晨广告传媒有限公司,1
社会科学学部,经济与工商管理学院,硕士,2023,就业,重庆京东方光电科技有限公司,1
社会科学学部,经济与工商管理学院,硕士,2023,就业,重庆朗宁企业管理咨询有限公司,1
社会科学学部,经济与工商管理学院,硕士,2023,就业,重庆市国家税务局,1
社会科学学部,经济与工商管理学院,硕士,2023,就业,重庆市北碚区地方税务局,1
社会科学学部,经济与工商管理学院,硕士,2023,就业,重庆托姆科技有限公司,1
社会科学学部,经济与工商管理学院,硕士,2023,就业,重庆长江黄金游轮有限公司,1
社会科学学部,经济与工商管理学院,硕士,2023,就业,重庆捭阖电子商务有限责任公司,1
社会科学学部,经济与工商管理学院,硕士,2023,就业,中国建设银行重庆分行沙坪坝支行,1
社会科学学部,经济与工商管理学院,硕士,2023,就业,重庆新东方培训学校,1
社会科学学部,经济与工商管理学院,硕士,2023,就业,海南德裕工程有限公司重庆分公司,1
社会科学学部,经济与工商管理学院,硕士,2023,就业,重庆辉立机电设备工程有限公司,1
社会科学学部,经济与工商管理学院,硕士,2023,就业,重庆恩泽机电设备有限公司,1
社会科学学部,经济与工商管理学院,硕士,2023,就业,四川外国语大学重庆南方翻译学院,1
社会科学学部,经济与工商管理学院,硕士,2023,就业,重庆大别山贸易有限公司,1
社会科学学部,经济与工商管理学院,硕士,2023,就业,新华基金管理股份有限公司,1
社会科学学部,经济与工商管理学院,硕士,2023,就业,重庆市两江新区国家税务局,1
社会科学学部,经济与工商管理学院,硕士,2023,就业,中国石油化工股份有限公司江汉油田分公司采气一厂,1
社会科学学部,经济与工商管理学院,硕士,2023,就业,重庆辉腾能源股份有限公司,1
社会科学学部,经济与工商管理学院,硕士,2023,就业,日立建机(上海)有限公司,1
社会科学学部,经济与工商管理学院,硕士,2023,就业,上海晟维科贸有限公司,1
社会科学学部,经济与工商管理学院,硕士,2023,就业,重庆农村商业银行股份有限公司,1
社会科学学部,经济与工商管理学院,硕士,2023,就业,重庆联合产权交易所集团股份有限公司,1
社会科学学部,经济与工商管理学院,硕士,2023,就业,重庆中鼎资产评估土地房地产估价有限责任公司,1
社会科学学部,经济与工商管理学院,硕士,2023,就业,重庆维多国际货运代理有限公司,1
社会科学学部,经济与工商管理学院,硕士,2023,就业,重庆市九格达广告设计有限公司,1
社会科学学部,经济与工商管理学院,硕士,2023,就业,重庆业亿暖通工程有限公司,1
社会科学学部,经济与工商管理学院,硕士,2023,就业,惠普(重庆)生产出口采购及结算有限公司,1
社会科学学部,经济与工商管理学院,硕士,2023,就业,重庆市长寿区开源电力有限公司,1
社会科学学部,经济与工商管理学院,硕士,2023,就业,中国银行股份有限公司重庆市分行营业部,1
社会科学学部,经济与工商管理学院,硕士,2023,就业,重庆宏真船务有限公司,1
社会科学学部,经济与工商管理学院,硕士,2023,就业,北京伯凯科技有限公司重庆分公司,1
社会科学学部,经济与工商管理学院,硕士,2023,就业,中铁十二局集团第二工程有限公司成贵铁路项目经理部第三项目部,1
社会科学学部,经济与工商管理学院,硕士,2023,就业,中国移动通信集团重庆有限公司万盛分公司,1
社会科学学部,经济与工商管理学院,硕士,2023,就业,华澳国际信托有限公司,1
社会科学学部,经济与工商管理学院,硕士,2023,就业,重庆复地金羚置业有限公司,1
社会科学学部,经济与工商管理学院,硕士,2023,就业,重庆筑福建筑劳务有限公司,1
社会科学学部,经济与工商管理学院,硕士,2023,就业,中国银行业监督管理委员会涪陵监管分局,1
社会科学学部,经济与工商管理学院,硕士,2023,就业,重庆耀中国际学校,1
社会科学学部,经济与工商管理学院,硕士,2023,就业,利纳马汽车系统(重庆)有限公司,1
社会科学学部,经济与工商管理学院,硕士,2023,就业,重庆医药(集团)股份有限公司特殊药品分公司,1
社会科学学部,经济与工商管理学院,硕士,2023,就业,重庆肆月懿语文化传播有限公司,1
社会科学学部,经济与工商管理学院,硕士,2023,就业,瀚华普惠有限公司,1
社会科学学部,经济与工商管理学院,硕士,2023,就业,重庆创智天成科技有限公司,1
社会科学学部,经济与工商管理学院,硕士,2023,就业,重庆光艳商贸有限公司,1
社会科学学部,经济与工商管理学院,硕士,2023,就业,重庆市金铁橡商贸有限责任公司,1
社会科学学部,经济与工商管理学院,硕士,2023,就业,中国建设银行股份有限公司重庆中山路支行,1
社会科学学部,经济与工商管理学院,硕士,2023,就业,重庆世配再生资源回收有限公司,1
社会科学学部,经济与工商管理学院,硕士,2023,就业,重庆合联优思建筑设计咨询有限公司,1
社会科学学部,经济与工商管理学院,硕士,2023,就业,中国人民银行江津中心支行,1
社会科学学部,经济与工商管理学院,硕士,2023,就业,中国华融资产管理股份有限公司重庆市分公司,1
社会科学学部,经济与工商管理学院,硕士,2023,就业,重庆鑫卡瑞物流有限公司,1
社会科学学部,经济与工商管理学院,硕士,2023,就业,重庆市南岸区市场监督管理局,1
社会科学学部,经济与工商管理学院,硕士,2023,就业,重庆吉和建筑工程咨询有限公司,1
社会科学学部,经济与工商管理学院,硕士,2023,就业,中国银行股份有限公司重庆开州支行,1
社会科学学部,经济与工商管理学院,硕士,2023,就业,福特汽车(中国)有限公司,1
社会科学学部,经济与工商管理学院,硕士,2023,就业,乐用乐使(重庆)科技有限公司,1
社会科学学部,经济与工商管理学院,硕士,2023,就业,重庆市开州区白桥镇人民政府,1
社会科学学部,经济与工商管理学院,硕士,2023,就业,贵州岱高传动带有限公司,1
社会科学学部,经济与工商管理学院,硕士,2023,就业,中共重庆市渝北区洛碛镇委员会,1
社会科学学部,经济与工商管理学院,硕士,2023,就业,重庆财信房地产开发有限公司酒店管理分公司,1
社会科学学部,经济与工商管理学院,硕士,2023,就业,龙湖物业服务集团有限公司,1
社会科学学部,经济与工商管理学院,硕士,2023,就业,重庆合力泰富商业管理有限责任公司,1
社会科学学部,经济与工商管理学院,硕士,2023,就业,重庆发展投资有限公司,1
社会科学学部,经济与工商管理学院,硕士,2023,就业,重庆视巴达文化传媒有限公司,1
社会科学学部,经济与工商管理学院,硕士,2023,就业,重庆方正高密电子有限公司,1
社会科学学部,经济与工商管理学院,硕士,2023,就业,天纳克陵川(重庆)排气系统有限公司,1
社会科学学部,经济与工商管理学院,硕士,2023,就业,中国光大银行股份有限公司重庆分行,1
社会科学学部,经济与工商管理学院,硕士,2023,就业,重庆光能荣能汽车配件有限公司,1
社会科学学部,经济与工商管理学院,硕士,2023,就业,成都五八企业管理服务有限公司,1
社会科学学部,经济与工商管理学院,硕士,2023,就业,重庆朴川出国留学中介服务有限公司,1
社会科学学部,经济与工商管理学院,硕士,2023,就业,重庆星卓教学设备有限公司,1
社会科学学部,经济与工商管理学院,硕士,2023,就业,重庆市沙坪坝不动产登记中心,1
社会科学学部,经济与工商管理学院,硕士,2023,就业,美施威尔(上海)有限公司,1
社会科学学部,经济与工商管理学院,硕士,2023,就业,重庆轨道交通产业投资有限公司,1
社会科学学部,经济与工商管理学院,硕士,2023,就业,重庆康翔实业集团有限公司,1
社会科学学部,经济与工商管理学院,硕士,2023,就业,泸州老窖股份有限公司,1
社会科学学部,经济与工商管理学院,硕士,2023,就业,北京古藤云计算有限公司,1
社会科学学部,经济与工商管理学院,硕士,2023,就业,重庆德物鑫建材有限公司,1
社会科学学部,经济与工商管理学院,硕士,2023,就业,领克汽车销售有限公司,1
社会科学学部,经济与工商管理学院,硕士,2023,就业,贵州钢建工程有限公司,1
社会科学学部,经济与工商管理学院,硕士,2023,就业,贵州习酒股份有限公司,1
社会科学学部,经济与工商管理学院,硕士,2023,就业,中国电子科技集团公司第五十五研究所,1
社会科学学部,经济与工商管理学院,硕士,2023,就业,河南省财政厅,1
社会科学学部,经济与工商管理学院,硕士,2023,就业,重庆高景教育科技有限公司,1
社会科学学部,经济与工商管理学院,硕士,2023,就业,国家开发银行湖南省分行,1
社会科学学部,经济与工商管理学院,硕士,2023,选调生,中国共产党云阳县委员会组织部,1
社会科学学部,经济与工商管理学院,硕士,2023,就业,赛力斯汽车有限公司,1
社会科学学部,经济与工商管理学院,硕士,2023,就业,重庆医科大学附属永川医院(重庆市第二人民医院),1
社会科学学部,经济与工商管理学院,硕士,2023,就业,广域铭岛数字科技有限公司,1
社会科学学部,经济与工商管理学院,硕士,2023,选调生,中共重庆市铜梁区委组织部,1
社会科学学部,经济与工商管理学院,硕士,2023,就业,汉海信息技术(上海)有限公司,1
社会科学学部,经济与工商管理学院,硕士,2023,选调生,中国共产党泸州市委员会组织部,1
社会科学学部,经济与工商管理学院,硕士,2023,就业,成都航天模塑股份有限公司,1
社会科学学部,经济与工商管理学院,硕士,2023,就业,远景能源有限公司上海分公司,1
社会科学学部,经济与工商管理学院,硕士,2023,就业,中国铁路广州局集团有限公司,1
社会科学学部,经济与工商管理学院,硕士,2023,就业,重庆红宇精密工业集团有限公司,1
社会科学学部,经济与工商管理学院,硕士,2023,就业,华为技术有限公司,1
社会科学学部,经济与工商管理学院,硕士,2023,就业,国泰君安证券股份有限公司,1
社会科学学部,经济与工商管理学院,硕士,2023,就业,重庆市北碚区发展和改革委员会,1
社会科学学部,经济与工商管理学院,硕士,2023,就业,中国航空工业集团公司雷华电子技术研究所,1
社会科学学部,经济与工商管理学院,硕士,2023,就业,广东电网有限责任公司,1
社会科学学部,经济与工商管理学院,硕士,2023,就业,成都航天万欣科技有限公司,1
社会科学学部,经济与工商管理学院,硕士,2023,就业,合肥市产业投资控股(集团)有限公司,1
社会科学学部,经济与工商管理学院,硕士,2023,就业,深信服科技股份有限公司,1
社会科学学部,经济与工商管理学院,硕士,2023,就业,深圳市鹏新旭技术有限公司,1
社会科学学部,经济与工商管理学院,硕士,2023,就业,四川省宜宾五粮液集团有限公司,1
社会科学学部,经济与工商管理学院,硕士,2023,就业,重庆高新技术产业开发区管理委员会,1
社会科学学部,经济与工商管理学院,硕士,2023,选调生,中共乐山市委组织部,1
社会科学学部,经济与工商管理学院,硕士,2023,就业,中国电子科技集团公司第三十研究所,1
社会科学学部,经济与工商管理学院,硕士,2023,就业,重庆两江新区开发投资集团有限公司,1
社会科学学部,经济与工商管理学院,硕士,2023,就业,上海市长宁区北新泾街道办事处,1
社会科学学部,经济与工商管理学院,硕士,2023,就业,赛力斯集团股份有限公司,1
社会科学学部,经济与工商管理学院,硕士,2023,就业,深圳市欢太科技有限公司,1
社会科学学部,经济与工商管理学院,硕士,2023,选调生,中国共产党广安市委员会组织部,1
社会科学学部,经济与工商管理学院,硕士,2023,就业,斯玛特(苏州)包装有限公司,1
社会科学学部,经济与工商管理学院,硕士,2023,就业,上海华信证券有限责任公司重庆新南路证券营业部,1
社会科学学部,经济与工商管理学院,硕士,2023,就业,重庆友拓汽车零部件有限公司,1
社会科学学部,经济与工商管理学院,硕士,2023,就业,华夏航空股份有限公司,1
社会科学学部,经济与工商管理学院,硕士,2023,就业,长安福特汽车有限公司,1
社会科学学部,经济与工商管理学院,硕士,2023,就业,重庆北汽模塑科技有限公司,1
社会科学学部,经济与工商管理学院,硕士,2023,就业,重庆悦瑞文化旅游发展有限公司,1
社会科学学部,经济与工商管理学院,硕士,2023,就业,重庆皇庭珠宝广场有限公司,1
社会科学学部,经济与工商管理学院,硕士,2023,就业,垫江县海纳百川房产经纪有限公司,1
社会科学学部,经济与工商管理学院,硕士,2023,就业,成都广通汽车有限公司,1
社会科学学部,经济与工商管理学院,硕士,2023,就业,重庆飞驶特人力资源管理有限公司,1
社会科学学部,经济与工商管理学院,硕士,2023,就业,重庆学大信息技术有限公司,1
社会科学学部,经济与工商管理学院,硕士,2023,就业,重庆市武隆区欣航水资源开发有限公司,1
社会科学学部,经济与工商管理学院,硕士,2023,就业,重庆中林林产品有限公司,1
社会科学学部,经济与工商管理学院,硕士,2023,就业,重庆市渝地北部开发建设有限公司,1
社会科学学部,经济与工商管理学院,硕士,2023,就业,重庆三五世全食品有限公司,1
社会科学学部,经济与工商管理学院,硕士,2023,就业,重庆南湾江上物业有限公司,1
社会科学学部,经济与工商管理学院,硕士,2023,就业,重庆联庆科技发展有限公司,1
社会科学学部,经济与工商管理学院,硕士,2023,就业,埃驰(上海)汽车零部件技术有限公司重庆分公司,1
社会科学学部,经济与工商管理学院,硕士,2023,就业,重庆聚能资产管理有限公司,1
社会科学学部,经济与工商管理学院,硕士,2023,就业,重庆惠风机电设备有限公司,1
社会科学学部,经济与工商管理学院,硕士,2023,就业,重庆市涪陵区银科融资担保有限责任公司,1
社会科学学部,经济与工商管理学院,硕士,2023,就业,重庆金科房地产开发有限公司第一分公司,1
社会科学学部,经济与工商管理学院,硕士,2023,就业,中铁建重庆石化销售有限公司,1
社会科学学部,经济与工商管理学院,硕士,2023,就业,重庆银海融资租赁有限公司,1
社会科学学部,经济与工商管理学院,硕士,2023,就业,北京阿鼻文化传媒有限公司,1
社会科学学部,经济与工商管理学院,硕士,2023,就业,重庆市能源投资集团财务有限公司,1
社会科学学部,经济与工商管理学院,硕士,2023,就业,重庆市经济和信息化委员会,1
社会科学学部,经济与工商管理学院,硕士,2023,就业,重庆市长寿区新市街道办事处,1
社会科学学部,经济与工商管理学院,硕士,2023,就业,南岸区易谷健康咨询服务部,1
社会科学学部,经济与工商管理学院,硕士,2023,就业,长安汽车金融有限公司,1
社会科学学部,经济与工商管理学院,硕士,2023,就业,四川荣林建筑安装工程有限公司重庆分公司,1
社会科学学部,经济与工商管理学院,硕士,2023,就业,重庆高新技术产业研究院有限责任公司,1
社会科学学部,经济与工商管理学院,硕士,2023,就业,重庆远通电子技术开发有限公司,1
社会科学学部,经济与工商管理学院,硕士,2023,就业,重庆市工商业联合会,1
社会科学学部,经济与工商管理学院,硕士,2023,就业,南岸区柏约珠宝行,1
社会科学学部,经济与工商管理学院,硕士,2023,就业,重庆华侨城实业发展有限公司,1
社会科学学部,经济与工商管理学院,硕士,2023,就业,国华人寿保险股份有限公司重庆分公司,1
社会科学学部,经济与工商管理学院,硕士,2023,就业,国网重庆市电力公司綦南供电分公司,1
社会科学学部,经济与工商管理学院,硕士,2023,就业,中国邮政储蓄银行股份有限公司重庆分行,1
社会科学学部,经济与工商管理学院,硕士,2023,就业,重庆绿岛资产经营管理有限公司,1
社会科学学部,经济与工商管理学院,硕士,2023,就业,重庆艺时驿文化创意设计有限公司,1
社会科学学部,经济与工商管理学院,硕士,2023,就业,重庆金源时代购物广场有限公司,1
社会科学学部,经济与工商管理学院,硕士,2023,就业,重庆茂泰汽车销售有限公司,1
社会科学学部,经济与工商管理学院,硕士,2023,就业,安诚财产保险股份有限公司,1
社会科学学部,经济与工商管理学院,硕士,2023,就业,重庆流年云迹户外运动有限公司,1
社会科学学部,经济与工商管理学院,硕士,2023,就业,重庆花熙电子商务有限公司,1
社会科学学部,经济与工商管理学院,硕士,2023,就业,南充金炜商贸有限公司,1
社会科学学部,经济与工商管理学院,硕士,2023,就业,重庆南向泰斯环保技术研究院有限公司,1
社会科学学部,经济与工商管理学院,硕士,2023,就业,重庆赛迪热工环保工程技术有限公司,1
社会科学学部,经济与工商管理学院,硕士,2023,就业,重庆保利花园皇冠假日酒店,1
社会科学学部,经济与工商管理学院,硕士,2023,就业,重庆富民银行股份有限公司,1
社会科学学部,经济与工商管理学院,硕士,2023,就业,四川诺帆检测技术有限公司,1
社会科学学部,经济与工商管理学院,硕士,2023,就业,重庆市綦江区易思泊信息技术有限公司,1
社会科学学部,经济与工商管理学院,硕士,2023,就业,重庆海鎏食品有限公司,1
社会科学学部,经济与工商管理学院,硕士,2023,就业,中建二局第三建筑工程有限公司,1
社会科学学部,经济与工商管理学院,硕士,2023,就业,中国石化润滑油有限公司合成油脂分公司,1
社会科学学部,经济与工商管理学院,硕士,2023,就业,中国农业发展银行浙江省分行,1
社会科学学部,经济与工商管理学院,硕士,2023,就业,胜帮科技股份有限公司,1
社会科学学部,经济与工商管理学院,硕士,2023,就业,南昌市新建区商务局,1
社会科学学部,经济与工商管理学院,硕士,2023,就业,中国烟草总公司河南省公司,1
社会科学学部,经济与工商管理学院,硕士,2023,就业,江苏银行股份有限公司上海分行,1
社会科学学部,经济与工商管理学院,硕士,2023,就业,山东中建城市发展有限公司,1
社会科学学部,经济与工商管理学院,硕士,2023,选调生,中共陕西省委组织部,1
社会科学学部,经济与工商管理学院,硕士,2023,选调生,黄石市审计局,1
社会科学学部,经济与工商管理学院,硕士,2023,就业,广西电网有限责任公司桂林供电局,1
社会科学学部,经济与工商管理学院,硕士,2023,就业,重庆城市科技学院,1
社会科学学部,经济与工商管理学院,硕士,2023,就业,中铁五局集团第六工程有限责任公司,1
社会科学学部,经济与工商管理学院,硕士,2023,就业,重庆市九龙坡区经济信息中心,1
社会科学学部,经济与工商管理学院,硕士,2023,就业,国家税务总局重庆市开州区税务局,1
社会科学学部,经济与工商管理学院,硕士,2023,就业,四川省新型智库发展促进中心,1
社会科学学部,经济与工商管理学院,硕士,2023,就业,交通银行股份有限公司四川省分行,1
社会科学学部,经济与工商管理学院,硕士,2023,就业,云南电网有限责任公司电力科学研究院,1
社会科学学部,经济与工商管理学院,硕士,2023,就业,四川华西集团有限公司,1
社会科学学部,经济与工商管理学院,硕士,2023,就业,四川省达州市达川区经济和信息化局,1
社会科学学部,经济与工商管理学院,硕士,2023,就业,航天锂电科技(江苏)有限公司,1
社会科学学部,经济与工商管理学院,硕士,2023,升学,中国人民大学,1
社会科学学部,经济与工商管理学院,硕士,2023,就业,中国电建集团贵州工程有限公司,1
社会科学学部,经济与工商管理学院,硕士,2023,就业,北京海量数据技术股份有限公司,1
社会科学学部,经济与工商管理学院,硕士,2023,就业,北京市对外服务办公室,1
社会科学学部,经济与工商管理学院,硕士,2023,选调生,四川省林业和草原局,1
社会科学学部,经济与工商管理学院,硕士,2023,就业,中华人民共和国扬州海关,1
社会科学学部,经济与工商管理学院,硕士,2023,就业,华电电力科学研究院有限公司,1
社会科学学部,经济与工商管理学院,硕士,2023,就业,中国人民银行成都分行,1
社会科学学部,经济与工商管理学院,硕士,2023,就业,宜宾市第一人民医院,1
社会科学学部,经济与工商管理学院,硕士,2023,就业,中共成都市双流区委员会党校,1
社会科学学部,经济与工商管理学院,硕士,2023,就业,江苏省泰州市国资委,1
社会科学学部,经济与工商管理学院,硕士,2023,就业,贵州电网有限责任公司兴义供电局,1
社会科学学部,经济与工商管理学院,硕士,2023,就业,宁波交通投资控股有限公司,1
社会科学学部,经济与工商管理学院,硕士,2023,就业,锐捷网络股份有限公司,1
社会科学学部,经济与工商管理学院,硕士,2023,就业,中国工商银行股份有限公司成都市分行,1
社会科学学部,经济与工商管理学院,硕士,2023,就业,安徽置地投资有限公司,1
社会科学学部,经济与工商管理学院,硕士,2023,就业,国家电投集团江西电力有限公司新能源发电分公司,1
社会科学学部,经济与工商管理学院,硕士,2023,就业,中国民生银行股份有限公司,1
社会科学学部,经济与工商管理学院,硕士,2023,选调生,中国共产党郑州市委员会组织部,1
社会科学学部,经济与工商管理学院,硕士,2023,就业,国家税务总局洛阳市税务局,1
社会科学学部,经济与工商管理学院,硕士,2023,就业,河南财政金融学院,1
社会科学学部,经济与工商管理学院,硕士,2023,就业,国家税务总局济源产城融合示范区税务局,1
社会科学学部,经济与工商管理学院,硕士,2023,就业,中建三局基础设施建设投资有限公司,1
社会科学学部,经济与工商管理学院,硕士,2023,就业,国家税务总局开封市龙亭区税务局,1
社会科学学部,经济与工商管理学院,硕士,2023,就业,中国工商银行股份有限公司湖北省分行,1
社会科学学部,经济与工商管理学院,硕士,2023,就业,重庆泛欧铁路口岸经营管理有限责任公司,1
社会科学学部,经济与工商管理学院,硕士,2023,就业,重庆工商大学派斯学院,1
社会科学学部,经济与工商管理学院,硕士,2023,就业,国信证券股份有限公司浙江分公司,1
社会科学学部,经济与工商管理学院,硕士,2023,就业,中国建设银行股份有限公司重庆市分行,1
社会科学学部,经济与工商管理学院,硕士,2023,就业,重庆新航道锦秋教育i信息咨询有限公司,1
社会科学学部,经济与工商管理学院,硕士,2023,就业,中建四局贵州投资建设有限公司,1
社会科学学部,经济与工商管理学院,硕士,2023,就业,重庆人文科技学院,1
社会科学学部,经济与工商管理学院,硕士,2023,选调生,大理白族自治州发展和改革委员会,1
社会科学学部,经济与工商管理学院,硕士,2023,就业,广发证券股份有限公司重庆石杨路证券营业部,1
社会科学学部,经济与工商管理学院,硕士,2023,就业,国家税务总局重庆市九龙坡区税务局,1
社会科学学部,经济与工商管理学院,硕士,2023,就业,德勤华永会计师事务所(特殊普通合伙)成都分所,1
社会科学学部,经济与工商管理学院,硕士,2023,就业,重庆市巫山县发展和改革委员会,1
社会科学学部,经济与工商管理学院,硕士,2023,选调生,中共重庆市南川区委组织部干部科,1
社会科学学部,经济与工商管理学院,硕士,2023,就业,重庆鈊渝金融租赁股份有限公司,1
社会科学学部,经济与工商管理学院,硕士,2023,就业,中国农业发展银行资阳市分行,1
社会科学学部,经济与工商管理学院,硕士,2023,选调生,普洱市思茅区工业信息化和科学技术局,1
社会科学学部,经济与工商管理学院,硕士,2023,就业,nan,1
社会科学学部,经济与工商管理学院,硕士,2023,就业,大华会计师事务所(特殊普通合伙)重庆分所,1
社会科学学部,经济与工商管理学院,硕士,2023,就业,开源证券股份有限公司上海分公司,1
社会科学学部,经济与工商管理学院,硕士,2023,就业,国家税务总局贵州双龙航空港经济区税务局,1
社会科学学部,经济与工商管理学院,硕士,2023,选调生,中共黔南州委组织部,1
社会科学学部,经济与工商管理学院,硕士,2023,就业,永赢金融租赁有限公司,1
社会科学学部,经济与工商管理学院,硕士,2023,就业,江阴市金融服务中心,1
社会科学学部,经济与工商管理学院,硕士,2023,选调生,中共铜仁市委组织部,1
社会科学学部,经济与工商管理学院,硕士,2023,选调生,曲靖市商务局,1
社会科学学部,经济与工商管理学院,博士,2023,就业,重庆理工大学,2
社会科学学部,经济与工商管理学院,博士,2023,就业,重庆工商大学,2
社会科学学部,经济与工商管理学院,博士,2023,就业,国信证券股份有限公司,1
社会科学学部,经济与工商管理学院,博士,2023,就业,重庆第二师范学院,1
社会科学学部,经济与工商管理学院,博士,2023,就业,北京雁栖湖应用数学研究院,1
社会科学学部,经济与工商管理学院,博士,2023,就业,浙江财经大学,1
社会科学学部,经济与工商管理学院,博士,2023,就业,重庆邮电大学,1
社会科学学部,经济与工商管理学院,博士,2023,就业,江南大学,1
社会科学学部,经济与工商管理学院,博士,2023,就业,重庆医科大学,1
社会科学学部,经济与工商管理学院,博士,2023,就业,山东财经大学,1
社会科学学部,经济与工商管理学院,博士,2023,就业,西南政法大学,1
社会科学学部,经济与工商管理学院,博士,2023,就业,香港城市大学,1
社会科学学部,经济与工商管理学院,博士,2023,就业,四川外国语大学,1
社会科学学部,经济与工商管理学院,博士,2023,就业,西安交通大学,1
社会科学学部,经济与工商管理学院,博士,2023,就业,安徽财经大学,1
社会科学学部,经济与工商管理学院,博士,2023,就业,华夏银行股份有限公司,1
社会科学学部,新闻学院,本科,2021,就业,重庆大学,9
社会科学学部,新闻学院,本科,2021,升学,中国传媒大学,5
社会科学学部,新闻学院,本科,2021,升学,华中科技大学,3
社会科学学部,新闻学院,本科,2021,就业,中建一局集团建设发展有限公司,3
社会科学学部,新闻学院,本科,2021,就业,中国建筑第七工程局有限公司,2
社会科学学部,新闻学院,本科,2021,升学,华东师范大学,2
社会科学学部,新闻学院,本科,2021,升学,中山大学,2
社会科学学部,新闻学院,本科,2021,升学,四川大学,2
社会科学学部,新闻学院,本科,2021,出国(境)留学或工作,华威大学,2
社会科学学部,新闻学院,本科,2021,就业,重庆长安汽车股份有限公司,2
社会科学学部,新闻学院,本科,2021,升学,复旦大学,2
社会科学学部,新闻学院,本科,2021,就业,贵州青少年融媒体有限责任公司,1
社会科学学部,新闻学院,本科,2021,就业,厦门银行股份有限公司,1
社会科学学部,新闻学院,本科,2021,就业,广汽丰田汽车有限公司,1
社会科学学部,新闻学院,本科,2021,升学,北京航空航天大学,1
社会科学学部,新闻学院,本科,2021,就业,百度在线网络技术(北京)有限公司,1
社会科学学部,新闻学院,本科,2021,就业,华为技术有限公司,1
社会科学学部,新闻学院,本科,2021,出国(境)留学或工作,香港中文大学,1
社会科学学部,新闻学院,本科,2021,就业,中建五局第三建设有限公司,1
社会科学学部,新闻学院,本科,2021,就业,比亚迪汽车工业有限公司,1
社会科学学部,新闻学院,本科,2021,就业,百巴镇文化服务中心,1
社会科学学部,新闻学院,本科,2021,就业,中国建筑第五工程局有限公司,1
社会科学学部,新闻学院,本科,2021,就业,重庆京东方显示技术有限公司,1
社会科学学部,新闻学院,本科,2021,出国(境)留学或工作,香港浸会大学,1
社会科学学部,新闻学院,本科,2021,就业,深圳市网联安瑞网络科技有限公司,1
社会科学学部,新闻学院,本科,2021,出国(境)留学或工作,延世大学,1
社会科学学部,新闻学院,本科,2021,就业,四川郎酒股份有限公司,1
社会科学学部,新闻学院,本科,2021,升学,陕西师范大学,1
社会科学学部,新闻学院,本科,2021,就业,中国建筑第六工程局有限公司,1
社会科学学部,新闻学院,本科,2021,就业,中铁五局集团建筑工程有限责任公司,1
社会科学学部,新闻学院,本科,2021,就业,杭州无忧传媒有限公司,1
社会科学学部,新闻学院,本科,2021,升学,广西大学,1
社会科学学部,新闻学院,本科,2021,升学,武汉大学(非全日制),1
社会科学学部,新闻学院,本科,2021,出国(境)留学或工作,埃塞克商学院,1
社会科学学部,新闻学院,本科,2021,就业,新京报社,1
社会科学学部,新闻学院,本科,2021,就业,重庆燃气集团股份有限公司,1
社会科学学部,新闻学院,本科,2021,就业,江达广播电视台,1
社会科学学部,新闻学院,本科,2021,出国(境)留学或工作,北海道大学,1
社会科学学部,新闻学院,本科,2021,就业,中建八局第一建设有限公司,1
社会科学学部,新闻学院,本科,2021,升学,南开大学,1
社会科学学部,新闻学院,本科,2021,就业,湖南灵越网络科技有限公司,1
社会科学学部,新闻学院,本科,2021,升学,西安交通大学,1
社会科学学部,新闻学院,本科,2021,升学,南京大学,1
社会科学学部,新闻学院,本科,2021,出国(境)留学或工作,伦敦大学国王学院,1
社会科学学部,新闻学院,本科,2021,升学,暨南大学,1
社会科学学部,新闻学院,本科,2021,就业,杭州市网络安全研究所,1
社会科学学部,新闻学院,本科,2021,就业,国家税务总局丰都县税务局,1
社会科学学部,新闻学院,本科,2021,升学,上海交通大学,1
社会科学学部,新闻学院,本科,2021,就业,深圳市蓝天教育培训学校,1
社会科学学部,新闻学院,本科,2021,就业,深圳市龙岗区教育局,1
社会科学学部,新闻学院,本科,2021,升学,山东大学,1
社会科学学部,新闻学院,本科,2021,选调生,甘肃省农村农业厅,1
社会科学学部,新闻学院,本科,2021,就业,重庆西部大数据前沿应用研究院,1
社会科学学部,新闻学院,本科,2021,出国(境)留学或工作,进和外语学校,1
社会科学学部,新闻学院,本科,2021,就业,重庆华龙网集团股份有限公司,1
社会科学学部,新闻学院,本科,2021,就业,北京奇虎科技有限公司,1
社会科学学部,新闻学院,本科,2021,就业,中国船级社质量认证公司西藏分公司,1
社会科学学部,新闻学院,本科,2021,出国(境)留学或工作,埃塞克高等商学院,1
社会科学学部,新闻学院,本科,2021,出国(境)留学或工作,利兹大学,1
社会科学学部,新闻学院,硕士,2021,选调生,中共德阳市委组织部,2
社会科学学部,新闻学院,硕士,2021,就业,北京达佳互联信息技术有限公司,2
社会科学学部,新闻学院,硕士,2021,选调生,中共重庆市委组织部,2
社会科学学部,新闻学院,硕士,2021,就业,世强先进(深圳)科技股份有限公司,2
社会科学学部,新闻学院,硕士,2021,就业,重庆市璧山中学校,2
社会科学学部,新闻学院,硕士,2021,选调生,广西壮族自治区党委组织部干部规划办,1
社会科学学部,新闻学院,硕士,2021,就业,武侯区优化营商环境服务中心,1
社会科学学部,新闻学院,硕士,2021,出国(境)留学或工作,哥伦比亚大学,1
社会科学学部,新闻学院,硕士,2021,选调生,中共陕西省委组织部,1
社会科学学部,新闻学院,硕士,2021,就业,广东中大管理咨询集团股份有限公司,1
社会科学学部,新闻学院,硕士,2021,选调生,中共济源产城融合示范区工作委员会组织部,1
社会科学学部,新闻学院,硕士,2021,就业,重庆前卫科技集团有限公司,1
社会科学学部,新闻学院,硕士,2021,升学,四川大学,1
社会科学学部,新闻学院,硕士,2021,选调生,中共遵义市委组织部,1
社会科学学部,新闻学院,硕士,2021,选调生,中国共产党陆良县委员会组织部,1
社会科学学部,新闻学院,硕士,2021,就业,重庆市江北区江北嘴实验学校,1
社会科学学部,新闻学院,硕士,2021,就业,人民日报社,1
社会科学学部,新闻学院,硕士,2021,就业,重庆大学附属肿瘤医院,1
社会科学学部,新闻学院,硕士,2021,就业,中国水利水电第五工程局有限公司,1
社会科学学部,新闻学院,硕士,2021,就业,重庆菲斯克人力资源集团有限公司(重大党委宣传部)),1
社会科学学部,新闻学院,硕士,2021,就业,安徽省庐江台湾农民创业园管理委员会,1
社会科学学部,新闻学院,硕士,2021,就业,联合国和平大学,1
社会科学学部,新闻学院,硕士,2021,就业,重庆供销控股(集团)有限公司,1
社会科学学部,新闻学院,硕士,2021,选调生,中共天津市静海区委组织部,1
社会科学学部,新闻学院,硕士,2021,就业,重庆法制报社,1
社会科学学部,新闻学院,硕士,2021,就业,中国移动通信集团重庆有限公司,1
社会科学学部,新闻学院,硕士,2021,就业,成都力玺房地产开发有限公司,1
社会科学学部,新闻学院,硕士,2021,就业,成都东软学院,1
社会科学学部,新闻学院,硕士,2021,就业,重庆城市科技学院,1
社会科学学部,新闻学院,硕士,2021,就业,上海市宝山区老干部活动室,1
社会科学学部,新闻学院,硕士,2021,就业,荣盛房地产发展股份有限公司,1
社会科学学部,新闻学院,硕士,2021,就业,华润江中制药集团有限责任公司,1
社会科学学部,新闻学院,硕士,2021,就业,万科(成都)企业有限公司,1
社会科学学部,新闻学院,硕士,2021,升学,重庆大学,1
社会科学学部,新闻学院,硕士,2021,就业,四川新希望房地产开发有限公司,1
社会科学学部,新闻学院,硕士,2021,就业,北京西天取经科技有限公司,1
社会科学学部,新闻学院,硕士,2021,选调生,中共曲靖市委组织部,1
社会科学学部,新闻学院,硕士,2021,升学,复旦大学,1
社会科学学部,新闻学院,硕士,2021,选调生,中共江西省委组织部,1
社会科学学部,新闻学院,硕士,2021,就业,中国水利水电第九工程局有限公司,1
社会科学学部,新闻学院,硕士,2021,就业,重庆电力高等专科学校,1
社会科学学部,新闻学院,硕士,2021,就业,重庆长安民生物流股份有限公司,1
社会科学学部,新闻学院,硕士,2021,就业,中移动金融科技有限公司,1
社会科学学部,新闻学院,硕士,2021,就业,重庆华龙网集团股份有限公司,1
社会科学学部,新闻学院,硕士,2021,就业,教育部中外语言交流合作中心,1
社会科学学部,新闻学院,硕士,2021,就业,中建五局第三建设有限公司,1
社会科学学部,新闻学院,硕士,2021,就业,nan,1
社会科学学部,新闻学院,硕士,2021,就业,上海宝冶集团有限公司成都分公司,1
社会科学学部,新闻学院,硕士,2021,就业,融创西南房地产开发(集团)有限公司,1
社会科学学部,新闻学院,硕士,2021,就业,重庆京东方光电科技有限公司,1
社会科学学部,新闻学院,硕士,2021,选调生,中共成都市委组织部,1
社会科学学部,新闻学院,硕士,2021,就业,重庆长安汽车股份有限公司,1
社会科学学部,新闻学院,硕士,2021,就业,心田花开教育科技有限公司,1
社会科学学部,新闻学院,硕士,2021,选调生,中共广元市委组织部,1
社会科学学部,新闻学院,硕士,2021,就业,重庆第二师范学院,1
社会科学学部,新闻学院,硕士,2021,就业,重庆市璧山区现代服务业发展促进中心,1
社会科学学部,新闻学院,硕士,2021,就业,北京高途云集教育科技有限公司,1
社会科学学部,新闻学院,硕士,2021,就业,中建隧道建设有限公司,1
社会科学学部,新闻学院,硕士,2021,就业,云南师范大学附属小学,1
社会科学学部,新闻学院,硕士,2021,选调生,中共河南省委组织部,1
社会科学学部,新闻学院,硕士,2021,就业,重庆市建筑科学研究院有限公司,1
社会科学学部,新闻学院,硕士,2021,就业,浙江广播电视传媒集团有限公司,1
社会科学学部,新闻学院,硕士,2021,就业,四川电影电视学院,1
社会科学学部,新闻学院,硕士,2021,就业,重庆日报,1
社会科学学部,新闻学院,硕士,2021,就业,深圳市深粮控股股份有限公司,1
社会科学学部,新闻学院,硕士,2021,就业,洛阳融创房地产开发有限公司,1
社会科学学部,新闻学院,硕士,2021,就业,重庆大学出版社有限公司,1
社会科学学部,新闻学院,本科,2022,升学,重庆大学,11
社会科学学部,新闻学院,本科,2022,升学,中国传媒大学,3
社会科学学部,新闻学院,本科,2022,出国(境)留学或工作,香港中文大学,3
社会科学学部,新闻学院,本科,2022,升学,复旦大学,2
社会科学学部,新闻学院,本科,2022,升学,武汉大学,2
社会科学学部,新闻学院,本科,2022,升学,华东师范大学,2
社会科学学部,新闻学院,本科,2022,就业,北京海量数据技术股份有限公司,1
社会科学学部,新闻学院,本科,2022,志愿服务西部计划,新疆建设兵团,1
社会科学学部,新闻学院,本科,2022,出国(境)留学或工作,利兹大学,1
社会科学学部,新闻学院,本科,2022,就业,厦门汉印电子技术有限公司,1
社会科学学部,新闻学院,本科,2022,就业,武汉市黄陂区人民政府祁家湾街道办事处,1
社会科学学部,新闻学院,本科,2022,升学,华中科技大学,1
社会科学学部,新闻学院,本科,2022,就业,安徽和基汇美供应链科技有限公司,1
社会科学学部,新闻学院,本科,2022,升学,山东大学,1
社会科学学部,新闻学院,本科,2022,就业,安徽洞见科技有限公司,1
社会科学学部,新闻学院,本科,2022,就业,中国葛洲坝集团三峡建设工程有限公司,1
社会科学学部,新闻学院,本科,2022,就业,郑东新区如意湖办事处,1
社会科学学部,新闻学院,本科,2022,出国(境)留学或工作,香港科技大学,1
社会科学学部,新闻学院,本科,2022,升学,上海大学,1
社会科学学部,新闻学院,本科,2022,就业,重庆飞驶特人力资源管理有限公司,1
社会科学学部,新闻学院,本科,2022,就业,顾家家居股份有限公司,1
社会科学学部,新闻学院,本科,2022,就业,重庆大学附属肿瘤医院,1
社会科学学部,新闻学院,本科,2022,就业,比亚迪精密制造有限公司,1
社会科学学部,新闻学院,本科,2022,就业,武汉思索未来家居装饰工程有限公司,1
社会科学学部,新闻学院,本科,2022,就业,中国联合网络通信有限公司广州市分公司,1
社会科学学部,新闻学院,本科,2022,就业,中国联合网络通信有限公司东莞市分公司,1
社会科学学部,新闻学院,本科,2022,就业,中铁四局集团有限公司,1
社会科学学部,新闻学院,本科,2022,就业,成都嘉诚汽车销售服务有限公司,1
社会科学学部,新闻学院,本科,2022,出国(境)留学或工作,墨尔本大学,1
社会科学学部,新闻学院,本科,2022,就业,山大地纬软件股份有限公司,1
社会科学学部,新闻学院,本科,2022,就业,水羊集团股份有限公司,1
社会科学学部,新闻学院,本科,2022,出国(境)留学或工作,澳门大学,1
社会科学学部,新闻学院,本科,2022,出国(境)留学或工作,纽约大学,1
社会科学学部,新闻学院,本科,2022,出国(境)留学或工作,东京国际文化学院,1
社会科学学部,新闻学院,本科,2022,出国(境)留学或工作,华威大学,1
社会科学学部,新闻学院,本科,2022,升学,厦门大学,1
社会科学学部,新闻学院,本科,2022,出国(境)留学或工作,多伦多大学,1
社会科学学部,新闻学院,本科,2022,就业,重庆广播电视集团,1
社会科学学部,新闻学院,本科,2022,就业,重庆麦芽传媒有限公司,1
社会科学学部,新闻学院,本科,2022,就业,北京朝意房地产开发有限公司,1
社会科学学部,新闻学院,本科,2022,出国(境)留学或工作,鲁汶大学,1
社会科学学部,新闻学院,本科,2022,升学,中国政法大学,1
社会科学学部,新闻学院,本科,2022,就业,中建四局建设发展有限公司,1
社会科学学部,新闻学院,本科,2022,就业,比亚迪股份有限公司,1
社会科学学部,新闻学院,本科,2022,志愿服务西部计划,喀什疏附县人民法院,1
社会科学学部,新闻学院,本科,2022,就业,当雄县曲登羊阁村牦牛育肥专业合作社,1
社会科学学部,新闻学院,本科,2022,出国(境)留学或工作,香港城市大学,1
社会科学学部,新闻学院,本科,2022,选调生,中共长沙市市委组织部,1
社会科学学部,新闻学院,本科,2022,升学,上海交通大学,1
社会科学学部,新闻学院,本科,2022,就业,成都市成华区东客站TOD新城建设办公室,1
社会科学学部,新闻学院,本科,2022,升学,中国人民大学,1
社会科学学部,新闻学院,本科,2022,就业,中建三局集团有限公司西北分公司,1
社会科学学部,新闻学院,本科,2022,就业,北京罗克维尔斯科技有限公司,1
社会科学学部,新闻学院,本科,2022,就业,上海嵩恒网络科技股份有限公司,1
社会科学学部,新闻学院,本科,2022,出国(境)留学或工作,爱丁堡大学,1
社会科学学部,新闻学院,本科,2022,升学,北京大学,1
社会科学学部,新闻学院,本科,2022,升学,西安交通大学,1
社会科学学部,新闻学院,本科,2022,就业,中建三局安装工程有限公司,1
社会科学学部,新闻学院,本科,2022,就业,江苏省广播电视集团有限公司,1
社会科学学部,新闻学院,本科,2022,就业,完美世界(重庆)互动科技有限公司,1
社会科学学部,新闻学院,本科,2022,就业,重庆龙湖企业拓展有限公司,1
社会科学学部,新闻学院,硕士,2022,就业,武汉斗鱼鱼乐网络科技有限公司,2
社会科学学部,新闻学院,硕士,2022,就业,济南历下控股集团有限公司,2
社会科学学部,新闻学院,硕士,2022,选调生,中国共产党成都市委员会组织部,2
社会科学学部,新闻学院,硕士,2022,就业,南方报业传媒集团,2
社会科学学部,新闻学院,硕士,2022,就业,重庆广播电视集团(总台),2
社会科学学部,新闻学院,硕士,2022,就业,上海市气象局宣传科普与教育中心,1
社会科学学部,新闻学院,硕士,2022,就业,重庆市重点产业人力资源集团有限公司,1
社会科学学部,新闻学院,硕士,2022,就业,中共镇江市委党校,1
社会科学学部,新闻学院,硕士,2022,就业,中国烟草总公司深圳市公司,1
社会科学学部,新闻学院,硕士,2022,就业,重庆交通职业学院,1
社会科学学部,新闻学院,硕士,2022,就业,荣耀终端有限公司,1
社会科学学部,新闻学院,硕士,2022,选调生,中共城口县委组织部,1
社会科学学部,新闻学院,硕士,2022,选调生,中共酒泉市委组织部,1
社会科学学部,新闻学院,硕士,2022,升学,华东师范大学,1
社会科学学部,新闻学院,硕士,2022,就业,绵阳市科学技术协会,1
社会科学学部,新闻学院,硕士,2022,就业,泛亚汽车技术中心有限公司,1
社会科学学部,新闻学院,硕士,2022,就业,上海友塔网络科技有限公司,1
社会科学学部,新闻学院,硕士,2022,就业,国家税务总局重庆市渝中区税务局,1
社会科学学部,新闻学院,硕士,2022,就业,深圳市环水投资集团有限公司,1
社会科学学部,新闻学院,硕士,2022,就业,广州趣丸网络科技有限公司,1
社会科学学部,新闻学院,硕士,2022,就业,比亚迪股份有限公司,1
社会科学学部,新闻学院,硕士,2022,就业,华中师范大学,1
社会科学学部,新闻学院,硕士,2022,就业,西昌学院,1
社会科学学部,新闻学院,硕士,2022,选调生,中共成都市委组织部,1
社会科学学部,新闻学院,硕士,2022,就业,华为技术有限公司,1
社会科学学部,新闻学院,硕士,2022,选调生,宜昌市招商局,1
社会科学学部,新闻学院,硕士,2022,就业,重庆开放大学,1
社会科学学部,新闻学院,硕士,2022,选调生,中国共产党重庆市委员会组织部,1
社会科学学部,新闻学院,硕士,2022,就业,重庆移通学院,1
社会科学学部,新闻学院,硕士,2022,就业,宜宾市第三人民医院,1
社会科学学部,新闻学院,硕士,2022,选调生,新疆维吾尔自治区党委宣传部,1
社会科学学部,新闻学院,硕士,2022,升学,中国社会科学院研究生院,1
社会科学学部,新闻学院,硕士,2022,就业,安庆市委宣传部,1
社会科学学部,新闻学院,硕士,2022,就业,重庆长安汽车股份有限公司,1
社会科学学部,新闻学院,硕士,2022,就业,重庆第二师范学院,1
社会科学学部,新闻学院,硕士,2022,就业,重庆市璞琢农业开发有限责任公司,1
社会科学学部,新闻学院,硕士,2022,就业,北京荣耀终端有限公司,1
社会科学学部,新闻学院,硕士,2022,就业,中共玉溪市委宣传部下属事业单位,1
社会科学学部,新闻学院,硕士,2022,就业,国家税务总局东营市东营区税务局,1
社会科学学部,新闻学院,硕士,2022,就业,四川传媒学院,1
社会科学学部,新闻学院,硕士,2022,就业,上海合屏网络科技有限公司,1
社会科学学部,新闻学院,硕士,2022,就业,成都极米科技股份有限公司,1
社会科学学部,新闻学院,硕士,2022,就业,重庆工业大数据创新中心有限公司,1
社会科学学部,新闻学院,硕士,2022,就业,成都龙湖物业服务有限公司,1
社会科学学部,新闻学院,硕士,2022,就业,重庆中医药学院,1
社会科学学部,新闻学院,硕士,2022,就业,维沃移动通信有限公司,1
社会科学学部,新闻学院,硕士,2022,就业,重庆市荣昌区青少年活动中心,1
社会科学学部,新闻学院,硕士,2022,就业,武汉市城市建设档案馆(武汉市建设信息中心),1
社会科学学部,新闻学院,硕士,2022,就业,湖北襄投置业有限公司,1
社会科学学部,新闻学院,硕士,2022,就业,武汉吉利汽车部件有限公司,1
社会科学学部,新闻学院,硕士,2022,就业,贵州黔通智联科技股份有限公司,1
社会科学学部,新闻学院,硕士,2022,就业,新华通讯社,1
社会科学学部,新闻学院,硕士,2022,就业,广西柳工机械股份有限公司,1
社会科学学部,新闻学院,硕士,2022,就业,《北京人大》编辑部,1
社会科学学部,新闻学院,硕士,2022,就业,内蒙古蒙牛乳业(集团)股份有限公司,1
社会科学学部,新闻学院,硕士,2022,就业,长安汽车金融有限公司,1
社会科学学部,新闻学院,硕士,2022,就业,广东省信息技术应用研究所,1
社会科学学部,新闻学院,硕士,2022,就业,重庆国际传播中心有限公司,1
社会科学学部,新闻学院,硕士,2022,就业,重庆市巴川中学校,1
社会科学学部,新闻学院,硕士,2022,就业,中共泸州市江阳区委党员服务中心,1
社会科学学部,新闻学院,硕士,2022,就业,北京市朝阳区市场监督管理局,1
社会科学学部,新闻学院,硕士,2022,就业,烟台科技学院,1
社会科学学部,新闻学院,硕士,2022,就业,中共中央台办海峡两岸交流中心,1
社会科学学部,新闻学院,硕士,2022,选调生,宜昌市教育局,1
社会科学学部,新闻学院,硕士,2022,就业,北京迅景技术有限公司,1
社会科学学部,新闻学院,硕士,2022,就业,济南易通城市建设集团股份有限公司,1
社会科学学部,新闻学院,硕士,2022,就业,新华通讯社湖北分社,1
社会科学学部,新闻学院,硕士,2022,就业,中共青岛市市南区委组织部,1
社会科学学部,新闻学院,硕士,2022,就业,重庆长安新能源汽车科技有限公司,1
社会科学学部,新闻学院,本科,2023,升学,重庆大学,10
社会科学学部,新闻学院,本科,2023,升学,武汉大学,3
社会科学学部,新闻学院,本科,2023,升学,南京大学,3
社会科学学部,新闻学院,本科,2023,出国(境)留学或工作,爱丁堡大学,2
社会科学学部,新闻学院,本科,2023,升学,中国传媒大学,2
社会科学学部,新闻学院,本科,2023,出国(境)留学或工作,墨尔本大学,2
社会科学学部,新闻学院,本科,2023,升学,西安交通大学,2
社会科学学部,新闻学院,本科,2023,升学,华东师范大学,2
社会科学学部,新闻学院,本科,2023,升学,复旦大学,2
社会科学学部,新闻学院,本科,2023,就业,上海禹璨信息技术有限公司,2
社会科学学部,新闻学院,本科,2023,升学,山东大学,2
社会科学学部,新闻学院,本科,2023,出国(境)留学或工作,伦敦大学学院,2
社会科学学部,新闻学院,本科,2023,升学,浙江大学,1
社会科学学部,新闻学院,本科,2023,就业,比亚迪股份有限公司,1
社会科学学部,新闻学院,本科,2023,就业,重庆长安汽车股份有限公司,1
社会科学学部,新闻学院,本科,2023,就业,重庆航空有限责任公司,1
社会科学学部,新闻学院,本科,2023,就业,中建桥梁有限公司,1
社会科学学部,新闻学院,本科,2023,就业,中铁五局集团建筑工程有限责任公司,1
社会科学学部,新闻学院,本科,2023,就业,宁德蕉城时代新能源科技有限公司,1
社会科学学部,新闻学院,本科,2023,就业,融通人力资源开发有限公司重庆分公司,1
社会科学学部,新闻学院,本科,2023,出国(境)留学或工作,西北大学,1
社会科学学部,新闻学院,本科,2023,就业,四川郎酒股份有限公司,1
社会科学学部,新闻学院,本科,2023,出国(境)留学或工作,香港中文大学,1
社会科学学部,新闻学院,本科,2023,升学,中山大学,1
社会科学学部,新闻学院,本科,2023,就业,天津红星美凯龙国际家居博览有限公司,1
社会科学学部,新闻学院,本科,2023,就业,紫金矿业集团股份有限公司,1
社会科学学部,新闻学院,本科,2023,就业,深圳市龙岗区教育局,1
社会科学学部,新闻学院,本科,2023,就业,雄安新区人才发展服务中心,1
社会科学学部,新闻学院,本科,2023,升学,兰州大学,1
社会科学学部,新闻学院,本科,2023,就业,重庆麦芽传媒有限公司,1
社会科学学部,新闻学院,本科,2023,就业,东方鑫源集团有限公司,1
社会科学学部,新闻学院,本科,2023,升学,上海大学,1
社会科学学部,新闻学院,本科,2023,就业,海信集团控股股份有限公司,1
社会科学学部,新闻学院,本科,2023,就业,赛力斯集团股份有限公司,1
社会科学学部,新闻学院,本科,2023,就业,中国联合网络通信有限公司吉林省分公司,1
社会科学学部,新闻学院,本科,2023,升学,北京大学,1
社会科学学部,新闻学院,本科,2023,就业,江西铜业股份有限公司,1
社会科学学部,新闻学院,本科,2023,就业,东方电气集团东方锅炉股份有限公司,1
社会科学学部,新闻学院,本科,2023,升学,华中科技大学,1
社会科学学部,新闻学院,本科,2023,就业,中建深圳装饰有限公司,1
社会科学学部,新闻学院,本科,2023,就业,重庆梧桐车联科技有限公司,1
社会科学学部,新闻学院,本科,2023,就业,杭州新东方进修学校,1
社会科学学部,新闻学院,本科,2023,升学,北京体育大学,1
社会科学学部,新闻学院,本科,2023,选调生,中共石家庄市委组织部,1
社会科学学部,新闻学院,本科,2023,出国(境)留学或工作,香港城市大学,1
社会科学学部,新闻学院,本科,2023,就业,上海汉得信息技术股份有限公司成都分公司,1
社会科学学部,新闻学院,本科,2023,出国(境)留学或工作,香港大学,1
社会科学学部,新闻学院,本科,2023,出国(境)留学或工作,SKEMA商学院,1
社会科学学部,新闻学院,本科,2023,就业,联想(北京)有限公司,1
社会科学学部,新闻学院,本科,2023,就业,云南省烟草公司大理州公司,1
社会科学学部,新闻学院,本科,2023,升学,厦门大学,1
社会科学学部,新闻学院,本科,2023,就业,郑州宇通集团有限公司,1
社会科学学部,新闻学院,本科,2023,升学,上海交通大学,1
社会科学学部,新闻学院,本科,2023,就业,重庆日报,1
社会科学学部,新闻学院,本科,2023,就业,中建科工集团有限公司,1
社会科学学部,新闻学院,本科,2023,出国(境)留学或工作,香港浸会大学,1
社会科学学部,新闻学院,本科,2023,升学,四川大学,1
社会科学学部,新闻学院,本科,2023,升学,吉林大学,1
社会科学学部,新闻学院,本科,2023,出国(境)留学或工作,布里斯托大学,1
社会科学学部,新闻学院,硕士,2023,就业,比亚迪股份有限公司,3
社会科学学部,新闻学院,硕士,2023,选调生,中共重庆市委组织部,2
社会科学学部,新闻学院,硕士,2023,就业,浙江吉利控股集团汽车销售有限公司,2
社会科学学部,新闻学院,硕士,2023,就业,中共荆州市沙市区委组织部,1
社会科学学部,新闻学院,硕士,2023,就业,广东美的制冷设备有限公司,1
社会科学学部,新闻学院,硕士,2023,就业,中共宜都市委组织部,1
社会科学学部,新闻学院,硕士,2023,就业,绵阳日报社,1
社会科学学部,新闻学院,硕士,2023,就业,湖北交通投资集团有限公司,1
社会科学学部,新闻学院,硕士,2023,就业,重庆新政和文化传媒有限公司,1
社会科学学部,新闻学院,硕士,2023,选调生,中国共产党宜宾市委员会组织部,1
社会科学学部,新闻学院,硕士,2023,选调生,中共绵阳市委组织部,1
社会科学学部,新闻学院,硕士,2023,就业,书行科技(北京)有限公司,1
社会科学学部,新闻学院,硕士,2023,就业,中国建筑第五工程局有限公司,1
社会科学学部,新闻学院,硕士,2023,就业,奇瑞汽车股份有限公司,1
社会科学学部,新闻学院,硕士,2023,就业,重庆华侨城实业发展有限公司欢乐谷旅游分公司,1
社会科学学部,新闻学院,硕士,2023,就业,常熟市天然气有限公司,1
社会科学学部,新闻学院,硕士,2023,就业,重庆交通大学,1
社会科学学部,新闻学院,硕士,2023,就业,北京知乎网技术有限公司,1
社会科学学部,新闻学院,硕士,2023,就业,惠州市德赛西威汽车电子股份有限公司,1
社会科学学部,新闻学院,硕士,2023,就业,中国联合网络通信有限公司福建省分公司,1
社会科学学部,新闻学院,硕士,2023,就业,北京大学重庆大数据研究院,1
社会科学学部,新闻学院,硕士,2023,就业,香港城市大学,1
社会科学学部,新闻学院,硕士,2023,选调生,中共重庆市巫山县委组织部,1
社会科学学部,新闻学院,硕士,2023,就业,蓝月亮(中国)有限公司,1
社会科学学部,新闻学院,硕士,2023,就业,浙江华为通信技术有限公司,1
社会科学学部,新闻学院,硕士,2023,就业,北京理工大学重庆创新中心,1
社会科学学部,新闻学院,硕士,2023,就业,绍兴市上虞区中医医院,1
社会科学学部,新闻学院,硕士,2023,就业,武汉市硚口区人民法院,1
社会科学学部,新闻学院,硕士,2023,就业,广西路桥工程集团有限公司,1
社会科学学部,新闻学院,硕士,2023,就业,中建四局第三建设有限公司,1
社会科学学部,新闻学院,硕士,2023,就业,东原房地产开发集团有限公司,1
社会科学学部,新闻学院,硕士,2023,升学,厦门大学,1
社会科学学部,新闻学院,硕士,2023,选调生,中共临汾市委宣传部,1
社会科学学部,新闻学院,硕士,2023,就业,重庆燃气集团股份有限公司,1
社会科学学部,新闻学院,硕士,2023,就业,厦门象屿资源有限公司,1
社会科学学部,新闻学院,硕士,2023,就业,西南电子设备研究所(中国电子科技集团公司第二十九研究所),1
社会科学学部,新闻学院,硕士,2023,就业,河南省天然气储运有限公司,1
社会科学学部,新闻学院,硕士,2023,就业,九富公关顾问(上海)有限公司,1
社会科学学部,新闻学院,硕士,2023,就业,武警部队警官学院,1
社会科学学部,新闻学院,硕士,2023,就业,新泥说(重庆)科技有限公司,1
社会科学学部,新闻学院,硕士,2023,就业,贝壳找房(北京)科技有限公司,1
社会科学学部,新闻学院,硕士,2023,就业,成都三快在线科技有限公司,1
社会科学学部,新闻学院,硕士,2023,就业,锐捷网络股份有限公司,1
社会科学学部,新闻学院,硕士,2023,选调生,中共贵州省委组织部,1
社会科学学部,新闻学院,硕士,2023,就业,青岛卡泰驰智行汽车科技有限公司,1
社会科学学部,新闻学院,硕士,2023,就业,重庆三峡油漆股份有限公司,1
社会科学学部,新闻学院,硕士,2023,就业,中国工商银行股份有限公司成都分行,1
社会科学学部,新闻学院,硕士,2023,选调生,中国共产党巴中市委员会组织部,1
社会科学学部,新闻学院,硕士,2023,就业,黑龙江外国语学院,1
社会科学学部,新闻学院,硕士,2023,升学,重庆大学,1
社会科学学部,新闻学院,硕士,2023,选调生,中国共产党平邑县委员会组织部,1
社会科学学部,新闻学院,硕士,2023,就业,上海今日头条网络技术有限公司,1
社会科学学部,新闻学院,硕士,2023,就业,南阳鸭河口发电有限责任公司,1
社会科学学部,新闻学院,硕士,2023,就业,华为技术有限公司,1
社会科学学部,新闻学院,硕士,2023,就业,广州南联航空食品有限公司,1
社会科学学部,新闻学院,硕士,2023,就业,贵州习酒股份有限公司,1
社会科学学部,新闻学院,硕士,2023,就业,福州水务集团有限公司,1
社会科学学部,新闻学院,硕士,2023,就业,上海第一财经传媒有限公司,1
社会科学学部,新闻学院,硕士,2023,就业,百度(中国)有限公司,1
社会科学学部,新闻学院,硕士,2023,就业,奇瑞新能源汽车股份有限公司,1
社会科学学部,新闻学院,硕士,2023,就业,湖北苏茂建设工程有限公司,1
社会科学学部,新闻学院,硕士,2023,选调生,中共隆昌市委组织部,1
社会科学学部,新闻学院,硕士,2023,就业,成都天府华侨城实业发展有限公司欢乐谷旅游分公司,1
社会科学学部,新闻学院,硕士,2023,就业,山东广电传媒集团有限公司,1
社会科学学部,法学院,本科,2021,升学,重庆大学,16
社会科学学部,法学院,本科,2021,升学,中国政法大学,6
社会科学学部,法学院,本科,2021,升学,厦门大学,4
社会科学学部,法学院,本科,2021,升学,武汉大学,3
社会科学学部,法学院,本科,2021,出国(境)留学或工作,伦敦大学学院,2
社会科学学部,法学院,本科,2021,出国(境)留学或工作,香港中文大学,2
社会科学学部,法学院,本科,2021,就业,北京观韬中茂律师事务所,1
社会科学学部,法学院,本科,2021,就业,湖南金州律师事务所,1
社会科学学部,法学院,本科,2021,升学,复旦大学,1
社会科学学部,法学院,本科,2021,选调生,广西壮族自治区党委组织部干部规划部,1
社会科学学部,法学院,本科,2021,就业,广东省台山市人民政府征兵办公室,1
社会科学学部,法学院,本科,2021,升学,四川大学,1
社会科学学部,法学院,本科,2021,就业,中国人民解放军第五七二〇工厂,1
社会科学学部,法学院,本科,2021,出国(境)留学或工作,香港城市大学,1
社会科学学部,法学院,本科,2021,出国(境)留学或工作,都柏林圣三一学院,1
社会科学学部,法学院,本科,2021,选调生,中共黑龙江省委组织部,1
社会科学学部,法学院,本科,2021,就业,天津武警某部,1
社会科学学部,法学院,本科,2021,升学,中南财经政法大学,1
社会科学学部,法学院,本科,2021,就业,新疆乌墩律师事务所,1
社会科学学部,法学院,本科,2021,就业,广东省水利水电第三工程局有限公司,1
社会科学学部,法学院,本科,2021,升学,中国人民公安大学,1
社会科学学部,法学院,本科,2021,就业,穗华医院管理(广东)有限公司,1
社会科学学部,法学院,本科,2021,就业,中国农业银行股份有限公司新疆维吾尔自治区分行,1
社会科学学部,法学院,本科,2021,升学,上海交通大学,1
社会科学学部,法学院,本科,2021,就业,浙江省舟山市人大常委会办公室,1
社会科学学部,法学院,本科,2021,升学,天津大学,1
社会科学学部,法学院,本科,2021,出国(境)留学或工作,利兹大学,1
社会科学学部,法学院,本科,2021,出国(境)留学或工作,阿姆斯特丹大学,1
社会科学学部,法学院,本科,2021,出国(境)留学或工作,爱丁堡大学,1
社会科学学部,法学院,本科,2021,就业,深圳易为控股有限公司,1
社会科学学部,法学院,本科,2021,就业,北京市北斗鼎铭律师事务所西藏分所,1
社会科学学部,法学院,本科,2021,就业,国网新疆电力有限公司昌吉供电公司,1
社会科学学部,法学院,本科,2021,升学,南开大学,1
社会科学学部,法学院,本科,2021,就业,新疆阿勒泰富蕴县公安局食品药品环境犯罪侦查大队,1
社会科学学部,法学院,本科,2021,升学,华东师范大学,1
社会科学学部,法学院,本科,2021,就业,中国建筑第七工程局有限公司,1
社会科学学部,法学院,本科,2021,就业,贵州北斗星律师事务所,1
社会科学学部,法学院,本科,2021,就业,广州市果肉教育科技有限公司,1
社会科学学部,法学院,本科,2021,就业,北京晨钟科技有限公司,1
社会科学学部,法学院,本科,2021,就业,中国建筑第八工程局有限公司西北分公司,1
社会科学学部,法学院,本科,2021,就业,中国铁路兰州局集团有限公司,1
社会科学学部,法学院,本科,2021,就业,中国太平洋财产保险股份有限公司重庆分公司,1
社会科学学部,法学院,本科,2021,就业,新昌县文化广电旅游局,1
社会科学学部,法学院,本科,2021,升学,南京大学,1
社会科学学部,法学院,本科,2021,就业,中共伊宁县纪委监委,1
社会科学学部,法学院,本科,2021,就业,广西北投交通养护科技集团有限公司,1
社会科学学部,法学院,本科,2021,就业,广东胜伦律师事务所,1
社会科学学部,法学院,本科,2021,升学,中山大学,1
社会科学学部,法学院,本科,2021,就业,厦门新立基股份有限公司,1
社会科学学部,法学院,本科,2021,就业,浙江省建设投资集团股份有限公司,1
社会科学学部,法学院,硕士,2021,升学,重庆大学,8
社会科学学部,法学院,硕士,2021,选调生,广西壮族自治区党委组织部干部规划办,4
社会科学学部,法学院,硕士,2021,选调生,中共成都市委组织部,4
社会科学学部,法学院,硕士,2021,就业,北京德恒(重庆)律师事务所,3
社会科学学部,法学院,硕士,2021,选调生,中共黑龙江省委组织部,3
社会科学学部,法学院,硕士,2021,升学,西南政法大学,3
社会科学学部,法学院,硕士,2021,就业,中国建筑第七工程局有限公司,3
社会科学学部,法学院,硕士,2021,选调生,中共贵州省委组织部,2
社会科学学部,法学院,硕士,2021,就业,北京大成(重庆)律师事务所,2
社会科学学部,法学院,硕士,2021,选调生,中共陕西省委组织部,2
社会科学学部,法学院,硕士,2021,选调生,中共重庆市委组织部,2
社会科学学部,法学院,硕士,2021,就业,重庆中世律师事务所,2
社会科学学部,法学院,硕士,2021,选调生,中国共产党广安市委员会组织部,2
社会科学学部,法学院,硕士,2021,选调生,中国共产党宜宾市委员会组织部,2
社会科学学部,法学院,硕士,2021,就业,哈尔滨银行股份有限公司重庆分行,2
社会科学学部,法学院,硕士,2021,就业,重庆市沙坪坝区司法局,1
社会科学学部,法学院,硕士,2021,就业,中国烟草总公司重庆市公司荣昌分公司,1
社会科学学部,法学院,硕士,2021,就业,中国东方资产管理股份有限公司重庆市分公司,1
社会科学学部,法学院,硕士,2021,就业,重庆新鸥鹏地产(集团)有限公司,1
社会科学学部,法学院,硕士,2021,就业,北京盈科(重庆)律师事务所,1
社会科学学部,法学院,硕士,2021,就业,运城市人民政府办公室,1
社会科学学部,法学院,硕士,2021,就业,重庆百君律师事务所,1
社会科学学部,法学院,硕士,2021,就业,重庆市北碚区林业局,1
社会科学学部,法学院,硕士,2021,就业,无锡市梁溪区司法局,1
社会科学学部,法学院,硕士,2021,就业,北京大成(成都)律师事务所,1
社会科学学部,法学院,硕士,2021,就业,北京盈科(杭州)律师事务所,1
社会科学学部,法学院,硕士,2021,就业,深圳和而泰智能控制股份有限公司,1
社会科学学部,法学院,硕士,2021,就业,杭州市江干区人民政府凯旋街道办事处,1
社会科学学部,法学院,硕士,2021,就业,盐城长辉管理咨询有限公司,1
社会科学学部,法学院,硕士,2021,就业,江西省南昌市烟草专卖局(公司),1
社会科学学部,法学院,硕士,2021,选调生,中共巴中市委组织部,1
社会科学学部,法学院,硕士,2021,选调生,东营市新时代文明实践中心,1
社会科学学部,法学院,硕士,2021,选调生,中共石家庄市委组织部,1
社会科学学部,法学院,硕士,2021,就业,江苏方洋集团有限公司,1
社会科学学部,法学院,硕士,2021,就业,中共韶关市委政法委员会,1
社会科学学部,法学院,硕士,2021,就业,北京市京师(武汉)律师事务所,1
社会科学学部,法学院,硕士,2021,就业,中国建设银行股份有限公司重庆市分行,1
社会科学学部,法学院,硕士,2021,就业,重庆电力高等专科学校,1
社会科学学部,法学院,硕士,2021,就业,广东省江门市五邑公证处,1
社会科学学部,法学院,硕士,2021,就业,深圳市翠林投资控股集团有限公司,1
社会科学学部,法学院,硕士,2021,就业,广东凯略律师事务所,1
社会科学学部,法学院,硕士,2021,就业,中建四局建设发展有限公司,1
社会科学学部,法学院,硕士,2021,选调生,云南省公安厅,1
社会科学学部,法学院,硕士,2021,就业,洛阳融创房地产开发有限公司,1
社会科学学部,法学院,硕士,2021,就业,中广核产业投资基金管理有限公司,1
社会科学学部,法学院,硕士,2021,就业,湖北驰华律师事务所,1
社会科学学部,法学院,硕士,2021,选调生,佛山市司法局,1
社会科学学部,法学院,硕士,2021,就业,广西中建西部建设有限公司,1
社会科学学部,法学院,硕士,2021,就业,重庆优税猫科技有限责任公司,1
社会科学学部,法学院,硕士,2021,就业,重庆学苑律师事务所,1
社会科学学部,法学院,硕士,2021,就业,四川天润华邦律师事务所,1
社会科学学部,法学院,硕士,2021,就业,重庆博腾制药科技股份有限公司,1
社会科学学部,法学院,硕士,2021,就业,重庆华栋律师事务所,1
社会科学学部,法学院,硕士,2021,选调生,海南省市场监督管理局,1
社会科学学部,法学院,硕士,2021,就业,重庆鼎林律师事务所,1
社会科学学部,法学院,硕士,2021,就业,沙坪坝区司法局,1
社会科学学部,法学院,硕士,2021,就业,重庆市武隆区工业发展(集团)有限公司,1
社会科学学部,法学院,硕士,2021,就业,中国兵器装备集团融资租赁有限责任公司,1
社会科学学部,法学院,硕士,2021,就业,江西省水利投资集团有限公司,1
社会科学学部,法学院,硕士,2021,就业,重庆市南川区人民法院,1
社会科学学部,法学院,硕士,2021,选调生,云南省卫生健康综合监督中心,1
社会科学学部,法学院,硕士,2021,就业,宁德时代新能源科技股份有限公司,1
社会科学学部,法学院,硕士,2021,就业,中国联合网络通信有限公司广安市分公司,1
社会科学学部,法学院,硕士,2021,就业,广安市环境工程评估中心,1
社会科学学部,法学院,硕士,2021,就业,中建四局安装工程有限公司,1
社会科学学部,法学院,硕士,2021,就业,北京市浩天信和(重庆)律师事务所,1
社会科学学部,法学院,硕士,2021,选调生,中共贵阳市委组织部,1
社会科学学部,法学院,硕士,2021,就业,四川新希望房地产开发有限公司,1
社会科学学部,法学院,硕士,2021,就业,中国农业发展银行贵州省分行,1
社会科学学部,法学院,硕士,2021,就业,云南典传律师事务所,1
社会科学学部,法学院,硕士,2021,就业,中船九江海洋装备(集团)有限公司,1
社会科学学部,法学院,硕士,2021,就业,中建七局第四建筑有限公司,1
社会科学学部,法学院,硕士,2021,就业,新奥集团股份有限公司,1
社会科学学部,法学院,硕士,2021,就业,浙江吉利控股集团有限公司,1
社会科学学部,法学院,硕士,2021,选调生,甘肃省高级人民检察院,1
社会科学学部,法学院,硕士,2021,就业,贵阳市花溪区综合行政执法大队,1
社会科学学部,法学院,硕士,2021,就业,重庆市渝北区人民检察院,1
社会科学学部,法学院,硕士,2021,就业,国家税务总局重庆市渝北区税务局,1
社会科学学部,法学院,硕士,2021,就业,国家应对气候变化战略研究和国际合作中心,1
社会科学学部,法学院,硕士,2021,就业,重庆观新律师事务所,1
社会科学学部,法学院,硕士,2021,就业,奉节县社会保险局,1
社会科学学部,法学院,硕士,2021,就业,重庆市綦江区司法局,1
社会科学学部,法学院,硕士,2021,就业,重庆市大渡口区人民检察院,1
社会科学学部,法学院,硕士,2021,就业,广安市人民医院,1
社会科学学部,法学院,硕士,2021,就业,中豪(两江新区)律师事务所,1
社会科学学部,法学院,硕士,2021,就业,重庆市飞驶特人力资源管理有限公司,1
社会科学学部,法学院,硕士,2021,就业,重庆城市管理职业学院,1
社会科学学部,法学院,硕士,2021,选调生,福建省2021年选调生南平市法院类,1
社会科学学部,法学院,硕士,2021,就业,四川科伦实业集团有限公司,1
社会科学学部,法学院,硕士,2021,就业,中建八局第四建设有限公司,1
社会科学学部,法学院,硕士,2021,就业,中建不二幕墙装饰有限公司,1
社会科学学部,法学院,硕士,2021,就业,中铁一局集团有限公司广州分公司,1
社会科学学部,法学院,硕士,2021,就业,新密市人民检察院,1
社会科学学部,法学院,硕士,2021,就业,贵州省机场集团有限公司,1
社会科学学部,法学院,硕士,2021,就业,重庆临空文化旅游发展有限公司,1
社会科学学部,法学院,硕士,2021,选调生,中国共产党内江市委员会组织部,1
社会科学学部,法学院,硕士,2021,选调生,中共荆门市委组织部,1
社会科学学部,法学院,硕士,2021,就业,重庆闹海科技有限公司,1
社会科学学部,法学院,硕士,2021,就业,国家税务总局巫山县税务局,1
社会科学学部,法学院,硕士,2021,就业,中国光大银行股份有限公司长沙分行,1
社会科学学部,法学院,硕士,2021,就业,中共珠海市香洲区纪律检查委员会,1
社会科学学部,法学院,硕士,2021,就业,重庆道伦律师事务所,1
社会科学学部,法学院,硕士,2021,选调生,中共达州市委组织部,1
社会科学学部,法学院,硕士,2021,就业,四川恒和信律师事务所,1
社会科学学部,法学院,硕士,2021,就业,云南建设基础设施投资股份有限公司,1
社会科学学部,法学院,硕士,2021,就业,陇南市综合治理中心,1
社会科学学部,法学院,硕士,2021,就业,重庆市江津区双福工业园管委会,1
社会科学学部,法学院,硕士,2021,就业,渝北区怡陶建材经营部,1
社会科学学部,法学院,硕士,2021,就业,重庆市万州区人民法院,1
社会科学学部,法学院,硕士,2021,就业,重庆市江津区人民法院,1
社会科学学部,法学院,硕士,2021,就业,重庆爱赛特机车有限公司,1
社会科学学部,法学院,硕士,2021,就业,重庆精准生物技术有限公司,1
社会科学学部,法学院,硕士,2021,就业,南充市国土资源局,1
社会科学学部,法学院,硕士,2021,就业,邢台职业技术学院,1
社会科学学部,法学院,硕士,2021,就业,中共太原市委党校,1
社会科学学部,法学院,硕士,2021,就业,中国城市规划设计研究院西部分院,1
社会科学学部,法学院,硕士,2021,就业,中国建设银行股份有限公司深圳市分行,1
社会科学学部,法学院,硕士,2021,就业,北京海润天睿律师事务所,1
社会科学学部,法学院,硕士,2021,选调生,中共深圳市纪律检查委员会,1
社会科学学部,法学院,硕士,2021,就业,重庆易法通法律咨询服务有限公司,1
社会科学学部,法学院,硕士,2021,就业,成都凯天电子股份有限公司,1
社会科学学部,法学院,硕士,2021,升学,中国人民大学,1
社会科学学部,法学院,硕士,2021,就业,中国船舶重工集团公司第七一六研究所,1
社会科学学部,法学院,硕士,2021,就业,遵义市汇川区人民法院,1
社会科学学部,法学院,硕士,2021,就业,浙江省烟草公司温州市公司,1
社会科学学部,法学院,硕士,2021,选调生,临汾市人民检察院,1
社会科学学部,法学院,硕士,2021,选调生,中共洛阳市委组织部,1
社会科学学部,法学院,硕士,2021,就业,石药控股集团有限公司,1
社会科学学部,法学院,硕士,2021,就业,余姚市舜财投资控股有限公司,1
社会科学学部,法学院,硕士,2021,就业,中建科技有限公司四川分公司,1
社会科学学部,法学院,硕士,2021,就业,吉林银行股份有限公司,1
社会科学学部,法学院,硕士,2021,升学,中国政法大学,1
社会科学学部,法学院,硕士,2021,就业,重庆坤源衡泰律师事务所,1
社会科学学部,法学院,硕士,2021,就业,云南省监狱管理局,1
社会科学学部,法学院,硕士,2021,就业,厦门大学嘉庚学院,1
社会科学学部,法学院,硕士,2021,志愿服务西部计划,重庆两江新区劳动保障监察大队,1
社会科学学部,法学院,硕士,2021,选调生,中国共产党遂宁市委员会组织部,1
社会科学学部,法学院,硕士,2021,就业,中兴通讯股份有限公司,1
社会科学学部,法学院,硕士,2021,就业,中国大地财产保险股份有限公司重庆分公司,1
社会科学学部,法学院,硕士,2021,就业,酉阳县人民检察院,1
社会科学学部,法学院,博士,2021,就业,西南政法大学,3
社会科学学部,法学院,博士,2021,就业,广州南沙资讯科技园有限公司,1
社会科学学部,法学院,博士,2021,就业,郑州大学,1
社会科学学部,法学院,博士,2021,就业,汕头大学,1
社会科学学部,法学院,博士,2021,就业,南京信息工程大学,1
社会科学学部,法学院,博士,2021,就业,山东师范大学,1
社会科学学部,法学院,博士,2021,就业,四川旅游学院,1
社会科学学部,法学院,博士,2021,选调生,四川省司法厅,1
社会科学学部,法学院,博士,2021,就业,重庆交通大学,1
社会科学学部,法学院,博士,2021,就业,重庆市人民代表大会常务委员会办公厅,1
社会科学学部,法学院,博士,2021,就业,天津工业大学,1
社会科学学部,法学院,博士,2021,就业,中共重庆市纪律检查委员会,1
社会科学学部,法学院,博士,2021,就业,重庆三峡融资担保集团股份有限公司,1
社会科学学部,法学院,博士,2021,就业,云南警官学院,1
社会科学学部,法学院,博士,2021,就业,重庆医科大学,1
社会科学学部,法学院,博士,2021,选调生,中共重庆市委组织部,1
社会科学学部,法学院,本科,2022,升学,重庆大学,17
社会科学学部,法学院,本科,2022,升学,中国政法大学,5
社会科学学部,法学院,本科,2022,升学,厦门大学,4
社会科学学部,法学院,本科,2022,升学,武汉大学,4
社会科学学部,法学院,本科,2022,升学,中国人民大学,3
社会科学学部,法学院,本科,2022,出国(境)留学或工作,香港城市大学,2
社会科学学部,法学院,本科,2022,升学,兰州大学,2
社会科学学部,法学院,本科,2022,升学,天津大学,2
社会科学学部,法学院,本科,2022,升学,新疆大学,2
社会科学学部,法学院,本科,2022,就业,济南市人民政府国有资产监督管理委员会,1
社会科学学部,法学院,本科,2022,选调生,石家庄市鹿泉区司法局,1
社会科学学部,法学院,本科,2022,就业,九江银行股份有限公司,1
社会科学学部,法学院,本科,2022,就业,重庆市不动产登记中心,1
社会科学学部,法学院,本科,2022,出国(境)留学或工作,乔治城大学,1
社会科学学部,法学院,本科,2022,就业,绍兴市柯桥区市场监督管理局,1
社会科学学部,法学院,本科,2022,就业,大连商品交易所,1
社会科学学部,法学院,本科,2022,就业,重庆和茂律师事务所,1
社会科学学部,法学院,本科,2022,升学,西北政法大学,1
社会科学学部,法学院,本科,2022,就业,中铁一局集团市政环保工程有限公司,1
社会科学学部,法学院,本科,2022,就业,中建一局集团建设发展有限公司,1
社会科学学部,法学院,本科,2022,就业,国家税务总局温州市龙湾区税务局,1
社会科学学部,法学院,本科,2022,就业,国网四川阿坝州电力有限责任公司,1
社会科学学部,法学院,本科,2022,就业,中国建筑第二工程局有限公司西南分公司,1
社会科学学部,法学院,本科,2022,出国(境)留学或工作,新南威尔士大学,1
社会科学学部,法学院,本科,2022,升学,吉林大学,1
社会科学学部,法学院,本科,2022,就业,厦门经济特区房地产开发集团有限公司,1
社会科学学部,法学院,本科,2022,升学,中南大学,1
社会科学学部,法学院,本科,2022,升学,昌都市洛隆县司法局俄西司法所,1
社会科学学部,法学院,本科,2022,出国(境)留学或工作,南加州大学,1
社会科学学部,法学院,本科,2022,升学,四川大学,1
社会科学学部,法学院,本科,2022,出国(境)留学或工作,伦敦大学学院,1
社会科学学部,法学院,本科,2022,就业,浙江华元控股有限公司,1
社会科学学部,法学院,本科,2022,升学,中山大学,1
社会科学学部,法学院,本科,2022,就业,萨迦县纪委纪检监察信息中心,1
社会科学学部,法学院,本科,2022,选调生,喀什地区爱国卫生运动委员会办公室,1
社会科学学部,法学院,本科,2022,就业,中国农业银行股份有限公司西藏自治区分行,1
社会科学学部,法学院,本科,2022,就业,宜昌市生态环境局夷陵区分局,1
社会科学学部,法学院,本科,2022,就业,中建西部建设股份有限公司集采分公司,1
社会科学学部,法学院,本科,2022,选调生,广州市白云区总工会,1
社会科学学部,法学院,本科,2022,选调生,中共黔东南州委组织部(黔东南州公务员局),1
社会科学学部,法学院,本科,2022,就业,安康市烟草专卖局,1
社会科学学部,法学院,本科,2022,出国(境)留学或工作,墨尔本大学,1
社会科学学部,法学院,本科,2022,就业,浏阳市水利局,1
社会科学学部,法学院,本科,2022,升学,东南大学,1
社会科学学部,法学院,本科,2022,就业,上海宝冶集团有限公司,1
社会科学学部,法学院,本科,2022,就业,哈密市伊州区人民法院,1
社会科学学部,法学院,本科,2022,升学,同济大学,1
社会科学学部,法学院,本科,2022,升学,北京师范大学,1
社会科学学部,法学院,本科,2022,选调生,中共黔东南州委组织部,1
社会科学学部,法学院,本科,2022,就业,中铁十七局集团(广州)建设有限公司,1
社会科学学部,法学院,本科,2022,选调生,中共晋州市委组织部,1
社会科学学部,法学院,硕士,2022,选调生,中国共产党成都市委员会组织部,5
社会科学学部,法学院,硕士,2022,升学,重庆大学,4
社会科学学部,法学院,硕士,2022,就业,中建海峡建设发展有限公司,4
社会科学学部,法学院,硕士,2022,选调生,中共贵州省委组织部,3
社会科学学部,法学院,硕士,2022,就业,上海锦天城(重庆)律师事务所,2
社会科学学部,法学院,硕士,2022,选调生,中共乐山市委组织部,2
社会科学学部,法学院,硕士,2022,就业,江西省交通投资集团有限责任公司,2
社会科学学部,法学院,硕士,2022,选调生,中国共产党广安市委员会组织部,2
社会科学学部,法学院,硕士,2022,就业,中国建设银行股份有限公司重庆市分行,2
社会科学学部,法学院,硕士,2022,选调生,中共平顶山市委组织部,2
社会科学学部,法学院,硕士,2022,选调生,中国共产党宜宾市委员会组织部,1
社会科学学部,法学院,硕士,2022,就业,中国烟草总公司重庆市公司璧山分公司,1
社会科学学部,法学院,硕士,2022,就业,贵州电网有限责任公司凯里供电局,1
社会科学学部,法学院,硕士,2022,就业,深圳盛屯集团有限公司,1
社会科学学部,法学院,硕士,2022,就业,国家税务总局重庆市南川区税务局,1
社会科学学部,法学院,硕士,2022,就业,特变电工(德阳)电缆股份有限公司,1
社会科学学部,法学院,硕士,2022,就业,北京德恒律师事务所,1
社会科学学部,法学院,硕士,2022,就业,上海微创软件股份有限公司,1
社会科学学部,法学院,硕士,2022,就业,山西省晋中市人民检察院,1
社会科学学部,法学院,硕士,2022,就业,兴安职业技术学院,1
社会科学学部,法学院,硕士,2022,就业,中国联合网络通信有限公司内蒙古自治区分公司,1
社会科学学部,法学院,硕士,2022,选调生,黑龙江省妇女联合会,1
社会科学学部,法学院,硕士,2022,就业,蜀道交通服务集团有限责任公司,1
社会科学学部,法学院,硕士,2022,选调生,福建省委组织部,1
社会科学学部,法学院,硕士,2022,就业,北京三快在线科技有限公司,1
社会科学学部,法学院,硕士,2022,就业,北京盈科(马鞍山)律师事务所,1
社会科学学部,法学院,硕士,2022,就业,中建七局第二建筑有限公司,1
社会科学学部,法学院,硕士,2022,就业,厦门厦钨新能源材料股份有限公司,1
社会科学学部,法学院,硕士,2022,就业,株洲冶炼集团股份有限公司,1
社会科学学部,法学院,硕士,2022,就业,中国铁路南昌局集团有限公司,1
社会科学学部,法学院,硕士,2022,就业,重庆市教育信息技术与装备中心,1
社会科学学部,法学院,硕士,2022,选调生,黑龙江省纪律检查委员会,1
社会科学学部,法学院,硕士,2022,就业,北京中燃翔科油气技术有限公司,1
社会科学学部,法学院,硕士,2022,就业,上海市建纬律师事务所,1
社会科学学部,法学院,硕士,2022,就业,安永华明会计师事务所(特殊普通合伙)上海分所,1
社会科学学部,法学院,硕士,2022,就业,仲利国际融资租赁有限公司,1
社会科学学部,法学院,硕士,2022,就业,中植一客成都汽车有限公司,1
社会科学学部,法学院,硕士,2022,就业,海通证券股份有限公司重庆分公司,1
社会科学学部,法学院,硕士,2022,就业,重庆觉晓科技有限公司,1
社会科学学部,法学院,硕士,2022,就业,荣昌区广顺街道综合行政执法大队,1
社会科学学部,法学院,硕士,2022,就业,长江生态环保集团有限公司,1
社会科学学部,法学院,硕士,2022,选调生,中国共产党达州市委员会组织部,1
社会科学学部,法学院,硕士,2022,就业,深圳市机场(集团)有限公司,1
社会科学学部,法学院,硕士,2022,就业,重庆农村商业银行股份有限公司,1
社会科学学部,法学院,硕士,2022,就业,蒲公英(重庆)法律咨询有限责任公司,1
社会科学学部,法学院,硕士,2022,选调生,中共自贡市委组织部,1
社会科学学部,法学院,硕士,2022,就业,昆明铁路运输中级法院,1
社会科学学部,法学院,硕士,2022,就业,中电科技集团重庆声光电有限公司,1
社会科学学部,法学院,硕士,2022,就业,重庆鲁能物业服务有限公司,1
社会科学学部,法学院,硕士,2022,就业,中铁二十局集团房地产开发有限公司,1
社会科学学部,法学院,硕士,2022,就业,太平人寿保险有限公司四川分公司,1
社会科学学部,法学院,硕士,2022,就业,四川省交通建设集团股份有限公司公路工程分公司,1
社会科学学部,法学院,硕士,2022,就业,泸州银行股份有限公司,1
社会科学学部,法学院,硕士,2022,就业,泰和泰律师事务所,1
社会科学学部,法学院,硕士,2022,选调生,中国共产党泸州市委员会组织部,1
社会科学学部,法学院,硕士,2022,选调生,中国共产党南充市委员会组织部,1
社会科学学部,法学院,硕士,2022,选调生,中共眉山市委组织部,1
社会科学学部,法学院,硕士,2022,就业,成都市金牛区人民法院,1
社会科学学部,法学院,硕士,2022,就业,西南药业股份有限公司,1
社会科学学部,法学院,硕士,2022,就业,中建桥梁有限公司,1
社会科学学部,法学院,硕士,2022,就业,中国人寿保险股份有限公司重庆市分公司,1
社会科学学部,法学院,硕士,2022,就业,宜宾学院,1
社会科学学部,法学院,硕士,2022,就业,重庆钢铁集团矿业有限公司,1
社会科学学部,法学院,硕士,2022,就业,中国农业发展银行贵州省分行,1
社会科学学部,法学院,硕士,2022,选调生,荆州市文化和旅游局,1
社会科学学部,法学院,硕士,2022,就业,北京市怀柔区渤海镇人民政府,1
社会科学学部,法学院,硕士,2022,就业,重庆泰源律师事务所,1
社会科学学部,法学院,硕士,2022,就业,华创期货有限责任公司,1
社会科学学部,法学院,硕士,2022,就业,中国银行业监督管理委员会广安监管分局,1
社会科学学部,法学院,硕士,2022,就业,重庆道伦律师事务所,1
社会科学学部,法学院,硕士,2022,就业,重庆金江文化传媒有限公司,1
社会科学学部,法学院,硕士,2022,就业,重庆市人民检察院,1
社会科学学部,法学院,硕士,2022,就业,重庆鑫之泰汽车销售有限公司,1
社会科学学部,法学院,硕士,2022,就业,中国工商银行(澳门)股份有限公司,1
社会科学学部,法学院,硕士,2022,就业,遵义慧升达商贸有限公司,1
社会科学学部,法学院,硕士,2022,就业,贵州贵安新区旅游文化产业发展中心,1
社会科学学部,法学院,硕士,2022,就业,三亚市城郊人民法院,1
社会科学学部,法学院,硕士,2022,选调生,中华人民共和国财政部,1
社会科学学部,法学院,硕士,2022,就业,中国邮政储蓄银行股份有限公司湖南省分行,1
社会科学学部,法学院,硕士,2022,选调生,成都市大邑县应急管理局,1
社会科学学部,法学院,硕士,2022,就业,重庆工商大学派斯学院,1
社会科学学部,法学院,硕士,2022,就业,南京市鼓楼区纪委监委,1
社会科学学部,法学院,硕士,2022,就业,安吉县人才发展指导中心,1
社会科学学部,法学院,硕士,2022,就业,浙江金麟律师事务所,1
社会科学学部,法学院,硕士,2022,就业,泰和泰律师事务所济南办公室,1
社会科学学部,法学院,硕士,2022,就业,宜都市司法局,1
社会科学学部,法学院,硕士,2022,就业,河南天基律师事务所,1
社会科学学部,法学院,硕士,2022,选调生,昆明市人民检察院,1
社会科学学部,法学院,硕士,2022,就业,大唐四川发电有限公司,1
社会科学学部,法学院,硕士,2022,选调生,荆州市人大常委会办公室,1
社会科学学部,法学院,硕士,2022,就业,湖北省宜昌市西陵区人民法院,1
社会科学学部,法学院,硕士,2022,就业,东莞市塘厦镇人民政府,1
社会科学学部,法学院,硕士,2022,就业,中国工商银行股份有限公司重庆市分行,1
社会科学学部,法学院,硕士,2022,升学,厦门大学,1
社会科学学部,法学院,硕士,2022,就业,重庆渝丰进出口有限公司,1
社会科学学部,法学院,硕士,2022,就业,重庆川仪自动化股份有限公司,1
社会科学学部,法学院,硕士,2022,选调生,中共凉山彝族自治州委组织部,1
社会科学学部,法学院,硕士,2022,就业,重庆圣世律师事务所,1
社会科学学部,法学院,硕士,2022,就业,成都中核海川核技术有限公司,1
社会科学学部,法学院,硕士,2022,就业,贵阳市人民检察院,1
社会科学学部,法学院,硕士,2022,就业,四川建筑职业技术学院,1
社会科学学部,法学院,硕士,2022,就业,四川科伦实业集团有限公司,1
社会科学学部,法学院,硕士,2022,就业,胶州市人民法院,1
社会科学学部,法学院,硕士,2022,就业,中建三局第二建设工程有限责任公司,1
社会科学学部,法学院,硕士,2022,就业,陕西秦农农村商业银行股份有限公司莲湖支行,1
社会科学学部,法学院,硕士,2022,就业,重庆坤驷律师事务所,1
社会科学学部,法学院,硕士,2022,就业,重庆公孝律师事务所,1
社会科学学部,法学院,硕士,2022,就业,重庆市荣昌区人民法院,1
社会科学学部,法学院,硕士,2022,就业,重庆市两江新区联合金融小额贷款股份有限公司,1
社会科学学部,法学院,硕士,2022,就业,重庆市江津区人民检察院,1
社会科学学部,法学院,硕士,2022,就业,重庆市万州区人民检察院,1
社会科学学部,法学院,硕士,2022,就业,重庆市江北区人民法院,1
社会科学学部,法学院,硕士,2022,就业,重庆农村商业银行股份有限公司云阳支行,1
社会科学学部,法学院,硕士,2022,就业,重庆市万州区人民法院,1
社会科学学部,法学院,硕士,2022,就业,重庆市渝中区监察委员会,1
社会科学学部,法学院,硕士,2022,就业,重庆渝富资产经营管理集团有限公司,1
社会科学学部,法学院,硕士,2022,就业,南充市中级人民法院,1
社会科学学部,法学院,硕士,2022,选调生,中国共产党重庆市委员会组织部,1
社会科学学部,法学院,硕士,2022,升学,浙江大学,1
社会科学学部,法学院,硕士,2022,就业,中国建筑西南设计研究院有限公司,1
社会科学学部,法学院,硕士,2022,选调生,中共黑龙江省委组织部,1
社会科学学部,法学院,硕士,2022,就业,南京领行科技股份有限公司,1
社会科学学部,法学院,硕士,2022,选调生,天津市和平区人民政府五大道街道办事处,1
社会科学学部,法学院,硕士,2022,就业,中建八局科技建设有限公司,1
社会科学学部,法学院,硕士,2022,就业,广州广电运通金融电子股份有限公司,1
社会科学学部,法学院,硕士,2022,升学,武汉大学,1
社会科学学部,法学院,硕士,2022,选调生,中共重庆市委组织部,1
社会科学学部,法学院,硕士,2022,就业,重庆蟠龙抽水蓄能电站有限公司,1
社会科学学部,法学院,硕士,2022,就业,广州市白云区人民政府鹤龙街道办事处,1
社会科学学部,法学院,硕士,2022,就业,中国邮政储蓄银行股份有限公司重庆分行,1
社会科学学部,法学院,硕士,2022,就业,重庆市国信公正处,1
社会科学学部,法学院,硕士,2022,就业,中建五局土木工程有限公司,1
社会科学学部,法学院,硕士,2022,就业,重庆烟叶复烤有限公司,1
社会科学学部,法学院,硕士,2022,就业,昆明市西山区人民法院,1
社会科学学部,法学院,硕士,2022,就业,泰和泰(济南)律师事务所,1
社会科学学部,法学院,硕士,2022,选调生,云南省昆明市中级人民法院,1
社会科学学部,法学院,硕士,2022,就业,福建省长汀金龙稀土有限公司,1
社会科学学部,法学院,硕士,2022,就业,江津区疾控中心,1
社会科学学部,法学院,硕士,2022,就业,北京市中银(重庆)律师事务所,1
社会科学学部,法学院,硕士,2022,就业,中国银行保险监督管理委员会重庆监管局,1
社会科学学部,法学院,硕士,2022,就业,渤海银行股份有限公司济南分行,1
社会科学学部,法学院,硕士,2022,就业,杭州银行股份有限公司,1
社会科学学部,法学院,硕士,2022,就业,中豪(两江新区)律师事务所,1
社会科学学部,法学院,硕士,2022,就业,中国航发贵阳发动机设计研究所,1
社会科学学部,法学院,硕士,2022,就业,西南大学,1
社会科学学部,法学院,硕士,2022,升学,中国政法大学,1
社会科学学部,法学院,硕士,2022,就业,四川长江民营经济融资担保有限公司,1
社会科学学部,法学院,硕士,2022,就业,南京市溧水区人民法院,1
社会科学学部,法学院,博士,2022,就业,重庆工商大学,2
社会科学学部,法学院,博士,2022,就业,西安交通大学,2
社会科学学部,法学院,博士,2022,就业,四川师范大学,1
社会科学学部,法学院,博士,2022,就业,中南财经政法大学,1
社会科学学部,法学院,博士,2022,就业,成都理工大学,1
社会科学学部,法学院,博士,2022,就业,广西民族大学,1
社会科学学部,法学院,博士,2022,就业,西北师范大学,1
社会科学学部,法学院,博士,2022,就业,西北政法大学,1
社会科学学部,法学院,博士,2022,就业,上海政法学院,1
社会科学学部,法学院,博士,2022,就业,重庆邮电大学,1
社会科学学部,法学院,博士,2022,就业,西南大学,1
社会科学学部,法学院,博士,2022,就业,重庆青年职业技术学院,1
社会科学学部,法学院,本科,2023,升学,重庆大学,10
社会科学学部,法学院,本科,2023,升学,武汉大学,4
社会科学学部,法学院,本科,2023,升学,厦门大学,3
社会科学学部,法学院,本科,2023,升学,四川大学,3
社会科学学部,法学院,本科,2023,升学,东南大学,2
社会科学学部,法学院,本科,2023,升学,新疆大学,2
社会科学学部,法学院,本科,2023,升学,华东政法大学,2
社会科学学部,法学院,本科,2023,升学,西安交通大学,2
社会科学学部,法学院,本科,2023,升学,北京大学,2
社会科学学部,法学院,本科,2023,升学,中国政法大学,2
社会科学学部,法学院,本科,2023,就业,珠海市汇力城市服务有限公司,1
社会科学学部,法学院,本科,2023,就业,西藏芒康县人大常委会办公室,1
社会科学学部,法学院,本科,2023,就业,重庆谛威律师事务所,1
社会科学学部,法学院,本科,2023,就业,泸州银行股份有限公司,1
社会科学学部,法学院,本科,2023,升学,天津大学,1
社会科学学部,法学院,本科,2023,就业,贵州恒易律师事务所,1
社会科学学部,法学院,本科,2023,志愿服务西部计划,新疆生产建设兵团第六师五家渠市,1
社会科学学部,法学院,本科,2023,升学,上海财经大学,1
社会科学学部,法学院,本科,2023,选调生,中华人民共和国最高人民法院,1
社会科学学部,法学院,本科,2023,升学,陕西师范大学,1
社会科学学部,法学院,本科,2023,就业,重庆建工第七建筑工程有限责任公司,1
社会科学学部,法学院,本科,2023,就业,苏州港华燃气有限公司,1
社会科学学部,法学院,本科,2023,就业,广东广信君达(东莞)律师事务所,1
社会科学学部,法学院,本科,2023,就业,重庆宗申机车工业制造有限公司,1
社会科学学部,法学院,本科,2023,就业,上海宏信设备工程有限公司,1
社会科学学部,法学院,本科,2023,志愿服务西部计划,图木舒克市,1
社会科学学部,法学院,本科,2023,就业,中共驻马店市委办公室,1
社会科学学部,法学院,本科,2023,出国(境)留学或工作,日内瓦高级国际关系与发展学院,1
社会科学学部,法学院,本科,2023,就业,云南磷化集团有限公司,1
社会科学学部,法学院,本科,2023,升学,南京航空航天大学,1
社会科学学部,法学院,本科,2023,就业,中建海峡建设发展有限公司,1
社会科学学部,法学院,本科,2023,就业,中共兰州市城关区纪律检查委员会、监察委员会综合派驻纪检组,1
社会科学学部,法学院,本科,2023,升学,中山大学,1
社会科学学部,法学院,本科,2023,出国(境)留学或工作,谢菲尔德大学,1
社会科学学部,法学院,本科,2023,就业,中国建设银行股份有限公司西藏自治区分行,1
社会科学学部,法学院,本科,2023,升学,中国社会科学院大学,1
社会科学学部,法学院,本科,2023,就业,青海省烟草公司海东市公司,1
社会科学学部,法学院,本科,2023,就业,宜昌市猇亭区人民检察院,1
社会科学学部,法学院,本科,2023,就业,中国农业银行股份有限公司广州分行,1
社会科学学部,法学院,本科,2023,就业,贵州航天控制技术有限公司,1
社会科学学部,法学院,本科,2023,升学,南京大学,1
社会科学学部,法学院,本科,2023,就业,北京市盈科律师事务所,1
社会科学学部,法学院,本科,2023,就业,中国邮政储蓄银行股份有限公司西藏自治区分行,1
社会科学学部,法学院,本科,2023,升学,清华大学,1
社会科学学部,法学院,本科,2023,升学,中国人民大学,1
社会科学学部,法学院,本科,2023,出国(境)留学或工作,香港中文大学,1
社会科学学部,法学院,本科,2023,出国(境)留学或工作,香港大学,1
社会科学学部,法学院,本科,2023,升学,兰州大学,1
社会科学学部,法学院,本科,2023,升学,中南大学,1
社会科学学部,法学院,硕士,2023,选调生,中共贵州省委组织部,5
社会科学学部,法学院,硕士,2023,选调生,中国共产党广安市委员会组织部,4
社会科学学部,法学院,硕士,2023,选调生,中国共产党达州市委员会组织部,4
社会科学学部,法学院,硕士,2023,就业,上海锦天城(重庆)律师事务所,3
社会科学学部,法学院,硕士,2023,就业,重庆长安汽车股份有限公司,2
社会科学学部,法学院,硕士,2023,选调生,中共重庆市巴南区委组织部,2
社会科学学部,法学院,硕士,2023,选调生,中国共产党宜宾市委员会组织部,2
社会科学学部,法学院,硕士,2023,选调生,中共成都市委组织部,2
社会科学学部,法学院,硕士,2023,就业,乐山市商业银行股份有限公司,2
社会科学学部,法学院,硕士,2023,选调生,中共绵阳市委组织部,2
社会科学学部,法学院,硕士,2023,就业,中移物联网有限公司,2
社会科学学部,法学院,硕士,2023,就业,重庆市沙坪坝区人民检察院,2
社会科学学部,法学院,硕士,2023,就业,北京(大成)重庆律师事务所,1
社会科学学部,法学院,硕士,2023,就业,上海浦东发展银行股份有限公司,1
社会科学学部,法学院,硕士,2023,就业,北京盈科(宁波)律师事务所,1
社会科学学部,法学院,硕士,2023,就业,安徽海螺水泥股份有限公司,1
社会科学学部,法学院,硕士,2023,就业,赣州市人力资源和社会保障局,1
社会科学学部,法学院,硕士,2023,选调生,云南省昆明市人民检察院,1
社会科学学部,法学院,硕士,2023,选调生,山西省晋中市中级人民法院,1
社会科学学部,法学院,硕士,2023,就业,中建海峡建设发展有限公司,1
社会科学学部,法学院,硕士,2023,就业,湖南省长沙市人民检察院,1
社会科学学部,法学院,硕士,2023,就业,广汉市人民法院,1
社会科学学部,法学院,硕士,2023,就业,昆山创业控股集团有限公司,1
社会科学学部,法学院,硕士,2023,选调生,南阳市检察院,1
社会科学学部,法学院,硕士,2023,就业,中国西电集团有限公司,1
社会科学学部,法学院,硕士,2023,就业,重庆巨能建设(集团)有限公司,1
社会科学学部,法学院,硕士,2023,就业,广东广信君达律师事务所,1
社会科学学部,法学院,硕士,2023,就业,四川蜀道高速公路集团有限公司,1
社会科学学部,法学院,硕士,2023,就业,重庆医科大学,1
社会科学学部,法学院,硕士,2023,就业,招商局重庆交通科研设计院有限公司,1
社会科学学部,法学院,硕士,2023,就业,海南生态软件园集团有限公司,1
社会科学学部,法学院,硕士,2023,就业,北京市金杜(重庆)律师事务所,1
社会科学学部,法学院,硕士,2023,就业,华西证券股份有限公司,1
社会科学学部,法学院,硕士,2023,就业,中国工商银行股份有限公司重庆市分行,1
社会科学学部,法学院,硕士,2023,就业,远景能源有限公司上海分公司,1
社会科学学部,法学院,硕士,2023,就业,常州信辉创业投资有限公司,1
社会科学学部,法学院,硕士,2023,就业,招商银行股份有限公司重庆分行,1
社会科学学部,法学院,硕士,2023,就业,泸州老窖集团有限责任公司,1
社会科学学部,法学院,硕士,2023,就业,国网重庆市电力公司,1
社会科学学部,法学院,硕士,2023,就业,武汉华森塑胶有限公司,1
社会科学学部,法学院,硕士,2023,选调生,中共云南省纪律检查委员会、云南省监察委员会,1
社会科学学部,法学院,硕士,2023,就业,中国石化集团重庆川维化工有限公司,1
社会科学学部,法学院,硕士,2023,就业,重庆市永川区司法局,1
社会科学学部,法学院,硕士,2023,就业,重庆市铜梁区人民法院,1
社会科学学部,法学院,硕士,2023,选调生,中共重庆市垫江县委组织部,1
社会科学学部,法学院,硕士,2023,就业,中国建设银行股份有限公司四川省分行,1
社会科学学部,法学院,硕士,2023,选调生,中国共产党嵩明县纪律检查委员会,1
社会科学学部,法学院,硕士,2023,就业,重庆川仪微电路有限责任公司,1
社会科学学部,法学院,硕士,2023,就业,重庆渝泰新能源科技有限公司,1
社会科学学部,法学院,硕士,2023,就业,国家税务总局重庆市梁平区税务局,1
社会科学学部,法学院,硕士,2023,就业,北京大成(成都)律师事务所,1
社会科学学部,法学院,硕士,2023,就业,四川航佳生物科技有限公司,1
社会科学学部,法学院,硕士,2023,就业,龙源西藏新能源有限公司,1
社会科学学部,法学院,硕士,2023,选调生,新疆维吾尔自治区财政厅,1
社会科学学部,法学院,硕士,2023,就业,四川省人工影响天气办公室,1
社会科学学部,法学院,硕士,2023,就业,奇瑞控股集团有限公司,1
社会科学学部,法学院,硕士,2023,就业,中国人民银行六盘水市中心支行,1
社会科学学部,法学院,硕士,2023,就业,中国银行保险监督管理委员会贵州监管局,1
社会科学学部,法学院,硕士,2023,选调生,中共云南省委老干部局,1
社会科学学部,法学院,硕士,2023,就业,中建八局新型建造工程有限公司,1
社会科学学部,法学院,硕士,2023,就业,中国农业银行股份有限公司,1
社会科学学部,法学院,硕士,2023,就业,中兴通讯股份有限公司,1
社会科学学部,法学院,硕士,2023,就业,公安部人事训练局,1
社会科学学部,法学院,硕士,2023,就业,重庆市巴南区人民法院,1
社会科学学部,法学院,硕士,2023,选调生,晋中市人力资源和社会保障局,1
社会科学学部,法学院,硕士,2023,就业,上海东方华银律师事务所,1
社会科学学部,法学院,硕士,2023,就业,国网内蒙古东部电力有限公司内蒙古超特高压分公司,1
社会科学学部,法学院,硕士,2023,就业,江苏省盐城市中级人民法院,1
社会科学学部,法学院,硕士,2023,就业,常熟市天然气有限公司,1
社会科学学部,法学院,硕士,2023,就业,中建四局建设发展有限公司,1
社会科学学部,法学院,硕士,2023,就业,江苏金融租赁股份有限公司,1
社会科学学部,法学院,硕士,2023,就业,双胞胎(集团)股份有限公司,1
社会科学学部,法学院,硕士,2023,选调生,中共青岛市黄岛区委员会组织部,1
社会科学学部,法学院,硕士,2023,就业,中建科技集团西部有限公司,1
社会科学学部,法学院,硕士,2023,就业,郑州宇通集团有限公司,1
社会科学学部,法学院,硕士,2023,就业,中国长江电力股份有限公司,1
社会科学学部,法学院,硕士,2023,就业,广东省佛山市中级人民法院,1
社会科学学部,法学院,硕士,2023,就业,国海证券股份有限公司,1
社会科学学部,法学院,硕士,2023,选调生,中共九龙坡区委组织部,1
社会科学学部,法学院,硕士,2023,就业,重庆两江新区开发投资集团有限公司,1
社会科学学部,法学院,硕士,2023,就业,成都产业投资集团有限公司,1
社会科学学部,法学院,硕士,2023,就业,重庆华栋律师事务所,1
社会科学学部,法学院,硕士,2023,就业,重庆垫忠高速公路有限公司,1
社会科学学部,法学院,硕士,2023,选调生,中共自贡市纪律检查委员会,1
社会科学学部,法学院,硕士,2023,选调生,中国共产党德阳市委员会组织部,1
社会科学学部,法学院,硕士,2023,就业,四川银行股份有限公司,1
社会科学学部,法学院,硕士,2023,就业,中国工商银行股份有限公司成都分行,1
社会科学学部,法学院,硕士,2023,选调生,昆明市官渡区人民检察院,1
社会科学学部,法学院,硕士,2023,就业,周口市人民检察院,1
社会科学学部,法学院,硕士,2023,就业,重庆当世律师事务所,1
社会科学学部,法学院,硕士,2023,升学,中国政法大学,1
社会科学学部,法学院,硕士,2023,就业,上海中建海外发展有限公司,1
社会科学学部,法学院,硕士,2023,就业,紫金矿业集团股份有限公司紫金山金铜矿,1
社会科学学部,法学院,硕士,2023,就业,泰和泰(重庆)律师事务所,1
社会科学学部,法学院,硕士,2023,就业,中国联合网络通信有限公司浙江省分公司,1
社会科学学部,法学院,硕士,2023,就业,中国工商银行股份有限公司常州分行,1
社会科学学部,法学院,硕士,2023,就业,重庆商务职业学院,1
社会科学学部,法学院,硕士,2023,就业,重庆清电新能源开发有限公司,1
社会科学学部,法学院,硕士,2023,就业,中国建筑第八工程局有限公司,1
社会科学学部,法学院,硕士,2023,选调生,中国共产党重庆市开州区委员会组织部,1
社会科学学部,法学院,硕士,2023,就业,浙江正泰电器股份有限公司,1
社会科学学部,法学院,硕士,2023,升学,武汉大学,1
社会科学学部,法学院,硕士,2023,选调生,云南省高级人民法院,1
社会科学学部,法学院,硕士,2023,就业,重庆机场集团有限公司,1
社会科学学部,法学院,硕士,2023,就业,四川省泸州市叙永县纪委监委,1
社会科学学部,法学院,硕士,2023,就业,内江市医疗纠纷调解中心,1
社会科学学部,法学院,硕士,2023,就业,中国邮政集团有限公司重庆市分公司,1
社会科学学部,法学院,硕士,2023,选调生,云南省司法厅,1
社会科学学部,法学院,硕士,2023,选调生,中共陕西省委组织部,1
社会科学学部,法学院,硕士,2023,就业,江东控股集团有限责任公司,1
社会科学学部,法学院,硕士,2023,就业,中国共产党西安市纪律检查委员会(西安市监察委员会),1
社会科学学部,法学院,硕士,2023,就业,陕西省西安市人民检察院,1
社会科学学部,法学院,硕士,2023,升学,重庆大学,1
社会科学学部,法学院,硕士,2023,选调生,山西省监狱管理局,1
社会科学学部,法学院,硕士,2023,选调生,甘肃省高级人民法院,1
社会科学学部,法学院,硕士,2023,选调生,中共重庆市委组织部,1
社会科学学部,法学院,硕士,2023,选调生,自贡市政府国有资产监督管理委员会,1
社会科学学部,法学院,硕士,2023,就业,中国航发沈阳发动机研究所,1
社会科学学部,法学院,博士,2023,就业,河南省社会科学院,1
社会科学学部,法学院,博士,2023,就业,中共浙江省委党校(浙江行政学院),1
社会科学学部,法学院,博士,2023,就业,山东科技大学,1
社会科学学部,法学院,博士,2023,就业,陕西师范大学,1
社会科学学部,法学院,博士,2023,就业,中国应用法学研究所,1
社会科学学部,法学院,博士,2023,就业,四川省社会科学院,1
社会科学学部,法学院,博士,2023,就业,浙江师范大学,1
社会科学学部,法学院,博士,2023,就业,中共郑州市委党校(郑州市行政学院郑州市社会主义学院),1
社会科学学部,法学院,博士,2023,就业,济南大学,1
社会科学学部,法学院,博士,2023,就业,华中政法大学,1
社会科学学部,法学院,博士,2023,就业,中国计量大学,1
社会科学学部,马克思主义学院,硕士,2021,就业,西南石油大学,4
社会科学学部,马克思主义学院,硕士,2021,就业,重庆大学,3
社会科学学部,马克思主义学院,硕士,2021,选调生,中共南充市委组织部,2
社会科学学部,马克思主义学院,硕士,2021,升学,西南大学,2
社会科学学部,马克思主义学院,硕士,2021,就业,重庆电力高等专科学校,2
社会科学学部,马克思主义学院,硕士,2021,选调生,四川省监狱管理局,1
社会科学学部,马克思主义学院,硕士,2021,就业,重庆市两江职业教育中心,1
社会科学学部,马克思主义学院,硕士,2021,就业,重庆市字水中学,1
社会科学学部,马克思主义学院,硕士,2021,升学,四川大学,1
社会科学学部,马克思主义学院,硕士,2021,就业,西南科技大学,1
社会科学学部,马克思主义学院,硕士,2021,就业,河南工学院,1
社会科学学部,马克思主义学院,硕士,2021,选调生,中共泸州市委组织部,1
社会科学学部,马克思主义学院,硕士,2021,就业,湖北汽车工业学院,1
社会科学学部,马克思主义学院,硕士,2021,就业,达州市公共资源交易服务中心,1
社会科学学部,马克思主义学院,硕士,2021,就业,重庆广播电视大学 重庆工商职业学院,1
社会科学学部,马克思主义学院,硕士,2021,就业,国家粮食和物资储备局湖南局一五五处,1
社会科学学部,马克思主义学院,硕士,2021,就业,中建四局华南建设有限公司,1
社会科学学部,马克思主义学院,硕士,2021,选调生,中共成都市委组织部,1
社会科学学部,马克思主义学院,硕士,2021,选调生,中共攀枝花市委组织部,1
社会科学学部,马克思主义学院,硕士,2021,选调生,中共朔州市委政策研究室,1
社会科学学部,马克思主义学院,硕士,2021,就业,重庆人文科技学院,1
社会科学学部,马克思主义学院,硕士,2021,选调生,中共廊坊市委组织部,1
社会科学学部,马克思主义学院,硕士,2021,就业,中核核电运行管理有限公司,1
社会科学学部,马克思主义学院,硕士,2021,就业,成都市青羊区教育局,1
社会科学学部,马克思主义学院,硕士,2021,选调生,中共眉山市委组织部,1
社会科学学部,马克思主义学院,硕士,2021,选调生,中共绵阳市委组织部,1
社会科学学部,马克思主义学院,硕士,2022,就业,成都航空职业技术学院,2
社会科学学部,马克思主义学院,硕士,2022,选调生,中国共产党宜宾市委员会党校(宜宾行政学院、宜宾社会主义学院),2
社会科学学部,马克思主义学院,硕士,2022,就业,重庆电力高等专科学校,2
社会科学学部,马克思主义学院,硕士,2022,选调生,中国共产党内江市委员会组织部,2
社会科学学部,马克思主义学院,硕士,2022,就业,重庆大学,2
社会科学学部,马克思主义学院,硕士,2022,就业,乐山立志达高级中学有限公司,1
社会科学学部,马克思主义学院,硕士,2022,升学,上海交通大学,1
社会科学学部,马克思主义学院,硕士,2022,升学,同济大学,1
社会科学学部,马克思主义学院,硕士,2022,就业,甘肃机电职业技术学院,1
社会科学学部,马克思主义学院,硕士,2022,选调生,中共乐山市委组织部,1
社会科学学部,马克思主义学院,硕士,2022,就业,重庆人文科技学院,1
社会科学学部,马克思主义学院,硕士,2022,就业,重庆航天职业技术学院,1
社会科学学部,马克思主义学院,硕士,2022,就业,重庆化工职业学院,1
社会科学学部,马克思主义学院,硕士,2022,就业,重庆财经职业学院,1
社会科学学部,马克思主义学院,硕士,2022,就业,中国共产党绵竹市委员会党校,1
社会科学学部,马克思主义学院,硕士,2022,就业,银川市委党校,1
社会科学学部,马克思主义学院,硕士,2022,就业,中冶建工集团有限公司,1
社会科学学部,马克思主义学院,硕士,2022,就业,四川建筑职业技术学院,1
社会科学学部,马克思主义学院,硕士,2022,就业,重庆水务集团股份有限公司,1
社会科学学部,马克思主义学院,硕士,2022,就业,重庆三峡职业学院,1
社会科学学部,马克思主义学院,硕士,2022,就业,重庆邮电大学,1
社会科学学部,马克思主义学院,硕士,2022,选调生,中共凉山州委组织部,1
社会科学学部,马克思主义学院,硕士,2022,就业,四川省监狱管理局罪犯出监就业培训指导站,1
社会科学学部,马克思主义学院,硕士,2022,升学,中山大学,1
社会科学学部,马克思主义学院,硕士,2022,就业,成都市青羊区教育局,1
社会科学学部,马克思主义学院,硕士,2022,就业,三峡大学,1
社会科学学部,马克思主义学院,硕士,2022,选调生,中共遵义市委组织部,1
社会科学学部,马克思主义学院,硕士,2022,选调生,中共安顺市委组织部,1
社会科学学部,马克思主义学院,硕士,2022,就业,浙江水利水电学院,1
社会科学学部,马克思主义学院,硕士,2022,就业,成都理工大学,1
社会科学学部,马克思主义学院,硕士,2022,选调生,中共达州市委组织部,1
社会科学学部,马克思主义学院,硕士,2023,就业,重庆电力高等专科学校,2
社会科学学部,马克思主义学院,硕士,2023,选调生,中国共产党南充市委员会组织部,2
社会科学学部,马克思主义学院,硕士,2023,就业,怀化市生态环境建设管理办公室,1
社会科学学部,马克思主义学院,硕士,2023,选调生,中共乐山市委组织部,1
社会科学学部,马克思主义学院,硕士,2023,就业,重庆对外经贸学院,1
社会科学学部,马克思主义学院,硕士,2023,就业,重庆高新技术产业开发区管理委员会,1
社会科学学部,马克思主义学院,硕士,2023,就业,重庆轻工职业学院,1
社会科学学部,马克思主义学院,硕士,2023,选调生,中国共产党泸州市委员会组织部,1
社会科学学部,马克思主义学院,硕士,2023,升学,南开大学,1
社会科学学部,马克思主义学院,硕士,2023,就业,中国共产党宜宾市委员会党校(宜宾行政学院、宜宾社会主义学院),1
社会科学学部,马克思主义学院,硕士,2023,就业,绵阳市金融工作局,1
社会科学学部,马克思主义学院,硕士,2023,就业,重庆工贸职业技术学院,1
社会科学学部,马克思主义学院,硕士,2023,就业,重庆市武隆中学,1
社会科学学部,马克思主义学院,硕士,2023,选调生,中国共产党绍兴市上虞区委组织部,1
社会科学学部,马克思主义学院,硕士,2023,升学,同济大学,1
社会科学学部,马克思主义学院,硕士,2023,选调生,中国共产党达州市委员会组织部,1
社会科学学部,马克思主义学院,硕士,2023,就业,中国工商银行股份有限公司重庆市分行,1
社会科学学部,马克思主义学院,硕士,2023,就业,成都理工大学,1
社会科学学部,马克思主义学院,硕士,2023,就业,重庆三峡职业学院,1
社会科学学部,马克思主义学院,硕士,2023,就业,国家税务总局长宁县税务局,1
社会科学学部,马克思主义学院,硕士,2023,就业,深圳市光明区教育局,1
社会科学学部,马克思主义学院,硕士,2023,升学,中国社会科学院大学,1
社会科学学部,马克思主义学院,硕士,2023,就业,成都市双流区教育局,1
社会科学学部,马克思主义学院,硕士,2023,就业,大竹县高端人才服务中心,1
社会科学学部,马克思主义学院,硕士,2023,升学,东南大学,1
社会科学学部,马克思主义学院,硕士,2023,就业,深圳市第二高级中学深汕实验学校,1
社会科学学部,马克思主义学院,硕士,2023,就业,国家税务总局吴忠市利通区税务局,1
社会科学学部,马克思主义学院,硕士,2023,就业,重庆市第十八中学,1
理学部,数学与统计学院,本科,2021,升学,重庆大学,25
理学部,数学与统计学院,本科,2021,升学,厦门大学,5
理学部,数学与统计学院,本科,2021,升学,西安交通大学,4
理学部,数学与统计学院,本科,2021,升学,四川大学,3
理学部,数学与统计学院,本科,2021,升学,中国科学技术大学,3
理学部,数学与统计学院,本科,2021,升学,山东大学,3
理学部,数学与统计学院,本科,2021,升学,中山大学,2
理学部,数学与统计学院,本科,2021,就业,中国重汽集团重庆燃油喷射系统有限公司,2
理学部,数学与统计学院,本科,2021,升学,中南大学,2
理学部,数学与统计学院,本科,2021,升学,复旦大学,2
理学部,数学与统计学院,本科,2021,升学,中央财经大学,2
理学部,数学与统计学院,本科,2021,就业,中国平安财产保险股份有限公司重庆分公司,2
理学部,数学与统计学院,本科,2021,升学,上海财经大学,2
理学部,数学与统计学院,本科,2021,升学,中国科学院自动化所,1
理学部,数学与统计学院,本科,2021,就业,华为技术有限公司,1
理学部,数学与统计学院,本科,2021,就业,铜仁市人力资源和社会保障局,1
理学部,数学与统计学院,本科,2021,升学,北京计算科学研究中心,1
理学部,数学与统计学院,本科,2021,升学,中国科学院大学,1
理学部,数学与统计学院,本科,2021,升学,浙江工商大学,1
理学部,数学与统计学院,本科,2021,出国(境)留学或工作,谢菲尔德大学,1
理学部,数学与统计学院,本科,2021,选调生,中共德阳市委组织部,1
理学部,数学与统计学院,本科,2021,升学,中国人民大学,1
理学部,数学与统计学院,本科,2021,升学,华中科技大学,1
理学部,数学与统计学院,本科,2021,出国(境)留学或工作,北卡罗莱纳大学教堂山分校,1
理学部,数学与统计学院,本科,2021,就业,重庆市九龙坡区智康教育培训有限公司,1
理学部,数学与统计学院,本科,2021,就业,盐城市亭湖区好未来教育培训中心有限公司,1
理学部,数学与统计学院,本科,2021,就业,盐城市盐南高新区智康教育培训中心有限公司,1
理学部,数学与统计学院,本科,2021,升学,华中师范大学,1
理学部,数学与统计学院,本科,2021,出国(境)留学或工作,瑞典皇家理工学院,1
理学部,数学与统计学院,本科,2021,升学,北京师范大学,1
理学部,数学与统计学院,本科,2021,就业,重庆长安汽车股份有限公司,1
理学部,数学与统计学院,本科,2021,升学,西南财经大学,1
理学部,数学与统计学院,本科,2021,就业,广州市晓星火教育科技有限公司,1
理学部,数学与统计学院,本科,2021,就业,重庆锐众人力资源管理有限公司,1
理学部,数学与统计学院,本科,2021,就业,广州心源互动科技有限公司,1
理学部,数学与统计学院,本科,2021,就业,重庆小獾科技有限公司,1
理学部,数学与统计学院,本科,2021,出国(境)留学或工作,都柏林大学,1
理学部,数学与统计学院,本科,2021,就业,重庆觉晓教育科技有限公司,1
理学部,数学与统计学院,本科,2021,出国(境)留学或工作,香港大学,1
理学部,数学与统计学院,本科,2021,就业,杭州海康威视数字技术股份有限公司,1
理学部,数学与统计学院,本科,2021,就业,花旗金融信息服务(中国)有限公司,1
理学部,数学与统计学院,本科,2021,升学,同济大学,1
理学部,数学与统计学院,本科,2021,选调生,中共成都市委组织部,1
理学部,数学与统计学院,本科,2021,出国(境)留学或工作,香港中文大学,1
理学部,数学与统计学院,本科,2021,升学,深圳大学,1
理学部,数学与统计学院,本科,2021,升学,山西大学,1
理学部,数学与统计学院,本科,2021,就业,建水实验中学,1
理学部,数学与统计学院,本科,2021,升学,上海交通大学,1
理学部,数学与统计学院,本科,2021,出国(境)留学或工作,南加州大学,1
理学部,数学与统计学院,本科,2021,就业,中国电信股份有限公司重庆分公司,1
理学部,数学与统计学院,本科,2021,就业,重庆市沙坪坝区行于思课外教育培训学校有限公司,1
理学部,数学与统计学院,本科,2021,志愿服务西部计划,共青团阿克苏市委员会,1
理学部,数学与统计学院,本科,2021,就业,重庆三中英才教育科技有限公司,1
理学部,数学与统计学院,本科,2021,升学,南开大学,1
理学部,数学与统计学院,本科,2021,升学,中共中央党校,1
理学部,数学与统计学院,本科,2021,升学,北京应用物理与计算数学研究所,1
理学部,数学与统计学院,硕士,2021,选调生,中共重庆市委组织部,5
理学部,数学与统计学院,硕士,2021,就业,重庆市江津区教育评估监测中心,3
理学部,数学与统计学院,硕士,2021,就业,胡桃街(上海)信息技术有限公司,2
理学部,数学与统计学院,硕士,2021,就业,许继集团有限公司,2
理学部,数学与统计学院,硕士,2021,就业,招商银行股份有限公司重庆分行,1
理学部,数学与统计学院,硕士,2021,就业,上海农村商业银行股份有限公司,1
理学部,数学与统计学院,硕士,2021,就业,北京有竹居网络技术有限公司,1
理学部,数学与统计学院,硕士,2021,就业,上海德邦物流有限公司,1
理学部,数学与统计学院,硕士,2021,就业,山东海科化工有限公司,1
理学部,数学与统计学院,硕士,2021,就业,西安交通大学附属中学分校,1
理学部,数学与统计学院,硕士,2021,就业,上海电气泰雷兹交通自动化系统有限公司,1
理学部,数学与统计学院,硕士,2021,就业,重庆市字水中学,1
理学部,数学与统计学院,硕士,2021,就业,深圳农村商业银行股份有限公司,1
理学部,数学与统计学院,硕士,2021,就业,北京师范大学昌平附属学校,1
理学部,数学与统计学院,硕士,2021,就业,中国银行股份有限公司安徽省分行,1
理学部,数学与统计学院,硕士,2021,就业,中国邮政储蓄银行股份有限公司湖南省分行,1
理学部,数学与统计学院,硕士,2021,就业,西南证券股份有限公司,1
理学部,数学与统计学院,硕士,2021,选调生,中共眉山市委组织部,1
理学部,数学与统计学院,硕士,2021,就业,中国建设银行股份有限公司遵义市分行,1
理学部,数学与统计学院,硕士,2021,就业,中国联合网络通信有限公司重庆市分公司,1
理学部,数学与统计学院,硕士,2021,就业,西南大学附属中学校,1
理学部,数学与统计学院,硕士,2021,就业,浙江天猫技术有限公司,1
理学部,数学与统计学院,硕士,2021,就业,顾家家居股份有限公司,1
理学部,数学与统计学院,硕士,2021,就业,广西柳工机械股份有限公司,1
理学部,数学与统计学院,硕士,2021,就业,中国农业银行股份有限公司重庆市分行,1
理学部,数学与统计学院,硕士,2021,就业,江苏时代新能源科技有限公司,1
理学部,数学与统计学院,硕士,2021,就业,贵州永红换热冷却技术有限公司,1
理学部,数学与统计学院,硕士,2021,就业,潍柴动力股份有限公司,1
理学部,数学与统计学院,硕士,2021,出国(境)留学或工作,香港中文大学(深圳),1
理学部,数学与统计学院,硕士,2021,选调生,朔州市中级人民法院,1
理学部,数学与统计学院,硕士,2021,就业,中国人民银行贵阳中心支行,1
理学部,数学与统计学院,硕士,2021,就业,陆军军医大学第一附属医院(重庆西南医院),1
理学部,数学与统计学院,硕士,2021,就业,中国平安财产保险股份有限公司重庆分公司,1
理学部,数学与统计学院,硕士,2021,就业,重庆新东方教育培训学校有限公司,1
理学部,数学与统计学院,硕士,2021,就业,重庆市璧山区现代服务业发展促进中心,1
理学部,数学与统计学院,硕士,2021,就业,中国建设银行股份有限公司四川省分行,1
理学部,数学与统计学院,硕士,2021,就业,肇庆高新技术产业开发区中心小学,1
理学部,数学与统计学院,硕士,2021,就业,顺丰科技有限公司,1
理学部,数学与统计学院,硕士,2021,就业,重庆三峡银行股份有限公司,1
理学部,数学与统计学院,硕士,2021,就业,成都华为技术有限公司,1
理学部,数学与统计学院,硕士,2021,就业,武胜县街子工业服务中心,1
理学部,数学与统计学院,硕士,2021,选调生,中国共产党内江市委员会组织部,1
理学部,数学与统计学院,硕士,2021,就业,上海汽车集团股份有限公司零束软件分公司,1
理学部,数学与统计学院,硕士,2021,就业,六盘水师范学院,1
理学部,数学与统计学院,硕士,2021,就业,重庆长安汽车股份有限公司,1
理学部,数学与统计学院,硕士,2021,就业,成都农村商业银行股份有限公司,1
理学部,数学与统计学院,硕士,2021,就业,重庆京东方光电科技有限公司,1
理学部,数学与统计学院,硕士,2021,就业,泸州老窖股份有限公司,1
理学部,数学与统计学院,硕士,2021,就业,特变电工衡阳变压器有限公司,1
理学部,数学与统计学院,硕士,2021,就业,深圳市锐明技术股份有限公司,1
理学部,数学与统计学院,硕士,2021,就业,深圳市龙岗区教育局,1
理学部,数学与统计学院,硕士,2021,就业,重庆市南开中学校,1
理学部,数学与统计学院,硕士,2021,就业,中国移动通信集团重庆有限公司,1
理学部,数学与统计学院,硕士,2021,就业,四川科伦博泰生物医药股份有限公司,1
理学部,数学与统计学院,硕士,2021,就业,中国工商银行股份有限公司网络融资中心,1
理学部,数学与统计学院,硕士,2021,就业,重庆市万州区发展和改革委员会,1
理学部,数学与统计学院,硕士,2021,就业,成都市新津区人力资源服务中心,1
理学部,数学与统计学院,硕士,2021,就业,北京思特奇信息技术股份有限公司,1
理学部,数学与统计学院,硕士,2021,就业,重庆市璧山中学校,1
理学部,数学与统计学院,硕士,2021,就业,中国农业银行股份有限公司江苏省分行,1
理学部,数学与统计学院,硕士,2021,就业,新东方无忧(重庆)教育信息咨询服务有限公司,1
理学部,数学与统计学院,硕士,2021,就业,广州嘉为科技有限公司,1
理学部,数学与统计学院,硕士,2021,就业,海信集团控股股份有限公司,1
理学部,数学与统计学院,硕士,2021,就业,崇州市统计局,1
理学部,数学与统计学院,硕士,2021,就业,中国电信股份有限公司重庆分公司,1
理学部,数学与统计学院,硕士,2021,就业,长城华西银行股份有限公司,1
理学部,数学与统计学院,硕士,2021,就业,重庆誉存大数据科技有限公司,1
理学部,数学与统计学院,硕士,2021,就业,重庆红宇精密工业集团有限公司,1
理学部,数学与统计学院,硕士,2021,就业,上海永辉超市有限公司,1
理学部,数学与统计学院,博士,2021,就业,中国民用航空飞行学院,1
理学部,数学与统计学院,博士,2021,就业,湖南工商大学,1
理学部,数学与统计学院,博士,2021,就业,温州大学,1
理学部,数学与统计学院,博士,2021,就业,盐城师范学院,1
理学部,数学与统计学院,博士,2021,就业,石河子大学,1
理学部,数学与统计学院,博士,2021,就业,重庆工商大学,1
理学部,数学与统计学院,博士,2021,就业,西南石油大学,1
理学部,数学与统计学院,博士,2021,就业,广西民族大学,1
理学部,数学与统计学院,博士,2021,就业,浙江师范大学,1
理学部,数学与统计学院,博士,2021,就业,重庆邮电大学,1
理学部,数学与统计学院,本科,2022,就业,重庆大学,32
理学部,数学与统计学院,本科,2022,升学,武汉大学,4
理学部,数学与统计学院,本科,2022,出国(境)留学或工作,格拉斯哥大学,4
理学部,数学与统计学院,本科,2022,升学,西南财经大学,3
理学部,数学与统计学院,本科,2022,升学,华中科技大学,3
理学部,数学与统计学院,本科,2022,升学,四川大学,2
理学部,数学与统计学院,本科,2022,出国(境)留学或工作,密歇根大学,2
理学部,数学与统计学院,本科,2022,出国(境)留学或工作,曼彻斯特大学,2
理学部,数学与统计学院,本科,2022,升学,复旦大学,2
理学部,数学与统计学院,本科,2022,升学,厦门大学,2
理学部,数学与统计学院,本科,2022,升学,北京师范大学,2
理学部,数学与统计学院,本科,2022,就业,重庆新东方教育培训学校有限公司,1
理学部,数学与统计学院,本科,2022,就业,nan,1
理学部,数学与统计学院,本科,2022,就业,兴业银行股份有限公司三明分行,1
理学部,数学与统计学院,本科,2022,升学,北京理工大学,1
理学部,数学与统计学院,本科,2022,选调生,乌鲁木齐市人力资源和社会保障局,1
理学部,数学与统计学院,本科,2022,升学,中央财经大学,1
理学部,数学与统计学院,本科,2022,升学,北京航空航天大学,1
理学部,数学与统计学院,本科,2022,升学,上海理工大学,1
理学部,数学与统计学院,本科,2022,升学,北京大学,1
理学部,数学与统计学院,本科,2022,就业,中国平安财产保险股份有限公司广东分公司,1
理学部,数学与统计学院,本科,2022,就业,中国建设银行股份有限公司四川省分行,1
理学部,数学与统计学院,本科,2022,选调生,中共彭水苗族土家族自治县委组织部,1
理学部,数学与统计学院,本科,2022,就业,中审众环会计师事务所(特殊普通合伙)云南亚太分所,1
理学部,数学与统计学院,本科,2022,就业,慕思健康睡眠股份有限公司,1
理学部,数学与统计学院,本科,2022,升学,清华大学,1
理学部,数学与统计学院,本科,2022,升学,浙江大学,1
理学部,数学与统计学院,本科,2022,出国(境)留学或工作,香港城市大学,1
理学部,数学与统计学院,本科,2022,就业,重庆臻学文化科技有限公司,1
理学部,数学与统计学院,本科,2022,升学,东南大学,1
理学部,数学与统计学院,本科,2022,就业,中国建设银行股份有限公司安徽省分行,1
理学部,数学与统计学院,本科,2022,升学,同济大学,1
理学部,数学与统计学院,本科,2022,就业,重庆昆仑安全技术有限公司,1
理学部,数学与统计学院,本科,2022,升学,上海交通大学,1
理学部,数学与统计学院,本科,2022,就业,上海我武干细胞科技有限公司,1
理学部,数学与统计学院,本科,2022,升学,南开大学,1
理学部,数学与统计学院,本科,2022,升学,新疆大学,1
理学部,数学与统计学院,本科,2022,升学,山东大学,1
理学部,数学与统计学院,本科,2022,就业,九龙坡区财政收支管理服务中心,1
理学部,数学与统计学院,本科,2022,出国(境)留学或工作,西澳大学,1
理学部,数学与统计学院,本科,2022,就业,奇瑞商用车(安徽)有限公司,1
理学部,数学与统计学院,本科,2022,选调生,中共黔东南州委组织部,1
理学部,数学与统计学院,本科,2022,升学,上海财经大学,1
理学部,数学与统计学院,本科,2022,升学,华东师范大学,1
理学部,数学与统计学院,本科,2022,选调生,中国共产党毕节市委员会组织部,1
理学部,数学与统计学院,本科,2022,升学,对外经济贸易大学,1
理学部,数学与统计学院,本科,2022,就业,北京乾邦科技发展有限公司,1
理学部,数学与统计学院,本科,2022,升学,山西财经大学,1
理学部,数学与统计学院,本科,2022,出国(境)留学或工作,香港大学,1
理学部,数学与统计学院,本科,2022,就业,中移物联网有限公司,1
理学部,数学与统计学院,本科,2022,志愿服务西部计划,共青团重庆市大足区委,1
理学部,数学与统计学院,本科,2022,出国(境)留学或工作,北海道大学,1
理学部,数学与统计学院,本科,2022,就业,中国太平洋财产保险股份有限公司厦门分公司,1
理学部,数学与统计学院,本科,2022,出国(境)留学或工作,丹麦技术大学,1
理学部,数学与统计学院,本科,2022,就业,普联技术有限公司,1
理学部,数学与统计学院,本科,2022,就业,重庆华桐育教育科技有限公司,1
理学部,数学与统计学院,本科,2022,出国(境)留学或工作,阿德莱德大学,1
理学部,数学与统计学院,本科,2022,就业,比亚迪股份有限公司,1
理学部,数学与统计学院,本科,2022,就业,上海米哈游天命科技有限公司,1
理学部,数学与统计学院,本科,2022,升学,上海师范大学,1
理学部,数学与统计学院,本科,2022,升学,西安交通大学,1
理学部,数学与统计学院,硕士,2022,就业,重庆高新技术产业开发区管理委员会,2
理学部,数学与统计学院,硕士,2022,就业,重庆富民银行股份有限公司,2
理学部,数学与统计学院,硕士,2022,就业,中国电信股份有限公司重庆分公司,2
理学部,数学与统计学院,硕士,2022,选调生,中共成都市委组织部,2
理学部,数学与统计学院,硕士,2022,就业,北京大学重庆大数据研究院,2
理学部,数学与统计学院,硕士,2022,选调生,中国共产党重庆市委员会组织部,2
理学部,数学与统计学院,硕士,2022,就业,重庆长安汽车软件科技有限公司,2
理学部,数学与统计学院,硕士,2022,就业,中国邮政储蓄银行股份有限公司江西省分行,1
理学部,数学与统计学院,硕士,2022,就业,中国农业银行股份有限公司远程银行中心重庆分中心,1
理学部,数学与统计学院,硕士,2022,就业,中国移动通信集团河北有限公司,1
理学部,数学与统计学院,硕士,2022,就业,中国移动通信集团河南有限公司,1
理学部,数学与统计学院,硕士,2022,选调生,中共铜仁市委组织部,1
理学部,数学与统计学院,硕士,2022,就业,西安铁一中教育集团,1
理学部,数学与统计学院,硕士,2022,就业,成都飞机工业(集团)有限责任公司,1
理学部,数学与统计学院,硕士,2022,就业,西安市未央区人力资源和社会保障局,1
理学部,数学与统计学院,硕士,2022,就业,湖北商贸学院,1
理学部,数学与统计学院,硕士,2022,就业,重庆市南开中学校,1
理学部,数学与统计学院,硕士,2022,就业,美林数据技术股份有限公司,1
理学部,数学与统计学院,硕士,2022,就业,苏州道征网络科技有限公司,1
理学部,数学与统计学院,硕士,2022,就业,中国民生银行股份有限公司,1
理学部,数学与统计学院,硕士,2022,选调生,吕梁市大数据应用局,1
理学部,数学与统计学院,硕士,2022,就业,中国烟草总公司重庆市公司,1
理学部,数学与统计学院,硕士,2022,就业,重庆长安工业(集团)有限责任公司,1
理学部,数学与统计学院,硕士,2022,就业,重庆市硕恩建筑装饰材料有限公司,1
理学部,数学与统计学院,硕士,2022,就业,重庆市江津第二中学校,1
理学部,数学与统计学院,硕士,2022,就业,中汽信息科技(天津)有限公司,1
理学部,数学与统计学院,硕士,2022,就业,一汽—大众汽车有限公司,1
理学部,数学与统计学院,硕士,2022,就业,国家税务总局海盐县税务局,1
理学部,数学与统计学院,硕士,2022,就业,民生科技有限责任公司,1
理学部,数学与统计学院,硕士,2022,选调生,中共黑龙江省委组织部,1
理学部,数学与统计学院,硕士,2022,就业,中联重科股份有限公司,1
理学部,数学与统计学院,硕士,2022,就业,重庆长安汽车股份有限公司,1
理学部,数学与统计学院,硕士,2022,就业,重庆咏叶装饰设计工程有限公司,1
理学部,数学与统计学院,硕士,2022,就业,四川银行股份有限公司,1
理学部,数学与统计学院,硕士,2022,就业,湖北三江航天红峰控制有限公司,1
理学部,数学与统计学院,硕士,2022,就业,深圳华龙讯达信息技术股份有限公司,1
理学部,数学与统计学院,硕士,2022,就业,中国电信股份有限公司广西分公司,1
理学部,数学与统计学院,硕士,2022,就业,中国移动通信集团江苏有限公司苏州分公司,1
理学部,数学与统计学院,硕士,2022,选调生,中共绵阳市委组织部,1
理学部,数学与统计学院,硕士,2022,就业,河南省烟草公司新乡市公司,1
理学部,数学与统计学院,硕士,2022,就业,兴业数字金融服务(上海)股份有限公司,1
理学部,数学与统计学院,硕士,2022,就业,重庆驰嘉睿商贸有限公司,1
理学部,数学与统计学院,硕士,2022,选调生,中共德阳市委组织部,1
理学部,数学与统计学院,硕士,2022,就业,杭州市星澜中学,1
理学部,数学与统计学院,硕士,2022,就业,招商银行股份有限公司重庆分行,1
理学部,数学与统计学院,硕士,2022,就业,中国银行股份有限公司陕西省分行,1
理学部,数学与统计学院,硕士,2022,就业,北京荣耀终端有限公司,1
理学部,数学与统计学院,硕士,2022,就业,江苏银行股份有限公司南京分行,1
理学部,数学与统计学院,硕士,2022,就业,浙江华为通信技术有限公司,1
理学部,数学与统计学院,硕士,2022,就业,兴业银行股份有限公司郑州分行,1
理学部,数学与统计学院,硕士,2022,就业,中国银行股份有限公司四川省分行,1
理学部,数学与统计学院,硕士,2022,就业,重庆玖银科技有限公司,1
理学部,数学与统计学院,硕士,2022,就业,金堂县教师管理服务中心,1
理学部,数学与统计学院,硕士,2022,就业,山西工程职业学院,1
理学部,数学与统计学院,硕士,2022,就业,中国空气动力研究与发展中心计算空气动力研究所,1
理学部,数学与统计学院,硕士,2022,出国(境)留学或工作,夏威夷大学,1
理学部,数学与统计学院,硕士,2022,选调生,中共东莞市委组织部,1
理学部,数学与统计学院,硕士,2022,就业,比亚迪股份有限公司,1
理学部,数学与统计学院,硕士,2022,就业,交通银行股份有限公司重庆市分行,1
理学部,数学与统计学院,硕士,2022,选调生,中国共产党内江市委员会组织部(待分配),1
理学部,数学与统计学院,硕士,2022,就业,重庆海森世纪信息技术,1
理学部,数学与统计学院,硕士,2022,就业,重庆市字水中学,1
理学部,数学与统计学院,硕士,2022,就业,中国航发四川燃气涡轮研究院,1
理学部,数学与统计学院,硕士,2022,就业,重庆市南岸区江南小学校,1
理学部,数学与统计学院,硕士,2022,升学,华中科技大学,1
理学部,数学与统计学院,硕士,2022,就业,马上消费金融股份有限公司,1
理学部,数学与统计学院,硕士,2022,就业,重庆市第一中学校,1
理学部,数学与统计学院,硕士,2022,选调生,中共赵县县委组织部,1
理学部,数学与统计学院,硕士,2022,选调生,太原市审计局,1
理学部,数学与统计学院,硕士,2022,就业,交通银行股份有限公司,1
理学部,数学与统计学院,硕士,2022,就业,杭州联合农村商业银行股份有限公司,1
理学部,数学与统计学院,硕士,2022,就业,国家税务总局南充市高坪区税务局,1
理学部,数学与统计学院,硕士,2022,就业,科大讯飞股份有限公司,1
理学部,数学与统计学院,硕士,2022,就业,成都高新技术产业开发区教育文化和卫生健康局,1
理学部,数学与统计学院,硕士,2022,就业,中移物联网有限公司,1
理学部,数学与统计学院,硕士,2022,就业,华为技术有限公司,1
理学部,数学与统计学院,硕士,2022,选调生,石家庄市正定县委组织部,1
理学部,数学与统计学院,硕士,2022,就业,杭州银行股份有限公司,1
理学部,数学与统计学院,硕士,2022,就业,重庆蚂蚁消费金融有限公司,1
理学部,数学与统计学院,硕士,2022,就业,一汽-大众汽车有限公司,1
理学部,数学与统计学院,硕士,2022,就业,成都星野未来科技有限公司杭州分公司,1
理学部,数学与统计学院,硕士,2022,就业,四川省成都华西中学,1
理学部,数学与统计学院,硕士,2022,升学,重庆大学,1
理学部,数学与统计学院,硕士,2022,就业,重庆市渝北区实验中学校,1
理学部,数学与统计学院,硕士,2022,就业,中国光大银行股份有限公司重庆分行,1
理学部,数学与统计学院,博士,2022,就业,重庆工商大学,2
理学部,数学与统计学院,博士,2022,就业,广东白云学院,1
理学部,数学与统计学院,博士,2022,就业,重庆邮电大学,1
理学部,数学与统计学院,博士,2022,就业,鹏城实验室,1
理学部,数学与统计学院,博士,2022,就业,宁波财经学院,1
理学部,数学与统计学院,博士,2022,就业,重庆交通大学,1
理学部,数学与统计学院,本科,2023,升学,重庆大学,25
理学部,数学与统计学院,本科,2023,出国(境)留学或工作,新加坡国立大学,7
理学部,数学与统计学院,本科,2023,升学,武汉大学,5
理学部,数学与统计学院,本科,2023,升学,中国科学技术大学,3
理学部,数学与统计学院,本科,2023,升学,北京理工大学,3
理学部,数学与统计学院,本科,2023,升学,西安交通大学,3
理学部,数学与统计学院,本科,2023,升学,华中科技大学,2
理学部,数学与统计学院,本科,2023,就业,泉州聚龙外国语学校,2
理学部,数学与统计学院,本科,2023,升学,北京师范大学,2
理学部,数学与统计学院,本科,2023,就业,合肥我们方田教育科技有限公司,2
理学部,数学与统计学院,本科,2023,出国(境)留学或工作,香港城市大学,2
理学部,数学与统计学院,本科,2023,出国(境)留学或工作,田纳西大学,1
理学部,数学与统计学院,本科,2023,就业,国家税务总局德阳市旌阳区税务局,1
理学部,数学与统计学院,本科,2023,就业,深圳市龙华区教育科学研究院附属外国语学校,1
理学部,数学与统计学院,本科,2023,升学,哈尔滨工业大学,1
理学部,数学与统计学院,本科,2023,就业,中国电信股份有限公司湖南分公司,1
理学部,数学与统计学院,本科,2023,就业,重庆长安汽车股份有限公司,1
理学部,数学与统计学院,本科,2023,升学,华南理工大学,1
理学部,数学与统计学院,本科,2023,升学,同济大学,1
理学部,数学与统计学院,本科,2023,就业,重庆铁马工业集团有限公司,1
理学部,数学与统计学院,本科,2023,就业,重庆攸亮科技股份有限公司,1
理学部,数学与统计学院,本科,2023,出国(境)留学或工作,伦敦艺术大学,1
理学部,数学与统计学院,本科,2023,就业,中国移动通信集团浙江有限公司绍兴分公司,1
理学部,数学与统计学院,本科,2023,升学,陕西师范大学,1
理学部,数学与统计学院,本科,2023,就业,江西赣锋锂业股份有限公司,1
理学部,数学与统计学院,本科,2023,就业,蓝月亮(中国)有限公司,1
理学部,数学与统计学院,本科,2023,升学,西南交通大学,1
理学部,数学与统计学院,本科,2023,就业,深圳桃李未来控股有限公司,1
理学部,数学与统计学院,本科,2023,升学,中国人民大学,1
理学部,数学与统计学院,本科,2023,出国(境)留学或工作,悉尼大学,1
理学部,数学与统计学院,本科,2023,就业,招商银行股份有限公司深圳分行,1
理学部,数学与统计学院,本科,2023,就业,中国电信股份有限公司温州分公司,1
理学部,数学与统计学院,本科,2023,就业,中国电信股份有限公司湖北分公司,1
理学部,数学与统计学院,本科,2023,就业,恒生电子股份有限公司,1
理学部,数学与统计学院,本科,2023,升学,商务部国际贸易经济合作研究院,1
理学部,数学与统计学院,本科,2023,选调生,中共重庆市巴南区委组织部,1
理学部,数学与统计学院,本科,2023,升学,电子科技大学,1
理学部,数学与统计学院,本科,2023,出国(境)留学或工作,南安普顿大学,1
理学部,数学与统计学院,本科,2023,就业,深圳市欢太科技有限公司,1
理学部,数学与统计学院,本科,2023,升学,湖南大学,1
理学部,数学与统计学院,本科,2023,就业,交通银行股份有限公司孝感分行,1
理学部,数学与统计学院,本科,2023,就业,上海梦创双杨数据科技股份有限公司,1
理学部,数学与统计学院,本科,2023,升学,浙江大学,1
理学部,数学与统计学院,本科,2023,就业,交通银行股份有限公司重庆市分行,1
理学部,数学与统计学院,本科,2023,就业,贵州兴义农村商业银行股份有限公司,1
理学部,数学与统计学院,本科,2023,升学,复旦大学,1
理学部,数学与统计学院,本科,2023,就业,重庆齿轮箱有限责任公司,1
理学部,数学与统计学院,本科,2023,选调生,柳州市发展和改革委员会,1
理学部,数学与统计学院,本科,2023,升学,对外经济贸易大学,1
理学部,数学与统计学院,本科,2023,升学,重庆医科大学,1
理学部,数学与统计学院,本科,2023,就业,中国工商银行股份有限公司软件开发中心,1
理学部,数学与统计学院,本科,2023,升学,西南财经大学,1
理学部,数学与统计学院,本科,2023,就业,中国联合网络通信有限公司贵州省分公司,1
理学部,数学与统计学院,本科,2023,就业,武汉市东西湖区教育局,1
理学部,数学与统计学院,本科,2023,升学,东南大学,1
理学部,数学与统计学院,本科,2023,选调生,中共贵州省委组织部,1
理学部,数学与统计学院,本科,2023,升学,四川大学,1
理学部,数学与统计学院,本科,2023,升学,国防科学技术大学,1
理学部,数学与统计学院,本科,2023,就业,比亚迪股份有限公司,1
理学部,数学与统计学院,本科,2023,升学,中山大学,1
理学部,数学与统计学院,本科,2023,升学,南开大学,1
理学部,数学与统计学院,本科,2023,升学,上海交通大学,1
理学部,数学与统计学院,本科,2023,选调生,中共临高县委组织部,1
理学部,数学与统计学院,本科,2023,就业,重庆市江北区耀火光教育培训学校有限公司,1
理学部,数学与统计学院,本科,2023,出国(境)留学或工作,新南威尔士大学,1
理学部,数学与统计学院,本科,2023,就业,华夏银行股份有限公司苏州分行,1
理学部,数学与统计学院,本科,2023,升学,大连理工大学,1
理学部,数学与统计学院,本科,2023,升学,首都师范大学,1
理学部,数学与统计学院,本科,2023,升学,中南大学,1
理学部,数学与统计学院,硕士,2023,就业,比亚迪股份有限公司,13
理学部,数学与统计学院,硕士,2023,就业,重庆长安汽车股份有限公司,6
理学部,数学与统计学院,硕士,2023,选调生,中共重庆市委组织部,4
理学部,数学与统计学院,硕士,2023,升学,重庆大学,4
理学部,数学与统计学院,硕士,2023,就业,重庆长安汽车软件科技有限公司,4
理学部,数学与统计学院,硕士,2023,就业,重庆长安新能源汽车科技有限公司,2
理学部,数学与统计学院,硕士,2023,就业,成都飞机工业(集团)有限责任公司,2
理学部,数学与统计学院,硕士,2023,选调生,中共平顶山市委组织部,2
理学部,数学与统计学院,硕士,2023,就业,杭州欣霁广告有限公司,1
理学部,数学与统计学院,硕士,2023,就业,大理州科学技术成果促进转化中心,1
理学部,数学与统计学院,硕士,2023,就业,北京达佳互联信息技术有限公司,1
理学部,数学与统计学院,硕士,2023,就业,中国重型汽车集团有限公司,1
理学部,数学与统计学院,硕士,2023,就业,上海梦创双杨数据科技股份有限公司,1
理学部,数学与统计学院,硕士,2023,就业,中国农业银行股份有限公司重庆市分行,1
理学部,数学与统计学院,硕士,2023,就业,中移物联网有限公司,1
理学部,数学与统计学院,硕士,2023,就业,潍柴动力股份有限公司,1
理学部,数学与统计学院,硕士,2023,就业,重庆航天火箭电子技术有限公司,1
理学部,数学与统计学院,硕士,2023,选调生,中共安徽省委组织部,1
理学部,数学与统计学院,硕士,2023,就业,成都高新技术产业开发区教育文化体育局,1
理学部,数学与统计学院,硕士,2023,就业,杭州住房公积金管理中心余杭分中心,1
理学部,数学与统计学院,硕士,2023,就业,交通银行股份有限公司,1
理学部,数学与统计学院,硕士,2023,就业,包头市人力资源服务中心,1
理学部,数学与统计学院,硕士,2023,就业,国家税务总局青岛市市北区税务局,1
理学部,数学与统计学院,硕士,2023,就业,中国航发贵州黎阳航空动力有限公司,1
理学部,数学与统计学院,硕士,2023,就业,北京大学重庆大数据研究院,1
理学部,数学与统计学院,硕士,2023,就业,泸州老窖股份有限公司,1
理学部,数学与统计学院,硕士,2023,就业,战略支援部队信息工程大学,1
理学部,数学与统计学院,硕士,2023,选调生,中国共产党重庆市委员会组织部,1
理学部,数学与统计学院,硕士,2023,就业,华泰证券股份有限公司,1
理学部,数学与统计学院,硕士,2023,就业,重庆市第七中学校,1
理学部,数学与统计学院,硕士,2023,就业,上海途虎信息技术有限公司,1
理学部,数学与统计学院,硕士,2023,就业,中国工商银行股份有限公司河北省分行,1
理学部,数学与统计学院,硕士,2023,就业,蜂巢能源科技股份有限公司,1
理学部,数学与统计学院,硕士,2023,就业,湖北夷陵经济开发区管理委员会,1
理学部,数学与统计学院,硕士,2023,就业,时代上汽动力电池有限公司,1
理学部,数学与统计学院,硕士,2023,就业,重庆新东方教育培训学校有限公司,1
理学部,数学与统计学院,硕士,2023,就业,泰晶科技股份有限公司,1
理学部,数学与统计学院,硕士,2023,就业,重庆市江北区江北嘴实验学校,1
理学部,数学与统计学院,硕士,2023,就业,中国联合网络通信有限公司上海市分公司,1
理学部,数学与统计学院,硕士,2023,就业,国家知识产权局专利局专利审查协作河南中心,1
理学部,数学与统计学院,硕士,2023,就业,宁德时代润智软件科技有限公司,1
理学部,数学与统计学院,硕士,2023,就业,网银在线(北京)科技有限公司,1
理学部,数学与统计学院,硕士,2023,就业,华为技术有限公司,1
理学部,数学与统计学院,硕士,2023,就业,埃克斯工业有限公司,1
理学部,数学与统计学院,硕士,2023,就业,四川天府银行股份有限公司,1
理学部,数学与统计学院,硕士,2023,就业,中国联合网络通信有限公司贵州省分公司,1
理学部,数学与统计学院,硕士,2023,就业,中国汽车工程研究院股份有限公司,1
理学部,数学与统计学院,硕士,2023,就业,中煤科工集团重庆研究院有限公司,1
理学部,数学与统计学院,硕士,2023,选调生,中国共产党广安市委员会组织部,1
理学部,数学与统计学院,硕士,2023,就业,湖南弘知教育科技有限公司,1
理学部,数学与统计学院,硕士,2023,就业,中国移动通信集团福建有限公司(含下属分公司),1
理学部,数学与统计学院,硕士,2023,选调生,中共重庆市巫山县组织部,1
理学部,数学与统计学院,硕士,2023,就业,中征(北京)征信有限责任公司,1
理学部,数学与统计学院,硕士,2023,就业,中电海康集团有限公司,1
理学部,数学与统计学院,硕士,2023,就业,中国电信股份有限公司广东分公司,1
理学部,数学与统计学院,硕士,2023,就业,中国电信股份有限公司重庆分公司,1
理学部,数学与统计学院,硕士,2023,选调生,中共贵阳市委组织部,1
理学部,数学与统计学院,硕士,2023,就业,重庆市渝北区空港实验中学校,1
理学部,数学与统计学院,硕士,2023,就业,交通银行重庆分行,1
理学部,数学与统计学院,硕士,2023,就业,重庆应用技术职业学院,1
理学部,数学与统计学院,硕士,2023,就业,中国工商银行股份有限公司深圳市分行,1
理学部,数学与统计学院,硕士,2023,选调生,江苏省委组织部,1
理学部,数学与统计学院,硕士,2023,就业,中国人民财产保险股份有限公司重庆市分公司,1
理学部,数学与统计学院,硕士,2023,就业,中国电信股份有限公司上海企业信息化运营中心,1
理学部,数学与统计学院,硕士,2023,就业,重庆市审计局,1
理学部,数学与统计学院,硕士,2023,就业,重庆市开州区实验中学(重庆市开州区师范学校),1
理学部,数学与统计学院,硕士,2023,就业,重庆市九龙坡区彩云湖森林小学校,1
理学部,数学与统计学院,硕士,2023,就业,重庆市铁路中学校,1
理学部,数学与统计学院,硕士,2023,就业,国家税务总局德阳市旌阳区税务局,1
理学部,数学与统计学院,硕士,2023,就业,中国工商银行股份有限公司软件开发中心,1
理学部,数学与统计学院,硕士,2023,就业,中国银联股份有限公司江西分公司,1
理学部,数学与统计学院,硕士,2023,就业,北京京东世纪贸易有限公司,1
理学部,数学与统计学院,硕士,2023,就业,北京微财科技有限公司,1
理学部,数学与统计学院,硕士,2023,就业,北京趣拿软件科技有限公司,1
理学部,数学与统计学院,硕士,2023,就业,重庆市妇幼保健院(重庆市妇产科医院、重庆市遗传与生殖研究所),1
理学部,数学与统计学院,硕士,2023,就业,中国航发贵州黎阳航空发动机有限公司,1
理学部,数学与统计学院,硕士,2023,就业,扬州高新技术产业开发区管理委员会,1
理学部,数学与统计学院,硕士,2023,就业,深圳科学高中,1
理学部,数学与统计学院,硕士,2023,就业,深圳市罗湖区教育局,1
理学部,数学与统计学院,硕士,2023,就业,重庆市江北区滨江小学校,1
理学部,数学与统计学院,硕士,2023,就业,中车株洲电力机车研究所有限公司,1
理学部,数学与统计学院,硕士,2023,升学,厦门大学,1
理学部,数学与统计学院,硕士,2023,就业,招商银行股份有限公司太原分行,1
理学部,数学与统计学院,硕士,2023,选调生,江西省委组织部,1
理学部,数学与统计学院,硕士,2023,就业,北京博乐科技有限公司,1
理学部,数学与统计学院,硕士,2023,就业,西南证券股份有限公司,1
理学部,数学与统计学院,硕士,2023,就业,中冶赛迪信息技术(重庆)有限公司,1
理学部,数学与统计学院,硕士,2023,就业,徐州市新东方教育培训有限公司,1
理学部,数学与统计学院,硕士,2023,就业,重庆高新技术产业开发区管理委员会,1
理学部,数学与统计学院,硕士,2023,升学,北京航空航天大学,1
理学部,数学与统计学院,硕士,2023,就业,四川省绵阳实验高级中学,1
理学部,数学与统计学院,硕士,2023,就业,中国银行股份有限公司重庆市分行,1
理学部,数学与统计学院,博士,2023,就业,重庆师范大学,2
理学部,数学与统计学院,博士,2023,就业,重庆理工大学,1
理学部,数学与统计学院,博士,2023,就业,河北经贸大学,1
理学部,数学与统计学院,博士,2023,就业,加利福尼亚大学洛杉矶分校,1
理学部,数学与统计学院,博士,2023,就业,石河子大学,1
理学部,数学与统计学院,博士,2023,就业,西南石油大学,1
理学部,物理学院,本科,2021,升学,重庆大学,16
理学部,物理学院,本科,2021,升学,武汉大学,4
理学部,物理学院,本科,2021,升学,复旦大学,4
理学部,物理学院,本科,2021,升学,浙江大学,4
理学部,物理学院,本科,2021,升学,中国科学技术大学,3
理学部,物理学院,本科,2021,升学,中国科学院微电子研究所,2
理学部,物理学院,本科,2021,升学,南京大学,2
理学部,物理学院,本科,2021,升学,中国科学院物理研究所,2
理学部,物理学院,本科,2021,升学,东南大学,2
理学部,物理学院,本科,2021,升学,兰州大学,1
理学部,物理学院,本科,2021,升学,重庆师范大学,1
理学部,物理学院,本科,2021,出国(境)留学或工作,南加州大学,1
理学部,物理学院,本科,2021,就业,基恩士(中国)有限公司,1
理学部,物理学院,本科,2021,升学,三峡大学,1
理学部,物理学院,本科,2021,就业,湖北兴发化工集团股份有限公司,1
理学部,物理学院,本科,2021,升学,华中科技大学,1
理学部,物理学院,本科,2021,就业,中国人民解放军第五七二〇工厂,1
理学部,物理学院,本科,2021,就业,新特能源股份有限公司,1
理学部,物理学院,本科,2021,升学,中国工程物理研究院,1
理学部,物理学院,本科,2021,就业,中国农业银行股份有限公司重庆市分行,1
理学部,物理学院,本科,2021,升学,中国科学院福建物质结构研究所,1
理学部,物理学院,本科,2021,就业,重庆市万州区领凡教育培训有限公司,1
理学部,物理学院,本科,2021,就业,中国人民解放军第5702工厂,1
理学部,物理学院,本科,2021,就业,好未来培训学校(上海)有限公司,1
理学部,物理学院,本科,2021,就业,重庆建设工业(集团)有限责任公司,1
理学部,物理学院,本科,2021,升学,西南财经大学,1
理学部,物理学院,本科,2021,升学,中国科学院理论物理研究所,1
理学部,物理学院,本科,2021,就业,郑州平行线教育科技有限公司,1
理学部,物理学院,本科,2021,就业,建水实验中学,1
理学部,物理学院,本科,2021,就业,重庆长安汽车软件科技有限公司,1
理学部,物理学院,本科,2021,就业,高怡达科技(深圳)有限公司,1
理学部,物理学院,本科,2021,就业,浙江创芯集成电路有限公司,1
理学部,物理学院,本科,2021,出国(境)留学或工作,芝加哥大学,1
理学部,物理学院,本科,2021,升学,中国原子能科学研究院,1
理学部,物理学院,本科,2021,升学,电子科技大学,1
理学部,物理学院,本科,2021,就业,杰为软件系统(深圳)有限公司,1
理学部,物理学院,本科,2021,就业,重庆中科渝芯电子有限公司,1
理学部,物理学院,本科,2021,就业,新疆知万家知识产权服务有限公司,1
理学部,物理学院,本科,2021,升学,哈尔滨工程大学,1
理学部,物理学院,本科,2021,就业,北京同达信恒知识产权代理有限公司重庆分公司,1
理学部,物理学院,本科,2021,就业,欣欣智学教育科技(北京)有限公司,1
理学部,物理学院,本科,2021,就业,强生(上海)医疗器材有限公司,1
理学部,物理学院,本科,2021,就业,中核四0四有限公司,1
理学部,物理学院,硕士,2021,升学,重庆大学,3
理学部,物理学院,硕士,2021,就业,重庆市南开中学校,2
理学部,物理学院,硕士,2021,就业,深圳市龙岗区教育局,1
理学部,物理学院,硕士,2021,升学,华中科技大学,1
理学部,物理学院,硕士,2021,就业,四川航天电子设备研究所,1
理学部,物理学院,硕士,2021,就业,信阳大别山高级中学,1
理学部,物理学院,硕士,2021,就业,重庆市璧山中学校,1
理学部,物理学院,硕士,2021,升学,中山大学,1
理学部,物理学院,硕士,2021,就业,徐州市东苑中学,1
理学部,物理学院,硕士,2021,就业,重庆市育才中学校,1
理学部,物理学院,硕士,2021,就业,新乡市第七中学,1
理学部,物理学院,硕士,2021,就业,重庆市涪陵第一中学校,1
理学部,物理学院,硕士,2021,升学,上海交通大学,1
理学部,物理学院,硕士,2021,就业,杭州江南人才服务有限公司,1
理学部,物理学院,硕士,2021,就业,重庆市渝高中学校,1
理学部,物理学院,硕士,2021,就业,肇庆高新技术产业开发区大旺中学,1
理学部,物理学院,硕士,2021,就业,重庆市字水中学,1
理学部,物理学院,硕士,2021,就业,重庆市子水中学校,1
理学部,物理学院,硕士,2021,就业,北京三快在线科技有限公司,1
理学部,物理学院,硕士,2021,升学,西湖大学,1
理学部,物理学院,硕士,2021,就业,重庆京东方光电科技有限公司,1
理学部,物理学院,硕士,2021,升学,北京大学,1
理学部,物理学院,硕士,2021,就业,西安铁一中教育集团,1
理学部,物理学院,博士,2021,就业,重庆邮电大学,4
理学部,物理学院,博士,2021,就业,上海交通大学,2
理学部,物理学院,博士,2021,就业,清华大学,1
理学部,物理学院,博士,2021,就业,重庆电子工程职业学院,1
理学部,物理学院,博士,2021,就业,西南大学,1
理学部,物理学院,博士,2021,就业,绵阳师范学院,1
理学部,物理学院,博士,2021,就业,广西科技大学,1
理学部,物理学院,博士,2021,就业,广西大学,1
理学部,物理学院,博士,2021,就业,西南科技大学,1
理学部,物理学院,博士,2021,就业,北京大学,1
理学部,物理学院,博士,2021,就业,重庆师范大学,1
理学部,物理学院,博士,2021,就业,中国电子科技集团公司第四十一研究所,1
理学部,物理学院,博士,2021,就业,周口师范学院,1
理学部,物理学院,博士,2021,就业,西昌学院,1
理学部,物理学院,博士,2021,就业,湘潭大学,1
理学部,物理学院,本科,2022,就业,重庆大学,25
理学部,物理学院,本科,2022,升学,电子科技大学,3
理学部,物理学院,本科,2022,升学,浙江大学,3
理学部,物理学院,本科,2022,升学,复旦大学,2
理学部,物理学院,本科,2022,升学,南京大学,2
理学部,物理学院,本科,2022,升学,清华大学,2
理学部,物理学院,本科,2022,升学,南方科技大学,2
理学部,物理学院,本科,2022,出国(境)留学或工作,南洋理工大学,2
理学部,物理学院,本科,2022,就业,江苏卓胜微电子股份有限公司,1
理学部,物理学院,本科,2022,升学,华东师范大学,1
理学部,物理学院,本科,2022,升学,华南理工大学,1
理学部,物理学院,本科,2022,出国(境)留学或工作,新加坡国立大学,1
理学部,物理学院,本科,2022,升学,东南大学,1
理学部,物理学院,本科,2022,出国(境)留学或工作,爱丁堡大学,1
理学部,物理学院,本科,2022,升学,中国人民大学,1
理学部,物理学院,本科,2022,升学,中国科学技术大学,1
理学部,物理学院,本科,2022,就业,中国电信股份有限公司福建分公司,1
理学部,物理学院,本科,2022,就业,中电科技集团重庆声光电有限公司,1
理学部,物理学院,本科,2022,升学,武汉大学,1
理学部,物理学院,本科,2022,出国(境)留学或工作,香港中文大学,1
理学部,物理学院,本科,2022,就业,中国电信股份有限公司广西分公司,1
理学部,物理学院,本科,2022,就业,重庆四联光电科技有限公司,1
理学部,物理学院,本科,2022,就业,中国人民解放军第五七二一工厂,1
理学部,物理学院,本科,2022,出国(境)留学或工作,克拉克大学,1
理学部,物理学院,本科,2022,志愿服务西部计划,克州人大常委会,1
理学部,物理学院,本科,2022,出国(境)留学或工作,南安普敦大学,1
理学部,物理学院,本科,2022,升学,中国科学院长春光学精密机械与物理研究所,1
理学部,物理学院,本科,2022,就业,合肥市第一中学,1
理学部,物理学院,本科,2022,升学,南开大学,1
理学部,物理学院,本科,2022,就业,深信服科技股份有限公司,1
理学部,物理学院,本科,2022,就业,中国空气动力研究与发展中心,1
理学部,物理学院,本科,2022,就业,法雷奥汽车内部控制(深圳)有限公司,1
理学部,物理学院,本科,2022,就业,重庆信必达知识产权代理有限公司,1
理学部,物理学院,本科,2022,升学,中国科学院理论物理研究所,1
理学部,物理学院,本科,2022,升学,中国科学院高能物理研究所,1
理学部,物理学院,本科,2022,就业,东莞市奥海科技股份有限公司,1
理学部,物理学院,本科,2022,就业,中邮建技术有限公司,1
理学部,物理学院,本科,2022,出国(境)留学或工作,东京中央日本语学校,1
理学部,物理学院,本科,2022,升学,上海交通大学,1
理学部,物理学院,本科,2022,升学,中国科学院大学(国家天文台),1
理学部,物理学院,本科,2022,就业,重庆真测科技股份有限公司,1
理学部,物理学院,本科,2022,就业,郑州来师网络科技有限公司,1
理学部,物理学院,本科,2022,升学,西安交通大学,1
理学部,物理学院,本科,2022,升学,厦门大学,1
理学部,物理学院,本科,2022,升学,中国工程物理研究院——北京计算科学研究中心,1
理学部,物理学院,本科,2022,就业,诸暨荣怀学校,1
理学部,物理学院,本科,2022,升学,华中师范大学,1
理学部,物理学院,本科,2022,升学,华中科技大学,1
理学部,物理学院,本科,2022,就业,长沙市健科电子有限公司,1
理学部,物理学院,硕士,2022,就业,中电科技集团重庆声光电有限公司,5
理学部,物理学院,硕士,2022,就业,江苏省靖江第一高级中学,2
理学部,物理学院,硕士,2022,升学,中山大学,1
理学部,物理学院,硕士,2022,选调生,中国共产党广安市委员会组织部,1
理学部,物理学院,硕士,2022,就业,四川省泸州市第一中学校,1
理学部,物理学院,硕士,2022,选调生,中国共产党遂宁市委员会组织部,1
理学部,物理学院,硕士,2022,就业,重庆市第四十八中学校,1
理学部,物理学院,硕士,2022,就业,重庆市杨家坪中学,1
理学部,物理学院,硕士,2022,升学,华中科技大学,1
理学部,物理学院,硕士,2022,升学,重庆大学,1
理学部,物理学院,硕士,2022,就业,华为技术有限公司,1
理学部,物理学院,硕士,2022,就业,苏州市吴中区教育局,1
理学部,物理学院,硕士,2022,就业,中国工商银行股份有限公司重庆市分行,1
理学部,物理学院,硕士,2022,就业,重庆市字水中学,1
理学部,物理学院,硕士,2022,就业,重庆市广益中学校,1
理学部,物理学院,硕士,2022,升学,南方科技大学,1
理学部,物理学院,硕士,2022,就业,重庆第二十三中学校,1
理学部,物理学院,硕士,2022,就业,重庆市育才中学校,1
理学部,物理学院,硕士,2022,就业,重庆市彭水县第一中学校,1
理学部,物理学院,硕士,2022,升学,北京理工大学,1
理学部,物理学院,硕士,2022,就业,山东大学,1
理学部,物理学院,硕士,2022,就业,重庆市南渝中学校,1
理学部,物理学院,硕士,2022,就业,四川省南充高级中学,1
理学部,物理学院,硕士,2022,就业,达州市第一中学校,1
理学部,物理学院,硕士,2022,选调生,中国共产党重庆市委员会组织部,1
理学部,物理学院,硕士,2022,就业,重庆市鲁能巴蜀中学校,1
理学部,物理学院,博士,2022,就业,北京航空航天大学,1
理学部,物理学院,博士,2022,就业,中国科学院高能物理研究所,1
理学部,物理学院,博士,2022,就业,中国科学院大学,1
理学部,物理学院,博士,2022,就业,重庆理工大学,1
理学部,物理学院,博士,2022,就业,重庆文理学院,1
理学部,物理学院,博士,2022,就业,中国人民解放军陆军军医大学,1
理学部,物理学院,本科,2023,升学,重庆大学,20
理学部,物理学院,本科,2023,升学,中国科学院大学,6
理学部,物理学院,本科,2023,升学,南方科技大学,5
理学部,物理学院,本科,2023,升学,南京大学,4
理学部,物理学院,本科,2023,升学,中国工程物理研究院,3
理学部,物理学院,本科,2023,出国(境)留学或工作,新加坡国立大学,3
理学部,物理学院,本科,2023,升学,北京大学,2
理学部,物理学院,本科,2023,就业,贵阳航空电机有限公司,2
理学部,物理学院,本科,2023,升学,中国科学技术大学,2
理学部,物理学院,本科,2023,升学,华中科技大学,2
理学部,物理学院,本科,2023,升学,西安交通大学,1
理学部,物理学院,本科,2023,升学,中国科学院大学杭州高等研究院,1
理学部,物理学院,本科,2023,就业,重庆传音通讯技术有限公司,1
理学部,物理学院,本科,2023,升学,武汉大学,1
理学部,物理学院,本科,2023,升学,中国人民大学,1
理学部,物理学院,本科,2023,就业,中核国电漳州能源有限公司,1
理学部,物理学院,本科,2023,就业,海南核电有限公司,1
理学部,物理学院,本科,2023,就业,长鑫集电(北京)存储技术有限公司,1
理学部,物理学院,本科,2023,就业,四川长虹空调有限公司,1
理学部,物理学院,本科,2023,升学,浙江大学,1
理学部,物理学院,本科,2023,就业,成都华兴大地科技有限公司,1
理学部,物理学院,本科,2023,出国(境)留学或工作,南洋理工大学,1
理学部,物理学院,本科,2023,升学,湖南大学,1
理学部,物理学院,本科,2023,就业,深圳创维数字技术有限公司,1
理学部,物理学院,本科,2023,就业,北京理工大学重庆微电子研究院,1
理学部,物理学院,本科,2023,就业,华为技术有限公司,1
理学部,物理学院,本科,2023,升学,上海交通大学,1
理学部,物理学院,本科,2023,就业,合肥我们方田教育科技有限公司,1
理学部,物理学院,本科,2023,就业,珠海格力电器股份有限公司,1
理学部,物理学院,本科,2023,就业,四川长虹网络科技有限责任公司,1
理学部,物理学院,本科,2023,志愿服务西部计划,重庆市綦江区石角镇人民政府,1
理学部,物理学院,本科,2023,就业,重庆市沙坪坝区学而思培优课外培训学校有限公司,1
理学部,物理学院,本科,2023,升学,中国科学院半导体研究所,1
理学部,物理学院,本科,2023,出国(境)留学或工作,德累斯顿工业大学,1
理学部,物理学院,本科,2023,升学,兰州大学,1
理学部,物理学院,本科,2023,升学,电子科技大学,1
理学部,物理学院,本科,2023,升学,复旦大学,1
理学部,物理学院,本科,2023,出国(境)留学或工作,南安普顿大学,1
理学部,物理学院,本科,2023,升学,中国科学院国家天文台,1
理学部,物理学院,本科,2023,升学,天津大学,1
理学部,物理学院,本科,2023,就业,宁波中车时代传感技术有限公司,1
理学部,物理学院,本科,2023,就业,重庆中科渝芯电子有限公司,1
理学部,物理学院,本科,2023,升学,四川大学,1
理学部,物理学院,本科,2023,升学,东南大学,1
理学部,物理学院,本科,2023,出国(境)留学或工作,香港城市大学,1
理学部,物理学院,本科,2023,就业,重庆平创半导体研究院有限责任公司,1
理学部,物理学院,本科,2023,就业,重庆康华瑞明科技股份有限公司,1
理学部,物理学院,本科,2023,就业,宝信软件(武汉)有限公司,1
理学部,物理学院,硕士,2023,升学,重庆大学,5
理学部,物理学院,硕士,2023,就业,比亚迪股份有限公司,2
理学部,物理学院,硕士,2023,就业,深圳实验学校明理高中,1
理学部,物理学院,硕士,2023,就业,铜梁一中,1
理学部,物理学院,硕士,2023,就业,谱瑞集成电路(重庆)有限公司,1
理学部,物理学院,硕士,2023,选调生,中国共产党重庆市南川区委员会组织部,1
理学部,物理学院,硕士,2023,就业,成都格理特电子技术有限公司,1
理学部,物理学院,硕士,2023,就业,重庆市綦江实验中学校,1
理学部,物理学院,硕士,2023,就业,武汉市育才高级中学,1
理学部,物理学院,硕士,2023,升学,中国科学院纳米能源与系统研究所,1
理学部,物理学院,硕士,2023,就业,重庆长安汽车股份有限公司,1
理学部,物理学院,硕士,2023,就业,重庆建设工业(集团)有限责任公司,1
理学部,物理学院,硕士,2023,就业,广州市开发区外国语学校,1
理学部,物理学院,硕士,2023,就业,贵州振华风光半导体有限公司,1
理学部,物理学院,硕士,2023,选调生,中共重庆市沙坪坝区委组织部,1
理学部,物理学院,硕士,2023,就业,重庆市永川昌南中学校,1
理学部,物理学院,硕士,2023,就业,重庆市渝北区空港实验中学校,1
理学部,物理学院,硕士,2023,就业,中芯集成电路制造(绍兴)有限公司,1
理学部,物理学院,硕士,2023,就业,航天时代飞鸿技术有限公司,1
理学部,物理学院,硕士,2023,就业,华润微电子(重庆)有限公司,1
理学部,物理学院,硕士,2023,就业,重庆市两江中学校,1
理学部,物理学院,硕士,2023,就业,铜仁市第二中学,1
理学部,物理学院,硕士,2023,就业,佛山市顺德区实验中学,1
理学部,物理学院,硕士,2023,就业,重庆市开州中学,1
理学部,物理学院,硕士,2023,就业,上海积塔半导体有限公司,1
理学部,物理学院,硕士,2023,就业,上海市南洋中学,1
理学部,物理学院,硕士,2023,就业,重庆市綦江中学,1
理学部,物理学院,硕士,2023,就业,特变电工股份有限公司,1
理学部,物理学院,硕士,2023,就业,重庆市字水中学,1
理学部,物理学院,硕士,2023,就业,重庆市巴南区学堂湾学校,1
理学部,物理学院,硕士,2023,升学,南京大学,1
理学部,物理学院,博士,2023,就业,比亚迪股份有限公司,2
理学部,物理学院,博士,2023,就业,重庆邮电大学,1
理学部,物理学院,博士,2023,就业,贵州师范大学,1
理学部,物理学院,博士,2023,就业,西南科技大学,1
理学部,物理学院,博士,2023,就业,中电科芯片技术(集团)有限公司,1
理学部,物理学院,博士,2023,就业,重庆师范大学,1
理学部,物理学院,博士,2023,就业,重庆理工大学,1
理学部,物理学院,博士,2023,就业,重庆三峡学院,1
理学部,物理学院,博士,2023,就业,西北农林科技大学,1
理学部,物理学院,博士,2023,就业,南方科技大学,1
理学部,化学化工学院,本科,2021,升学,重庆大学,37
理学部,化学化工学院,本科,2021,就业,万华化学集团股份有限公司,5
理学部,化学化工学院,本科,2021,升学,武汉大学,5
理学部,化学化工学院,本科,2021,升学,四川大学,4
理学部,化学化工学院,本科,2021,就业,衢州华友钴新材料有限公司,2
理学部,化学化工学院,本科,2021,升学,中国科学院大连化学物理研究所,2
理学部,化学化工学院,本科,2021,升学,厦门大学,2
理学部,化学化工学院,本科,2021,就业,杭州乐敦科技有限公司,2
理学部,化学化工学院,本科,2021,就业,惠州锂威新能源科技有限公司,2
理学部,化学化工学院,本科,2021,就业,重庆市沙坪坝区愚公课外培训学校有限公司,2
理学部,化学化工学院,本科,2021,就业,华峰重庆氨纶有限公司,2
理学部,化学化工学院,本科,2021,就业,重庆柳江医药科技有限公司,2
理学部,化学化工学院,本科,2021,升学,天津大学,2
理学部,化学化工学院,本科,2021,就业,强生(上海)医疗器材有限公司,2
理学部,化学化工学院,本科,2021,升学,中国科学技术大学,2
理学部,化学化工学院,本科,2021,就业,成都药明康德新药开发有限公司,2
理学部,化学化工学院,本科,2021,就业,郑州平行线教育科技有限公司,2
理学部,化学化工学院,本科,2021,就业,成都展辰涂料有限公司,2
理学部,化学化工学院,本科,2021,就业,重庆中元生物技术有限公司,2
理学部,化学化工学院,本科,2021,升学,中国科学院长春应用化学研究所,1
理学部,化学化工学院,本科,2021,升学,浙江大学,1
理学部,化学化工学院,本科,2021,升学,南方科技大学,1
理学部,化学化工学院,本科,2021,就业,重庆京东方显示技术有限公司,1
理学部,化学化工学院,本科,2021,出国(境)留学或工作,日本筑波大学,1
理学部,化学化工学院,本科,2021,升学,中国科学院上海药物研究所,1
理学部,化学化工学院,本科,2021,就业,东方电气集团东方锅炉股份有限公司,1
理学部,化学化工学院,本科,2021,就业,赛诺菲(中国)投资有限公司四川分公司,1
理学部,化学化工学院,本科,2021,就业,山大地纬软件股份有限公司,1
理学部,化学化工学院,本科,2021,就业,江苏跟谁学教育科技有限公司,1
理学部,化学化工学院,本科,2021,就业,中国共产党普洱市委员会组织部,1
理学部,化学化工学院,本科,2021,就业,成都蜀西制药有限公司,1
理学部,化学化工学院,本科,2021,就业,国网宁夏电力有限公司,1
理学部,化学化工学院,本科,2021,就业,厦门朋信教育咨询有限公司,1
理学部,化学化工学院,本科,2021,升学,中山大学,1
理学部,化学化工学院,本科,2021,升学,华南理工大学,1
理学部,化学化工学院,本科,2021,选调生,中共重庆市委组织部,1
理学部,化学化工学院,本科,2021,就业,华为技术有限公司,1
理学部,化学化工学院,本科,2021,升学,西南政法大学,1
理学部,化学化工学院,本科,2021,就业,成都工投资产经营有限公司,1
理学部,化学化工学院,本科,2021,就业,重庆华峰化工有限公司,1
理学部,化学化工学院,本科,2021,升学,深圳大学,1
理学部,化学化工学院,本科,2021,选调生,中国共产党广安市委员会组织部,1
理学部,化学化工学院,本科,2021,出国(境)留学或工作,佛罗里达大学,1
理学部,化学化工学院,本科,2021,就业,云南磷化集团有限公司,1
理学部,化学化工学院,本科,2021,升学,西安交通大学,1
理学部,化学化工学院,本科,2021,就业,宁德时代新能源科技股份有限公司,1
理学部,化学化工学院,本科,2021,就业,湖北宜化化工股份有限公司,1
理学部,化学化工学院,本科,2021,就业,浙江信汇新材料股份有限公司,1
理学部,化学化工学院,本科,2021,就业,四川汇和作物保护有限公司,1
理学部,化学化工学院,本科,2021,就业,重庆三境世纪教育科技有限公司,1
理学部,化学化工学院,本科,2021,就业,成都高途云集教育科技有限公司,1
理学部,化学化工学院,本科,2021,就业,重庆京东方光电科技有限公司,1
理学部,化学化工学院,本科,2021,就业,浙江华友钴业股份有限公司,1
理学部,化学化工学院,本科,2021,升学,北京大学(第二学位),1
理学部,化学化工学院,本科,2021,选调生,广西壮族自治区党委组织部干部规划办,1
理学部,化学化工学院,本科,2021,就业,重庆博腾制药科技股份有限公司,1
理学部,化学化工学院,本科,2021,就业,中国石油化工股份有限公司西南油气分公司,1
理学部,化学化工学院,本科,2021,升学,华东师范大学,1
理学部,化学化工学院,本科,2021,就业,广东中钰机电工程有限公司,1
理学部,化学化工学院,本科,2021,就业,北京有竹居网络技术有限公司,1
理学部,化学化工学院,本科,2021,就业,慕思健康睡眠股份有限公司,1
理学部,化学化工学院,本科,2021,升学,中国科学院上海有机化学研究所,1
理学部,化学化工学院,本科,2021,升学,哈尔滨工业大学,1
理学部,化学化工学院,本科,2021,升学,同济大学,1
理学部,化学化工学院,本科,2021,就业,万华化学(福建)有限公司,1
理学部,化学化工学院,本科,2021,升学,中国药科大学,1
理学部,化学化工学院,硕士,2021,就业,四川长虹电源有限责任公司,10
理学部,化学化工学院,硕士,2021,升学,重庆大学,7
理学部,化学化工学院,硕士,2021,就业,珠海冠宇电池股份有限公司,5
理学部,化学化工学院,硕士,2021,就业,湖北亿纬动力有限公司,4
理学部,化学化工学院,硕士,2021,就业,中国石油化工股份有限公司茂名分公司,4
理学部,化学化工学院,硕士,2021,就业,惠州锂威新能源科技有限公司,4
理学部,化学化工学院,硕士,2021,就业,重庆红宇精密工业集团有限公司,3
理学部,化学化工学院,硕士,2021,选调生,中共眉山市委组织部,3
理学部,化学化工学院,硕士,2021,就业,重庆电力高等专科学校,3
理学部,化学化工学院,硕士,2021,就业,中核四0四有限公司,2
理学部,化学化工学院,硕士,2021,就业,长江存储科技有限责任公司,2
理学部,化学化工学院,硕士,2021,就业,重庆长安新能源汽车科技有限公司,2
理学部,化学化工学院,硕士,2021,选调生,中国共产党内江市委员会组织部,2
理学部,化学化工学院,硕士,2021,选调生,中国共产党广安市委员会组织部,2
理学部,化学化工学院,硕士,2021,就业,上海合全药物研发有限公司,2
理学部,化学化工学院,硕士,2021,选调生,广西壮族自治区党委组织部干部规划办,2
理学部,化学化工学院,硕士,2021,就业,重庆两江新区人民小学,1
理学部,化学化工学院,硕士,2021,就业,湖北容百锂电材料有限公司,1
理学部,化学化工学院,硕士,2021,就业,广西北投环保水务集团有限公司,1
理学部,化学化工学院,硕士,2021,就业,绵阳中学英才学校,1
理学部,化学化工学院,硕士,2021,就业,中电科技集团重庆声光电有限公司,1
理学部,化学化工学院,硕士,2021,就业,成都市金牛实验中学校,1
理学部,化学化工学院,硕士,2021,就业,重庆药友制药有限责任公司,1
理学部,化学化工学院,硕士,2021,就业,上汽通用五菱汽车股份有限公司重庆分公司,1
理学部,化学化工学院,硕士,2021,就业,重庆博腾制药科技股份有限公司,1
理学部,化学化工学院,硕士,2021,就业,太原钢铁(集团)有限公司,1
理学部,化学化工学院,硕士,2021,选调生,中共重庆市委组织部,1
理学部,化学化工学院,硕士,2021,就业,重庆市黔江新华中学校,1
理学部,化学化工学院,硕士,2021,升学,吉林大学,1
理学部,化学化工学院,硕士,2021,就业,重庆市长寿区招商投资促进服务中心,1
理学部,化学化工学院,硕士,2021,就业,南阳市第八中学校,1
理学部,化学化工学院,硕士,2021,就业,中国航天科工集团第十研究院,1
理学部,化学化工学院,硕士,2021,选调生,中共湖南省委组织部(中共永州市委组织部),1
理学部,化学化工学院,硕士,2021,选调生,中共德阳市委组织部,1
理学部,化学化工学院,硕士,2021,就业,成都航天模塑股份有限公司,1
理学部,化学化工学院,硕士,2021,就业,北大医药重庆大新药业股份有限公司,1
理学部,化学化工学院,硕士,2021,选调生,中共滁州市委组织部,1
理学部,化学化工学院,硕士,2021,出国(境)留学或工作,京都大学,1
理学部,化学化工学院,硕士,2021,就业,重庆市开州区水质监测中心,1
理学部,化学化工学院,硕士,2021,就业,西南大学附属重庆市梁平实验中学校,1
理学部,化学化工学院,硕士,2021,出国(境)留学或工作,巴利亚多利德大学,1
理学部,化学化工学院,硕士,2021,出国(境)留学或工作,汉诺威大学,1
理学部,化学化工学院,硕士,2021,就业,重庆市璧山区教育委员会,1
理学部,化学化工学院,硕士,2021,就业,成都先导药物开发有限公司,1
理学部,化学化工学院,硕士,2021,就业,重庆市潼南巴川中学校,1
理学部,化学化工学院,硕士,2021,就业,成都市龙泉驿区人力资源和社会保障局,1
理学部,化学化工学院,硕士,2021,就业,四川省宣汉中学,1
理学部,化学化工学院,硕士,2021,选调生,中国共产党达州市委员会组织部,1
理学部,化学化工学院,硕士,2021,就业,长城汽车股份有限公司,1
理学部,化学化工学院,硕士,2021,就业,内江市第一中学,1
理学部,化学化工学院,硕士,2021,就业,成都先进功率半导体股份有限公司,1
理学部,化学化工学院,硕士,2021,就业,宁德时代新能源科技股份有限公司,1
理学部,化学化工学院,硕士,2021,就业,成都市知识产权保护中心,1
理学部,化学化工学院,硕士,2021,就业,宁夏理工学院,1
理学部,化学化工学院,硕士,2021,就业,比亚迪股份有限公司,1
理学部,化学化工学院,硕士,2021,升学,苏州大学,1
理学部,化学化工学院,硕士,2021,就业,淄博市人力资源和社会保障局,1
理学部,化学化工学院,硕士,2021,就业,郑州大学,1
理学部,化学化工学院,硕士,2021,就业,重庆中元汇吉生物技术有限公司,1
理学部,化学化工学院,硕士,2021,就业,重庆登康口腔护理用品股份有限公司,1
理学部,化学化工学院,硕士,2021,就业,成都新越医药有限公司,1
理学部,化学化工学院,硕士,2021,就业,重庆中元生物技术有限公司,1
理学部,化学化工学院,硕士,2021,就业,上海盛迪医药有限公司,1
理学部,化学化工学院,硕士,2021,就业,成都倍特药业股份有限公司,1
理学部,化学化工学院,硕士,2021,就业,中国共产党普洱市委员会组织部,1
理学部,化学化工学院,硕士,2021,就业,强生(上海)医疗器材有限公司,1
理学部,化学化工学院,硕士,2021,就业,重庆飞驶特人力资源管理有限公司,1
理学部,化学化工学院,硕士,2021,就业,上海汽车集团股份有限公司技术中心,1
理学部,化学化工学院,硕士,2021,就业,中冶赛迪集团有限公司,1
理学部,化学化工学院,硕士,2021,就业,东方电气集团科学技术研究院有限公司,1
理学部,化学化工学院,硕士,2021,选调生,中共南充市委组织部,1
理学部,化学化工学院,硕士,2021,就业,龙门县人才交流服务中心,1
理学部,化学化工学院,硕士,2021,选调生,中共曲靖市委组织部,1
理学部,化学化工学院,硕士,2021,就业,云南省贵金属新材料控股集团有限公司,1
理学部,化学化工学院,硕士,2021,选调生,中共攀枝花市委组织部,1
理学部,化学化工学院,硕士,2021,就业,南京药石科技股份有限公司,1
理学部,化学化工学院,硕士,2021,就业,武汉天马微电子有限公司,1
理学部,化学化工学院,硕士,2021,升学,四川大学,1
理学部,化学化工学院,硕士,2021,就业,重庆化工设计研究院有限公司,1
理学部,化学化工学院,硕士,2021,就业,厦门厦钨新能源材料股份有限公司,1
理学部,化学化工学院,硕士,2021,就业,万华化学集团股份有限公司,1
理学部,化学化工学院,硕士,2021,就业,河北中瓷电子科技股份有限公司,1
理学部,化学化工学院,硕士,2021,选调生,中共天津市宁河区委组织部,1
理学部,化学化工学院,硕士,2021,出国(境)留学或工作,名古屋大学,1
理学部,化学化工学院,硕士,2021,选调生,中共三门峡市委组织部,1
理学部,化学化工学院,硕士,2021,选调生,中共平顶山市委组织部,1
理学部,化学化工学院,硕士,2021,就业,武汉华星光电技术有限公司,1
理学部,化学化工学院,硕士,2021,就业,宜昌人福药业有限责任公司,1
理学部,化学化工学院,硕士,2021,就业,德勤华永会计师事务所(特殊普通合伙)重庆分所,1
理学部,化学化工学院,硕士,2021,就业,苏州市吴江交通投资集团有限公司,1
理学部,化学化工学院,硕士,2021,就业,东方电气集团东方锅炉股份有限公司,1
理学部,化学化工学院,硕士,2021,就业,中国石化润滑油有限公司合成油脂分公司,1
理学部,化学化工学院,硕士,2021,就业,中国电子系统工程第二建设有限公司,1
理学部,化学化工学院,硕士,2021,就业,上海比亚迪有限公司,1
理学部,化学化工学院,硕士,2021,就业,重庆市消防救援总队,1
理学部,化学化工学院,硕士,2021,就业,重庆京东方光电科技有限公司,1
理学部,化学化工学院,硕士,2021,就业,惠州亿纬锂能股份有限公司,1
理学部,化学化工学院,硕士,2021,就业,长安福特汽车有限公司,1
理学部,化学化工学院,硕士,2021,就业,庆铃汽车(集团)有限公司,1
理学部,化学化工学院,硕士,2021,就业,崇左华劲纸业有限公司,1
理学部,化学化工学院,硕士,2021,就业,华为技术有限公司,1
理学部,化学化工学院,博士,2021,就业,重庆科技学院,6
理学部,化学化工学院,博士,2021,就业,中国科学院重庆绿色智能技术研究院,2
理学部,化学化工学院,博士,2021,就业,重庆工业职业技术学院,2
理学部,化学化工学院,博士,2021,就业,贵州医科大学,2
理学部,化学化工学院,博士,2021,就业,新墨西哥大学,1
理学部,化学化工学院,博士,2021,就业,广西科技大学,1
理学部,化学化工学院,博士,2021,就业,重庆品正食品有限公司,1
理学部,化学化工学院,博士,2021,就业,武汉大学,1
理学部,化学化工学院,博士,2021,就业,重庆医药高等专科学校,1
理学部,化学化工学院,博士,2021,就业,中国科学院大连化学物理研究所,1
理学部,化学化工学院,博士,2021,就业,铜仁学院,1
理学部,化学化工学院,博士,2021,就业,华新水泥技术管理(武汉)有限公司,1
理学部,化学化工学院,博士,2021,就业,重庆大学,1
理学部,化学化工学院,博士,2021,就业,成都市机关生活服务中心,1
理学部,化学化工学院,博士,2021,就业,西华师范大学,1
理学部,化学化工学院,博士,2021,就业,绵阳师范学院,1
理学部,化学化工学院,博士,2021,就业,北京清新环保技术有限公司四川分公司,1
理学部,化学化工学院,博士,2021,就业,慈溪市崇寿镇人民政府,1
理学部,化学化工学院,博士,2021,就业,川北医学院,1
理学部,化学化工学院,博士,2021,就业,中国科学院深圳先进技术研究院,1
理学部,化学化工学院,博士,2021,就业,重庆理工大学,1
理学部,化学化工学院,博士,2021,就业,苏州科技大学,1
理学部,化学化工学院,博士,2021,就业,复旦大学,1
理学部,化学化工学院,博士,2021,就业,中国核动力研究设计院,1
理学部,化学化工学院,本科,2022,升学,重庆大学,37
理学部,化学化工学院,本科,2022,升学,厦门大学,6
理学部,化学化工学院,本科,2022,升学,西安交通大学,6
理学部,化学化工学院,本科,2022,就业,浙江华友钴业股份有限公司,5
理学部,化学化工学院,本科,2022,就业,比亚迪股份有限公司,4
理学部,化学化工学院,本科,2022,升学,武汉大学,4
理学部,化学化工学院,本科,2022,就业,宁德新能源科技有限公司,3
理学部,化学化工学院,本科,2022,升学,浙江大学,3
理学部,化学化工学院,本科,2022,升学,四川大学,3
理学部,化学化工学院,本科,2022,就业,重庆药友制药有限责任公司,3
理学部,化学化工学院,本科,2022,升学,兰州大学,3
理学部,化学化工学院,本科,2022,升学,天津大学,2
理学部,化学化工学院,本科,2022,升学,南京大学,2
理学部,化学化工学院,本科,2022,升学,云南大学,2
理学部,化学化工学院,本科,2022,就业,万华化学集团股份有限公司,2
理学部,化学化工学院,本科,2022,升学,上海交通大学,2
理学部,化学化工学院,本科,2022,出国(境)留学或工作,新加坡国立大学,2
理学部,化学化工学院,本科,2022,就业,重庆京东方显示技术有限公司,1
理学部,化学化工学院,本科,2022,升学,南京工业大学,1
理学部,化学化工学院,本科,2022,升学,中国科学院大学福建物质结构所,1
理学部,化学化工学院,本科,2022,升学,中国药科大学,1
理学部,化学化工学院,本科,2022,升学,中国原子能科学研究院,1
理学部,化学化工学院,本科,2022,升学,内蒙古大学,1
理学部,化学化工学院,本科,2022,出国(境)留学或工作,南洋理工大学,1
理学部,化学化工学院,本科,2022,就业,重庆迈德凯医药有限公司,1
理学部,化学化工学院,本科,2022,就业,嘉晨西海(杭州)生物技术有限公司,1
理学部,化学化工学院,本科,2022,升学,复旦大学,1
理学部,化学化工学院,本科,2022,升学,新疆大学,1
理学部,化学化工学院,本科,2022,出国(境)留学或工作,芝加哥大学,1
理学部,化学化工学院,本科,2022,选调生,中共黔南州委组织部,1
理学部,化学化工学院,本科,2022,就业,利尔化学股份有限公司,1
理学部,化学化工学院,本科,2022,升学,中山大学,1
理学部,化学化工学院,本科,2022,就业,凯泽合成科技(常熟)有限公司,1
理学部,化学化工学院,本科,2022,升学,中国科学院广州化学研究所,1
理学部,化学化工学院,本科,2022,升学,中国科学技术大学苏州纳米技术与纳米仿生研究所,1
理学部,化学化工学院,本科,2022,就业,西南药业股份有限公司,1
理学部,化学化工学院,本科,2022,就业,霍尼韦尔(中国)高科技有限公司,1
理学部,化学化工学院,本科,2022,就业,铜陵化工集团化工研究设计院有限责任公司,1
理学部,化学化工学院,本科,2022,就业,齐鲁制药(海南)有限公司,1
理学部,化学化工学院,本科,2022,升学,南京中医药大学,1
理学部,化学化工学院,本科,2022,升学,中国科学院上海有机化学研究所,1
理学部,化学化工学院,本科,2022,升学,中国科学院福建物质结构研究所,1
理学部,化学化工学院,本科,2022,就业,中国电子系统工程第二建设有限公司二建设有限公司,1
理学部,化学化工学院,本科,2022,就业,凯莱英生命科学技术(天津)有限公司,1
理学部,化学化工学院,本科,2022,升学,西南财经大学,1
理学部,化学化工学院,本科,2022,就业,广西博环环境咨询服务有限公司广东分公司,1
理学部,化学化工学院,本科,2022,就业,建水实验中学,1
理学部,化学化工学院,本科,2022,就业,广东美的暖通设备有限公司,1
理学部,化学化工学院,本科,2022,选调生,中国共产党成都市委员会组织部,1
理学部,化学化工学院,本科,2022,选调生,中共安顺市委组织部,1
理学部,化学化工学院,本科,2022,升学,华中科技大学,1
理学部,化学化工学院,本科,2022,就业,四川艾格尔生物科技有限公司,1
理学部,化学化工学院,本科,2022,升学,中国科学技术大学,1
理学部,化学化工学院,本科,2022,出国(境)留学或工作,伦敦大学学院,1
理学部,化学化工学院,本科,2022,就业,福建省晋华集成电路有限公司,1
理学部,化学化工学院,本科,2022,升学,同济大学,1
理学部,化学化工学院,本科,2022,就业,万华化学(四川)有限公司,1
理学部,化学化工学院,本科,2022,就业,台山核电合营有限公司,1
理学部,化学化工学院,本科,2022,就业,成都倍特药业股份有限公司,1
理学部,化学化工学院,本科,2022,升学,福州大学,1
理学部,化学化工学院,本科,2022,升学,重庆医科大学,1
理学部,化学化工学院,本科,2022,升学,广西大学,1
理学部,化学化工学院,本科,2022,就业,上汽大众汽车有限公司,1
理学部,化学化工学院,本科,2022,就业,江西铜业股份有限公司,1
理学部,化学化工学院,本科,2022,选调生,中国共产党普洱市委员会组织部,1
理学部,化学化工学院,本科,2022,就业,中元汇吉生物技术股份有限公司,1
理学部,化学化工学院,本科,2022,就业,重庆博腾制药科技股份有限公司,1
理学部,化学化工学院,硕士,2022,就业,重庆长安新能源汽车科技有限公司,15
理学部,化学化工学院,硕士,2022,升学,重庆大学,12
理学部,化学化工学院,硕士,2022,就业,比亚迪股份有限公司,11
理学部,化学化工学院,硕士,2022,就业,联合微电子中心有限责任公司,7
理学部,化学化工学院,硕士,2022,就业,武汉新芯集成电路制造有限公司,4
理学部,化学化工学院,硕士,2022,就业,上汽大众汽车有限公司,4
理学部,化学化工学院,硕士,2022,选调生,中国共产党广安市委员会组织部,3
理学部,化学化工学院,硕士,2022,就业,重庆药友制药有限责任公司,3
理学部,化学化工学院,硕士,2022,就业,中芯国际集成电路制造(北京)有限公司,2
理学部,化学化工学院,硕士,2022,就业,德阳三环科技有限公司,2
理学部,化学化工学院,硕士,2022,就业,华电云南发电有限公司,2
理学部,化学化工学院,硕士,2022,就业,中国石油化工股份有限公司洛阳分公司,2
理学部,化学化工学院,硕士,2022,就业,中电科技集团重庆声光电有限公司,2
理学部,化学化工学院,硕士,2022,选调生,中共眉山市委组织部,2
理学部,化学化工学院,硕士,2022,选调生,中国共产党遂宁市委员会组织部,2
理学部,化学化工学院,硕士,2022,升学,吉林大学,2
理学部,化学化工学院,硕士,2022,就业,重庆红宇精密工业集团有限公司,2
理学部,化学化工学院,硕士,2022,就业,四川长虹电源有限责任公司,2
理学部,化学化工学院,硕士,2022,就业,重庆电力高等专科学校,2
理学部,化学化工学院,硕士,2022,就业,东方电气集团东方汽轮机有限公司,1
理学部,化学化工学院,硕士,2022,就业,四川省内江市第二中学,1
理学部,化学化工学院,硕士,2022,出国(境)留学或工作,阿德莱德大学,1
理学部,化学化工学院,硕士,2022,就业,烟台杰瑞石油服务集团股份有限公司,1
理学部,化学化工学院,硕士,2022,就业,北方夜视技术股份有限公司,1
理学部,化学化工学院,硕士,2022,出国(境)留学或工作,香港理工大学,1
理学部,化学化工学院,硕士,2022,就业,重庆小康工业集团股份有限公司,1
理学部,化学化工学院,硕士,2022,选调生,中国共产党宜宾市委员会组织部,1
理学部,化学化工学院,硕士,2022,就业,成都虹波实业股份有限公司,1
理学部,化学化工学院,硕士,2022,选调生,中国共产党广西壮族自治区委员会组织部,1
理学部,化学化工学院,硕士,2022,升学,西北工业大学,1
理学部,化学化工学院,硕士,2022,就业,比亚迪汽车有限公司,1
理学部,化学化工学院,硕士,2022,选调生,中共德阳市委组织部,1
理学部,化学化工学院,硕士,2022,就业,宁波容百新能源科技股份有限公司,1
理学部,化学化工学院,硕士,2022,选调生,运城市发展和改革委员会,1
理学部,化学化工学院,硕士,2022,就业,四川省成都市石室天府中学,1
理学部,化学化工学院,硕士,2022,就业,潮州三环(集团)股份有限公司,1
理学部,化学化工学院,硕士,2022,就业,浙江锂威能源科技有限公司,1
理学部,化学化工学院,硕士,2022,就业,重庆弗迪锂电池有限公司,1
理学部,化学化工学院,硕士,2022,就业,东方电气集团科学技术研究院有限公司,1
理学部,化学化工学院,硕士,2022,就业,成都飞机工业(集团)有限责任公司,1
理学部,化学化工学院,硕士,2022,升学,湖南大学,1
理学部,化学化工学院,硕士,2022,就业,宁德时代新能源科技股份有限公司,1
理学部,化学化工学院,硕士,2022,就业,石药控股集团有限公司,1
理学部,化学化工学院,硕士,2022,就业,中国电子系统工程第二建设有限公司,1
理学部,化学化工学院,硕士,2022,就业,山西北方兴安化学工业有限公司,1
理学部,化学化工学院,硕士,2022,选调生,新疆维吾尔自治区工信厅,1
理学部,化学化工学院,硕士,2022,就业,北京东方雨虹防水技术股份有限公司,1
理学部,化学化工学院,硕士,2022,就业,郑州宇通集团有限公司,1
理学部,化学化工学院,硕士,2022,就业,富晋精密工业(晋城)有限公司,1
理学部,化学化工学院,硕士,2022,选调生,中国共产党南充市委员会组织部,1
理学部,化学化工学院,硕士,2022,就业,中核建中核燃料元件有限公司,1
理学部,化学化工学院,硕士,2022,就业,重庆化医控股(集团)公司,1
理学部,化学化工学院,硕士,2022,就业,成都中电熊猫显示科技有限公司,1
理学部,化学化工学院,硕士,2022,就业,重庆市璧山中学校,1
理学部,化学化工学院,硕士,2022,选调生,中国共产党资阳市委员会组织部,1
理学部,化学化工学院,硕士,2022,就业,重庆博腾制药科技股份有限公司,1
理学部,化学化工学院,硕士,2022,选调生,中国共产党重庆市委员会组织部,1
理学部,化学化工学院,硕士,2022,就业,远景动力技术(江苏)有限公司,1
理学部,化学化工学院,硕士,2022,就业,惠州锂威新能源科技有限公司,1
理学部,化学化工学院,硕士,2022,就业,华润微电子(重庆)有限公司,1
理学部,化学化工学院,硕士,2022,就业,成都市武侯区西川实验学校,1
理学部,化学化工学院,硕士,2022,出国(境)留学或工作,新加坡国立大学,1
理学部,化学化工学院,硕士,2022,就业,中科院赣江创新研究院,1
理学部,化学化工学院,硕士,2022,就业,广东实验中学附属江门学校,1
理学部,化学化工学院,硕士,2022,就业,有研(广东)新材料技术研究院,1
理学部,化学化工学院,硕士,2022,就业,成都药明康德新药开发有限公司,1
理学部,化学化工学院,硕士,2022,就业,常州时创能源股份有限公司,1
理学部,化学化工学院,硕士,2022,就业,攀钢集团钒钛资源股份有限公司,1
理学部,化学化工学院,硕士,2022,就业,常熟市滨江经济发展中心,1
理学部,化学化工学院,硕士,2022,选调生,中共安顺市委组织部,1
理学部,化学化工学院,硕士,2022,就业,成都佳驰电子科技股份有限公司,1
理学部,化学化工学院,硕士,2022,就业,江苏省锡东高级中学,1
理学部,化学化工学院,硕士,2022,就业,武汉市二桥中学,1
理学部,化学化工学院,硕士,2022,就业,远景睿泰动力技术(上海)有限公司,1
理学部,化学化工学院,硕士,2022,就业,攀钢集团研究院有限公司,1
理学部,化学化工学院,硕士,2022,就业,西华师范大学,1
理学部,化学化工学院,硕士,2022,选调生,中共重庆市委组织部,1
理学部,化学化工学院,硕士,2022,选调生,中国共产党内江市委员会组织部,1
理学部,化学化工学院,硕士,2022,就业,极氪汽车(宁波杭州湾新区)有限公司,1
理学部,化学化工学院,硕士,2022,就业,长江存储科技有限责任公司,1
理学部,化学化工学院,硕士,2022,就业,重庆京东方显示技术有限公司,1
理学部,化学化工学院,硕士,2022,就业,四川省南充高级中学,1
理学部,化学化工学院,硕士,2022,就业,中国特种飞行器研究所,1
理学部,化学化工学院,硕士,2022,就业,四川省仁寿县铧强中学,1
理学部,化学化工学院,硕士,2022,就业,重庆市云阳高级中学校,1
理学部,化学化工学院,硕士,2022,出国(境)留学或工作,汉诺威大学,1
理学部,化学化工学院,硕士,2022,就业,中国航发贵州红林航空动力控制科技有限公司,1
理学部,化学化工学院,硕士,2022,选调生,中国共产党泸州市委员会组织部,1
理学部,化学化工学院,硕士,2022,选调生,中国共产党内江市委员会组织部(待分配),1
理学部,化学化工学院,硕士,2022,选调生,中共达州市委组织部,1
理学部,化学化工学院,硕士,2022,就业,武汉市硚口区行政审批局,1
理学部,化学化工学院,硕士,2022,就业,康龙化成(宁波)科技发展有限公司,1
理学部,化学化工学院,硕士,2022,就业,重庆汇天环保工程有限公司,1
理学部,化学化工学院,硕士,2022,就业,重庆中科渝芯电子有限公司,1
理学部,化学化工学院,博士,2022,就业,清华大学,2
理学部,化学化工学院,博士,2022,出国(境)留学或工作,新加坡国立大学,2
理学部,化学化工学院,博士,2022,就业,宜宾学院,1
理学部,化学化工学院,博士,2022,就业,比亚迪股份有限公司,1
理学部,化学化工学院,博士,2022,就业,东方电气集团东方锅炉股份有限公司,1
理学部,化学化工学院,博士,2022,就业,中汽院新能源科技有限公司,1
理学部,化学化工学院,博士,2022,就业,重庆大学,1
理学部,化学化工学院,博士,2022,就业,重庆博腾制药科技股份有限公司,1
理学部,化学化工学院,博士,2022,就业,中国石油化工股份有限公司茂名分公司,1
理学部,化学化工学院,博士,2022,就业,嘉兴南湖学院,1
理学部,化学化工学院,本科,2023,升学,重庆大学,27
理学部,化学化工学院,本科,2023,升学,中国科学院大连化学物理研究所,4
理学部,化学化工学院,本科,2023,升学,武汉大学,4
理学部,化学化工学院,本科,2023,就业,江西赣锋锂业股份有限公司,4
理学部,化学化工学院,本科,2023,升学,厦门大学,4
理学部,化学化工学院,本科,2023,升学,浙江大学,3
理学部,化学化工学院,本科,2023,升学,西安交通大学,3
理学部,化学化工学院,本科,2023,升学,复旦大学,3
理学部,化学化工学院,本科,2023,升学,天津大学,3
理学部,化学化工学院,本科,2023,就业,浙江国邦药业有限公司,3
理学部,化学化工学院,本科,2023,就业,万华化学(四川)有限公司,2
理学部,化学化工学院,本科,2023,出国(境)留学或工作,曼彻斯特大学,2
理学部,化学化工学院,本科,2023,就业,贵州胜威福全化工有限公司,2
理学部,化学化工学院,本科,2023,升学,哈尔滨工业大学,2
理学部,化学化工学院,本科,2023,就业,比亚迪股份有限公司,2
理学部,化学化工学院,本科,2023,升学,南京大学,2
理学部,化学化工学院,本科,2023,就业,重庆京东方显示技术有限公司,1
理学部,化学化工学院,本科,2023,升学,福州大学,1
理学部,化学化工学院,本科,2023,就业,航天锂电科技(江苏)有限公司,1
理学部,化学化工学院,本科,2023,就业,广西防城港核电有限公司,1
理学部,化学化工学院,本科,2023,升学,中国科学院化学研究所,1
理学部,化学化工学院,本科,2023,升学,中国石油大学(北京),1
理学部,化学化工学院,本科,2023,升学,山东大学,1
理学部,化学化工学院,本科,2023,就业,重庆特瑞新能源材料有限公司,1
理学部,化学化工学院,本科,2023,就业,重庆大学锂电及新材料遂宁研究院,1
理学部,化学化工学院,本科,2023,出国(境)留学或工作,香港大学,1
理学部,化学化工学院,本科,2023,出国(境)留学或工作,爱尔兰圣三一学院,1
理学部,化学化工学院,本科,2023,就业,四川发展龙蟒股份有限公司,1
理学部,化学化工学院,本科,2023,升学,大连理工大学,1
理学部,化学化工学院,本科,2023,就业,中核四0四有限公司,1
理学部,化学化工学院,本科,2023,升学,中山大学,1
理学部,化学化工学院,本科,2023,就业,江苏核电有限公司,1
理学部,化学化工学院,本科,2023,就业,阳江核电有限公司,1
理学部,化学化工学院,本科,2023,就业,重庆三圣实业股份有限公司,1
理学部,化学化工学院,本科,2023,升学,江南大学,1
理学部,化学化工学院,本科,2023,就业,天津长芦海晶集团有限公司,1
理学部,化学化工学院,本科,2023,升学,中国科学院大学上海有机化学研究所,1
理学部,化学化工学院,本科,2023,就业,成都精宇建筑劳务有限公司,1
理学部,化学化工学院,本科,2023,就业,国网西藏电力有限公司超高压分公司,1
理学部,化学化工学院,本科,2023,升学,中国原子能科学研究院,1
理学部,化学化工学院,本科,2023,升学,北京理工大学,1
理学部,化学化工学院,本科,2023,选调生,中共成都市委组织部,1
理学部,化学化工学院,本科,2023,升学,中南大学,1
理学部,化学化工学院,本科,2023,就业,福安药业集团重庆博圣制药有限公司,1
理学部,化学化工学院,本科,2023,就业,重庆迈德凯医药有限公司,1
理学部,化学化工学院,本科,2023,就业,诺德睿行(广州)电子商务有限公司,1
理学部,化学化工学院,本科,2023,就业,中铁大桥局集团有限公司,1
理学部,化学化工学院,本科,2023,就业,重庆鑫景特种玻璃有限公司,1
理学部,化学化工学院,本科,2023,就业,江西华创新材有限公司,1
理学部,化学化工学院,本科,2023,升学,中国农业大学,1
理学部,化学化工学院,本科,2023,选调生,中国共产党内江市委员会组织部,1
理学部,化学化工学院,本科,2023,就业,重庆药友制药有限责任公司,1
理学部,化学化工学院,本科,2023,升学,兰州大学,1
理学部,化学化工学院,本科,2023,就业,广州三环专利商标代理有限公司深圳分公司,1
理学部,化学化工学院,本科,2023,就业,招商银行股份有限公司厦门分行,1
理学部,化学化工学院,本科,2023,就业,重庆卡贝乐化工有限责任公司,1
理学部,化学化工学院,本科,2023,就业,福清市教育局,1
理学部,化学化工学院,本科,2023,就业,上海中建建筑设计院有限公司华北分公司,1
理学部,化学化工学院,本科,2023,选调生,中共重庆市酉阳县委组织部,1
理学部,化学化工学院,本科,2023,就业,镇海石化工程股份有限公司,1
理学部,化学化工学院,本科,2023,就业,重庆华峰锦纶纤维有限公司,1
理学部,化学化工学院,本科,2023,就业,昆明闻讯实业有限公司,1
理学部,化学化工学院,本科,2023,就业,重庆锦泰胶粘制品有限公司,1
理学部,化学化工学院,本科,2023,就业,重庆两江新区西南大学附属中学校,1
理学部,化学化工学院,本科,2023,升学,上海交通大学,1
理学部,化学化工学院,本科,2023,升学,上海外国语大学,1
理学部,化学化工学院,本科,2023,就业,西北工业集团有限公司,1
理学部,化学化工学院,本科,2023,出国(境)留学或工作,马尔堡大学,1
理学部,化学化工学院,本科,2023,就业,重庆德净化工有限公司,1
理学部,化学化工学院,本科,2023,就业,广西美宝生态科技有限公司,1
理学部,化学化工学院,本科,2023,升学,江苏大学,1
理学部,化学化工学院,本科,2023,就业,成都市新东方文化艺术培训学校有限公司,1
理学部,化学化工学院,硕士,2023,就业,比亚迪股份有限公司,37
理学部,化学化工学院,硕士,2023,就业,重庆长安新能源汽车科技有限公司,9
理学部,化学化工学院,硕士,2023,升学,重庆大学,5
理学部,化学化工学院,硕士,2023,就业,四川长虹电源有限责任公司,3
理学部,化学化工学院,硕士,2023,就业,重庆药友制药有限责任公司,3
理学部,化学化工学院,硕士,2023,选调生,中共重庆市委组织部,3
理学部,化学化工学院,硕士,2023,就业,重庆长安汽车股份有限公司,3
理学部,化学化工学院,硕士,2023,升学,上海交通大学,2
理学部,化学化工学院,硕士,2023,就业,四川东树新材料有限公司,2
理学部,化学化工学院,硕士,2023,就业,湖北亿纬动力有限公司,2
理学部,化学化工学院,硕士,2023,就业,中核四0四有限公司,2
理学部,化学化工学院,硕士,2023,就业,中国石化润滑油有限公司合成油脂分公司,2
理学部,化学化工学院,硕士,2023,就业,万华化学(四川)有限公司,2
理学部,化学化工学院,硕士,2023,升学,电子科技大学,1
理学部,化学化工学院,硕士,2023,就业,中国船舶重工集团公司第七二五研究所青岛分部,1
理学部,化学化工学院,硕士,2023,就业,重庆市忠县中学校,1
理学部,化学化工学院,硕士,2023,就业,重庆市巴川中学校,1
理学部,化学化工学院,硕士,2023,就业,泸州市龙马高中,1
理学部,化学化工学院,硕士,2023,出国(境)留学或工作,澳门大学,1
理学部,化学化工学院,硕士,2023,选调生,中共重庆市涪陵区组织部,1
理学部,化学化工学院,硕士,2023,选调生,中国共产党内江市委员会组织部,1
理学部,化学化工学院,硕士,2023,就业,肥东国轩新材料有限公司,1
理学部,化学化工学院,硕士,2023,就业,中电科芯片技术(集团)有限公司,1
理学部,化学化工学院,硕士,2023,就业,重庆市第一实验中学校,1
理学部,化学化工学院,硕士,2023,就业,深圳科学高中,1
理学部,化学化工学院,硕士,2023,就业,中电科技集团重庆声光电有限公司,1
理学部,化学化工学院,硕士,2023,出国(境)留学或工作,德国电子同步加速器研究所,1
理学部,化学化工学院,硕士,2023,就业,重庆市江津第二中学校,1
理学部,化学化工学院,硕士,2023,选调生,凉山彝族自治州教育和体育局,1
理学部,化学化工学院,硕士,2023,就业,深圳市朗石科学仪器有限公司,1
理学部,化学化工学院,硕士,2023,选调生,中国共产党镇江新区工作委员会组织部,1
理学部,化学化工学院,硕士,2023,就业,赛力斯汽车有限公司,1
理学部,化学化工学院,硕士,2023,就业,中国航发成都发动机有限公司,1
理学部,化学化工学院,硕士,2023,就业,上海深势唯思科技有限责任公司,1
理学部,化学化工学院,硕士,2023,就业,重庆斯泰克瑞登梅尔材料技术有限公司,1
理学部,化学化工学院,硕士,2023,就业,平高集团有限公司,1
理学部,化学化工学院,硕士,2023,就业,广西工业职业技术学院,1
理学部,化学化工学院,硕士,2023,选调生,中共铜仁市委组织部,1
理学部,化学化工学院,硕士,2023,就业,成都石室锦城外国语学校,1
理学部,化学化工学院,硕士,2023,就业,成都市新都一中北星中学校,1
理学部,化学化工学院,硕士,2023,选调生,玉林市医疗保障局,1
理学部,化学化工学院,硕士,2023,就业,江苏龙环环境科技有限公司,1
理学部,化学化工学院,硕士,2023,就业,重庆顺泰铁塔制造有限公司,1
理学部,化学化工学院,硕士,2023,就业,迈克生物股份有限公司,1
理学部,化学化工学院,硕士,2023,就业,浙江锂威能源科技有限公司,1
理学部,化学化工学院,硕士,2023,就业,深圳市雄韬电源科技股份有限公司,1
理学部,化学化工学院,硕士,2023,就业,重庆中科渝芯电子有限公司,1
理学部,化学化工学院,硕士,2023,就业,四川省宜宾五粮液集团有限公司,1
理学部,化学化工学院,硕士,2023,选调生,中共绵阳市委组织部,1
理学部,化学化工学院,硕士,2023,升学,四川大学,1
理学部,化学化工学院,硕士,2023,就业,惠州锂威新能源科技有限公司,1
理学部,化学化工学院,硕士,2023,选调生,中共德阳市委组织部,1
理学部,化学化工学院,硕士,2023,升学,吉林大学,1
理学部,化学化工学院,硕士,2023,就业,深圳市鹏新旭技术有限公司,1
理学部,化学化工学院,硕士,2023,就业,前研化妆品科技(上海)有限公司,1
理学部,化学化工学院,硕士,2023,就业,江西赣锋锂业股份有限公司,1
理学部,化学化工学院,硕士,2023,就业,四川省广安中学,1
理学部,化学化工学院,硕士,2023,选调生,中共自贡市委组织部,1
理学部,化学化工学院,硕士,2023,就业,贵州梅岭电源有限公司,1
理学部,化学化工学院,硕士,2023,就业,北大医药股份有限公司,1
理学部,化学化工学院,硕士,2023,就业,中芯南方集成电路制造有限公司,1
理学部,化学化工学院,硕士,2023,就业,重庆博腾制药科技股份有限公司,1
理学部,化学化工学院,硕士,2023,选调生,中国共产党元谋县委员会机构编制委员会办公室,1
理学部,化学化工学院,硕士,2023,就业,湖北兴发化工集团股份有限公司,1
理学部,化学化工学院,硕士,2023,就业,万华化学(福建)有限公司,1
理学部,化学化工学院,硕士,2023,就业,眉山天府学校,1
理学部,化学化工学院,硕士,2023,就业,四川省遂宁中学校,1
理学部,化学化工学院,硕士,2023,就业,航天动力技术研究院,1
理学部,化学化工学院,硕士,2023,就业,华东师范大学昆明实验学校,1
理学部,化学化工学院,硕士,2023,就业,重庆市药物种植研究所,1
理学部,化学化工学院,硕士,2023,就业,潍坊市退役军人事务局,1
理学部,化学化工学院,硕士,2023,就业,成都四威高科技产业园有限公司,1
理学部,化学化工学院,硕士,2023,就业,四川晶科能源有限公司,1
理学部,化学化工学院,硕士,2023,就业,宁波市生态环境局余姚分局,1
理学部,化学化工学院,硕士,2023,出国(境)留学或工作,斯德哥尔摩大学,1
理学部,化学化工学院,硕士,2023,就业,四川九洲电器集团有限责任公司,1
理学部,化学化工学院,硕士,2023,就业,重庆弗迪锂电池有限公司,1
理学部,化学化工学院,硕士,2023,就业,深圳新宙邦科技股份有限公司,1
理学部,化学化工学院,硕士,2023,选调生,中国共产党达州市委员会组织部,1
理学部,化学化工学院,硕士,2023,就业,深圳市吉迩科技有限公司,1
理学部,化学化工学院,硕士,2023,就业,芯恩(青岛)集成电路有限公司,1
理学部,化学化工学院,硕士,2023,就业,大庆油田有限责任公司,1
理学部,化学化工学院,硕士,2023,选调生,中国共产党重庆市北碚区委员会组织部,1
理学部,化学化工学院,硕士,2023,就业,四川发展龙蟒股份有限公司,1
理学部,化学化工学院,硕士,2023,就业,华电电力科学研究院有限公司,1
理学部,化学化工学院,硕士,2023,就业,国家税务总局襄阳市樊城区税务局,1
理学部,化学化工学院,硕士,2023,就业,重庆市永川北山中学校,1
理学部,化学化工学院,硕士,2023,就业,绵阳市游仙区教育和体育局,1
理学部,化学化工学院,硕士,2023,就业,四川省宣汉中学,1
理学部,化学化工学院,硕士,2023,就业,铜梁二中,1
理学部,化学化工学院,硕士,2023,选调生,中共重庆市璧山区委组织部,1
理学部,化学化工学院,硕士,2023,就业,深圳市昇维旭技术有限公司,1
理学部,化学化工学院,硕士,2023,就业,中核北方核燃料元件有限公司,1
理学部,化学化工学院,硕士,2023,就业,重庆华邦胜凯制药有限公司,1
理学部,化学化工学院,博士,2023,就业,比亚迪股份有限公司,3
理学部,化学化工学院,博士,2023,就业,成都大学,2
理学部,化学化工学院,博士,2023,就业,河南师范大学,2
理学部,化学化工学院,博士,2023,就业,广州天赐高新材料股份有限公司,2
理学部,化学化工学院,博士,2023,就业,重庆理工大学,2
理学部,化学化工学院,博士,2023,就业,重庆文理学院,1
理学部,化学化工学院,博士,2023,就业,四川轻化工大学,1
理学部,化学化工学院,博士,2023,就业,武汉大学,1
理学部,化学化工学院,博士,2023,就业,康龙化成(北京)新药技术股份有限公司,1
理学部,化学化工学院,博士,2023,就业,四川文理学院,1
理学部,化学化工学院,博士,2023,就业,西华大学,1
理学部,化学化工学院,博士,2023,就业,徐州工业职业技术学院,1
理学部,化学化工学院,博士,2023,就业,巢湖学院,1
理学部,化学化工学院,博士,2023,就业,成都理工大学,1
理学部,化学化工学院,博士,2023,就业,中国科学院山西煤炭化学研究所,1
理学部,化学化工学院,博士,2023,就业,西南科技大学,1
理学部,化学化工学院,博士,2023,就业,中国科学院化学研究所,1
理学部,化学化工学院,博士,2023,就业,重庆大学,1
理学部,化学化工学院,博士,2023,就业,长江师范学院,1
理学部,化学化工学院,博士,2023,就业,西华师范大学,1
理学部,化学化工学院,博士,2023,就业,金凤实验室,1
理学部,化学化工学院,博士,2023,就业,成都倍特药业股份有限公司,1
理学部,化学化工学院,博士,2023,就业,中国科学院重庆绿色智能技术研究院,1
理学部,化学化工学院,博士,2023,就业,成都航空职业技术学院,1
理学部,化学化工学院,博士,2023,就业,中节能万润股份有限公司,1
理学部,化学化工学院,博士,2023,就业,苏州科技大学,1
理学部,化学化工学院,博士,2023,就业,南京理工大学,1
理学部,生命科学学院,本科,2021,就业,重庆大学,8
理学部,生命科学学院,本科,2021,升学,浙江大学,2
理学部,生命科学学院,本科,2021,就业,深圳市新产业生物医学工程股份有限公司,2
理学部,生命科学学院,本科,2021,升学,中国科学院分子细胞科学卓越创新中心,2
理学部,生命科学学院,本科,2021,就业,建水实验中学,1
理学部,生命科学学院,本科,2021,升学,上海科技大学,1
理学部,生命科学学院,本科,2021,就业,成都极客未来教育科技有限公司,1
理学部,生命科学学院,本科,2021,升学,武汉大学,1
理学部,生命科学学院,本科,2021,升学,四川大学,1
理学部,生命科学学院,本科,2021,选调生,中国共产党昌都市委员会组织部,1
理学部,生命科学学院,本科,2021,升学,清华大学,1
理学部,生命科学学院,本科,2021,就业,上海复旦张江生物医药股份有限公司,1
理学部,生命科学学院,本科,2021,就业,重庆中元生物技术有限公司,1
理学部,生命科学学院,本科,2021,升学,中国科学院南京地质古生物研究所,1
理学部,生命科学学院,本科,2021,升学,中国科学技术大学,1
理学部,生命科学学院,本科,2021,就业,贵州有咖味餐饮管理有限公司,1
理学部,生命科学学院,本科,2021,升学,中国科学院成都生物研究所,1
理学部,生命科学学院,本科,2021,升学,北京大学,1
理学部,生命科学学院,本科,2021,就业,正邦集团有限公司,1
理学部,生命科学学院,本科,2021,升学,华南理工大学,1
理学部,生命科学学院,本科,2021,就业,武汉新东方培训学校,1
理学部,生命科学学院,硕士,2021,就业,成都药明康德新药开发有限公司,2
理学部,生命科学学院,硕士,2021,升学,重庆大学,2
理学部,生命科学学院,硕士,2021,就业,重庆中元汇吉生物技术有限公司,2
理学部,生命科学学院,硕士,2021,就业,中国人民解放军陆军特色医学中心,1
理学部,生命科学学院,硕士,2021,就业,重庆登康口腔护理用品股份有限公司,1
理学部,生命科学学院,硕士,2021,就业,重庆谷百奥生物研究院有限公司,1
理学部,生命科学学院,硕士,2021,选调生,中共泸州市委组织部,1
理学部,生命科学学院,硕士,2021,就业,武汉锦绣人才管理顾问有限公司,1
理学部,生命科学学院,硕士,2021,就业,重庆市巫溪县白马中学校,1
理学部,生命科学学院,硕士,2021,选调生,中共乐山市委组织部,1
理学部,生命科学学院,硕士,2021,就业,陆军军医大学第一附属医院(西南医院),1
理学部,生命科学学院,硕士,2021,就业,成都市温江区新世纪光华学校,1
理学部,生命科学学院,硕士,2021,选调生,中共六盘水市委组织部,1
理学部,生命科学学院,硕士,2021,选调生,中共德阳市委组织部,1
理学部,生命科学学院,硕士,2021,就业,重庆创芯生物科技有限公司,1
理学部,生命科学学院,硕士,2021,升学,中国科学院青岛生物能源与过程研究所,1
理学部,生命科学学院,硕士,2021,就业,重庆市铁路中学校,1
理学部,生命科学学院,硕士,2021,选调生,中国共产党内江市委员会组织部(待分配),1
理学部,生命科学学院,硕士,2021,就业,重庆天外天生物技术有限公司,1
理学部,生命科学学院,硕士,2021,就业,贵州茅台酒股份有限公司,1
理学部,生命科学学院,硕士,2021,选调生,中共芷江侗族自治县委组织部,1
理学部,生命科学学院,硕士,2021,选调生,中共攀枝花市委组织部,1
理学部,生命科学学院,硕士,2021,选调生,中共遵义市委组织部,1
理学部,生命科学学院,硕士,2021,就业,武汉科诺生物科技股份有限公司,1
理学部,生命科学学院,硕士,2021,就业,重庆博唯佰泰生物制药有限公司,1
理学部,生命科学学院,博士,2021,就业,周口师范学院,2
理学部,生命科学学院,博士,2021,就业,上海市农业科学院,1
理学部,生命科学学院,博士,2021,就业,西昌学院,1
理学部,生命科学学院,博士,2021,就业,贵州医科大学,1
理学部,生命科学学院,博士,2021,就业,河南工业大学,1
理学部,生命科学学院,本科,2022,升学,重庆大学,4
理学部,生命科学学院,本科,2022,升学,武汉大学,3
理学部,生命科学学院,本科,2022,升学,浙江大学,3
理学部,生命科学学院,本科,2022,就业,深圳零一生命科技有限责任公司,1
理学部,生命科学学院,本科,2022,就业,隆昌市民政局,1
理学部,生命科学学院,本科,2022,就业,重庆智翔金泰生物制药股份有限公司,1
理学部,生命科学学院,本科,2022,升学,北京大学,1
理学部,生命科学学院,本科,2022,就业,宁波方太厨具有限公司,1
理学部,生命科学学院,本科,2022,就业,成都统一企业食品有限公司重庆分公司,1
理学部,生命科学学院,本科,2022,升学,中国农业科学院-沼科所,1
理学部,生命科学学院,本科,2022,升学,汕头大学,1
理学部,生命科学学院,本科,2022,就业,广州基迪奥生物科技有限公司,1
理学部,生命科学学院,本科,2022,就业,长沙晶易医药科技有限公司,1
理学部,生命科学学院,本科,2022,升学,厦门大学,1
理学部,生命科学学院,硕士,2022,就业,葆光生物技术研究(重庆)有限公司,2
理学部,生命科学学院,硕士,2022,选调生,中国共产党内江市委员会组织部(待分配),2
理学部,生命科学学院,硕士,2022,就业,江西中医药健康产业研究院,1
理学部,生命科学学院,硕士,2022,就业,西安杨森制药有限公司,1
理学部,生命科学学院,硕士,2022,就业,重庆市中山外国语学校,1
理学部,生命科学学院,硕士,2022,就业,新格元(南京)生物科技有限公司,1
理学部,生命科学学院,硕士,2022,升学,苏州大学,1
理学部,生命科学学院,硕士,2022,就业,深圳华大生命科学研究院,1
理学部,生命科学学院,硕士,2022,选调生,中共乐山市委组织部,1
理学部,生命科学学院,硕士,2022,就业,重庆人文科技学院,1
理学部,生命科学学院,硕士,2022,就业,易力安(成都)生物科技有限公司,1
理学部,生命科学学院,硕士,2022,选调生,中共黔东南州委组织部(黔东南州公务员局),1
理学部,生命科学学院,硕士,2022,就业,重庆浦洛通生命科技集团有限公司,1
理学部,生命科学学院,硕士,2022,就业,武汉瀚海新酶生物科技有限公司,1
理学部,生命科学学院,硕士,2022,就业,深圳华大因源医药科技有限公司,1
理学部,生命科学学院,硕士,2022,就业,深圳华大智造科技股份有限公司,1
理学部,生命科学学院,硕士,2022,升学,同济大学,1
理学部,生命科学学院,硕士,2022,就业,巫溪县教育委员会,1
理学部,生命科学学院,硕士,2022,就业,昆明市西山长水实验中学,1
理学部,生命科学学院,硕士,2022,就业,德阳天立学校,1
理学部,生命科学学院,硕士,2022,就业,重庆新赛亚生物科技有限公司,1
理学部,生命科学学院,硕士,2022,就业,四川省成都市盐道街中学,1
理学部,生命科学学院,硕士,2022,就业,川北医学院,1
理学部,生命科学学院,博士,2022,就业,四川大学,1
理学部,生命科学学院,博士,2022,就业,海南大学,1
理学部,生命科学学院,博士,2022,就业,六盘水师范学院,1
理学部,生命科学学院,博士,2022,就业,贵州医科大学,1
理学部,生命科学学院,博士,2022,就业,四川美术学院,1
理学部,生命科学学院,博士,2022,就业,成都市农林科学院园艺研究所,1
理学部,生命科学学院,博士,2022,就业,西华师范大学,1
理学部,生命科学学院,博士,2022,就业,四川省医学科学院·四川省人民医院,1
理学部,生命科学学院,博士,2022,出国(境)留学或工作,新加坡国立大学,1
理学部,生命科学学院,博士,2022,就业,上海橙帆医药有限公司,1
理学部,生命科学学院,博士,2022,就业,河南师范大学,1
理学部,生命科学学院,博士,2022,就业,西昌学院,1
理学部,生命科学学院,本科,2023,升学,重庆大学,3
理学部,生命科学学院,本科,2023,升学,厦门大学,2
理学部,生命科学学院,本科,2023,升学,中国科学院昆明动物研究所,1
理学部,生命科学学院,本科,2023,升学,西南大学,1
理学部,生命科学学院,本科,2023,就业,天水市第三中学,1
理学部,生命科学学院,本科,2023,升学,同济大学,1
理学部,生命科学学院,本科,2023,升学,湖南大学,1
理学部,生命科学学院,本科,2023,升学,北京大学,1
理学部,生命科学学院,本科,2023,升学,武汉大学,1
理学部,生命科学学院,本科,2023,出国(境)留学或工作,谢菲尔德大学,1
理学部,生命科学学院,本科,2023,就业,深圳市顺美医疗股份有限公司惠州分公司,1
理学部,生命科学学院,本科,2023,升学,中国科学院分子细胞科学卓越创新中心,1
理学部,生命科学学院,本科,2023,升学,中国科学院生物与化学交叉研究中心,1
理学部,生命科学学院,硕士,2023,升学,重庆大学,3
理学部,生命科学学院,硕士,2023,就业,山东现代学院,1
理学部,生命科学学院,硕士,2023,就业,金凤实验室,1
理学部,生命科学学院,硕士,2023,就业,成都云测医学生物技术有限公司,1
理学部,生命科学学院,硕士,2023,就业,湖北省天门中学,1
理学部,生命科学学院,硕士,2023,就业,重庆市南岸区疾病预防控制中心,1
理学部,生命科学学院,硕士,2023,就业,贵州珍酒酿酒有限公司,1
理学部,生命科学学院,硕士,2023,就业,上海南方模式生物科技股份有限公司,1
理学部,生命科学学院,硕士,2023,就业,重庆市开州区赵家中学(重庆市开州中学浦里校区),1
理学部,生命科学学院,硕士,2023,选调生,中共眉山市委组织部,1
理学部,生命科学学院,硕士,2023,就业,华润雪花啤酒(中国)有限公司贵阳分公司,1
理学部,生命科学学院,硕士,2023,就业,重庆博唯佰泰生物制药有限公司,1
理学部,生命科学学院,硕士,2023,就业,陆军军医大学第二附属医院(新桥医院),1
理学部,生命科学学院,硕士,2023,就业,中国电子系统工程第二建设有限公司,1
理学部,生命科学学院,硕士,2023,就业,深圳市龙岗区教育局,1
理学部,生命科学学院,硕士,2023,选调生,中共重庆市委组织部,1
理学部,生命科学学院,硕士,2023,就业,四川天府新区实验中学,1
理学部,生命科学学院,硕士,2023,就业,江苏鼎泰药物研究(集团)股份有限公司,1
理学部,生命科学学院,硕士,2023,就业,成都市双流区教育局,1
理学部,生命科学学院,硕士,2023,就业,杭州景杰生物科技有限公司,1
理学部,生命科学学院,硕士,2023,就业,重庆市第十八中学,1
理学部,生命科学学院,硕士,2023,就业,重庆太极实业(集团)股份有限公司,1
理学部,生命科学学院,硕士,2023,就业,孝感市妇幼保健院,1
理学部,生命科学学院,硕士,2023,就业,重庆威斯腾生物医药科技有限责任公司,1
理学部,生命科学学院,硕士,2023,就业,中国人民解放军陆军军医大学,1
理学部,生命科学学院,博士,2023,就业,西南大学,2
理学部,生命科学学院,博士,2023,就业,苏州大学,1
理学部,弘深学院,本科,2023,升学,西安交通大学,9
理学部,弘深学院,本科,2023,升学,重庆大学,8
理学部,弘深学院,本科,2023,升学,上海交通大学,6
理学部,弘深学院,本科,2023,升学,浙江大学,5
理学部,弘深学院,本科,2023,出国(境)留学或工作,西澳大学,5
理学部,弘深学院,本科,2023,出国(境)留学或工作,悉尼大学,5
理学部,弘深学院,本科,2023,出国(境)留学或工作,新南威尔士大学,5
理学部,弘深学院,本科,2023,升学,华中科技大学,5
理学部,弘深学院,本科,2023,出国(境)留学或工作,新加坡国立大学,5
理学部,弘深学院,本科,2023,升学,同济大学,3
理学部,弘深学院,本科,2023,出国(境)留学或工作,香港城市大学,2
理学部,弘深学院,本科,2023,升学,北京大学,2
理学部,弘深学院,本科,2023,出国(境)留学或工作,墨尔本大学,2
理学部,弘深学院,本科,2023,出国(境)留学或工作,阿德莱德大学,2
理学部,弘深学院,本科,2023,升学,厦门大学,2
理学部,弘深学院,本科,2023,出国(境)留学或工作,香港科技大学,2
理学部,弘深学院,本科,2023,升学,东南大学,2
理学部,弘深学院,本科,2023,出国(境)留学或工作,香港大学,2
理学部,弘深学院,本科,2023,升学,中山大学,2
理学部,弘深学院,本科,2023,出国(境)留学或工作,伯明翰大学,1
理学部,弘深学院,本科,2023,就业,重庆南瑞博瑞变压器有限公司,1
理学部,弘深学院,本科,2023,就业,上海梦创双杨数据科技股份有限公司,1
理学部,弘深学院,本科,2023,出国(境)留学或工作,香港中文大学(深圳),1
理学部,弘深学院,本科,2023,就业,中国航发南方工业有限公司,1
理学部,弘深学院,本科,2023,升学,南开大学,1
理学部,弘深学院,本科,2023,出国(境)留学或工作,昆士兰大学,1
理学部,弘深学院,本科,2023,升学,上海财经大学,1
理学部,弘深学院,本科,2023,出国(境)留学或工作,布朗大学,1
理学部,弘深学院,本科,2023,就业,科大讯飞股份有限公司,1
理学部,弘深学院,本科,2023,升学,武汉大学,1
理学部,弘深学院,本科,2023,出国(境)留学或工作,杜伦大学,1
理学部,弘深学院,本科,2023,就业,国网四川省电力公司广元供电公司,1
理学部,弘深学院,本科,2023,出国(境)留学或工作,伦敦大学国王学院,1
理学部,弘深学院,本科,2023,升学,中国科学院大学,1
理学部,弘深学院,本科,2023,升学,北京理工大学,1
理学部,弘深学院,本科,2023,就业,重庆华邦胜凯制药有限公司,1
理学部,弘深学院,本科,2023,出国(境)留学或工作,香港理工大学,1
理学部,弘深学院,本科,2023,就业,广东电网有限责任公司,1
理学部,弘深学院,本科,2023,升学,上海微系统与信息技术研究所,1
理学部,弘深学院,本科,2023,就业,赛维时代科技股份有限公司,1
理学部,弘深学院,本科,2023,升学,四川大学,1
理学部,弘深学院,本科,2023,出国(境)留学或工作,哥本哈根大学,1
理学部,弘深学院,本科,2023,升学,中国科学技术大学,1
理学部,弘深学院,本科,2023,出国(境)留学或工作,南安普顿大学,1
理学部,弘深学院,本科,2023,升学,北京协和医学院,1
理学部,弘深学院,本科,2023,就业,东方电气集团东方汽轮机有限公司,1
理学部,弘深学院,本科,2023,就业,国网江苏省电力有限公司苏州供电分公司,1
理学部,弘深学院,本科,2023,出国(境)留学或工作,东北大学,1
理学部,弘深学院,本科,2023,就业,深圳市大疆创新科技有限公司,1
理学部,弘深学院,本科,2023,升学,清华大学深圳国际研究生院,1
理学部,弘深学院,本科,2023,出国(境)留学或工作,格拉斯哥大学,1
理学部,弘深学院,本科,2023,出国(境)留学或工作,汉诺威大学,1
理学部,弘深学院,本科,2023,就业,珠海格力电器股份有限公司,1
理学部,弘深学院,本科,2023,出国(境)留学或工作,蒙纳士大学,1
理学部,弘深学院,本科,2023,升学,哈尔滨工业大学(深圳),1
理学部,弘深学院,本科,2023,就业,兰溪市铭宇建材有限公司,1
理学部,弘深学院,本科,2023,出国(境)留学或工作,帝国理工学院,1
理学部,弘深学院,本科,2023,就业,中国建筑第八工程局有限公司西南分公司,1
工程学部,机械与运载工程学院,本科,2021,升学,重庆大学,121
工程学部,机械与运载工程学院,本科,2021,升学,西安交通大学,32
工程学部,机械与运载工程学院,本科,2021,升学,上海交通大学,13
工程学部,机械与运载工程学院,本科,2021,就业,中国重汽集团重庆燃油喷射系统有限公司,12
工程学部,机械与运载工程学院,本科,2021,升学,浙江大学,12
工程学部,机械与运载工程学院,本科,2021,升学,华中科技大学,12
工程学部,机械与运载工程学院,本科,2021,就业,重庆长安汽车股份有限公司,11
工程学部,机械与运载工程学院,本科,2021,升学,同济大学,11
工程学部,机械与运载工程学院,本科,2021,就业,浙江春风动力股份有限公司,8
工程学部,机械与运载工程学院,本科,2021,出国(境)留学或工作,新加坡国立大学,6
工程学部,机械与运载工程学院,本科,2021,就业,中建西部建设西南有限公司,6
工程学部,机械与运载工程学院,本科,2021,升学,哈尔滨工业大学,6
工程学部,机械与运载工程学院,本科,2021,就业,中国重型汽车集团有限公司,6
工程学部,机械与运载工程学院,本科,2021,就业,陕西汽车控股集团有限公司,5
工程学部,机械与运载工程学院,本科,2021,就业,广西柳工机械股份有限公司,4
工程学部,机械与运载工程学院,本科,2021,就业,中国航发贵州黎阳航空发动机有限公司,4
工程学部,机械与运载工程学院,本科,2021,升学,天津大学,4
工程学部,机械与运载工程学院,本科,2021,升学,北京理工大学,4
工程学部,机械与运载工程学院,本科,2021,升学,四川大学,3
工程学部,机械与运载工程学院,本科,2021,就业,上海中联重科桩工机械有限公司,3
工程学部,机械与运载工程学院,本科,2021,就业,普联技术有限公司,3
工程学部,机械与运载工程学院,本科,2021,升学,哈尔滨工业大学(深圳),3
工程学部,机械与运载工程学院,本科,2021,就业,中科泓泰电子有限公司,3
工程学部,机械与运载工程学院,本科,2021,就业,重庆建设工业(集团)有限责任公司,3
工程学部,机械与运载工程学院,本科,2021,升学,北京航空航天大学,3
工程学部,机械与运载工程学院,本科,2021,升学,华南理工大学,3
工程学部,机械与运载工程学院,本科,2021,就业,宁德时代新能源科技股份有限公司,3
工程学部,机械与运载工程学院,本科,2021,就业,陕西法士特汽车传动集团有限责任公司,3
工程学部,机械与运载工程学院,本科,2021,就业,重庆药友制药有限责任公司,3
工程学部,机械与运载工程学院,本科,2021,选调生,中国共产党内江市委员会组织部,3
工程学部,机械与运载工程学院,本科,2021,就业,中兴通讯股份有限公司,2
工程学部,机械与运载工程学院,本科,2021,就业,深圳顺丰泰森控股(集团)有限公司,2
工程学部,机械与运载工程学院,本科,2021,就业,东方电气集团东方电机有限公司,2
工程学部,机械与运载工程学院,本科,2021,升学,南开大学,2
工程学部,机械与运载工程学院,本科,2021,就业,重庆新东方教育培训学校有限公司,2
工程学部,机械与运载工程学院,本科,2021,就业,华为技术有限公司,2
工程学部,机械与运载工程学院,本科,2021,升学,中国原子能科学研究院,2
工程学部,机械与运载工程学院,本科,2021,就业,中建八局第三建设有限公司,2
工程学部,机械与运载工程学院,本科,2021,升学,南方科技大学,2
工程学部,机械与运载工程学院,本科,2021,就业,上汽通用五菱汽车股份有限公司,2
工程学部,机械与运载工程学院,本科,2021,就业,上汽通用五菱汽车股份有限公司重庆分公司,2
工程学部,机械与运载工程学院,本科,2021,就业,中建八局第二建设有限公司,2
工程学部,机械与运载工程学院,本科,2021,就业,中建三局第一建设工程有限责任公司,2
工程学部,机械与运载工程学院,本科,2021,就业,中车株洲电力机车有限公司,2
工程学部,机械与运载工程学院,本科,2021,就业,四川航天长征装备制造有限公司,2
工程学部,机械与运载工程学院,本科,2021,就业,比亚迪股份有限公司,2
工程学部,机械与运载工程学院,本科,2021,升学,南京航空航天大学,2
工程学部,机械与运载工程学院,本科,2021,升学,山东大学,2
工程学部,机械与运载工程学院,本科,2021,就业,江西铜业股份有限公司,2
工程学部,机械与运载工程学院,本科,2021,就业,中船黄埔文冲船舶有限公司,2
工程学部,机械与运载工程学院,本科,2021,升学,中国科学技术大学,2
工程学部,机械与运载工程学院,本科,2021,选调生,中共德阳市委组织部,2
工程学部,机械与运载工程学院,本科,2021,升学,南京理工大学,2
工程学部,机械与运载工程学院,本科,2021,升学,东南大学,2
工程学部,机械与运载工程学院,本科,2021,就业,紫金矿业集团股份有限公司,2
工程学部,机械与运载工程学院,本科,2021,选调生,中共重庆市委组织部,2
工程学部,机械与运载工程学院,本科,2021,就业,人本集团有限公司,1
工程学部,机械与运载工程学院,本科,2021,就业,中核四0四有限公司,1
工程学部,机械与运载工程学院,本科,2021,就业,重庆京东方光电科技有限公司,1
工程学部,机械与运载工程学院,本科,2021,就业,顾家家居股份有限公司,1
工程学部,机械与运载工程学院,本科,2021,就业,成都高途云集教育科技有限公司,1
工程学部,机械与运载工程学院,本科,2021,就业,中国铁路昆明局集团有限公司,1
工程学部,机械与运载工程学院,本科,2021,就业,上海闻泰科技股份有限公司,1
工程学部,机械与运载工程学院,本科,2021,就业,长江生态环保集团有限公司,1
工程学部,机械与运载工程学院,本科,2021,选调生,中共甘南州委组织部,1
工程学部,机械与运载工程学院,本科,2021,就业,正邦集团有限公司,1
工程学部,机械与运载工程学院,本科,2021,升学,国防科技大学,1
工程学部,机械与运载工程学院,本科,2021,升学,北京师范大学,1
工程学部,机械与运载工程学院,本科,2021,就业,成都数之联科技有限公司,1
工程学部,机械与运载工程学院,本科,2021,出国(境)留学或工作,伦敦大学学院,1
工程学部,机械与运载工程学院,本科,2021,就业,中车贵阳车辆有限公司,1
工程学部,机械与运载工程学院,本科,2021,就业,河北省肃宁县人民武装部,1
工程学部,机械与运载工程学院,本科,2021,出国(境)留学或工作,华威大学,1
工程学部,机械与运载工程学院,本科,2021,就业,庆铃汽车(集团)有限公司,1
工程学部,机械与运载工程学院,本科,2021,就业,中国人民解放军第5702工厂,1
工程学部,机械与运载工程学院,本科,2021,升学,中国地质大学(武汉),1
工程学部,机械与运载工程学院,本科,2021,出国(境)留学或工作,宾夕法尼亚大学,1
工程学部,机械与运载工程学院,本科,2021,就业,厦门金鹭特种合金有限公司,1
工程学部,机械与运载工程学院,本科,2021,就业,佛山海尔滚筒洗衣机有限公司,1
工程学部,机械与运载工程学院,本科,2021,就业,成都飞机工业(集团)有限责任公司,1
工程学部,机械与运载工程学院,本科,2021,出国(境)留学或工作,瑞典皇家理工学院,1
工程学部,机械与运载工程学院,本科,2021,就业,厦门朋信教育咨询有限公司,1
工程学部,机械与运载工程学院,本科,2021,就业,贵阳万江航空机电有限公司,1
工程学部,机械与运载工程学院,本科,2021,就业,重庆科凯前卫风电设备有限责任公司,1
工程学部,机械与运载工程学院,本科,2021,就业,河南凤宝特钢有限公司,1
工程学部,机械与运载工程学院,本科,2021,就业,中国水利水电第五工程局有限公司,1
工程学部,机械与运载工程学院,本科,2021,就业,北京立德未来助学公益基金会,1
工程学部,机械与运载工程学院,本科,2021,就业,株洲硬质合金集团有限公司,1
工程学部,机械与运载工程学院,本科,2021,就业,中车株洲电力机车研究所有限公司,1
工程学部,机械与运载工程学院,本科,2021,就业,江山欧派门业股份有限公司,1
工程学部,机械与运载工程学院,本科,2021,就业,学而思培优,1
工程学部,机械与运载工程学院,本科,2021,就业,上海开山能源装备有限公司,1
工程学部,机械与运载工程学院,本科,2021,就业,中国民用航空中南地区空中交通管理局,1
工程学部,机械与运载工程学院,本科,2021,就业,中国航发湖南南方宇航工业有限公司,1
工程学部,机械与运载工程学院,本科,2021,就业,中车时代电动汽车股份有限公司,1
工程学部,机械与运载工程学院,本科,2021,出国(境)留学或工作,墨尔本大学,1
工程学部,机械与运载工程学院,本科,2021,升学,青川县建峰镇人民政府,1
工程学部,机械与运载工程学院,本科,2021,就业,厦门士兰集科微电子有限公司,1
工程学部,机械与运载工程学院,本科,2021,就业,科达制造股份有限公司,1
工程学部,机械与运载工程学院,本科,2021,就业,苏宁易购集团股份有限公司,1
工程学部,机械与运载工程学院,本科,2021,出国(境)留学或工作,爱丁堡大学,1
工程学部,机械与运载工程学院,本科,2021,升学,中国科学院工程热物理研究所,1
工程学部,机械与运载工程学院,本科,2021,出国(境)留学或工作,香港科技大学广州校区,1
工程学部,机械与运载工程学院,本科,2021,就业,上海宝信软件股份有限公司,1
工程学部,机械与运载工程学院,本科,2021,就业,广东明阳电气股份有限公司,1
工程学部,机械与运载工程学院,本科,2021,升学,国科大杭州高等研究院,1
工程学部,机械与运载工程学院,本科,2021,就业,重庆铁马工业集团有限公司,1
工程学部,机械与运载工程学院,本科,2021,升学,中国科学院自动化研究所,1
工程学部,机械与运载工程学院,本科,2021,就业,贵州安达科技能源股份有限公司,1
工程学部,机械与运载工程学院,本科,2021,就业,南京康尼机电股份有限公司,1
工程学部,机械与运载工程学院,本科,2021,就业,西南大学附属中学校,1
工程学部,机械与运载工程学院,本科,2021,就业,华电轮台热电有限公司,1
工程学部,机械与运载工程学院,本科,2021,就业,西安西电变压器有限责任公司,1
工程学部,机械与运载工程学院,本科,2021,就业,中国航发西安航空发动机有限公司,1
工程学部,机械与运载工程学院,本科,2021,就业,苏州新东方培训学校有限公司,1
工程学部,机械与运载工程学院,本科,2021,升学,清华大学深圳国际研究生院,1
工程学部,机械与运载工程学院,本科,2021,出国(境)留学或工作,埃因霍温理工大学,1
工程学部,机械与运载工程学院,本科,2021,就业,东方电气集团东方锅炉股份有限公司,1
工程学部,机械与运载工程学院,本科,2021,就业,广州智光电气技术有限公司,1
工程学部,机械与运载工程学院,本科,2021,升学,复旦大学,1
工程学部,机械与运载工程学院,本科,2021,就业,云南昆船机械制造有限公司,1
工程学部,机械与运载工程学院,本科,2021,就业,高创(苏州)电子有限公司,1
工程学部,机械与运载工程学院,本科,2021,就业,中国建筑西南设计研究院有限公司,1
工程学部,机械与运载工程学院,本科,2021,就业,重庆轨道四号线建设运营有限公司,1
工程学部,机械与运载工程学院,本科,2021,就业,瓦房店轴承集团有限责任公司,1
工程学部,机械与运载工程学院,本科,2021,就业,碧桂园生活服务集团股份有限公司,1
工程学部,机械与运载工程学院,本科,2021,就业,广东美的厨卫电器制造有限公司,1
工程学部,机械与运载工程学院,本科,2021,就业,中铁隧道集团一处有限公司,1
工程学部,机械与运载工程学院,本科,2021,就业,广东省深圳市前海公证处,1
工程学部,机械与运载工程学院,本科,2021,就业,合肥四章方田培训中心有限公司,1
工程学部,机械与运载工程学院,本科,2021,就业,日喀则珠峰城市投资发展集团有限公司上海路分公司,1
工程学部,机械与运载工程学院,本科,2021,就业,湖南华菱涟源钢铁有限公司,1
工程学部,机械与运载工程学院,本科,2021,出国(境)留学或工作,加州大学伯克利分校,1
工程学部,机械与运载工程学院,本科,2021,出国(境)留学或工作,香港理工大学,1
工程学部,机械与运载工程学院,本科,2021,就业,一汽解放汽车有限公司无锡柴油机厂,1
工程学部,机械与运载工程学院,本科,2021,就业,上汽大众汽车有限公司,1
工程学部,机械与运载工程学院,本科,2021,升学,大连理工大学,1
工程学部,机械与运载工程学院,本科,2021,就业,广东美的生活电器制造有限公司,1
工程学部,机械与运载工程学院,本科,2021,选调生,中共泸州市委组织部,1
工程学部,机械与运载工程学院,本科,2021,就业,新疆金晖兆丰能源股份有限公司,1
工程学部,机械与运载工程学院,本科,2021,就业,重庆市沙坪坝区学而思培优课外培训学校有限公司,1
工程学部,机械与运载工程学院,本科,2021,选调生,中共成都市委组织部,1
工程学部,机械与运载工程学院,本科,2021,就业,广东省南方技师学院,1
工程学部,机械与运载工程学院,本科,2021,就业,兴唐通信科技有限公司,1
工程学部,机械与运载工程学院,本科,2021,就业,比亚迪汽车有限公司,1
工程学部,机械与运载工程学院,本科,2021,就业,天津一汽丰田汽车有限公司,1
工程学部,机械与运载工程学院,本科,2021,就业,成都余香科技股份有限公司,1
工程学部,机械与运载工程学院,本科,2021,就业,东风汽车集团有限公司技术中心,1
工程学部,机械与运载工程学院,本科,2021,就业,国家税务总局盐城市税务局,1
工程学部,机械与运载工程学院,本科,2021,升学,吉林大学,1
工程学部,机械与运载工程学院,本科,2021,就业,重庆佰彩文化传媒有限公司,1
工程学部,机械与运载工程学院,本科,2021,就业,贵阳市云岩区学而思腾达培训学校有限公司,1
工程学部,机械与运载工程学院,本科,2021,就业,中核霞浦核电有限公司,1
工程学部,机械与运载工程学院,本科,2021,就业,恒大新能源汽车投资控股集团有限公司,1
工程学部,机械与运载工程学院,本科,2021,就业,中国第一汽车股份有限公司,1
工程学部,机械与运载工程学院,本科,2021,出国(境)留学或工作,圣路易斯华盛顿大学,1
工程学部,机械与运载工程学院,本科,2021,就业,重庆安道拓锋奥汽车部件系统有限公司合肥分公司,1
工程学部,机械与运载工程学院,本科,2021,就业,重庆市万州区领凡教育培训有限公司,1
工程学部,机械与运载工程学院,本科,2021,就业,东风本田汽车有限公司,1
工程学部,机械与运载工程学院,本科,2021,就业,成都凯天电子股份有限公司,1
工程学部,机械与运载工程学院,本科,2021,出国(境)留学或工作,新加披国立大学,1
工程学部,机械与运载工程学院,本科,2021,升学,中国科学院深圳先进技术研究院,1
工程学部,机械与运载工程学院,本科,2021,选调生,中国共产党遂宁市委员会组织部,1
工程学部,机械与运载工程学院,本科,2021,升学,北京大学深圳研究生院,1
工程学部,机械与运载工程学院,本科,2021,就业,长安福特汽车有限公司,1
工程学部,机械与运载工程学院,本科,2021,升学,中国农业大学,1
工程学部,机械与运载工程学院,本科,2021,就业,恒大恒驰新能源汽车研究院(上海)有限公司,1
工程学部,机械与运载工程学院,本科,2021,出国(境)留学或工作,米兰理工大学,1
工程学部,机械与运载工程学院,本科,2021,出国(境)留学或工作,东京造形大学,1
工程学部,机械与运载工程学院,本科,2021,选调生,中国共产党自贡市委员会组织部,1
工程学部,机械与运载工程学院,本科,2021,就业,太原重型机械集团有限公司,1
工程学部,机械与运载工程学院,本科,2021,就业,四川长虹电器股份有限公司,1
工程学部,机械与运载工程学院,本科,2021,就业,贵州枫阳液压有限责任公司,1
工程学部,机械与运载工程学院,本科,2021,就业,重庆红江机械有限责任公司,1
工程学部,机械与运载工程学院,本科,2021,就业,陕西航天动力高科技股份有限公司,1
工程学部,机械与运载工程学院,本科,2021,就业,四川中烟工业有限责任公司,1
工程学部,机械与运载工程学院,本科,2021,就业,重庆钢铁股份有限公司,1
工程学部,机械与运载工程学院,本科,2021,就业,成都乐游互娱科技有限公司,1
工程学部,机械与运载工程学院,本科,2021,就业,上海机床厂有限公司,1
工程学部,机械与运载工程学院,本科,2021,升学,华东师范大学,1
工程学部,机械与运载工程学院,本科,2021,就业,桂林力源粮油食品集团有限公司,1
工程学部,机械与运载工程学院,本科,2021,就业,中石化第五建设有限公司,1
工程学部,机械与运载工程学院,本科,2021,就业,中国航发成都发动机有限公司,1
工程学部,机械与运载工程学院,本科,2021,就业,东方电气(广州)重型机器有限公司,1
工程学部,机械与运载工程学院,本科,2021,就业,徐州徐工施维英机械有限公司,1
工程学部,机械与运载工程学院,本科,2021,就业,明阳智慧能源集团股份公司,1
工程学部,机械与运载工程学院,本科,2021,就业,广西柳州钢铁集团有限公司,1
工程学部,机械与运载工程学院,本科,2021,就业,福建福清核电有限公司,1
工程学部,机械与运载工程学院,本科,2021,选调生,中共青海省委组织部,1
工程学部,机械与运载工程学院,本科,2021,就业,广东美芝制冷设备有限公司,1
工程学部,机械与运载工程学院,本科,2021,升学,电子科技大学,1
工程学部,机械与运载工程学院,本科,2021,就业,洛阳LYC轴承有限公司,1
工程学部,机械与运载工程学院,本科,2021,就业,重庆弗迪锂电池有限公司,1
工程学部,机械与运载工程学院,本科,2021,就业,重庆长安跨越车辆有限公司,1
工程学部,机械与运载工程学院,硕士,2021,升学,重庆大学,17
工程学部,机械与运载工程学院,硕士,2021,就业,华为技术有限公司,17
工程学部,机械与运载工程学院,硕士,2021,就业,上海汽车集团股份有限公司技术中心,13
工程学部,机械与运载工程学院,硕士,2021,就业,重庆长安汽车股份有限公司,12
工程学部,机械与运载工程学院,硕士,2021,就业,杭州海康威视数字技术股份有限公司,8
工程学部,机械与运载工程学院,硕士,2021,就业,成都飞机工业(集团)有限责任公司,7
工程学部,机械与运载工程学院,硕士,2021,就业,东方红卫星移动通信有限公司,7
工程学部,机械与运载工程学院,硕士,2021,选调生,中共成都市委组织部,6
工程学部,机械与运载工程学院,硕士,2021,就业,深圳迈瑞生物医疗电子股份有限公司,5
工程学部,机械与运载工程学院,硕士,2021,选调生,中国共产党自贡市委员会组织部,5
工程学部,机械与运载工程学院,硕士,2021,就业,中国电子科技集团公司第十四研究所,5
工程学部,机械与运载工程学院,硕士,2021,就业,西安荣耀终端有限公司,5
工程学部,机械与运载工程学院,硕士,2021,就业,紫光展锐(重庆)科技有限公司,5
工程学部,机械与运载工程学院,硕士,2021,就业,重庆长安汽车软件科技有限公司,5
工程学部,机械与运载工程学院,硕士,2021,就业,中国核动力研究设计院,4
工程学部,机械与运载工程学院,硕士,2021,就业,上汽大众汽车有限公司,4
工程学部,机械与运载工程学院,硕士,2021,就业,成都华为技术有限公司,4
工程学部,机械与运载工程学院,硕士,2021,就业,重庆前卫科技集团有限公司,4
工程学部,机械与运载工程学院,硕士,2021,就业,中电科技集团重庆声光电有限公司,4
工程学部,机械与运载工程学院,硕士,2021,就业,重庆长安新能源汽车科技有限公司,4
工程学部,机械与运载工程学院,硕士,2021,就业,中国汽车工程研究院股份有限公司,4
工程学部,机械与运载工程学院,硕士,2021,就业,英特尔产品(成都)有限公司,4
工程学部,机械与运载工程学院,硕士,2021,就业,深圳顺丰泰森控股(集团)有限公司,4
工程学部,机械与运载工程学院,硕士,2021,就业,恒生电子股份有限公司,3
工程学部,机械与运载工程学院,硕士,2021,就业,广东博智林机器人有限公司,3
工程学部,机械与运载工程学院,硕士,2021,就业,重庆川仪自动化股份有限公司流量仪表分公司,3
工程学部,机械与运载工程学院,硕士,2021,就业,中国科学院光电技术研究所,3
工程学部,机械与运载工程学院,硕士,2021,就业,南京高速齿轮制造有限公司,3
工程学部,机械与运载工程学院,硕士,2021,就业,中兴通讯股份有限公司,3
工程学部,机械与运载工程学院,硕士,2021,选调生,广西壮族自治区党委组织部干部规划办,3
工程学部,机械与运载工程学院,硕士,2021,就业,小米通讯技术有限公司,3
工程学部,机械与运载工程学院,硕士,2021,选调生,中共重庆市委组织部,3
工程学部,机械与运载工程学院,硕士,2021,就业,北京经纬恒润科技有限公司,3
工程学部,机械与运载工程学院,硕士,2021,就业,招商局检测车辆技术研究院有限公司,3
工程学部,机械与运载工程学院,硕士,2021,就业,中车株洲电力机车研究所有限公司,3
工程学部,机械与运载工程学院,硕士,2021,就业,宁德时代新能源科技股份有限公司,3
工程学部,机械与运载工程学院,硕士,2021,就业,展讯半导体(成都)有限公司,3
工程学部,机械与运载工程学院,硕士,2021,就业,重庆铁马工业集团有限公司,3
工程学部,机械与运载工程学院,硕士,2021,就业,苏州汇川技术有限公司,2
工程学部,机械与运载工程学院,硕士,2021,就业,OPPO广东移动通信有限公司,2
工程学部,机械与运载工程学院,硕士,2021,就业,重庆中元生物技术有限公司,2
工程学部,机械与运载工程学院,硕士,2021,就业,广东美芝制冷设备有限公司,2
工程学部,机械与运载工程学院,硕士,2021,就业,中冶赛迪装备有限公司,2
工程学部,机械与运载工程学院,硕士,2021,就业,TCL通讯科技(成都)有限公司,2
工程学部,机械与运载工程学院,硕士,2021,就业,中国航空工业集团公司成都飞机设计研究所,2
工程学部,机械与运载工程学院,硕士,2021,就业,维沃移动通信有限公司,2
工程学部,机械与运载工程学院,硕士,2021,就业,武汉华星光电技术有限公司,2
工程学部,机械与运载工程学院,硕士,2021,就业,三一汽车起重机械有限公司,2
工程学部,机械与运载工程学院,硕士,2021,就业,先进科技(中国)有限公司,2
工程学部,机械与运载工程学院,硕士,2021,就业,中国人民解放军第五七一九工厂,2
工程学部,机械与运载工程学院,硕士,2021,就业,浙江大华技术股份有限公司,2
工程学部,机械与运载工程学院,硕士,2021,就业,重庆川仪调节阀有限公司,2
工程学部,机械与运载工程学院,硕士,2021,就业,重庆红宇精密工业集团有限公司,2
工程学部,机械与运载工程学院,硕士,2021,就业,北京经纬恒润科技有限公司成都分公司,2
工程学部,机械与运载工程学院,硕士,2021,就业,北京字跳网络技术有限公司,2
工程学部,机械与运载工程学院,硕士,2021,升学,天津大学,2
工程学部,机械与运载工程学院,硕士,2021,选调生,中国共产党南充市委员会组织部,2
工程学部,机械与运载工程学院,硕士,2021,就业,重庆中兴软件有限责任公司,2
工程学部,机械与运载工程学院,硕士,2021,就业,中国航发商用航空发动机有限责任公司,2
工程学部,机械与运载工程学院,硕士,2021,选调生,中共德阳市委组织部,2
工程学部,机械与运载工程学院,硕士,2021,就业,恒玄科技(上海)股份有限公司,2
工程学部,机械与运载工程学院,硕士,2021,就业,中国航空工业集团公司西安航空计算技术研究所,2
工程学部,机械与运载工程学院,硕士,2021,就业,中铁二局集团有限公司,2
工程学部,机械与运载工程学院,硕士,2021,就业,百度在线网络技术(北京)有限公司,2
工程学部,机械与运载工程学院,硕士,2021,就业,重庆京东方显示技术有限公司,2
工程学部,机械与运载工程学院,硕士,2021,就业,四川航天系统工程研究所,2
工程学部,机械与运载工程学院,硕士,2021,就业,华为技术有限公司武汉研究所,2
工程学部,机械与运载工程学院,硕士,2021,就业,武汉中科医疗科技工业技术研究院有限公司,2
工程学部,机械与运载工程学院,硕士,2021,就业,郑州机械研究所有限公司,2
工程学部,机械与运载工程学院,硕士,2021,就业,重庆川仪自动化股份有限公司执行器分公司,2
工程学部,机械与运载工程学院,硕士,2021,就业,四川航天烽火伺服控制技术有限公司,2
工程学部,机械与运载工程学院,硕士,2021,升学,西安交通大学,2
工程学部,机械与运载工程学院,硕士,2021,就业,联合汽车电子有限公司,2
工程学部,机械与运载工程学院,硕士,2021,就业,韶关市人民政府办公室,2
工程学部,机械与运载工程学院,硕士,2021,就业,西南技术物理研究所,2
工程学部,机械与运载工程学院,硕士,2021,就业,比亚迪汽车有限公司,2
工程学部,机械与运载工程学院,硕士,2021,就业,广州汽车集团股份有限公司汽车工程研究院,2
工程学部,机械与运载工程学院,硕士,2021,就业,上海汽车集团股份有限公司零束软件分公司,2
工程学部,机械与运载工程学院,硕士,2021,选调生,中国共产党宜宾市委员会组织部,2
工程学部,机械与运载工程学院,硕士,2021,就业,比亚迪股份有限公司,2
工程学部,机械与运载工程学院,硕士,2021,就业,深信服科技股份有限公司,2
工程学部,机械与运载工程学院,硕士,2021,就业,思特沃克软件技术(武汉)有限公司,2
工程学部,机械与运载工程学院,硕士,2021,选调生,山西省商务厅,1
工程学部,机械与运载工程学院,硕士,2021,就业,中国航发西安航空发动机有限公司,1
工程学部,机械与运载工程学院,硕士,2021,就业,深圳市汇川技术股份有限公司西安分公司,1
工程学部,机械与运载工程学院,硕士,2021,就业,嘉兴市第一中学,1
工程学部,机械与运载工程学院,硕士,2021,就业,上海寒武纪信息科技有限公司,1
工程学部,机械与运载工程学院,硕士,2021,就业,淄博市公共就业和人才服务中心,1
工程学部,机械与运载工程学院,硕士,2021,就业,汉海信息技术(上海)有限公司,1
工程学部,机械与运载工程学院,硕士,2021,就业,贝壳找房(北京)科技有限公司,1
工程学部,机械与运载工程学院,硕士,2021,就业,深圳市安健科技股份有限公司,1
工程学部,机械与运载工程学院,硕士,2021,就业,深圳普门科技股份有限公司,1
工程学部,机械与运载工程学院,硕士,2021,就业,招银网络科技(杭州))有限公司,1
工程学部,机械与运载工程学院,硕士,2021,就业,北京智行者科技有限公司,1
工程学部,机械与运载工程学院,硕士,2021,就业,中国电子科技集团公司第二十九研究所,1
工程学部,机械与运载工程学院,硕士,2021,就业,普联技术有限公司,1
工程学部,机械与运载工程学院,硕士,2021,就业,中国兵器装备集团自动化研究所,1
工程学部,机械与运载工程学院,硕士,2021,就业,中国工程物理研究院总体工程研究所,1
工程学部,机械与运载工程学院,硕士,2021,就业,中国工程物理研究院核物理与化学研究所,1
工程学部,机械与运载工程学院,硕士,2021,就业,中国工程物理研究院材料研究所,1
工程学部,机械与运载工程学院,硕士,2021,就业,谱瑞集成电路(重庆)有限公司,1
工程学部,机械与运载工程学院,硕士,2021,就业,中国工程物理研究院机械制造工艺研究所,1
工程学部,机械与运载工程学院,硕士,2021,升学,哈尔滨工业大学,1
工程学部,机械与运载工程学院,硕士,2021,就业,成都航空职业技术学院,1
工程学部,机械与运载工程学院,硕士,2021,选调生,中共毕节市委组织部,1
工程学部,机械与运载工程学院,硕士,2021,就业,航空工业第一飞机设计研究院,1
工程学部,机械与运载工程学院,硕士,2021,就业,中冶赛迪工程技术股份有限公司,1
工程学部,机械与运载工程学院,硕士,2021,就业,中国民航科学技术研究院(中国民用航空局航空安全技术中心),1
工程学部,机械与运载工程学院,硕士,2021,就业,天津市监狱管理局,1
工程学部,机械与运载工程学院,硕士,2021,就业,中航飞机股份有限公司,1
工程学部,机械与运载工程学院,硕士,2021,就业,南京航空航天大学,1
工程学部,机械与运载工程学院,硕士,2021,选调生,中国共产党长治市委员会组织部,1
工程学部,机械与运载工程学院,硕士,2021,就业,中移(苏州)软件技术有限公司,1
工程学部,机械与运载工程学院,硕士,2021,就业,南京迈瑞生物医疗电子有限公司,1
工程学部,机械与运载工程学院,硕士,2021,就业,应用材料(中国)有限公司,1
工程学部,机械与运载工程学院,硕士,2021,选调生,中共江西省委组织部,1
工程学部,机械与运载工程学院,硕士,2021,就业,成都鼎桥通信技术有限公司,1
工程学部,机械与运载工程学院,硕士,2021,就业,杭州快迪科技有限公司,1
工程学部,机械与运载工程学院,硕士,2021,就业,浙江春风动力股份有限公司,1
工程学部,机械与运载工程学院,硕士,2021,就业,西安华为技术有限公司,1
工程学部,机械与运载工程学院,硕士,2021,就业,宁波方太厨具有限公司,1
工程学部,机械与运载工程学院,硕士,2021,就业,中冶南方工程技术有限公司,1
工程学部,机械与运载工程学院,硕士,2021,就业,湖南云箭集团有限公司,1
工程学部,机械与运载工程学院,硕士,2021,就业,捷开通讯(深圳)有限公司,1
工程学部,机械与运载工程学院,硕士,2021,就业,重庆科凯前卫风电设备有限责任公司,1
工程学部,机械与运载工程学院,硕士,2021,就业,中建钢构有限公司,1
工程学部,机械与运载工程学院,硕士,2021,选调生,中共运城市委机构编制委员会办公室,1
工程学部,机械与运载工程学院,硕士,2021,出国(境)留学或工作,香港理工大学,1
工程学部,机械与运载工程学院,硕士,2021,出国(境)留学或工作,昂热大学,1
工程学部,机械与运载工程学院,硕士,2021,就业,荣耀终端有限公司,1
工程学部,机械与运载工程学院,硕士,2021,就业,成都国营锦江机器厂,1
工程学部,机械与运载工程学院,硕士,2021,就业,上海巨篷网络科技有限公司,1
工程学部,机械与运载工程学院,硕士,2021,就业,中国航发四川燃气涡轮研究院,1
工程学部,机械与运载工程学院,硕士,2021,就业,中冶赛迪重庆信息技术有限公司,1
工程学部,机械与运载工程学院,硕士,2021,就业,北京达佳互联信息技术有限公司,1
工程学部,机械与运载工程学院,硕士,2021,就业,广州中望龙腾软件股份有限公司,1
工程学部,机械与运载工程学院,硕士,2021,就业,北京理工大学重庆创新中心,1
工程学部,机械与运载工程学院,硕士,2021,选调生,宁波市镇海区澥浦镇人民政府,1
工程学部,机械与运载工程学院,硕士,2021,就业,中国汽车工业工程有限公司,1
工程学部,机械与运载工程学院,硕士,2021,就业,英特尔半导体(大连)有限公司,1
工程学部,机械与运载工程学院,硕士,2021,就业,广东美的暖通设备有限公司,1
工程学部,机械与运载工程学院,硕士,2021,就业,东莞步步高教育科技有限公司,1
工程学部,机械与运载工程学院,硕士,2021,选调生,中国共产党巴中市委员会组织部,1
工程学部,机械与运载工程学院,硕士,2021,就业,西安航天远征流体控制股份有限公司,1
工程学部,机械与运载工程学院,硕士,2021,就业,贵州茅台酒股份有限公司,1
工程学部,机械与运载工程学院,硕士,2021,就业,北京沃东天骏信息技术有限公司成都分公司,1
工程学部,机械与运载工程学院,硕士,2021,就业,长安福特汽车有限公司,1
工程学部,机械与运载工程学院,硕士,2021,就业,中冶华天南京工程技术有限公司,1
工程学部,机械与运载工程学院,硕士,2021,就业,中国船舶重工集团公司第七二四研究所,1
工程学部,机械与运载工程学院,硕士,2021,就业,胡桃街(上海)信息技术有限公司,1
工程学部,机械与运载工程学院,硕士,2021,就业,成都中科创达软件有限公司,1
工程学部,机械与运载工程学院,硕士,2021,就业,南昌智能新能源汽车研究院,1
工程学部,机械与运载工程学院,硕士,2021,就业,北京猿力未来科技有限公司,1
工程学部,机械与运载工程学院,硕士,2021,就业,上海航空电器有限公司,1
工程学部,机械与运载工程学院,硕士,2021,就业,航空第一飞机设计研究院,1
工程学部,机械与运载工程学院,硕士,2021,就业,洛阳轴承研究所有限公司,1
工程学部,机械与运载工程学院,硕士,2021,选调生,中共遵义市委组织部,1
工程学部,机械与运载工程学院,硕士,2021,就业,平高集团有限公司,1
工程学部,机械与运载工程学院,硕士,2021,就业,重庆四联测控技术有限公司,1
工程学部,机械与运载工程学院,硕士,2021,就业,深圳市汇川技术有限公司,1
工程学部,机械与运载工程学院,硕士,2021,就业,武汉华中数控股份有限公司,1
工程学部,机械与运载工程学院,硕士,2021,就业,中国长江三峡集团有限公司,1
工程学部,机械与运载工程学院,硕士,2021,就业,亿嘉和科技股份有限公司,1
工程学部,机械与运载工程学院,硕士,2021,就业,航宇救生装备有限公司,1
工程学部,机械与运载工程学院,硕士,2021,就业,中国长江电力股份有限公司,1
工程学部,机械与运载工程学院,硕士,2021,选调生,中共黄冈市委组织部,1
工程学部,机械与运载工程学院,硕士,2021,就业,深圳市亚辉龙生物科技股份有限公司,1
工程学部,机械与运载工程学院,硕士,2021,就业,深圳市海浦蒙特科技有限公司,1
工程学部,机械与运载工程学院,硕士,2021,就业,惠州TCL云创科技有限公司,1
工程学部,机械与运载工程学院,硕士,2021,就业,河北省市场监督管理局(河北省知识产权局),1
工程学部,机械与运载工程学院,硕士,2021,就业,西安精密机械研究所昆明分部,1
工程学部,机械与运载工程学院,硕士,2021,就业,招联消费金融有限公司,1
工程学部,机械与运载工程学院,硕士,2021,就业,博世动力总成有限公司,1
工程学部,机械与运载工程学院,硕士,2021,就业,中国工商银行股份有限公司软件开发中心,1
工程学部,机械与运载工程学院,硕士,2021,就业,上海航天动力科技工程有限公司,1
工程学部,机械与运载工程学院,硕士,2021,就业,重庆青山工业有限责任公司,1
工程学部,机械与运载工程学院,硕士,2021,就业,上海安亭地平线智能交通技术有限公司,1
工程学部,机械与运载工程学院,硕士,2021,就业,深圳市雄韬电源科技股份有限公司,1
工程学部,机械与运载工程学院,硕士,2021,就业,重庆川仪自动化股份有限公司技术中心,1
工程学部,机械与运载工程学院,硕士,2021,就业,新华三技术有限公司成都分公司,1
工程学部,机械与运载工程学院,硕士,2021,选调生,中国共产党广安市委员会组织部,1
工程学部,机械与运载工程学院,硕士,2021,升学,四川大学,1
工程学部,机械与运载工程学院,硕士,2021,就业,航天恒星科技有限公司,1
工程学部,机械与运载工程学院,硕士,2021,就业,四川航天川南火工技术有限公司,1
工程学部,机械与运载工程学院,硕士,2021,就业,联想(北京)有限公司,1
工程学部,机械与运载工程学院,硕士,2021,就业,中国电子科技集团公司第三十八研究所,1
工程学部,机械与运载工程学院,硕士,2021,就业,隆鑫通用动力股份有限公司,1
工程学部,机械与运载工程学院,硕士,2021,就业,重庆奥易克斯科技有限公司,1
工程学部,机械与运载工程学院,硕士,2021,就业,一汽解放汽车有限公司,1
工程学部,机械与运载工程学院,硕士,2021,就业,上海机动车检测中心技术有限公司,1
工程学部,机械与运载工程学院,硕士,2021,就业,广州小鹏汽车科技有限公司,1
工程学部,机械与运载工程学院,硕士,2021,就业,中国重汽集团成都王牌商用车有限公司,1
工程学部,机械与运载工程学院,硕士,2021,就业,潍柴动力股份有限公司,1
工程学部,机械与运载工程学院,硕士,2021,就业,小米科技(武汉)有限公司,1
工程学部,机械与运载工程学院,硕士,2021,就业,中冶赛迪技术研究中心有限公司,1
工程学部,机械与运载工程学院,硕士,2021,就业,中国空气动力研究与发展中心低速空气动力研究所,1
工程学部,机械与运载工程学院,硕士,2021,出国(境)留学或工作,奥尔堡大学,1
工程学部,机械与运载工程学院,硕士,2021,就业,东方电气风电有限公司,1
工程学部,机械与运载工程学院,硕士,2021,就业,中国电子科技集团公司第十研究所,1
工程学部,机械与运载工程学院,硕士,2021,就业,中国船舶重工集团公司第七〇五研究所,1
工程学部,机械与运载工程学院,硕士,2021,就业,北京亿华通科技股份有限公司,1
工程学部,机械与运载工程学院,硕士,2021,就业,湖北三江航天万山特种车辆有限公司,1
工程学部,机械与运载工程学院,硕士,2021,就业,中国北方车辆研究所,1
工程学部,机械与运载工程学院,硕士,2021,就业,重庆长安工业(集团)有限责任公司,1
工程学部,机械与运载工程学院,硕士,2021,就业,内蒙古第一机械集团有限公司,1
工程学部,机械与运载工程学院,硕士,2021,就业,中航光电科技股份有限公司,1
工程学部,机械与运载工程学院,硕士,2021,就业,重庆创新燃料电池技术产业研究院有限公司,1
工程学部,机械与运载工程学院,硕士,2021,就业,重庆智行者信息科技有限公司,1
工程学部,机械与运载工程学院,硕士,2021,选调生,中共乐山市委组织部,1
工程学部,机械与运载工程学院,硕士,2021,就业,联发芯软件设计(成都)有限公司,1
工程学部,机械与运载工程学院,硕士,2021,就业,作业帮教育科技(北京)有限公司,1
工程学部,机械与运载工程学院,硕士,2021,选调生,云南省会泽县教育体育局,1
工程学部,机械与运载工程学院,硕士,2021,选调生,中共内江市委组织部,1
工程学部,机械与运载工程学院,硕士,2021,就业,深圳市翌日科技有限公司,1
工程学部,机械与运载工程学院,硕士,2021,就业,泛亚汽车技术中心有限公司,1
工程学部,机械与运载工程学院,硕士,2021,就业,湖南行必达网联科技有限公司,1
工程学部,机械与运载工程学院,硕士,2021,就业,湖北航天技术研究院特种车辆技术中心,1
工程学部,机械与运载工程学院,硕士,2021,就业,中国电子科技集团公司第五十四研究所,1
工程学部,机械与运载工程学院,硕士,2021,出国(境)留学或工作,卢森堡大学,1
工程学部,机械与运载工程学院,硕士,2021,就业,哲库科技(北京)有限公司,1
工程学部,机械与运载工程学院,硕士,2021,就业,四川虹微技术有限公司,1
工程学部,机械与运载工程学院,硕士,2021,就业,南京市浦口区市场监督管理局,1
工程学部,机械与运载工程学院,硕士,2021,就业,广东美的生活电器制造有限公司,1
工程学部,机械与运载工程学院,硕士,2021,升学,北京大学深圳研究生院,1
工程学部,机械与运载工程学院,硕士,2021,就业,成都市普进通信技术有限公司,1
工程学部,机械与运载工程学院,硕士,2021,就业,武汉联影智融医疗科技有限公司,1
工程学部,机械与运载工程学院,硕士,2021,就业,深圳市锐明技术股份有限公司,1
工程学部,机械与运载工程学院,硕士,2021,就业,上海蔚来汽车有限公司,1
工程学部,机械与运载工程学院,硕士,2021,就业,深圳虾皮信息科技有限公司,1
工程学部,机械与运载工程学院,硕士,2021,就业,重庆美的通用制冷设备有限公司,1
工程学部,机械与运载工程学院,硕士,2021,就业,微软(中国)有限公司上海闵行分公司,1
工程学部,机械与运载工程学院,硕士,2021,就业,中国证券登记结算有限责任公司上海分公司,1
工程学部,机械与运载工程学院,硕士,2021,就业,四川新能源汽车创新中心有限公司,1
工程学部,机械与运载工程学院,硕士,2021,升学,同济大学,1
工程学部,机械与运载工程学院,硕士,2021,就业,重庆科斯迈生物科技有限公司,1
工程学部,机械与运载工程学院,硕士,2021,选调生,中共达州市委组织部,1
工程学部,机械与运载工程学院,硕士,2021,就业,上海浦东发展银行股份有限公司成都分行,1
工程学部,机械与运载工程学院,硕士,2021,就业,贵阳航发精密铸造有限公司,1
工程学部,机械与运载工程学院,硕士,2021,就业,重庆市知朗咨询有限责任公司,1
工程学部,机械与运载工程学院,硕士,2021,就业,成都运达科技股份有限公司,1
工程学部,机械与运载工程学院,硕士,2021,就业,中国航空综合技术研究所,1
工程学部,机械与运载工程学院,硕士,2021,就业,中国兵器工业集团第二〇二研究所,1
工程学部,机械与运载工程学院,硕士,2021,就业,深圳市汇川技术股份有限公司,1
工程学部,机械与运载工程学院,硕士,2021,就业,上海涵润汽车电子有限公司,1
工程学部,机械与运载工程学院,硕士,2021,就业,腾讯科技(深圳)有限公司,1
工程学部,机械与运载工程学院,硕士,2021,就业,北京三快在线科技有限公司,1
工程学部,机械与运载工程学院,硕士,2021,就业,禾多阡陌科技(北京)有限公司,1
工程学部,机械与运载工程学院,硕士,2021,就业,北京机械设备研究所,1
工程学部,机械与运载工程学院,硕士,2021,就业,四川航天职业技术学院(四川航天高级技工学校),1
工程学部,机械与运载工程学院,硕士,2021,就业,中国电子科技集团公司第三十研究所,1
工程学部,机械与运载工程学院,硕士,2021,就业,重庆富源人力资源管理服务有限公司,1
工程学部,机械与运载工程学院,硕士,2021,选调生,中共绵阳市委组织部,1
工程学部,机械与运载工程学院,硕士,2021,选调生,中共南阳市委办公室,1
工程学部,机械与运载工程学院,硕士,2021,选调生,天津市宁河区委组织部,1
工程学部,机械与运载工程学院,硕士,2021,选调生,中共贵阳市委组织部,1
工程学部,机械与运载工程学院,硕士,2021,就业,顾家家居股份有限公司,1
工程学部,机械与运载工程学院,硕士,2021,选调生,沈阳市交通运输局,1
工程学部,机械与运载工程学院,硕士,2021,选调生,中国共产党内江市委员会组织部(待分配),1
工程学部,机械与运载工程学院,硕士,2021,就业,广东烟草广州市有限公司,1
工程学部,机械与运载工程学院,硕士,2021,就业,深圳市龙岗区发展和改革局,1
工程学部,机械与运载工程学院,硕士,2021,就业,德勤咨询(重庆)有限公司,1
工程学部,机械与运载工程学院,硕士,2021,就业,重庆翰博光电有限公司,1
工程学部,机械与运载工程学院,硕士,2021,就业,重庆轨道四号线建设运营有限公司,1
工程学部,机械与运载工程学院,硕士,2021,就业,重庆长安民生物流股份有限公司,1
工程学部,机械与运载工程学院,硕士,2021,就业,天津市西青区公务员局,1
工程学部,机械与运载工程学院,硕士,2021,选调生,中共右玉县委组织部,1
工程学部,机械与运载工程学院,硕士,2021,就业,深圳市欢太科技有限公司,1
工程学部,机械与运载工程学院,硕士,2021,就业,深圳市火乐科技发展有限公司,1
工程学部,机械与运载工程学院,硕士,2021,就业,无锡空港物流有限公司,1
工程学部,机械与运载工程学院,硕士,2021,就业,深圳市大疆创新科技有限公司,1
工程学部,机械与运载工程学院,硕士,2021,就业,中国联合网络通信有限公司广州市分公司,1
工程学部,机械与运载工程学院,硕士,2021,选调生,中共凉山州委组织部,1
工程学部,机械与运载工程学院,博士,2021,就业,重庆科技学院,5
工程学部,机械与运载工程学院,博士,2021,就业,重庆电子工程职业学院,3
工程学部,机械与运载工程学院,博士,2021,就业,重庆邮电大学,3
工程学部,机械与运载工程学院,博士,2021,选调生,中共重庆市委组织部,2
工程学部,机械与运载工程学院,博士,2021,就业,哈尔滨工业大学(深圳)(哈尔滨工业大学深圳科技创新研究院),1
工程学部,机械与运载工程学院,博士,2021,就业,西南交通大学,1
工程学部,机械与运载工程学院,博士,2021,就业,西北工业大学,1
工程学部,机械与运载工程学院,博士,2021,就业,河南科技大学,1
工程学部,机械与运载工程学院,博士,2021,就业,南华大学,1
工程学部,机械与运载工程学院,博士,2021,就业,西南大学,1
工程学部,机械与运载工程学院,博士,2021,就业,南京工业职业技术大学,1
工程学部,机械与运载工程学院,博士,2021,就业,重庆青山工业有限责任公司,1
工程学部,机械与运载工程学院,博士,2021,就业,太原理工大学,1
工程学部,机械与运载工程学院,博士,2021,就业,青岛理工大学,1
工程学部,机械与运载工程学院,博士,2021,就业,上海华为技术有限公司,1
工程学部,机械与运载工程学院,博士,2021,就业,季华实验室,1
工程学部,机械与运载工程学院,博士,2021,就业,南京信息工程大学,1
工程学部,机械与运载工程学院,博士,2021,就业,河北工业大学,1
工程学部,机械与运载工程学院,博士,2021,就业,清华大学,1
工程学部,机械与运载工程学院,博士,2021,就业,重庆工商大学,1
工程学部,机械与运载工程学院,博士,2021,就业,温州大学,1
工程学部,机械与运载工程学院,博士,2021,就业,安徽理工大学,1
工程学部,机械与运载工程学院,博士,2021,就业,重庆长安汽车股份有限公司,1
工程学部,机械与运载工程学院,博士,2021,就业,重庆长安新能源汽车科技有限公司,1
工程学部,机械与运载工程学院,博士,2021,就业,电子科技大学,1
工程学部,机械与运载工程学院,博士,2021,就业,郑州轻工业大学,1
工程学部,机械与运载工程学院,博士,2021,就业,中国汽车工程研究院股份有限公司,1
工程学部,机械与运载工程学院,博士,2021,就业,上汽依维柯红岩商用车有限公司,1
工程学部,机械与运载工程学院,博士,2021,就业,重庆理工大学,1
工程学部,机械与运载工程学院,博士,2021,就业,南昌大学,1
工程学部,机械与运载工程学院,博士,2021,就业,中国工程物理研究院材料研究所,1
工程学部,机械与运载工程学院,博士,2021,就业,江苏徐工工程机械研究院有限公司,1
工程学部,机械与运载工程学院,博士,2021,就业,深圳联友科技有限公司广州分公司,1
工程学部,机械与运载工程学院,博士,2021,就业,福特汽车工程研究(南京)有限公司,1
工程学部,机械与运载工程学院,本科,2022,升学,重庆大学,78
工程学部,机械与运载工程学院,本科,2022,升学,西安交通大学,53
工程学部,机械与运载工程学院,本科,2022,就业,重庆小康工业集团股份有限公司,15
工程学部,机械与运载工程学院,本科,2022,升学,华中科技大学,14
工程学部,机械与运载工程学院,本科,2022,升学,同济大学,11
工程学部,机械与运载工程学院,本科,2022,就业,重庆长安汽车股份有限公司,9
工程学部,机械与运载工程学院,本科,2022,就业,普联技术有限公司,8
工程学部,机械与运载工程学院,本科,2022,就业,中国建筑第八工程局有限公司西南分公司,8
工程学部,机械与运载工程学院,本科,2022,升学,上海交通大学,7
工程学部,机械与运载工程学院,本科,2022,就业,极氪汽车(宁波杭州湾新区)有限公司,6
工程学部,机械与运载工程学院,本科,2022,出国(境)留学或工作,新加坡国立大学,5
工程学部,机械与运载工程学院,本科,2022,就业,重庆药友制药有限责任公司,5
工程学部,机械与运载工程学院,本科,2022,就业,重汽(重庆)轻型汽车有限公司,5
工程学部,机械与运载工程学院,本科,2022,就业,中建科工集团有限公司,5
工程学部,机械与运载工程学院,本科,2022,升学,浙江大学,5
工程学部,机械与运载工程学院,本科,2022,升学,东南大学,4
工程学部,机械与运载工程学院,本科,2022,就业,华为技术有限公司,3
工程学部,机械与运载工程学院,本科,2022,升学,电子科技大学,3
工程学部,机械与运载工程学院,本科,2022,就业,贵阳航空电机有限公司,3
工程学部,机械与运载工程学院,本科,2022,就业,上汽大众汽车有限公司,3
工程学部,机械与运载工程学院,本科,2022,升学,哈尔滨工业大学(深圳),3
工程学部,机械与运载工程学院,本科,2022,就业,宝钛集团有限公司,3
工程学部,机械与运载工程学院,本科,2022,就业,比亚迪股份有限公司,3
工程学部,机械与运载工程学院,本科,2022,就业,宁德时代新能源科技股份有限公司,3
工程学部,机械与运载工程学院,本科,2022,就业,中建三局安装工程有限公司,3
工程学部,机械与运载工程学院,本科,2022,升学,西北工业大学,3
工程学部,机械与运载工程学院,本科,2022,升学,哈尔滨工业大学,3
工程学部,机械与运载工程学院,本科,2022,升学,北京理工大学,3
工程学部,机械与运载工程学院,本科,2022,升学,厦门大学,2
工程学部,机械与运载工程学院,本科,2022,就业,重庆传音通讯技术有限公司,2
工程学部,机械与运载工程学院,本科,2022,升学,南京大学,2
工程学部,机械与运载工程学院,本科,2022,就业,上汽通用五菱汽车股份有限公司,2
工程学部,机械与运载工程学院,本科,2022,就业,成都飞机工业(集团)有限责任公司,2
工程学部,机械与运载工程学院,本科,2022,升学,华南理工大学,2
工程学部,机械与运载工程学院,本科,2022,出国(境)留学或工作,香港大学,2
工程学部,机械与运载工程学院,本科,2022,就业,中建西部建设西南有限公司,2
工程学部,机械与运载工程学院,本科,2022,升学,复旦大学,2
工程学部,机械与运载工程学院,本科,2022,就业,中车资阳机车有限公司,2
工程学部,机械与运载工程学院,本科,2022,就业,郑州宇通集团有限公司,2
工程学部,机械与运载工程学院,本科,2022,就业,延锋汽车饰件系统重庆有限公司,2
工程学部,机械与运载工程学院,本科,2022,就业,中国电子科技集团公司第十研究所,2
工程学部,机械与运载工程学院,本科,2022,就业,重庆华伟工业(集团)有限责任公司,2
工程学部,机械与运载工程学院,本科,2022,就业,潍柴动力股份有限公司,2
工程学部,机械与运载工程学院,本科,2022,就业,世芯电子科技(重庆)有限公司,2
工程学部,机械与运载工程学院,本科,2022,升学,中国科学院大学,2
工程学部,机械与运载工程学院,本科,2022,就业,陕西汽车控股集团有限公司,2
工程学部,机械与运载工程学院,本科,2022,就业,重油高科电控燃油喷射系统(重庆)有限公司,2
工程学部,机械与运载工程学院,本科,2022,就业,重庆长安汽车软件科技有限公司,2
工程学部,机械与运载工程学院,本科,2022,就业,一汽解放汽车有限公司成都分公司,2
工程学部,机械与运载工程学院,本科,2022,就业,小鹏汽车销售有限公司,2
工程学部,机械与运载工程学院,本科,2022,升学,同济大学汽车学院,2
工程学部,机械与运载工程学院,本科,2022,就业,重庆长安新能源汽车科技有限公司,2
工程学部,机械与运载工程学院,本科,2022,就业,潍柴动力股份有限公司重庆分公司,2
工程学部,机械与运载工程学院,本科,2022,就业,合肥显耀显示科技有限公司,1
工程学部,机械与运载工程学院,本科,2022,就业,云南电网有限责任公司昭通供电局,1
工程学部,机械与运载工程学院,本科,2022,出国(境)留学或工作,华威大学,1
工程学部,机械与运载工程学院,本科,2022,就业,中铁十局集团有限公司,1
工程学部,机械与运载工程学院,本科,2022,就业,重庆鼎汇信息技术有限公司,1
工程学部,机械与运载工程学院,本科,2022,就业,成都慧易芯科技有限公司,1
工程学部,机械与运载工程学院,本科,2022,就业,小米通讯技术有限公司,1
工程学部,机械与运载工程学院,本科,2022,出国(境)留学或工作,名古屋大学,1
工程学部,机械与运载工程学院,本科,2022,升学,广州大学,1
工程学部,机械与运载工程学院,本科,2022,就业,思特沃克软件技术(西安)有限公司,1
工程学部,机械与运载工程学院,本科,2022,就业,四川泛华航空仪表电器有限公司,1
工程学部,机械与运载工程学院,本科,2022,升学,南方科技大学,1
工程学部,机械与运载工程学院,本科,2022,就业,中建四局第三建设有限公司,1
工程学部,机械与运载工程学院,本科,2022,出国(境)留学或工作,香港理工大学,1
工程学部,机械与运载工程学院,本科,2022,就业,江苏亨通光电股份有限公司,1
工程学部,机械与运载工程学院,本科,2022,就业,漳州市龙海区人民武装部,1
工程学部,机械与运载工程学院,本科,2022,就业,重庆长安跨越车辆有限公司,1
工程学部,机械与运载工程学院,本科,2022,选调生,中共重庆市忠县委组织部,1
工程学部,机械与运载工程学院,本科,2022,就业,中国工程物理研究院核物理与化学研究所,1
工程学部,机械与运载工程学院,本科,2022,选调生,中共六盘水市委组织部,1
工程学部,机械与运载工程学院,本科,2022,就业,中移物联网有限公司,1
工程学部,机械与运载工程学院,本科,2022,就业,重庆建设汽车系统股份有限公司,1
工程学部,机械与运载工程学院,本科,2022,就业,株洲时代新材料科技股份有限公司,1
工程学部,机械与运载工程学院,本科,2022,就业,中海石油(中国)有限公司深圳分公司,1
工程学部,机械与运载工程学院,本科,2022,就业,中国人民解放军第五七二一工厂,1
工程学部,机械与运载工程学院,本科,2022,就业,中电电机股份有限公司,1
工程学部,机械与运载工程学院,本科,2022,升学,北京矿冶研究总院,1
工程学部,机械与运载工程学院,本科,2022,就业,重庆大东汽车配件有限公司,1
工程学部,机械与运载工程学院,本科,2022,就业,锐石创芯(深圳)科技有限公司,1
工程学部,机械与运载工程学院,本科,2022,升学,中国科学院自动化研究所,1
工程学部,机械与运载工程学院,本科,2022,就业,中车株洲电力机车研究所有限公司,1
工程学部,机械与运载工程学院,本科,2022,就业,时代上汽动力电池有限公司,1
工程学部,机械与运载工程学院,本科,2022,升学,国防科技大学,1
工程学部,机械与运载工程学院,本科,2022,就业,中国航发西安航空发动机有限公司,1
工程学部,机械与运载工程学院,本科,2022,就业,商河县劳动人事争议仲裁院,1
工程学部,机械与运载工程学院,本科,2022,就业,中国农业银行股份有限公司西藏自治区分行,1
工程学部,机械与运载工程学院,本科,2022,就业,重庆宏声实业(集团)有限责任公司,1
工程学部,机械与运载工程学院,本科,2022,就业,重庆建设工业(集团)有限责任公司,1
工程学部,机械与运载工程学院,本科,2022,就业,中核四0四有限公司,1
工程学部,机械与运载工程学院,本科,2022,出国(境)留学或工作,伯明翰大学,1
工程学部,机械与运载工程学院,本科,2022,出国(境)留学或工作,上智大学,1
工程学部,机械与运载工程学院,本科,2022,就业,成都大华智联信息技术有限公司,1
工程学部,机械与运载工程学院,本科,2022,就业,浙江晶盛机电股份有限公司,1
工程学部,机械与运载工程学院,本科,2022,就业,长沙比亚迪电子有限公司,1
工程学部,机械与运载工程学院,本科,2022,就业,一汽解放汽车有限公司无锡柴油机厂,1
工程学部,机械与运载工程学院,本科,2022,就业,三一集团有限公司,1
工程学部,机械与运载工程学院,本科,2022,就业,重庆长安民生物流股份有限公司,1
工程学部,机械与运载工程学院,本科,2022,就业,思特沃克软件技术(成都)有限公司,1
工程学部,机械与运载工程学院,本科,2022,选调生,广西壮族自治区党委组织部,1
工程学部,机械与运载工程学院,本科,2022,就业,万华化学(宁波)有限公司,1
工程学部,机械与运载工程学院,本科,2022,就业,中国航发贵州黎阳航空发动机有限公司,1
工程学部,机械与运载工程学院,本科,2022,就业,江苏核电有限公司,1
工程学部,机械与运载工程学院,本科,2022,就业,中建三局集团华南有限公司,1
工程学部,机械与运载工程学院,本科,2022,就业,广西防城港核电有限公司,1
工程学部,机械与运载工程学院,本科,2022,就业,重庆市科旭恒睿冠制药机械有限公司,1
工程学部,机械与运载工程学院,本科,2022,志愿服务西部计划,乌鲁木齐县萨尔达坂乡人民政府,1
工程学部,机械与运载工程学院,本科,2022,就业,泛亚汽车技术中心有限公司,1
工程学部,机械与运载工程学院,本科,2022,就业,深圳市千分一智能技术有限公司,1
工程学部,机械与运载工程学院,本科,2022,就业,海固科技(苏州)有限公司,1
工程学部,机械与运载工程学院,本科,2022,就业,中国石油乌鲁木齐石油化工有限公司,1
工程学部,机械与运载工程学院,本科,2022,就业,云南省烟草公司大理州公司,1
工程学部,机械与运载工程学院,本科,2022,就业,基恩士(中国)有限公司,1
工程学部,机械与运载工程学院,本科,2022,就业,中建三局科创发展(江苏)有限公司,1
工程学部,机械与运载工程学院,本科,2022,就业,中建三局第二建设工程有限责任公司,1
工程学部,机械与运载工程学院,本科,2022,就业,深圳虾皮信息科技有限公司,1
工程学部,机械与运载工程学院,本科,2022,就业,中国联合网络通信有限公司广东省分公司,1
工程学部,机械与运载工程学院,本科,2022,就业,中国建筑第二工程局有限公司西南分公司,1
工程学部,机械与运载工程学院,本科,2022,就业,国核示范电站有限责任公司,1
工程学部,机械与运载工程学院,本科,2022,就业,武汉虹信通信技术有限责任公司,1
工程学部,机械与运载工程学院,本科,2022,升学,武汉理工大学,1
工程学部,机械与运载工程学院,本科,2022,就业,舟山甬舟集装箱码头有限公司,1
工程学部,机械与运载工程学院,本科,2022,就业,重庆航天火箭电子技术有限公司,1
工程学部,机械与运载工程学院,本科,2022,就业,东方电气集团东方汽轮机有限公司,1
工程学部,机械与运载工程学院,本科,2022,升学,暨南大学,1
工程学部,机械与运载工程学院,本科,2022,就业,泸州老窖股份有限公司,1
工程学部,机械与运载工程学院,本科,2022,就业,中国长安汽车集团有限公司重庆底盘系统分公司,1
工程学部,机械与运载工程学院,本科,2022,就业,楚天科技股份有限公司,1
工程学部,机械与运载工程学院,本科,2022,就业,深圳市银宝山新科技股份有限公司,1
工程学部,机械与运载工程学院,本科,2022,就业,德佑房地产经纪有限公司,1
工程学部,机械与运载工程学院,本科,2022,就业,广州拓泰电脑软件有限公司,1
工程学部,机械与运载工程学院,本科,2022,就业,广州嘉权专利商标事务所有限公司中山分公司,1
工程学部,机械与运载工程学院,本科,2022,升学,中国工程物理研究院机械制造工艺研究所,1
工程学部,机械与运载工程学院,本科,2022,就业,奇瑞商用车(安徽)有限公司,1
工程学部,机械与运载工程学院,本科,2022,就业,安徽叉车集团有限责任公司,1
工程学部,机械与运载工程学院,本科,2022,就业,中车时代电动汽车股份有限公司,1
工程学部,机械与运载工程学院,本科,2022,升学,清华大学,1
工程学部,机械与运载工程学院,本科,2022,升学,中国农业大学,1
工程学部,机械与运载工程学院,本科,2022,就业,深圳市大疆创新科技有限公司,1
工程学部,机械与运载工程学院,本科,2022,升学,西南财经大学,1
工程学部,机械与运载工程学院,本科,2022,就业,陕西汉德车桥有限公司,1
工程学部,机械与运载工程学院,本科,2022,就业,上海汉盛(杭州)律师事务所,1
工程学部,机械与运载工程学院,本科,2022,就业,北京车和家汽车科技有限公司,1
工程学部,机械与运载工程学院,本科,2022,就业,上海发那科机器人有限公司,1
工程学部,机械与运载工程学院,本科,2022,就业,中铁九桥工程有限公司,1
工程学部,机械与运载工程学院,本科,2022,就业,庆铃汽车(集团)有限公司,1
工程学部,机械与运载工程学院,本科,2022,就业,比亚迪汽车有限公司,1
工程学部,机械与运载工程学院,本科,2022,选调生,中国共产党泸州市委员会组织部,1
工程学部,机械与运载工程学院,本科,2022,选调生,中共铜仁市委组织部,1
工程学部,机械与运载工程学院,本科,2022,就业,重庆安道拓汽车部件系统有限公司,1
工程学部,机械与运载工程学院,本科,2022,就业,上汽通用五菱汽车股份有限公司重庆分公司,1
工程学部,机械与运载工程学院,本科,2022,就业,广州小鹏新能源汽车有限公司,1
工程学部,机械与运载工程学院,本科,2022,就业,中国重型汽车集团有限公司,1
工程学部,机械与运载工程学院,本科,2022,就业,东风汽车有限公司东风日产乘用车公司,1
工程学部,机械与运载工程学院,本科,2022,就业,明基电通科技(上海)有限公司苏州第一分公司,1
工程学部,机械与运载工程学院,本科,2022,就业,浙江远程商用车研发有限公司,1
工程学部,机械与运载工程学院,本科,2022,就业,徐州徐工筑路机械有限公司,1
工程学部,机械与运载工程学院,本科,2022,就业,贵州贵航汽车零部件股份有限公司,1
工程学部,机械与运载工程学院,本科,2022,就业,吉利汽车研究院(宁波)有限公司,1
工程学部,机械与运载工程学院,本科,2022,就业,江苏东成机电工具有限公司,1
工程学部,机械与运载工程学院,本科,2022,就业,浙江凯乐士科技集团股份有限公司,1
工程学部,机械与运载工程学院,本科,2022,选调生,中共重庆市丰都县委组织部,1
工程学部,机械与运载工程学院,本科,2022,就业,萨固密(中国)投资有限公司,1
工程学部,机械与运载工程学院,本科,2022,升学,大连理工大学,1
工程学部,机械与运载工程学院,本科,2022,升学,南京理工大学,1
工程学部,机械与运载工程学院,本科,2022,就业,东风柳州汽车有限公司,1
工程学部,机械与运载工程学院,本科,2022,升学,湖南大学,1
工程学部,机械与运载工程学院,本科,2022,就业,广西柳工机械股份有限公司,1
工程学部,机械与运载工程学院,本科,2022,就业,广东德赛矽镨技术有限公司,1
工程学部,机械与运载工程学院,本科,2022,就业,中铁隧道股份有限公司,1
工程学部,机械与运载工程学院,本科,2022,就业,闻泰科技(深圳)有限公司,1
工程学部,机械与运载工程学院,本科,2022,就业,东方电气集团东方电机有限公司,1
工程学部,机械与运载工程学院,本科,2022,出国(境)留学或工作,谢菲尔德大学,1
工程学部,机械与运载工程学院,本科,2022,就业,湖北三江航天险峰电子信息有限公司,1
工程学部,机械与运载工程学院,本科,2022,就业,人本集团有限公司,1
工程学部,机械与运载工程学院,本科,2022,出国(境)留学或工作,南安普敦大学,1
工程学部,机械与运载工程学院,本科,2022,就业,TCL华星光电技术有限公司,1
工程学部,机械与运载工程学院,本科,2022,就业,中铁电气化局集团西安电气化工程有限公司,1
工程学部,机械与运载工程学院,本科,2022,就业,北京亚控科技发展有限公司,1
工程学部,机械与运载工程学院,本科,2022,升学,南京航空航天大学,1
工程学部,机械与运载工程学院,本科,2022,就业,麦吉太文(北京)科技有限公司,1
工程学部,机械与运载工程学院,本科,2022,就业,江苏时代新能源科技有限公司,1
工程学部,机械与运载工程学院,本科,2022,就业,紫光长存(上海)集成电路有限公司,1
工程学部,机械与运载工程学院,本科,2022,出国(境)留学或工作,慕尼黑工业大学,1
工程学部,机械与运载工程学院,本科,2022,升学,天津大学,1
工程学部,机械与运载工程学院,本科,2022,就业,贵州航天电器股份有限公司,1
工程学部,机械与运载工程学院,本科,2022,就业,成都京东方光电科技有限公司,1
工程学部,机械与运载工程学院,本科,2022,升学,北京航空航天大学,1
工程学部,机械与运载工程学院,本科,2022,就业,中国电子科技集团公司第二十九研究所,1
工程学部,机械与运载工程学院,本科,2022,升学,北京邮电大学,1
工程学部,机械与运载工程学院,硕士,2022,就业,上海华为技术有限公司,21
工程学部,机械与运载工程学院,硕士,2022,就业,华为技术有限公司,16
工程学部,机械与运载工程学院,硕士,2022,升学,重庆大学,15
工程学部,机械与运载工程学院,硕士,2022,就业,重庆长安汽车股份有限公司,14
工程学部,机械与运载工程学院,硕士,2022,就业,重庆长安新能源汽车科技有限公司,11
工程学部,机械与运载工程学院,硕士,2022,选调生,中国共产党重庆市委员会组织部,8
工程学部,机械与运载工程学院,硕士,2022,就业,成都华为技术有限公司,7
工程学部,机械与运载工程学院,硕士,2022,就业,北京亚控科技发展有限公司,7
工程学部,机械与运载工程学院,硕士,2022,就业,荣耀终端有限公司,7
工程学部,机械与运载工程学院,硕士,2022,就业,杭州海康威视数字技术股份有限公司,6
工程学部,机械与运载工程学院,硕士,2022,就业,上海汽车集团股份有限公司技术中心,6
工程学部,机械与运载工程学院,硕士,2022,就业,重庆长安汽车软件科技有限公司,6
工程学部,机械与运载工程学院,硕士,2022,就业,深圳市大疆创新科技有限公司,5
工程学部,机械与运载工程学院,硕士,2022,就业,维沃移动通信有限公司,5
工程学部,机械与运载工程学院,硕士,2022,就业,深圳麦克韦尔科技有限公司,4
工程学部,机械与运载工程学院,硕士,2022,选调生,中国共产党内江市委员会组织部,4
工程学部,机械与运载工程学院,硕士,2022,就业,深圳虾皮信息科技有限公司,4
工程学部,机械与运载工程学院,硕士,2022,就业,中国航空工业集团公司洛阳电光设备研究所,4
工程学部,机械与运载工程学院,硕士,2022,就业,中国电子科技集团公司第二十九研究所,4
工程学部,机械与运载工程学院,硕士,2022,就业,中冶赛迪集团有限公司,4
工程学部,机械与运载工程学院,硕士,2022,就业,广州小鹏汽车科技有限公司,4
工程学部,机械与运载工程学院,硕士,2022,就业,广州汽车集团股份有限公司汽车工程研究院,3
工程学部,机械与运载工程学院,硕士,2022,就业,普联技术有限公司,3
工程学部,机械与运载工程学院,硕士,2022,就业,小米通讯技术有限公司,3
工程学部,机械与运载工程学院,硕士,2022,就业,北京小米移动软件有限公司上海分公司,3
工程学部,机械与运载工程学院,硕士,2022,就业,中电科技集团重庆声光电有限公司,3
工程学部,机械与运载工程学院,硕士,2022,就业,中兴通讯股份有限公司,3
工程学部,机械与运载工程学院,硕士,2022,就业,深圳开立生物医疗科技股份有限公司,3
工程学部,机械与运载工程学院,硕士,2022,就业,重庆小康工业集团股份有限公司,3
工程学部,机械与运载工程学院,硕士,2022,就业,上汽大众汽车有限公司,3
工程学部,机械与运载工程学院,硕士,2022,就业,西安荣耀终端有限公司,3
工程学部,机械与运载工程学院,硕士,2022,就业,成都市联洲国际技术有限公司,3
工程学部,机械与运载工程学院,硕士,2022,就业,上海理想汽车科技有限公司,3
工程学部,机械与运载工程学院,硕士,2022,就业,中冶赛迪重庆信息技术有限公司,3
工程学部,机械与运载工程学院,硕士,2022,选调生,中共德阳市委组织部,2
工程学部,机械与运载工程学院,硕士,2022,就业,特斯拉(上海)有限公司,2
工程学部,机械与运载工程学院,硕士,2022,就业,贝壳找房(北京)科技有限公司,2
工程学部,机械与运载工程学院,硕士,2022,就业,江西洪都航空工业集团有限责任公司,2
工程学部,机械与运载工程学院,硕士,2022,就业,中车株洲电力机车研究所有限公司,2
工程学部,机械与运载工程学院,硕士,2022,就业,中冶赛迪技术研究中心有限公司,2
工程学部,机械与运载工程学院,硕士,2022,就业,中航光电科技股份有限公司,2
工程学部,机械与运载工程学院,硕士,2022,就业,襄阳达安汽车检测中心有限公司,2
工程学部,机械与运载工程学院,硕士,2022,就业,深圳迈瑞生物医疗电子股份有限公司,2
工程学部,机械与运载工程学院,硕士,2022,就业,联合微电子中心有限责任公司,2
工程学部,机械与运载工程学院,硕士,2022,就业,阳光电源股份有限公司,2
工程学部,机械与运载工程学院,硕士,2022,就业,成都大华智联信息技术有限公司,2
工程学部,机械与运载工程学院,硕士,2022,升学,浙江大学,2
工程学部,机械与运载工程学院,硕士,2022,就业,西安华为技术有限公司,2
工程学部,机械与运载工程学院,硕士,2022,就业,中国电子科技集团公司第十研究所,2
工程学部,机械与运载工程学院,硕士,2022,就业,深圳市汇川技术股份有限公司,2
工程学部,机械与运载工程学院,硕士,2022,就业,浙江晶盛机电股份有限公司,2
工程学部,机械与运载工程学院,硕士,2022,就业,航天时代飞鸿技术有限公司,2
工程学部,机械与运载工程学院,硕士,2022,就业,上海随训通电子科技有限公司,2
工程学部,机械与运载工程学院,硕士,2022,就业,中国航空工业集团公司西安飞机设计研究所,2
工程学部,机械与运载工程学院,硕士,2022,就业,上海中兴软件有限责任公司,2
工程学部,机械与运载工程学院,硕士,2022,就业,贵州航天电器股份有限公司,2
工程学部,机械与运载工程学院,硕士,2022,就业,珠海格力电器股份有限公司,2
工程学部,机械与运载工程学院,硕士,2022,就业,成都奕斯伟集成电路有限公司,2
工程学部,机械与运载工程学院,硕士,2022,选调生,中共成都市委组织部,2
工程学部,机械与运载工程学院,硕士,2022,就业,广州小鹏自动驾驶科技有限公司,2
工程学部,机械与运载工程学院,硕士,2022,就业,北京罗克维尔斯科技有限公司,2
工程学部,机械与运载工程学院,硕士,2022,升学,同济大学,2
工程学部,机械与运载工程学院,硕士,2022,就业,极氪汽车(宁波杭州湾新区)有限公司,2
工程学部,机械与运载工程学院,硕士,2022,就业,驭势(上海)汽车科技有限公司,2
工程学部,机械与运载工程学院,硕士,2022,就业,一汽—大众汽车有限公司,2
工程学部,机械与运载工程学院,硕士,2022,就业,中国重型汽车集团有限公司,2
工程学部,机械与运载工程学院,硕士,2022,就业,重庆美的通用制冷设备有限公司,2
工程学部,机械与运载工程学院,硕士,2022,就业,联合汽车电子有限公司,2
工程学部,机械与运载工程学院,硕士,2022,就业,摩尔线程智能科技(成都)有限责任公司,2
工程学部,机械与运载工程学院,硕士,2022,就业,比亚迪汽车工业有限公司,2
工程学部,机械与运载工程学院,硕士,2022,就业,北京三快在线科技有限公司,2
工程学部,机械与运载工程学院,硕士,2022,就业,阿里巴巴(中国)网络技术有限公司,2
工程学部,机械与运载工程学院,硕士,2022,就业,联发芯软件设计(成都)有限公司,1
工程学部,机械与运载工程学院,硕士,2022,就业,池州学院,1
工程学部,机械与运载工程学院,硕士,2022,就业,湖南湘泓再生资源回收有限公司,1
工程学部,机械与运载工程学院,硕士,2022,就业,中国核动力研究设计院,1
工程学部,机械与运载工程学院,硕士,2022,就业,湖北三江航天险峰电子信息有限公司,1
工程学部,机械与运载工程学院,硕士,2022,就业,四川航天系统工程研究所,1
工程学部,机械与运载工程学院,硕士,2022,就业,天津直升机研发中心,1
工程学部,机械与运载工程学院,硕士,2022,就业,华为技术有限公司西安研究所,1
工程学部,机械与运载工程学院,硕士,2022,升学,哈尔滨工业大学,1
工程学部,机械与运载工程学院,硕士,2022,就业,深圳综合粒子设施研究院,1
工程学部,机械与运载工程学院,硕士,2022,就业,中国航空工业集团公司金城南京机电液压工程研究中心,1
工程学部,机械与运载工程学院,硕士,2022,就业,北京京东世纪贸易有限公司,1
工程学部,机械与运载工程学院,硕士,2022,选调生,中共南昌市委组织部,1
工程学部,机械与运载工程学院,硕士,2022,升学,华中科技大学,1
工程学部,机械与运载工程学院,硕士,2022,出国(境)留学或工作,多伦多大学,1
工程学部,机械与运载工程学院,硕士,2022,升学,北京大学,1
工程学部,机械与运载工程学院,硕士,2022,出国(境)留学或工作,凯斯西储大学,1
工程学部,机械与运载工程学院,硕士,2022,就业,湖北航天飞行器研究所,1
工程学部,机械与运载工程学院,硕士,2022,就业,湖北三江航天红峰控制有限公司,1
工程学部,机械与运载工程学院,硕士,2022,就业,广东博智林机器人有限公司,1
工程学部,机械与运载工程学院,硕士,2022,就业,深圳小米通讯技术有限公司,1
工程学部,机械与运载工程学院,硕士,2022,就业,西安奥比拓疆科技有限公司,1
工程学部,机械与运载工程学院,硕士,2022,就业,广联达数字科技(重庆)有限公司,1
工程学部,机械与运载工程学院,硕士,2022,就业,重庆红宇精密工业集团有限公司,1
工程学部,机械与运载工程学院,硕士,2022,就业,中国航空工业集团公司成都飞机设计研究所,1
工程学部,机械与运载工程学院,硕士,2022,就业,深圳佰维存储科技股份有限公司,1
工程学部,机械与运载工程学院,硕士,2022,就业,重庆兰德适普信息科技有限公司,1
工程学部,机械与运载工程学院,硕士,2022,就业,重庆科华安全设备有限责任公司,1
工程学部,机械与运载工程学院,硕士,2022,就业,武汉联影智融医疗科技有限公司,1
工程学部,机械与运载工程学院,硕士,2022,升学,中国铁道科学研究院,1
工程学部,机械与运载工程学院,硕士,2022,就业,寒武纪行歌(南京)科技有限公司,1
工程学部,机械与运载工程学院,硕士,2022,就业,歌尔股份有限公司,1
工程学部,机械与运载工程学院,硕士,2022,就业,中国航发贵阳发动机设计研究所,1
工程学部,机械与运载工程学院,硕士,2022,就业,哈尔滨工业大学重庆研究院,1
工程学部,机械与运载工程学院,硕士,2022,就业,中车青岛四方车辆研究所有限公司,1
工程学部,机械与运载工程学院,硕士,2022,选调生,中共重庆市委组织部,1
工程学部,机械与运载工程学院,硕士,2022,就业,南充三环电子有限公司,1
工程学部,机械与运载工程学院,硕士,2022,就业,北京兆易创新科技股份有限公司,1
工程学部,机械与运载工程学院,硕士,2022,就业,重庆真测科技股份有限公司,1
工程学部,机械与运载工程学院,硕士,2022,升学,中山大学,1
工程学部,机械与运载工程学院,硕士,2022,就业,中国电子科技集团公司第三十研究所,1
工程学部,机械与运载工程学院,硕士,2022,就业,成都四威高科技产业园有限公司,1
工程学部,机械与运载工程学院,硕士,2022,就业,招银网络科技(杭州)有限公司,1
工程学部,机械与运载工程学院,硕士,2022,就业,西门子(中国)有限公司成都软件开发分公司,1
工程学部,机械与运载工程学院,硕士,2022,就业,上海电气电站设备有限公司上海汽轮机厂,1
工程学部,机械与运载工程学院,硕士,2022,就业,成都成飞航空产业发展有限责任公司,1
工程学部,机械与运载工程学院,硕士,2022,就业,中国工程物理研究院材料研究所,1
工程学部,机械与运载工程学院,硕士,2022,选调生,中国共产党宜宾市委员会组织部,1
工程学部,机械与运载工程学院,硕士,2022,就业,成都飞机工业(集团)有限责任公司,1
工程学部,机械与运载工程学院,硕士,2022,就业,重庆朗正科技有限公司,1
工程学部,机械与运载工程学院,硕士,2022,就业,重庆川仪软件有限公司,1
工程学部,机械与运载工程学院,硕士,2022,就业,昆明船舶设备集团有限公司,1
工程学部,机械与运载工程学院,硕士,2022,就业,重庆川仪自动化股份有限公司执行器分公司,1
工程学部,机械与运载工程学院,硕士,2022,就业,上海商汤临港智能科技有限公司,1
工程学部,机械与运载工程学院,硕士,2022,就业,四川航天川南火工技术有限公司,1
工程学部,机械与运载工程学院,硕士,2022,就业,谱瑞集成电路(上海)有限公司,1
工程学部,机械与运载工程学院,硕士,2022,就业,中科微至智能制造科技江苏股份有限公司,1
工程学部,机械与运载工程学院,硕士,2022,就业,重庆今日头条科技有限公司,1
工程学部,机械与运载工程学院,硕士,2022,就业,重庆川仪十七厂有限公司,1
工程学部,机械与运载工程学院,硕士,2022,就业,成都联想信息技术有限公司,1
工程学部,机械与运载工程学院,硕士,2022,就业,深信服科技股份有限公司,1
工程学部,机械与运载工程学院,硕士,2022,就业,蚂蚁智信(杭州)信息技术有限公司,1
工程学部,机械与运载工程学院,硕士,2022,就业,重庆嘉陵华光光电科技有限公司,1
工程学部,机械与运载工程学院,硕士,2022,就业,TCL华星光电技术有限公司,1
工程学部,机械与运载工程学院,硕士,2022,就业,杭州海康机器人技术有限公司西安研发分公司,1
工程学部,机械与运载工程学院,硕士,2022,就业,中国工程物理研究院激光聚变研究中心,1
工程学部,机械与运载工程学院,硕士,2022,就业,上海寻梦信息技术有限公司,1
工程学部,机械与运载工程学院,硕士,2022,就业,中国航发四川燃气涡轮研究院,1
工程学部,机械与运载工程学院,硕士,2022,就业,中国船舶重工集团公司七五0试验场,1
工程学部,机械与运载工程学院,硕士,2022,就业,先进科技(中国)有限公司,1
工程学部,机械与运载工程学院,硕士,2022,就业,腾讯科技(深圳)有限公司,1
工程学部,机械与运载工程学院,硕士,2022,就业,南京电子工程研究所(中国电子科技集团公司第二十八研究所),1
工程学部,机械与运载工程学院,硕士,2022,就业,南京晨光集团有限责任公司,1
工程学部,机械与运载工程学院,硕士,2022,升学,西北工业大学,1
工程学部,机械与运载工程学院,硕士,2022,就业,上海浦东发展银行股份有限公司成都分行,1
工程学部,机械与运载工程学院,硕士,2022,就业,中国航空工业集团公司雷华电子技术研究所,1
工程学部,机械与运载工程学院,硕士,2022,就业,福建省三钢(集团)有限责任公司,1
工程学部,机械与运载工程学院,硕士,2022,就业,招商局重庆交通科研设计院有限公司,1
工程学部,机械与运载工程学院,硕士,2022,就业,中共黔江区委组织部,1
工程学部,机械与运载工程学院,硕士,2022,就业,度小满科技(北京)有限公司,1
工程学部,机械与运载工程学院,硕士,2022,就业,重庆望变电气(集团)股份有限公司,1
工程学部,机械与运载工程学院,硕士,2022,就业,上海远景科创智能科技有限公司,1
工程学部,机械与运载工程学院,硕士,2022,就业,青岛海尔人力资源开发有限公司,1
工程学部,机械与运载工程学院,硕士,2022,就业,海信集团控股股份有限公司,1
工程学部,机械与运载工程学院,硕士,2022,就业,苏州汇川联合动力系统有限公司,1
工程学部,机械与运载工程学院,硕士,2022,就业,宁波绿动氢能科技研究院有限公司,1
工程学部,机械与运载工程学院,硕士,2022,就业,中国农业银行股份有限公司湖北省分行,1
工程学部,机械与运载工程学院,硕士,2022,出国(境)留学或工作,诺丁汉大学,1
工程学部,机械与运载工程学院,硕士,2022,就业,杭州海康威视数字技术股份有限公司武汉研发中心,1
工程学部,机械与运载工程学院,硕士,2022,就业,中国航发湖南动力机械研究所,1
工程学部,机械与运载工程学院,硕士,2022,就业,绿盟科技集团股份有限公司,1
工程学部,机械与运载工程学院,硕士,2022,就业,招商局检测车辆技术研究院有限公司,1
工程学部,机械与运载工程学院,硕士,2022,就业,汇顶科技(成都)有限责任公司,1
工程学部,机械与运载工程学院,硕士,2022,就业,重庆钢铁股份有限公司,1
工程学部,机械与运载工程学院,硕士,2022,就业,重庆中兴软件有限责任公司,1
工程学部,机械与运载工程学院,硕士,2022,就业,展讯半导体(成都)有限公司,1
工程学部,机械与运载工程学院,硕士,2022,就业,重庆长安工业(集团)有限责任公司,1
工程学部,机械与运载工程学院,硕士,2022,就业,成都凯天电子股份有限公司,1
工程学部,机械与运载工程学院,硕士,2022,就业,四川中科成光科技有限公司,1
工程学部,机械与运载工程学院,硕士,2022,就业,中国电子科技集团公司第九研究所,1
工程学部,机械与运载工程学院,硕士,2022,就业,用友网络科技股份有限公司,1
工程学部,机械与运载工程学院,硕士,2022,就业,中国人民解放军第五七一九工厂,1
工程学部,机械与运载工程学院,硕士,2022,就业,中国兵器装备集团自动化研究所,1
工程学部,机械与运载工程学院,硕士,2022,就业,四川省宜宾普什集团有限公司,1
工程学部,机械与运载工程学院,硕士,2022,就业,北京沃东天骏信息技术有限公司,1
工程学部,机械与运载工程学院,硕士,2022,就业,中国航发贵州黎阳航空发动机有限公司,1
工程学部,机械与运载工程学院,硕士,2022,就业,红云红河烟草(集团)有限责任公司昆明卷烟厂,1
工程学部,机械与运载工程学院,硕士,2022,就业,深圳美团科技有限公司,1
工程学部,机械与运载工程学院,硕士,2022,就业,重庆齿轮箱有限责任公司,1
工程学部,机械与运载工程学院,硕士,2022,就业,中汽院(重庆)汽车检测有限公司,1
工程学部,机械与运载工程学院,硕士,2022,就业,崇州市人民政府三江街道办事处,1
工程学部,机械与运载工程学院,硕士,2022,就业,广东美芝制冷设备有限公司,1
工程学部,机械与运载工程学院,硕士,2022,就业,上海仙途智能科技有限公司,1
工程学部,机械与运载工程学院,硕士,2022,选调生,中共扬州市委组织部,1
工程学部,机械与运载工程学院,硕士,2022,就业,上海友道智途科技有限公司,1
工程学部,机械与运载工程学院,硕士,2022,就业,烽火通信科技股份有限公司,1
工程学部,机械与运载工程学院,硕士,2022,就业,中国工程物理研究院电子工程研究所,1
工程学部,机械与运载工程学院,硕士,2022,就业,东风汽车集团有限公司,1
工程学部,机械与运载工程学院,硕士,2022,就业,比亚迪汽车有限公司,1
工程学部,机械与运载工程学院,硕士,2022,就业,哈尔滨新区第三学校,1
工程学部,机械与运载工程学院,硕士,2022,就业,零束科技有限公司,1
工程学部,机械与运载工程学院,硕士,2022,就业,浪潮集团有限公司,1
工程学部,机械与运载工程学院,硕士,2022,就业,海联智想科技有限公司,1
工程学部,机械与运载工程学院,硕士,2022,就业,上海蔚来汽车有限公司,1
工程学部,机械与运载工程学院,硕士,2022,就业,郑州宇通集团有限公司,1
工程学部,机械与运载工程学院,硕士,2022,就业,天津经纬恒润科技有限公司,1
工程学部,机械与运载工程学院,硕士,2022,选调生,中共宁波市委组织部,1
工程学部,机械与运载工程学院,硕士,2022,就业,李斯特技术中心(上海)有限公司,1
工程学部,机械与运载工程学院,硕士,2022,就业,比亚迪股份有限公司,1
工程学部,机械与运载工程学院,硕士,2022,选调生,中共铜仁市委组织部,1
工程学部,机械与运载工程学院,硕士,2022,选调生,中共黔西南州委组织部,1
工程学部,机械与运载工程学院,硕士,2022,就业,中联盛世文化(北京)有限公司,1
工程学部,机械与运载工程学院,硕士,2022,就业,石柱县道路运输事务中心,1
工程学部,机械与运载工程学院,硕士,2022,选调生,中共重庆市璧山区委组织部,1
工程学部,机械与运载工程学院,硕士,2022,就业,上海汽车集团股份有限公司零束软件分公司,1
工程学部,机械与运载工程学院,硕士,2022,就业,东方日立(成都)电控设备有限公司,1
工程学部,机械与运载工程学院,硕士,2022,就业,武汉路特斯科技有限公司,1
工程学部,机械与运载工程学院,硕士,2022,就业,国家智能网联汽车创新中心,1
工程学部,机械与运载工程学院,硕士,2022,就业,常州经济开发区人才服务中心,1
工程学部,机械与运载工程学院,硕士,2022,就业,成都海康威视数字技术有限公司,1
工程学部,机械与运载工程学院,硕士,2022,就业,宁德时代新能源科技股份有限公司,1
工程学部,机械与运载工程学院,硕士,2022,出国(境)留学或工作,德克萨斯大学奥斯汀分校,1
工程学部,机械与运载工程学院,硕士,2022,就业,奇心(上海)信息技术有限公司,1
工程学部,机械与运载工程学院,硕士,2022,选调生,中华全国工商业联合会,1
工程学部,机械与运载工程学院,硕士,2022,出国(境)留学或工作,香港科技大学,1
工程学部,机械与运载工程学院,硕士,2022,就业,江苏中博通信有限公司,1
工程学部,机械与运载工程学院,硕士,2022,就业,中国船舶集团有限公司系统工程研究院,1
工程学部,机械与运载工程学院,硕士,2022,就业,苏州华为技术研发有限公司,1
工程学部,机械与运载工程学院,硕士,2022,就业,中汽院智能网联科技有限公司,1
工程学部,机械与运载工程学院,硕士,2022,就业,武汉欧珀技术服务有限公司,1
工程学部,机械与运载工程学院,硕士,2022,就业,重庆理想汽车有限公司常州分公司,1
工程学部,机械与运载工程学院,硕士,2022,就业,阿里云计算有限公司,1
工程学部,机械与运载工程学院,硕士,2022,就业,紫光展锐(重庆)科技有限公司,1
工程学部,机械与运载工程学院,硕士,2022,就业,成都不亦说乎科技有限公司,1
工程学部,机械与运载工程学院,硕士,2022,就业,北京经纬恒润科技股份有限公司成都分公司,1
工程学部,机械与运载工程学院,硕士,2022,就业,云南北方光电仪器有限公司,1
工程学部,机械与运载工程学院,硕士,2022,就业,中国飞行试验研究院,1
工程学部,机械与运载工程学院,硕士,2022,就业,杭州拉扎斯信息科技有限公司,1
工程学部,机械与运载工程学院,硕士,2022,就业,上海小鹏汽车科技有限公司,1
工程学部,机械与运载工程学院,硕士,2022,就业,四川九洲空管科技有限责任公司,1
工程学部,机械与运载工程学院,硕士,2022,就业,北京轻舟智航科技有限公司,1
工程学部,机械与运载工程学院,硕士,2022,就业,深圳市汇川技术股份有限公司西安分公司,1
工程学部,机械与运载工程学院,硕士,2022,就业,西安电子工程研究所,1
工程学部,机械与运载工程学院,硕士,2022,就业,广州小鹏新能源汽车有限公司,1
工程学部,机械与运载工程学院,硕士,2022,就业,江苏满运物流信息有限公司,1
工程学部,机械与运载工程学院,硕士,2022,就业,攀钢集团研究院有限公司,1
工程学部,机械与运载工程学院,硕士,2022,就业,北京华为数字技术有限公司,1
工程学部,机械与运载工程学院,硕士,2022,选调生,中共黑龙江省委组织部,1
工程学部,机械与运载工程学院,硕士,2022,就业,厦门士兰集科微电子有限公司,1
工程学部,机械与运载工程学院,硕士,2022,就业,大众汽车(安徽)有限公司,1
工程学部,机械与运载工程学院,硕士,2022,就业,洋浦经济开发区交通运输和港航局,1
工程学部,机械与运载工程学院,硕士,2022,选调生,中共贵阳市委组织部,1
工程学部,机械与运载工程学院,硕士,2022,就业,顺丰科技有限公司,1
工程学部,机械与运载工程学院,硕士,2022,就业,长安福特汽车有限公司,1
工程学部,机械与运载工程学院,硕士,2022,就业,重庆美的制冷设备有限公司,1
工程学部,机械与运载工程学院,硕士,2022,就业,嘉兴山蒲照明电器有限公司,1
工程学部,机械与运载工程学院,硕士,2022,就业,广州蓝月亮实业有限公司,1
工程学部,机械与运载工程学院,硕士,2022,就业,重庆机场集团有限公司,1
工程学部,机械与运载工程学院,硕士,2022,就业,北京蚂蚁云金融信息服务有限公司,1
工程学部,机械与运载工程学院,硕士,2022,就业,浙江天猫技术有限公司,1
工程学部,机械与运载工程学院,硕士,2022,选调生,中国共产党宁波市奉化区委员会组织部,1
工程学部,机械与运载工程学院,硕士,2022,选调生,广西壮族自治区党委组织部,1
工程学部,机械与运载工程学院,硕士,2022,就业,中国电信股份有限公司重庆分公司,1
工程学部,机械与运载工程学院,硕士,2022,就业,浙江中控技术股份有限公司,1
工程学部,机械与运载工程学院,硕士,2022,就业,浙江菜鸟传橙网络技术有限公司,1
工程学部,机械与运载工程学院,硕士,2022,就业,江苏时代新能源科技有限公司,1
工程学部,机械与运载工程学院,硕士,2022,就业,宁德新能源科技有限公司,1
工程学部,机械与运载工程学院,硕士,2022,就业,国家税务总局北京市税务局,1
工程学部,机械与运载工程学院,硕士,2022,就业,科大讯飞股份有限公司,1
工程学部,机械与运载工程学院,硕士,2022,就业,新华三技术有限公司,1
工程学部,机械与运载工程学院,硕士,2022,就业,中国航空工业集团公司西安航空计算技术研究所,1
工程学部,机械与运载工程学院,硕士,2022,选调生,中国共产党德阳市委员会组织部,1
工程学部,机械与运载工程学院,硕士,2022,就业,中国电子科技集团公司第五十五研究所,1
工程学部,机械与运载工程学院,硕士,2022,出国(境)留学或工作,香港理工大学,1
工程学部,机械与运载工程学院,硕士,2022,就业,高创(苏州)电子有限公司,1
工程学部,机械与运载工程学院,硕士,2022,就业,成都卫士通信息产业股份有限公司,1
工程学部,机械与运载工程学院,硕士,2022,就业,时代上汽动力电池有限公司,1
工程学部,机械与运载工程学院,硕士,2022,就业,四川腾盾科创股份有限公司,1
工程学部,机械与运载工程学院,硕士,2022,就业,中移物联网有限公司,1
工程学部,机械与运载工程学院,博士,2022,就业,重庆工商大学,5
工程学部,机械与运载工程学院,博士,2022,就业,重庆理工大学,3
工程学部,机械与运载工程学院,博士,2022,就业,重庆大学,2
工程学部,机械与运载工程学院,博士,2022,就业,重庆科技学院,2
工程学部,机械与运载工程学院,博士,2022,就业,中国汽车工程研究院股份有限公司,2
工程学部,机械与运载工程学院,博士,2022,就业,重庆工程职业技术学院,2
工程学部,机械与运载工程学院,博士,2022,就业,重庆电子工程职业学院,2
工程学部,机械与运载工程学院,博士,2022,就业,上海华为技术有限公司,2
工程学部,机械与运载工程学院,博士,2022,就业,河北工程大学,1
工程学部,机械与运载工程学院,博士,2022,就业,西南交通大学,1
工程学部,机械与运载工程学院,博士,2022,就业,成都大学,1
工程学部,机械与运载工程学院,博士,2022,就业,上海友道智途科技有限公司,1
工程学部,机械与运载工程学院,博士,2022,就业,机械工业仪器仪表综合技术经济研究所,1
工程学部,机械与运载工程学院,博士,2022,就业,华东交通大学,1
工程学部,机械与运载工程学院,博士,2022,就业,烟台大学,1
工程学部,机械与运载工程学院,博士,2022,就业,深圳职业技术学院,1
工程学部,机械与运载工程学院,博士,2022,就业,安徽工业大学,1
工程学部,机械与运载工程学院,博士,2022,就业,湖北汽车工业学院,1
工程学部,机械与运载工程学院,博士,2022,就业,重庆文理学院,1
工程学部,机械与运载工程学院,博士,2022,就业,贵州师范大学,1
工程学部,机械与运载工程学院,博士,2022,就业,中航西安飞机工业集团股份有限公司,1
工程学部,机械与运载工程学院,博士,2022,就业,重庆长安汽车软件科技有限公司,1
工程学部,机械与运载工程学院,博士,2022,就业,广西大学,1
工程学部,机械与运载工程学院,博士,2022,就业,洛阳师范学院,1
工程学部,机械与运载工程学院,博士,2022,就业,重庆工业职业技术学院,1
工程学部,机械与运载工程学院,博士,2022,就业,杭州师范大学,1
工程学部,机械与运载工程学院,博士,2022,就业,滨州学院,1
工程学部,机械与运载工程学院,博士,2022,就业,洛阳理工学院,1
工程学部,机械与运载工程学院,博士,2022,出国(境)留学或工作,斯坦福大学,1
工程学部,机械与运载工程学院,博士,2022,就业,潍坊学院,1
工程学部,机械与运载工程学院,博士,2022,就业,安徽农业大学,1
工程学部,机械与运载工程学院,博士,2022,出国(境)留学或工作,布兰迪斯大学,1
工程学部,机械与运载工程学院,博士,2022,就业,中国电子科技集团公司第十研究所,1
工程学部,机械与运载工程学院,博士,2022,就业,上海ABB工程有限公司,1
工程学部,机械与运载工程学院,博士,2022,就业,重庆邮电大学,1
工程学部,机械与运载工程学院,博士,2022,就业,清华大学,1
工程学部,机械与运载工程学院,博士,2022,就业,季华实验室,1
工程学部,机械与运载工程学院,博士,2022,就业,西南大学,1
工程学部,机械与运载工程学院,本科,2023,升学,重庆大学,70
工程学部,机械与运载工程学院,本科,2023,升学,西安交通大学,28
工程学部,机械与运载工程学院,本科,2023,就业,比亚迪股份有限公司,18
工程学部,机械与运载工程学院,本科,2023,升学,华中科技大学,12
工程学部,机械与运载工程学院,本科,2023,升学,同济大学,12
工程学部,机械与运载工程学院,本科,2023,升学,上海交通大学,10
工程学部,机械与运载工程学院,本科,2023,就业,重庆长安汽车股份有限公司,8
工程学部,机械与运载工程学院,本科,2023,就业,宁德时代新能源科技股份有限公司,7
工程学部,机械与运载工程学院,本科,2023,就业,华为技术有限公司,6
工程学部,机械与运载工程学院,本科,2023,就业,株洲时代新材料科技股份有限公司,6
工程学部,机械与运载工程学院,本科,2023,就业,赛力斯汽车有限公司,6
工程学部,机械与运载工程学院,本科,2023,就业,中车株洲电力机车有限公司,5
工程学部,机械与运载工程学院,本科,2023,升学,东南大学,5
工程学部,机械与运载工程学院,本科,2023,就业,重庆药友制药有限责任公司,4
工程学部,机械与运载工程学院,本科,2023,就业,潍柴动力股份有限公司,4
工程学部,机械与运载工程学院,本科,2023,就业,中国航发动力股份有限公司,3
工程学部,机械与运载工程学院,本科,2023,就业,中车株洲电力机车研究所有限公司,3
工程学部,机械与运载工程学院,本科,2023,就业,中国长安汽车集团有限公司重庆底盘系统分公司,3
工程学部,机械与运载工程学院,本科,2023,就业,东风汽车集团股份有限公司,3
工程学部,机械与运载工程学院,本科,2023,就业,重庆万盛福耀玻璃有限公司,3
工程学部,机械与运载工程学院,本科,2023,就业,重油高科电控燃油喷射系统(重庆)有限公司,3
工程学部,机械与运载工程学院,本科,2023,就业,中国重型汽车集团有限公司,3
工程学部,机械与运载工程学院,本科,2023,就业,中国第一汽车股份有限公司,3
工程学部,机械与运载工程学院,本科,2023,就业,深圳吉阳智能科技有限公司,3
工程学部,机械与运载工程学院,本科,2023,就业,东方电气集团东方汽轮机有限公司,3
工程学部,机械与运载工程学院,本科,2023,升学,北京理工大学,3
工程学部,机械与运载工程学院,本科,2023,升学,哈尔滨工业大学,3
工程学部,机械与运载工程学院,本科,2023,升学,浙江大学,3
工程学部,机械与运载工程学院,本科,2023,就业,宁德时代润智软件科技有限公司,3
工程学部,机械与运载工程学院,本科,2023,就业,贵州航天电器股份有限公司,3
工程学部,机械与运载工程学院,本科,2023,就业,重庆长安望江工业集团有限公司,2
工程学部,机械与运载工程学院,本科,2023,就业,上海汽车集团股份有限公司技术中心,2
工程学部,机械与运载工程学院,本科,2023,出国(境)留学或工作,香港大学,2
工程学部,机械与运载工程学院,本科,2023,就业,中建一局华江建设有限公司,2
工程学部,机械与运载工程学院,本科,2023,就业,中车资阳机车有限公司,2
工程学部,机械与运载工程学院,本科,2023,就业,郑州宇通集团有限公司,2
工程学部,机械与运载工程学院,本科,2023,出国(境)留学或工作,新加坡国立大学,2
工程学部,机械与运载工程学院,本科,2023,就业,长安福特汽车有限公司,2
工程学部,机械与运载工程学院,本科,2023,就业,阿维塔科技(重庆)有限公司,2
工程学部,机械与运载工程学院,本科,2023,就业,东方电气(广州)重型机器有限公司,2
工程学部,机械与运载工程学院,本科,2023,就业,中广核工程有限公司,2
工程学部,机械与运载工程学院,本科,2023,升学,北京航空航天大学,2
工程学部,机械与运载工程学院,本科,2023,就业,中建西部建设股份有限公司,2
工程学部,机械与运载工程学院,本科,2023,就业,陕西法士特汽车传动集团有限责任公司,2
工程学部,机械与运载工程学院,本科,2023,出国(境)留学或工作,莫纳什大学,2
工程学部,机械与运载工程学院,本科,2023,就业,上海理想汽车科技有限公司,2
工程学部,机械与运载工程学院,本科,2023,升学,华南理工大学,2
工程学部,机械与运载工程学院,本科,2023,就业,三门核电有限公司,2
工程学部,机械与运载工程学院,本科,2023,就业,重庆清平机械有限责任公司,2
工程学部,机械与运载工程学院,本科,2023,就业,中建科工集团有限公司,1
工程学部,机械与运载工程学院,本科,2023,就业,重庆冠宇电池有限公司,1
工程学部,机械与运载工程学院,本科,2023,就业,重庆长安新能源汽车科技有限公司,1
工程学部,机械与运载工程学院,本科,2023,就业,云南电网有限责任公司昆明供电局,1
工程学部,机械与运载工程学院,本科,2023,就业,四川新川航空仪器有限责任公司,1
工程学部,机械与运载工程学院,本科,2023,就业,蔚来汽车(安徽)有限公司,1
工程学部,机械与运载工程学院,本科,2023,就业,上汽通用五菱汽车股份有限公司,1
工程学部,机械与运载工程学院,本科,2023,升学,国防科学技术大学,1
工程学部,机械与运载工程学院,本科,2023,升学,上海大学,1
工程学部,机械与运载工程学院,本科,2023,升学,兰州大学,1
工程学部,机械与运载工程学院,本科,2023,选调生,广东省中山市石岐街道办事处,1
工程学部,机械与运载工程学院,本科,2023,就业,中芯集成电路制造(绍兴)有限公司,1
工程学部,机械与运载工程学院,本科,2023,就业,一汽解放汽车有限公司四川分公司,1
工程学部,机械与运载工程学院,本科,2023,就业,杭州海康威视数字技术股份有限公司,1
工程学部,机械与运载工程学院,本科,2023,就业,重庆建设工业(集团)有限责任公司,1
工程学部,机械与运载工程学院,本科,2023,出国(境)留学或工作,南洋理工大学,1
工程学部,机械与运载工程学院,本科,2023,就业,国网西藏电力有限公司日喀则供电公司,1
工程学部,机械与运载工程学院,本科,2023,就业,桂林福达股份有限公司,1
工程学部,机械与运载工程学院,本科,2023,就业,重庆青山工业有限责任公司,1
工程学部,机械与运载工程学院,本科,2023,就业,特变电工衡阳变压器有限公司,1
工程学部,机械与运载工程学院,本科,2023,选调生,中国共产党南充市委员会组织部,1
工程学部,机械与运载工程学院,本科,2023,就业,贵州航天林泉电机有限公司,1
工程学部,机械与运载工程学院,本科,2023,就业,广东海悟科技有限公司,1
工程学部,机械与运载工程学院,本科,2023,就业,东风本田发动机有限公司,1
工程学部,机械与运载工程学院,本科,2023,就业,西藏巨龙铜业有限公司,1
工程学部,机械与运载工程学院,本科,2023,就业,广东明阳电气股份有限公司,1
工程学部,机械与运载工程学院,本科,2023,就业,庆安集团有限公司,1
工程学部,机械与运载工程学院,本科,2023,升学,暨南大学,1
工程学部,机械与运载工程学院,本科,2023,就业,东方电气风电有限公司,1
工程学部,机械与运载工程学院,本科,2023,就业,中国建设银行西藏自治区分行,1
工程学部,机械与运载工程学院,本科,2023,就业,中铁重工有限公司,1
工程学部,机械与运载工程学院,本科,2023,就业,重庆凌达压缩机有限公司,1
工程学部,机械与运载工程学院,本科,2023,就业,广西柳工机械股份有限公司,1
工程学部,机械与运载工程学院,本科,2023,就业,中建八局第一建设有限公司,1
工程学部,机械与运载工程学院,本科,2023,就业,陕西汽车控股集团有限公司,1
工程学部,机械与运载工程学院,本科,2023,就业,重庆川仪自动化股份有限公司执行器分公司,1
工程学部,机械与运载工程学院,本科,2023,就业,重庆海尔洗衣机有限公司,1
工程学部,机械与运载工程学院,本科,2023,就业,中国水利水电第七工程局有限公司,1
工程学部,机械与运载工程学院,本科,2023,就业,北京广利核系统工程有限公司,1
工程学部,机械与运载工程学院,本科,2023,升学,南京理工大学,1
工程学部,机械与运载工程学院,本科,2023,就业,中国航发贵州黎阳航空动力有限公司,1
工程学部,机械与运载工程学院,本科,2023,就业,上海船用曲轴有限公司,1
工程学部,机械与运载工程学院,本科,2023,就业,重庆朝阳气体有限公司,1
工程学部,机械与运载工程学院,本科,2023,就业,上汽通用五菱汽车股份有限公司重庆分公司,1
工程学部,机械与运载工程学院,本科,2023,就业,国网新疆电力有限公司阿克苏供电公司,1
工程学部,机械与运载工程学院,本科,2023,就业,西北电力建设第三工程有限公司,1
工程学部,机械与运载工程学院,本科,2023,就业,成都飞机工业(集团)有限责任公司,1
工程学部,机械与运载工程学院,本科,2023,升学,太原理工大学,1
工程学部,机械与运载工程学院,本科,2023,就业,中建铁路投资建设集团有限公司,1
工程学部,机械与运载工程学院,本科,2023,升学,哈尔滨工业大学(深圳),1
工程学部,机械与运载工程学院,本科,2023,就业,隆基乐叶光伏科技有限公司,1
工程学部,机械与运载工程学院,本科,2023,就业,重庆嘉陵华光光电科技有限公司,1
工程学部,机械与运载工程学院,本科,2023,就业,上海电气电站设备有限公司上海汽轮机厂,1
工程学部,机械与运载工程学院,本科,2023,就业,中车眉山车辆有限公司,1
工程学部,机械与运载工程学院,本科,2023,就业,上海凯众材料科技股份有限公司,1
工程学部,机械与运载工程学院,本科,2023,升学,北京体育大学,1
工程学部,机械与运载工程学院,本科,2023,升学,厦门大学,1
工程学部,机械与运载工程学院,本科,2023,升学,北京邮电大学,1
工程学部,机械与运载工程学院,本科,2023,升学,清华大学,1
工程学部,机械与运载工程学院,本科,2023,选调生,中共眉山市委组织部,1
工程学部,机械与运载工程学院,本科,2023,升学,西北农林科技大学,1
工程学部,机械与运载工程学院,本科,2023,就业,合肥我们方田教育科技有限公司,1
工程学部,机械与运载工程学院,本科,2023,就业,武汉市硚口区市场监督管理局(武汉市硚口区知识产权局),1
工程学部,机械与运载工程学院,本科,2023,就业,武汉吉利汽车部件有限公司,1
工程学部,机械与运载工程学院,本科,2023,就业,广西玉柴机器股份有限公司,1
工程学部,机械与运载工程学院,本科,2023,就业,中广核核电运营有限公司,1
工程学部,机械与运载工程学院,本科,2023,出国(境)留学或工作,纽约大学,1
工程学部,机械与运载工程学院,本科,2023,选调生,中共重庆市忠县县委组织部,1
工程学部,机械与运载工程学院,本科,2023,就业,玉柴芯蓝新能源动力科技有限公司,1
工程学部,机械与运载工程学院,本科,2023,就业,吉利四川商用车有限公司,1
工程学部,机械与运载工程学院,本科,2023,就业,安徽盛达前亮铝业有限公司,1
工程学部,机械与运载工程学院,本科,2023,就业,浙江春风动力股份有限公司,1
工程学部,机械与运载工程学院,本科,2023,就业,重庆睿蓝汽车研究院有限公司,1
工程学部,机械与运载工程学院,本科,2023,就业,中车株洲电机有限公司,1
工程学部,机械与运载工程学院,本科,2023,就业,安徽江淮汽车集团股份有限公司,1
工程学部,机械与运载工程学院,本科,2023,出国(境)留学或工作,SAMU语言学校,1
工程学部,机械与运载工程学院,本科,2023,选调生,广西壮族自治区桂林市市场监督管理局,1
工程学部,机械与运载工程学院,本科,2023,就业,东风小康汽车有限公司,1
工程学部,机械与运载工程学院,本科,2023,升学,四川美术学院,1
工程学部,机械与运载工程学院,本科,2023,升学,中国美术学院,1
工程学部,机械与运载工程学院,本科,2023,就业,奇瑞商用车(安徽)有限公司,1
工程学部,机械与运载工程学院,本科,2023,选调生,中共铜仁市委组织部,1
工程学部,机械与运载工程学院,本科,2023,选调生,中共安徽省委组织部,1
工程学部,机械与运载工程学院,本科,2023,就业,成都航天模塑股份有限公司,1
工程学部,机械与运载工程学院,本科,2023,出国(境)留学或工作,比利时鲁汶大学,1
工程学部,机械与运载工程学院,本科,2023,升学,南京航天航空大学,1
工程学部,机械与运载工程学院,本科,2023,就业,北京经纬恒润科技股份有限公司成都分公司,1
工程学部,机械与运载工程学院,本科,2023,就业,大冶特殊钢有限公司,1
工程学部,机械与运载工程学院,本科,2023,升学,中国科学院力学研究所,1
工程学部,机械与运载工程学院,本科,2023,就业,中铁工程服务有限公司,1
工程学部,机械与运载工程学院,本科,2023,就业,东方电气新能科技(成都)有限公司,1
工程学部,机械与运载工程学院,本科,2023,就业,合肥美的洗衣机有限公司,1
工程学部,机械与运载工程学院,本科,2023,就业,台山核电合营有限公司,1
工程学部,机械与运载工程学院,本科,2023,就业,东风本田汽车有限公司,1
工程学部,机械与运载工程学院,本科,2023,升学,电子科技大学,1
工程学部,机械与运载工程学院,本科,2023,升学,天津大学,1
工程学部,机械与运载工程学院,本科,2023,就业,成都国营锦江机器厂,1
工程学部,机械与运载工程学院,本科,2023,升学,哈尔滨工程大学,1
工程学部,机械与运载工程学院,本科,2023,就业,东方电气集团东方电机有限公司,1
工程学部,机械与运载工程学院,本科,2023,出国(境)留学或工作,伍斯特理工学院,1
工程学部,机械与运载工程学院,本科,2023,升学,中南大学,1
工程学部,机械与运载工程学院,本科,2023,选调生,桂林市市场监督管理局,1
工程学部,机械与运载工程学院,本科,2023,就业,恒玄科技(上海)股份有限公司,1
工程学部,机械与运载工程学院,本科,2023,出国(境)留学或工作,史蒂文斯理工学院,1
工程学部,机械与运载工程学院,本科,2023,就业,深圳和而泰智能控制股份有限公司,1
工程学部,机械与运载工程学院,本科,2023,就业,四川九洲空管科技有限责任公司,1
工程学部,机械与运载工程学院,本科,2023,就业,展讯半导体(成都)有限公司,1
工程学部,机械与运载工程学院,本科,2023,就业,重庆玖牛医疗科技有限公司,1
工程学部,机械与运载工程学院,本科,2023,就业,江苏西恩元点智能装备有限公司,1
工程学部,机械与运载工程学院,本科,2023,就业,中国石油集团渤海石油装备制造有限公司,1
工程学部,机械与运载工程学院,硕士,2023,就业,比亚迪股份有限公司,35
工程学部,机械与运载工程学院,硕士,2023,就业,赛力斯汽车有限公司,16
工程学部,机械与运载工程学院,硕士,2023,升学,重庆大学,11
工程学部,机械与运载工程学院,硕士,2023,就业,中航光电科技股份有限公司,11
工程学部,机械与运载工程学院,硕士,2023,就业,重庆长安新能源汽车科技有限公司,9
工程学部,机械与运载工程学院,硕士,2023,就业,华为技术有限公司,9
工程学部,机械与运载工程学院,硕士,2023,就业,重庆长安汽车软件科技有限公司,8
工程学部,机械与运载工程学院,硕士,2023,就业,中国工程物理研究院机械制造工艺研究所,7
工程学部,机械与运载工程学院,硕士,2023,就业,重庆长安汽车股份有限公司,7
工程学部,机械与运载工程学院,硕士,2023,就业,珠海格力电器股份有限公司,6
工程学部,机械与运载工程学院,硕士,2023,就业,上海华为技术有限公司,6
工程学部,机械与运载工程学院,硕士,2023,选调生,中共重庆市委组织部,6
工程学部,机械与运载工程学院,硕士,2023,升学,华中科技大学,5
工程学部,机械与运载工程学院,硕士,2023,就业,成都飞机工业(集团)有限责任公司,5
工程学部,机械与运载工程学院,硕士,2023,就业,北京经纬恒润科技股份有限公司,5
工程学部,机械与运载工程学院,硕士,2023,就业,联合汽车电子有限公司重庆分公司,5
工程学部,机械与运载工程学院,硕士,2023,就业,上海理想汽车科技有限公司,5
工程学部,机械与运载工程学院,硕士,2023,就业,四川航天长征装备制造有限公司,4
工程学部,机械与运载工程学院,硕士,2023,就业,李斯特技术中心(上海)有限公司,4
工程学部,机械与运载工程学院,硕士,2023,就业,重庆华渝电气集团有限公司,3
工程学部,机械与运载工程学院,硕士,2023,就业,四川航天烽火伺服控制技术有限公司,3
工程学部,机械与运载工程学院,硕士,2023,就业,中国工程物理研究院材料研究所,3
工程学部,机械与运载工程学院,硕士,2023,就业,贵州航天林泉电机有限公司,3
工程学部,机械与运载工程学院,硕士,2023,就业,上汽大众汽车有限公司,3
工程学部,机械与运载工程学院,硕士,2023,就业,浙江零跑科技股份有限公司,3
工程学部,机械与运载工程学院,硕士,2023,就业,吉利汽车研究院(宁波)有限公司,3
工程学部,机械与运载工程学院,硕士,2023,就业,联合汽车电子有限公司,3
工程学部,机械与运载工程学院,硕士,2023,升学,西安交通大学,2
工程学部,机械与运载工程学院,硕士,2023,就业,南京电子工程研究所(中国电子科技集团公司第二十八研究所),2
工程学部,机械与运载工程学院,硕士,2023,就业,深圳市大疆创新科技有限公司,2
工程学部,机械与运载工程学院,硕士,2023,就业,西南电子设备研究所(中国电子科技集团公司第二十九研究所),2
工程学部,机械与运载工程学院,硕士,2023,就业,重庆长安望江工业集团有限公司,2
工程学部,机械与运载工程学院,硕士,2023,升学,浙江大学,2
工程学部,机械与运载工程学院,硕士,2023,就业,深圳市欢太科技有限公司,2
工程学部,机械与运载工程学院,硕士,2023,升学,哈尔滨工业大学(深圳),2
工程学部,机械与运载工程学院,硕士,2023,就业,西安精密机械研究所昆明分部,2
工程学部,机械与运载工程学院,硕士,2023,就业,中国特种飞行器研究所,2
工程学部,机械与运载工程学院,硕士,2023,就业,先进科技(中国)有限公司,2
工程学部,机械与运载工程学院,硕士,2023,就业,重庆星网网络系统研究院有限公司,2
工程学部,机械与运载工程学院,硕士,2023,就业,招银网络科技(深圳)有限公司成都分公司,2
工程学部,机械与运载工程学院,硕士,2023,就业,中冶赛迪集团有限公司,2
工程学部,机械与运载工程学院,硕士,2023,就业,中国汽车工程研究院股份有限公司,2
工程学部,机械与运载工程学院,硕士,2023,升学,华南理工大学,2
工程学部,机械与运载工程学院,硕士,2023,就业,重庆四联测控技术有限公司,2
工程学部,机械与运载工程学院,硕士,2023,就业,阳光电源股份有限公司,2
工程学部,机械与运载工程学院,硕士,2023,就业,福思(杭州)智能科技有限公司,2
工程学部,机械与运载工程学院,硕士,2023,就业,中兴通讯股份有限公司,2
工程学部,机械与运载工程学院,硕士,2023,就业,中国兵器装备集团自动化研究所有限公司,2
工程学部,机械与运载工程学院,硕士,2023,就业,郑州航天电子技术有限公司,2
工程学部,机械与运载工程学院,硕士,2023,就业,宁德时代新能源科技股份有限公司,2
工程学部,机械与运载工程学院,硕士,2023,升学,西北工业大学,2
工程学部,机械与运载工程学院,硕士,2023,就业,广州汽车集团股份有限公司汽车工程研究院,2
工程学部,机械与运载工程学院,硕士,2023,就业,中车株洲电力机车研究所有限公司,2
工程学部,机械与运载工程学院,硕士,2023,就业,苏州汇川联合动力系统有限公司,2
工程学部,机械与运载工程学院,硕士,2023,就业,纵目科技(重庆)有限公司,2
工程学部,机械与运载工程学院,硕士,2023,就业,四川时代新能源科技有限公司,2
工程学部,机械与运载工程学院,硕士,2023,就业,绍兴市轨道交通集团有限公司,1
工程学部,机械与运载工程学院,硕士,2023,就业,双钱集团(重庆)轮胎有限公司,1
工程学部,机械与运载工程学院,硕士,2023,就业,中兴通讯股份有限公司天津分公司,1
工程学部,机械与运载工程学院,硕士,2023,就业,三一集团有限公司,1
工程学部,机械与运载工程学院,硕士,2023,就业,山西万家寨引黄水务集团有限公司,1
工程学部,机械与运载工程学院,硕士,2023,就业,北京亚控科技发展有限公司,1
工程学部,机械与运载工程学院,硕士,2023,就业,中国航发商用航空发动机有限责任公司,1
工程学部,机械与运载工程学院,硕士,2023,就业,苏州汇川控制技术有限公司,1
工程学部,机械与运载工程学院,硕士,2023,就业,江西洪都航空工业集团有限责任公司,1
工程学部,机械与运载工程学院,硕士,2023,就业,青岛海尔特种电冰柜有限公司,1
工程学部,机械与运载工程学院,硕士,2023,就业,武汉联影医疗科技有限公司,1
工程学部,机械与运载工程学院,硕士,2023,升学,上海交通大学,1
工程学部,机械与运载工程学院,硕士,2023,就业,埃克斯工业有限公司,1
工程学部,机械与运载工程学院,硕士,2023,就业,中国工程物理研究院电子工程研究所,1
工程学部,机械与运载工程学院,硕士,2023,就业,中电科技集团重庆声光电有限公司,1
工程学部,机械与运载工程学院,硕士,2023,就业,中国人民解放军63653部队,1
工程学部,机械与运载工程学院,硕士,2023,就业,中国工程物理研究院计算机应用研究所,1
工程学部,机械与运载工程学院,硕士,2023,就业,广东今日头条网络技术有限公司,1
工程学部,机械与运载工程学院,硕士,2023,就业,中航(成都)无人机系统股份有限公司,1
工程学部,机械与运载工程学院,硕士,2023,就业,四川航天川南火工技术有限公司,1
工程学部,机械与运载工程学院,硕士,2023,出国(境)留学或工作,香港理工大学,1
工程学部,机械与运载工程学院,硕士,2023,就业,成都航利航空科技有限责任公司,1
工程学部,机械与运载工程学院,硕士,2023,就业,中国铁建重工集团股份有限公司,1
工程学部,机械与运载工程学院,硕士,2023,就业,杭州极弱磁场重大科技基础设施研究院,1
工程学部,机械与运载工程学院,硕士,2023,就业,远景能源有限公司上海分公司,1
工程学部,机械与运载工程学院,硕士,2023,就业,安徽容知日新科技股份有限公司,1
工程学部,机械与运载工程学院,硕士,2023,就业,中国船舶集团有限公司第七二六研究所,1
工程学部,机械与运载工程学院,硕士,2023,升学,哈尔滨工业大学,1
工程学部,机械与运载工程学院,硕士,2023,就业,无锡先导智能装备股份有限公司,1
工程学部,机械与运载工程学院,硕士,2023,就业,兴业数字金融服务(上海)股份有限公司,1
工程学部,机械与运载工程学院,硕士,2023,就业,联想移动通信进出口(武汉)有限公司,1
工程学部,机械与运载工程学院,硕士,2023,就业,恒玄科技(上海)股份有限公司,1
工程学部,机械与运载工程学院,硕士,2023,就业,合肥国轩高科动力能源有限公司,1
工程学部,机械与运载工程学院,硕士,2023,选调生,中国共产党遂宁市委员会组织部,1
工程学部,机械与运载工程学院,硕士,2023,就业,中国电子科技集团公司第十研究所,1
工程学部,机械与运载工程学院,硕士,2023,就业,重庆红宇精密工业集团有限公司,1
工程学部,机械与运载工程学院,硕士,2023,就业,晋西车轴股份有限公司,1
工程学部,机械与运载工程学院,硕士,2023,就业,浙江冠宇电池有限公司,1
工程学部,机械与运载工程学院,硕士,2023,就业,无锡奥特维科技股份有限公司,1
工程学部,机械与运载工程学院,硕士,2023,就业,重庆蚂蚁消费金融有限公司,1
工程学部,机械与运载工程学院,硕士,2023,就业,中国星网网络应用有限公司,1
工程学部,机械与运载工程学院,硕士,2023,就业,中国空空导弹研究院,1
工程学部,机械与运载工程学院,硕士,2023,就业,中国工程物理研究院化工材料研究所,1
工程学部,机械与运载工程学院,硕士,2023,选调生,中共眉山市委组织部,1
工程学部,机械与运载工程学院,硕士,2023,就业,阿里云计算有限公司,1
工程学部,机械与运载工程学院,硕士,2023,就业,中国电力科学研究院有限公司,1
工程学部,机械与运载工程学院,硕士,2023,就业,中国工程物理研究院应用电子学研究所,1
工程学部,机械与运载工程学院,硕士,2023,就业,四川长虹电子控股集团有限公司,1
工程学部,机械与运载工程学院,硕士,2023,就业,博世氢动力系统(重庆)有限公司,1
工程学部,机械与运载工程学院,硕士,2023,就业,深圳市锐明技术股份有限公司,1
工程学部,机械与运载工程学院,硕士,2023,出国(境)留学或工作,加州大学,1
工程学部,机械与运载工程学院,硕士,2023,就业,延锋汽车科技重庆有限公司,1
工程学部,机械与运载工程学院,硕士,2023,就业,三一重型装备有限公司,1
工程学部,机械与运载工程学院,硕士,2023,就业,重庆望江工业有限公司江苏分公司,1
工程学部,机械与运载工程学院,硕士,2023,就业,深圳海星智驾科技有限公司,1
工程学部,机械与运载工程学院,硕士,2023,就业,上海极氪蓝色新能源技术有限公司,1
工程学部,机械与运载工程学院,硕士,2023,就业,上海比亚迪有限公司,1
工程学部,机械与运载工程学院,硕士,2023,就业,浙江凌昇动力科技有限公司,1
工程学部,机械与运载工程学院,硕士,2023,就业,襄阳达安汽车检测中心有限公司,1
工程学部,机械与运载工程学院,硕士,2023,就业,成都航天万欣科技有限公司,1
工程学部,机械与运载工程学院,硕士,2023,升学,北京航空航天大学,1
工程学部,机械与运载工程学院,硕士,2023,升学,北京理工大学,1
工程学部,机械与运载工程学院,硕士,2023,就业,商飞软件有限公司,1
工程学部,机械与运载工程学院,硕士,2023,就业,浙江伊控动力系统有限公司上海分公司,1
工程学部,机械与运载工程学院,硕士,2023,就业,上海友道智途科技有限公司,1
工程学部,机械与运载工程学院,硕士,2023,就业,禾多科技(北京)有限公司,1
工程学部,机械与运载工程学院,硕士,2023,就业,智加通达(上海)科技有限公司,1
工程学部,机械与运载工程学院,硕士,2023,就业,众联天下汽车销售服务有限公司,1
工程学部,机械与运载工程学院,硕士,2023,升学,同济大学,1
工程学部,机械与运载工程学院,硕士,2023,就业,摩尔线程智能科技(北京)有限责任公司西安分公司,1
工程学部,机械与运载工程学院,硕士,2023,就业,重庆嘉陵全域机动车辆有限公司,1
工程学部,机械与运载工程学院,硕士,2023,就业,荣耀终端有限公司南京分公司,1
工程学部,机械与运载工程学院,硕士,2023,就业,蔚来汽车(安徽)有限公司,1
工程学部,机械与运载工程学院,硕士,2023,就业,欣旺达电动汽车电池有限公司,1
工程学部,机械与运载工程学院,硕士,2023,就业,华虹半导体(无锡)有限公司,1
工程学部,机械与运载工程学院,硕士,2023,就业,惠州亿纬锂能股份有限公司,1
工程学部,机械与运载工程学院,硕士,2023,选调生,中共广元市委组织部,1
工程学部,机械与运载工程学院,硕士,2023,就业,东风汽车有限公司东风日产大连分公司,1
工程学部,机械与运载工程学院,硕士,2023,就业,浙江省杭州第二中学,1
工程学部,机械与运载工程学院,硕士,2023,选调生,中共重庆市市委组织部,1
工程学部,机械与运载工程学院,硕士,2023,选调生,中共常山县委组织部,1
工程学部,机械与运载工程学院,硕士,2023,就业,云南北方光学科技有限公司,1
工程学部,机械与运载工程学院,硕士,2023,就业,西安恒翔控制技术有限公司,1
工程学部,机械与运载工程学院,硕士,2023,选调生,中共包头市委员会组织部,1
工程学部,机械与运载工程学院,硕士,2023,就业,杭州海康威视数字技术股份有限公司,1
工程学部,机械与运载工程学院,硕士,2023,就业,浙江浙能技术研究院有限公司,1
工程学部,机械与运载工程学院,硕士,2023,就业,长安新能源南京研究院有限公司,1
工程学部,机械与运载工程学院,硕士,2023,就业,南方电网储能股份有限公司广州分公司,1
工程学部,机械与运载工程学院,硕士,2023,选调生,中共云南省委军民融合发展委员会办公室,1
工程学部,机械与运载工程学院,硕士,2023,就业,重庆智能机器人研究院,1
工程学部,机械与运载工程学院,硕士,2023,就业,中国石油化工股份有限公司齐鲁分公司,1
工程学部,机械与运载工程学院,硕士,2023,就业,人本集团有限公司,1
工程学部,机械与运载工程学院,硕士,2023,就业,中国重型汽车集团有限公司,1
工程学部,机械与运载工程学院,硕士,2023,就业,上海微电机研究所(中国电子科技集团公司第二十一研究所),1
工程学部,机械与运载工程学院,硕士,2023,就业,万帮数字能源股份有限公司,1
工程学部,机械与运载工程学院,硕士,2023,就业,新华三技术有限公司成都分公司,1
工程学部,机械与运载工程学院,硕士,2023,就业,奥迪一汽新能源汽车有限公司,1
工程学部,机械与运载工程学院,硕士,2023,就业,中冶南方连铸技术工程有限责任公司,1
工程学部,机械与运载工程学院,硕士,2023,就业,中国长江电力股份有限公司,1
工程学部,机械与运载工程学院,硕士,2023,就业,湖北三江航天红峰控制有限公司,1
工程学部,机械与运载工程学院,硕士,2023,就业,武汉迈瑞医疗技术研究院有限公司,1
工程学部,机械与运载工程学院,硕士,2023,就业,用友网络科技股份有限公司,1
工程学部,机械与运载工程学院,硕士,2023,就业,武汉船用机械有限责任公司,1
工程学部,机械与运载工程学院,硕士,2023,就业,中国航发成都发动机有限公司,1
工程学部,机械与运载工程学院,硕士,2023,出国(境)留学或工作,曼彻斯特大学,1
工程学部,机械与运载工程学院,硕士,2023,就业,重庆市梁平区合兴街道办事处,1
工程学部,机械与运载工程学院,硕士,2023,就业,深圳开立生物医疗科技股份有限公司,1
工程学部,机械与运载工程学院,硕士,2023,就业,上海金融期货信息技术有限公司,1
工程学部,机械与运载工程学院,硕士,2023,就业,中国工程物理研究院激光聚变研究中心,1
工程学部,机械与运载工程学院,硕士,2023,就业,重庆京东方光电科技有限公司,1
工程学部,机械与运载工程学院,硕士,2023,就业,重庆吉芯科技有限公司,1
工程学部,机械与运载工程学院,硕士,2023,就业,联想智能物联网有限公司,1
工程学部,机械与运载工程学院,硕士,2023,就业,谱瑞集成电路(重庆)有限公司,1
工程学部,机械与运载工程学院,硕士,2023,就业,重庆市涪陵区道路运输事务中心,1
工程学部,机械与运载工程学院,硕士,2023,就业,四川中科成光科技有限公司,1
工程学部,机械与运载工程学院,硕士,2023,就业,重庆赛迪热工环保工程技术有限公司,1
工程学部,机械与运载工程学院,硕士,2023,就业,中船重工(重庆)西南装备研究院有限公司,1
工程学部,机械与运载工程学院,硕士,2023,就业,携程旅游网络技术(上海)有限公司,1
工程学部,机械与运载工程学院,硕士,2023,就业,联发芯软件设计(成都)有限公司,1
工程学部,机械与运载工程学院,硕士,2023,就业,成都凯天电子股份有限公司,1
工程学部,机械与运载工程学院,硕士,2023,就业,重庆朗正科技有限公司,1
工程学部,机械与运载工程学院,硕士,2023,选调生,中共德阳市委组织部,1
工程学部,机械与运载工程学院,硕士,2023,就业,重庆青山工业有限责任公司,1
工程学部,机械与运载工程学院,硕士,2023,就业,深圳市楠菲微电子有限公司,1
工程学部,机械与运载工程学院,硕士,2023,选调生,中共南充市委组织部,1
工程学部,机械与运载工程学院,硕士,2023,选调生,中国共产党南充市委员会组织部,1
工程学部,机械与运载工程学院,硕士,2023,就业,东方电气集团东方锅炉股份有限公司,1
工程学部,机械与运载工程学院,硕士,2023,就业,中国航空工业集团公司成都飞机设计研究所,1
工程学部,机械与运载工程学院,硕士,2023,就业,上海镭望光学科技有限公司,1
工程学部,机械与运载工程学院,硕士,2023,就业,深圳迈瑞生物医疗电子股份有限公司,1
工程学部,机械与运载工程学院,硕士,2023,就业,四川泛华航空仪表电器有限公司,1
工程学部,机械与运载工程学院,硕士,2023,就业,中国航发四川燃气涡轮研究院,1
工程学部,机械与运载工程学院,硕士,2023,就业,鱼海网络科技(上海)有限公司,1
工程学部,机械与运载工程学院,硕士,2023,就业,中国航空规划设计研究总院有限公司,1
工程学部,机械与运载工程学院,硕士,2023,就业,中车株洲电力机车有限公司,1
工程学部,机械与运载工程学院,硕士,2023,就业,贵阳航发精密铸造有限公司,1
工程学部,机械与运载工程学院,硕士,2023,就业,中国航发贵阳发动机设计研究所,1
工程学部,机械与运载工程学院,硕士,2023,就业,科来思生物科技(重庆)有限公司,1
工程学部,机械与运载工程学院,硕士,2023,就业,中国电建集团贵阳勘测设计研究院有限公司,1
工程学部,机械与运载工程学院,硕士,2023,就业,深圳美团科技有限公司,1
工程学部,机械与运载工程学院,硕士,2023,就业,北京罗克维尔斯科技有限公司,1
工程学部,机械与运载工程学院,硕士,2023,就业,山东新华医疗器械股份有限公司,1
工程学部,机械与运载工程学院,硕士,2023,就业,魔门塔(苏州)科技有限公司,1
工程学部,机械与运载工程学院,硕士,2023,就业,上海集度汽车有限公司,1
工程学部,机械与运载工程学院,硕士,2023,就业,宝时得智能技术(上海)有限公司,1
工程学部,机械与运载工程学院,硕士,2023,就业,智己汽车科技有限公司,1
工程学部,机械与运载工程学院,硕士,2023,就业,科大讯飞股份有限公司,1
工程学部,机械与运载工程学院,硕士,2023,就业,康明斯燃油系统(武汉)有限公司,1
工程学部,机械与运载工程学院,硕士,2023,就业,上海华为数字能源技术有限公司,1
工程学部,机械与运载工程学院,硕士,2023,就业,西南应用磁学研究所(中国电子科技集团公司第九研究所),1
工程学部,机械与运载工程学院,硕士,2023,就业,广联达数字科技(上海)有限公司,1
工程学部,机械与运载工程学院,硕士,2023,就业,联合微电子中心有限责任公司,1
工程学部,机械与运载工程学院,硕士,2023,就业,上海柏楚电子科技股份有限公司,1
工程学部,机械与运载工程学院,硕士,2023,就业,中国电信股份有限公司数字智能科技分公司,1
工程学部,机械与运载工程学院,硕士,2023,就业,南京中新赛克科技有限责任公司,1
工程学部,机械与运载工程学院,硕士,2023,就业,北京经纬恒润科技股份有限公司成都分公司,1
工程学部,机械与运载工程学院,硕士,2023,升学,吉林大学,1
工程学部,机械与运载工程学院,硕士,2023,就业,中国船舶重工集团公司第七0五研究所,1
工程学部,机械与运载工程学院,硕士,2023,就业,中汽院智能网联科技有限公司,1
工程学部,机械与运载工程学院,硕士,2023,选调生,中共遵义市委组织部,1
工程学部,机械与运载工程学院,硕士,2023,就业,泛亚汽车技术中心有限公司,1
工程学部,机械与运载工程学院,硕士,2023,就业,沃尔沃汽车技术(上海)有限公司,1
工程学部,机械与运载工程学院,硕士,2023,就业,广东美的制冷设备有限公司,1
工程学部,机械与运载工程学院,硕士,2023,就业,中国船舶重工集团公司第七一七研究所,1
工程学部,机械与运载工程学院,硕士,2023,就业,北京旷视科技有限公司,1
工程学部,机械与运载工程学院,硕士,2023,就业,上海涵润汽车电子有限公司,1
工程学部,机械与运载工程学院,硕士,2023,就业,恩智浦(重庆)半导体有限公司,1
工程学部,机械与运载工程学院,硕士,2023,就业,成都华为技术有限公司,1
工程学部,机械与运载工程学院,硕士,2023,就业,广联达数字科技(重庆)有限公司,1
工程学部,机械与运载工程学院,硕士,2023,选调生,中共山西省委老干部局,1
工程学部,机械与运载工程学院,硕士,2023,就业,无锡小天鹅电器有限公司,1
工程学部,机械与运载工程学院,硕士,2023,就业,月亮小屋(中国)有限公司,1
工程学部,机械与运载工程学院,硕士,2023,选调生,中国共产党泸州市委员会组织部,1
工程学部,机械与运载工程学院,硕士,2023,就业,海信集团控股股份有限公司,1
工程学部,机械与运载工程学院,硕士,2023,就业,中国航发动力股份有限公司,1
工程学部,机械与运载工程学院,硕士,2023,就业,日照市社会信用中心,1
工程学部,机械与运载工程学院,硕士,2023,就业,深圳市昇维旭技术有限公司,1
工程学部,机械与运载工程学院,硕士,2023,就业,东方电气集团东方电机有限公司,1
工程学部,机械与运载工程学院,博士,2023,就业,重庆文理学院,5
工程学部,机械与运载工程学院,博士,2023,就业,重庆理工大学,4
工程学部,机械与运载工程学院,博士,2023,就业,重庆邮电大学,3
工程学部,机械与运载工程学院,博士,2023,就业,重庆交通大学,2
工程学部,机械与运载工程学院,博士,2023,就业,比亚迪股份有限公司,2
工程学部,机械与运载工程学院,博士,2023,就业,昆明理工大学,2
工程学部,机械与运载工程学院,博士,2023,就业,重庆大学,2
工程学部,机械与运载工程学院,博士,2023,就业,清华大学,2
工程学部,机械与运载工程学院,博士,2023,就业,江西理工大学,1
工程学部,机械与运载工程学院,博士,2023,就业,兰州理工大学,1
工程学部,机械与运载工程学院,博士,2023,就业,中国汽车工程研究院股份有限公司,1
工程学部,机械与运载工程学院,博士,2023,出国(境)留学或工作,香港理工大学,1
工程学部,机械与运载工程学院,博士,2023,就业,武汉工程大学,1
工程学部,机械与运载工程学院,博士,2023,就业,重庆中科汽车软件创新中心,1
工程学部,机械与运载工程学院,博士,2023,就业,重庆长安新能源汽车科技有限公司,1
工程学部,机械与运载工程学院,博士,2023,就业,重庆齿轮箱有限责任公司,1
工程学部,机械与运载工程学院,博士,2023,就业,重庆长安民生物流股份有限公司,1
工程学部,机械与运载工程学院,博士,2023,就业,宁德时代新能源科技股份有限公司,1
工程学部,机械与运载工程学院,博士,2023,选调生,中国共产党安顺市委员会组织部,1
工程学部,机械与运载工程学院,博士,2023,就业,国科大重庆学院,1
工程学部,机械与运载工程学院,博士,2023,选调生,广西壮族自治区工业和信息化厅,1
工程学部,机械与运载工程学院,博士,2023,就业,三峡大学,1
工程学部,机械与运载工程学院,博士,2023,就业,华东交通大学,1
工程学部,机械与运载工程学院,博士,2023,就业,西南石油大学,1
工程学部,机械与运载工程学院,博士,2023,就业,中汽院新能源科技有限公司,1
工程学部,机械与运载工程学院,博士,2023,就业,周口师范学院,1
工程学部,机械与运载工程学院,博士,2023,就业,河南理工大学,1
工程学部,机械与运载工程学院,博士,2023,就业,重庆工业职业技术学院,1
工程学部,机械与运载工程学院,博士,2023,就业,西华大学,1
工程学部,机械与运载工程学院,博士,2023,就业,重庆长安汽车软件科技有限公司,1
工程学部,机械与运载工程学院,博士,2023,就业,重庆工商大学,1
工程学部,机械与运载工程学院,博士,2023,就业,西南大学,1
工程学部,机械与运载工程学院,博士,2023,就业,太行国家实验室,1
工程学部,机械与运载工程学院,博士,2023,就业,新加坡国立大学,1
工程学部,机械与运载工程学院,博士,2023,就业,华中科技大学,1
工程学部,机械与运载工程学院,博士,2023,就业,重庆大学附属涪陵医院,1
工程学部,机械与运载工程学院,博士,2023,就业,东南大学,1
工程学部,机械与运载工程学院,博士,2023,就业,贵州大学,1
工程学部,电气工程学院,本科,2021,升学,重庆大学,99
工程学部,电气工程学院,本科,2021,升学,西安交通大学,41
工程学部,电气工程学院,本科,2021,升学,华中科技大学,15
工程学部,电气工程学院,本科,2021,就业,雅砻江流域水电开发有限公司,6
工程学部,电气工程学院,本科,2021,就业,中国长江电力股份有限公司,4
工程学部,电气工程学院,本科,2021,升学,上海交通大学,4
工程学部,电气工程学院,本科,2021,就业,国网重庆市电力公司,4
工程学部,电气工程学院,本科,2021,就业,庆铃汽车(集团)有限公司,3
工程学部,电气工程学院,本科,2021,就业,贵州电网有限责任公司贵阳供电局,3
工程学部,电气工程学院,本科,2021,就业,国网重庆市电力公司綦南供电分公司,3
工程学部,电气工程学院,本科,2021,升学,浙江大学,3
工程学部,电气工程学院,本科,2021,就业,东方电气集团东方电机有限公司,3
工程学部,电气工程学院,本科,2021,就业,国网浙江省电力有限公司宁波供电公司,2
工程学部,电气工程学院,本科,2021,就业,中国南方电网有限责任公司超高压输电公司,2
工程学部,电气工程学院,本科,2021,就业,重庆科凯前卫风电设备有限责任公司,2
工程学部,电气工程学院,本科,2021,就业,国网四川省电力公司自贡供电公司,2
工程学部,电气工程学院,本科,2021,就业,国网宁夏电力有限公司,2
工程学部,电气工程学院,本科,2021,就业,中国建筑第八工程局有限公司西南分公司,2
工程学部,电气工程学院,本科,2021,升学,清华大学,2
工程学部,电气工程学院,本科,2021,就业,华为技术有限公司,2
工程学部,电气工程学院,本科,2021,就业,深圳市华阳国际工程设计股份有限公司,2
工程学部,电气工程学院,本科,2021,就业,成都基准方中建筑设计有限公司重庆分公司,2
工程学部,电气工程学院,本科,2021,就业,国网四川省电力公司宜宾供电公司,2
工程学部,电气工程学院,本科,2021,就业,国网重庆市电力公司长寿供电分公司,2
工程学部,电气工程学院,本科,2021,就业,贵州电网有限责任公司遵义供电局,2
工程学部,电气工程学院,本科,2021,就业,国网四川省电力公司南充供电公司,2
工程学部,电气工程学院,本科,2021,就业,贵州电网有限责任公司兴义供电局,2
工程学部,电气工程学院,本科,2021,就业,云南电网有限责任公司曲靖供电局,2
工程学部,电气工程学院,本科,2021,就业,郑州平行线教育科技有限公司,1
工程学部,电气工程学院,本科,2021,就业,国网四川省电力公司凉山供电公司,1
工程学部,电气工程学院,本科,2021,就业,湘潭电机股份有限公司,1
工程学部,电气工程学院,本科,2021,就业,广东电网有限责任公司湛江供电局,1
工程学部,电气工程学院,本科,2021,就业,国网四川省电力公司达州供电公司,1
工程学部,电气工程学院,本科,2021,就业,昆明船舶设备集团有限公司,1
工程学部,电气工程学院,本科,2021,出国(境)留学或工作,华威大学,1
工程学部,电气工程学院,本科,2021,升学,北京大学(非全日制),1
工程学部,电气工程学院,本科,2021,就业,上海柴油机股份有限公司,1
工程学部,电气工程学院,本科,2021,就业,河南金瑞香精香料有限公司,1
工程学部,电气工程学院,本科,2021,就业,江苏筑原建筑设计有限公司,1
工程学部,电气工程学院,本科,2021,就业,台山核电合营有限公司,1
工程学部,电气工程学院,本科,2021,就业,云南电网有限责任公司昆明供电局,1
工程学部,电气工程学院,本科,2021,就业,辽宁海天文化传媒有限公司,1
工程学部,电气工程学院,本科,2021,就业,中国船舶重工集团海装风电股份有限公司,1
工程学部,电气工程学院,本科,2021,出国(境)留学或工作,佐治亚理工学院,1
工程学部,电气工程学院,本科,2021,就业,国网安徽省电力有限公司滁州供电公司,1
工程学部,电气工程学院,本科,2021,就业,国网四川省电力公司乐山供电公司,1
工程学部,电气工程学院,本科,2021,出国(境)留学或工作,罗切斯特大学,1
工程学部,电气工程学院,本科,2021,出国(境)留学或工作,宾夕法尼亚大学,1
工程学部,电气工程学院,本科,2021,出国(境)留学或工作,多伦多大学,1
工程学部,电气工程学院,本科,2021,出国(境)留学或工作,密歇根大学安娜堡分校,1
工程学部,电气工程学院,本科,2021,就业,天津华能杨柳青热电有限责任公司,1
工程学部,电气工程学院,本科,2021,就业,国网浙江省电力有限公司杭州供电公司,1
工程学部,电气工程学院,本科,2021,出国(境)留学或工作,加州大学伯克利分校,1
工程学部,电气工程学院,本科,2021,就业,西安高压电器研究院有限责任公司,1
工程学部,电气工程学院,本科,2021,就业,国网上海市电力公司,1
工程学部,电气工程学院,本科,2021,就业,国网四川省电力公司成都供电公司,1
工程学部,电气工程学院,本科,2021,升学,东南大学,1
工程学部,电气工程学院,本科,2021,就业,云南电网有限责任公司昭通供电局,1
工程学部,电气工程学院,本科,2021,选调生,中共成都市委组织部,1
工程学部,电气工程学院,本科,2021,就业,华东建筑设计研究院有限公司重庆西南中心,1
工程学部,电气工程学院,本科,2021,就业,重庆长安汽车股份有限公司,1
工程学部,电气工程学院,本科,2021,出国(境)留学或工作,曼彻斯特大学,1
工程学部,电气工程学院,本科,2021,出国(境)留学或工作,澳门大学,1
工程学部,电气工程学院,本科,2021,升学,江苏海洋大学,1
工程学部,电气工程学院,本科,2021,出国(境)留学或工作,南安普顿大学,1
工程学部,电气工程学院,本科,2021,就业,国网河北省电力有限公司晋州市供电分公司,1
工程学部,电气工程学院,本科,2021,就业,贵州乌江水电开发有限责任公司,1
工程学部,电气工程学院,本科,2021,就业,凌云科技集团有限责任公司,1
工程学部,电气工程学院,本科,2021,就业,成都华为技术有限公司,1
工程学部,电气工程学院,本科,2021,就业,中建三局安装工程有限公司,1
工程学部,电气工程学院,本科,2021,出国(境)留学或工作,东京工业大学,1
工程学部,电气工程学院,本科,2021,就业,国网重庆市电力公司武隆供电分公司,1
工程学部,电气工程学院,本科,2021,就业,中衡设计集团股份有限公司,1
工程学部,电气工程学院,本科,2021,升学,中南大学,1
工程学部,电气工程学院,本科,2021,就业,中国建筑第八工程局有限公司西北分公司,1
工程学部,电气工程学院,本科,2021,就业,国网江西省电力有限公司靖安县供电分公司,1
工程学部,电气工程学院,本科,2021,就业,山西灵石亨泰荣和金属压铸件有限公司,1
工程学部,电气工程学院,本科,2021,就业,红塔烟草(集团)有限责任公司玉溪卷烟厂,1
工程学部,电气工程学院,本科,2021,就业,国网浙江省电力有限公司温州供电公司,1
工程学部,电气工程学院,本科,2021,就业,雅迪科技集团有限公司,1
工程学部,电气工程学院,本科,2021,出国(境)留学或工作,亚琛工业大学,1
工程学部,电气工程学院,本科,2021,就业,国网天津市电力公司,1
工程学部,电气工程学院,本科,2021,就业,国网重庆市电力公司营销服务中心,1
工程学部,电气工程学院,本科,2021,就业,国网湖北省电力有限公司鄂州供电公司,1
工程学部,电气工程学院,本科,2021,就业,浙江宇视科技有限公司,1
工程学部,电气工程学院,本科,2021,就业,中建三局集团有限公司广州分公司,1
工程学部,电气工程学院,本科,2021,就业,重庆川仪自动化股份有限公司执行器分公司,1
工程学部,电气工程学院,本科,2021,就业,国网重庆市电力公司万州供电分公司,1
工程学部,电气工程学院,本科,2021,就业,成都基准方中建筑设计有限公司,1
工程学部,电气工程学院,本科,2021,就业,中国电子系统工程第二建设有限公司,1
工程学部,电气工程学院,本科,2021,就业,国网新疆电力有限公司喀什供电公司,1
工程学部,电气工程学院,本科,2021,就业,华能重庆珞璜发电有限责任公司,1
工程学部,电气工程学院,本科,2021,升学,哈尔滨工业大学(深圳),1
工程学部,电气工程学院,本科,2021,就业,国网四川省电力公司攀枝花供电公司,1
工程学部,电气工程学院,本科,2021,就业,中国电建集团福建省电力勘测设计院有限公司,1
工程学部,电气工程学院,本科,2021,就业,上海华力集成电路制造有限公司,1
工程学部,电气工程学院,本科,2021,就业,国网湖南省电力有限公司株洲供电分公司,1
工程学部,电气工程学院,本科,2021,升学,同济大学,1
工程学部,电气工程学院,本科,2021,升学,国网电力科学研究院,1
工程学部,电气工程学院,本科,2021,就业,国网四川省电力公司泸州供电公司,1
工程学部,电气工程学院,本科,2021,就业,重庆银行股份有限公司,1
工程学部,电气工程学院,本科,2021,就业,四川华能宝兴河水电有限责任公司,1
工程学部,电气工程学院,本科,2021,出国(境)留学或工作,慕尼黑工业大学,1
工程学部,电气工程学院,本科,2021,就业,厦门华润燃气有限公司,1
工程学部,电气工程学院,本科,2021,就业,广西电网有限责任公司南宁供电局,1
工程学部,电气工程学院,本科,2021,就业,贵州电网有限责任公司安顺供电局,1
工程学部,电气工程学院,本科,2021,就业,国网湖北省电力有限公司,1
工程学部,电气工程学院,本科,2021,就业,内蒙古电力(集团)有限责任公司,1
工程学部,电气工程学院,本科,2021,就业,国家石油天然气管网集团有限公司西气东输分公司,1
工程学部,电气工程学院,本科,2021,就业,中核核电运行管理有限公司,1
工程学部,电气工程学院,本科,2021,就业,中车株洲电力机车研究所有限公司,1
工程学部,电气工程学院,本科,2021,就业,国网重庆市电力公司建设分公司,1
工程学部,电气工程学院,本科,2021,就业,南京南瑞继保电气有限公司,1
工程学部,电气工程学院,本科,2021,就业,中建科工集团有限公司,1
工程学部,电气工程学院,本科,2021,升学,清华大学深圳国际研究生院,1
工程学部,电气工程学院,本科,2021,就业,华能国际电力股份有限公司重庆清洁能源分公司,1
工程学部,电气工程学院,本科,2021,就业,江苏金智科技股份有限公司,1
工程学部,电气工程学院,本科,2021,就业,中电建水电开发集团有限公司,1
工程学部,电气工程学院,本科,2021,出国(境)留学或工作,布里斯托大学,1
工程学部,电气工程学院,本科,2021,就业,国网甘肃省电力公司兰州供电公司,1
工程学部,电气工程学院,本科,2021,就业,国网河南省电力公司新乡县供电公司,1
工程学部,电气工程学院,本科,2021,就业,国网陕西省电力公司,1
工程学部,电气工程学院,本科,2021,就业,红云红河烟草(集团)有限责任公司昆明卷烟厂,1
工程学部,电气工程学院,本科,2021,就业,国网重庆市电力公司永川供电分公司,1
工程学部,电气工程学院,本科,2021,就业,上海矽昌微电子有限公司,1
工程学部,电气工程学院,本科,2021,就业,重庆斯微奇电子技术有限公司,1
工程学部,电气工程学院,本科,2021,就业,国网新疆电力有限公司乌鲁木齐供电公司,1
工程学部,电气工程学院,本科,2021,就业,重庆航空有限责任公司,1
工程学部,电气工程学院,硕士,2021,就业,国网四川省电力公司成都供电公司,9
工程学部,电气工程学院,硕士,2021,就业,广东电网有限责任公司广州供电局,7
工程学部,电气工程学院,硕士,2021,就业,华为技术有限公司,5
工程学部,电气工程学院,硕士,2021,就业,国网重庆市电力公司,5
工程学部,电气工程学院,硕士,2021,就业,中电科技集团重庆声光电有限公司,4
工程学部,电气工程学院,硕士,2021,就业,国网河北省电力有限公司,4
工程学部,电气工程学院,硕士,2021,就业,国网浙江省电力有限公司杭州供电公司,4
工程学部,电气工程学院,硕士,2021,就业,国网江苏省电力有限公司检修分公司,4
工程学部,电气工程学院,硕士,2021,就业,国网浙江省电力有限公司绍兴供电公司,4
工程学部,电气工程学院,硕士,2021,就业,国网重庆市电力公司市南供电分公司,3
工程学部,电气工程学院,硕士,2021,就业,国网重庆市电力公司市北供电分公司,3
工程学部,电气工程学院,硕士,2021,就业,国网重庆市电力公司永川供电分公司,3
工程学部,电气工程学院,硕士,2021,就业,国网重庆市电力公司市区供电分公司,3
工程学部,电气工程学院,硕士,2021,就业,国网四川省电力公司天府新区供电公司,3
工程学部,电气工程学院,硕士,2021,就业,中国电子科技集团公司第二十九研究所,3
工程学部,电气工程学院,硕士,2021,就业,国网四川省电力公司检修公司,3
工程学部,电气工程学院,硕士,2021,就业,国网福建省电力有限公司,3
工程学部,电气工程学院,硕士,2021,就业,国网江苏省电力有限公司苏州供电分公司,3
工程学部,电气工程学院,硕士,2021,就业,国网四川省电力公司绵阳供电公司,3
工程学部,电气工程学院,硕士,2021,升学,重庆大学,3
工程学部,电气工程学院,硕士,2021,就业,国网湖北省电力有限公司,3
工程学部,电气工程学院,硕士,2021,就业,国网重庆市电力公司检修分公司,2
工程学部,电气工程学院,硕士,2021,就业,南京南瑞继保电气有限公司,2
工程学部,电气工程学院,硕士,2021,就业,国网江苏省电力有限公司常州供电分公司,2
工程学部,电气工程学院,硕士,2021,就业,国网冀北电力有限公司秦皇岛供电公司,2
工程学部,电气工程学院,硕士,2021,就业,国网安徽省电力有限公司电力科学研究院,2
工程学部,电气工程学院,硕士,2021,就业,国网河南省电力公司郑州供电公司,2
工程学部,电气工程学院,硕士,2021,就业,中车株洲电力机车研究所有限公司,2
工程学部,电气工程学院,硕士,2021,就业,广西电网有限责任公司南宁供电局,2
工程学部,电气工程学院,硕士,2021,就业,国网四川省电力公司遂宁供电公司,2
工程学部,电气工程学院,硕士,2021,就业,国网重庆市电力公司建设分公司,2
工程学部,电气工程学院,硕士,2021,就业,国网重庆市电力公司綦南供电分公司,2
工程学部,电气工程学院,硕士,2021,就业,国网重庆市电力公司北碚供电分公司,2
工程学部,电气工程学院,硕士,2021,选调生,中共重庆市委组织部,2
工程学部,电气工程学院,硕士,2021,就业,中国能源建设集团广东省电力设计研究院有限公司,2
工程学部,电气工程学院,硕士,2021,就业,云南电网有限责任公司电力科学研究院,2
工程学部,电气工程学院,硕士,2021,就业,国网重庆市电力公司物资分公司,2
工程学部,电气工程学院,硕士,2021,就业,广东电网有限责任公司东莞供电局,2
工程学部,电气工程学院,硕士,2021,就业,国网湖南省电力有限公司防灾减灾中心,2
工程学部,电气工程学院,硕士,2021,就业,成都华为技术有限公司,2
工程学部,电气工程学院,硕士,2021,就业,中国电力工程顾问集团西南电力设计院有限公司,2
工程学部,电气工程学院,硕士,2021,就业,广东电网有限责任公司中山供电局,2
工程学部,电气工程学院,硕士,2021,就业,国网陕西省电力公司西安供电公司,2
工程学部,电气工程学院,硕士,2021,就业,国网重庆市电力公司信息通信分公司,2
工程学部,电气工程学院,硕士,2021,就业,国网安徽省电力有限公司合肥供电公司,2
工程学部,电气工程学院,硕士,2021,就业,国网重庆市电力公司长寿供电分公司,2
工程学部,电气工程学院,硕士,2021,出国(境)留学或工作,西蒙弗雷泽大学,1
工程学部,电气工程学院,硕士,2021,就业,爱尔兰电力公司,1
工程学部,电气工程学院,硕士,2021,就业,北大医疗信息技术有限公司,1
工程学部,电气工程学院,硕士,2021,就业,江苏神马电力股份有限公司,1
工程学部,电气工程学院,硕士,2021,就业,国网重庆市电力公司江津供电分公司,1
工程学部,电气工程学院,硕士,2021,就业,国网冀北电力有限公司唐山供电公司,1
工程学部,电气工程学院,硕士,2021,出国(境)留学或工作,巴黎综合理工学院,1
工程学部,电气工程学院,硕士,2021,出国(境)留学或工作,香港大学,1
工程学部,电气工程学院,硕士,2021,出国(境)留学或工作,布里斯托大学,1
工程学部,电气工程学院,硕士,2021,升学,上海交通大学,1
工程学部,电气工程学院,硕士,2021,就业,国网浙江省电力有限公司宁波供电公司,1
工程学部,电气工程学院,硕士,2021,就业,国网安徽省电力有限公司经济技术研究院,1
工程学部,电气工程学院,硕士,2021,就业,中车株洲电机有限公司,1
工程学部,电气工程学院,硕士,2021,就业,国网江苏省电力有限公司镇江供电分公司,1
工程学部,电气工程学院,硕士,2021,就业,国网山东省电力公司济南市历城区供电公司,1
工程学部,电气工程学院,硕士,2021,就业,郑州机电工程研究所(中国船舶重工集团公司第七一三研究所),1
工程学部,电气工程学院,硕士,2021,就业,深圳古瑞瓦特新能源股份有限公司,1
工程学部,电气工程学院,硕士,2021,就业,国网重庆市电力公司璧山供电分公司,1
工程学部,电气工程学院,硕士,2021,就业,国网重庆市电公司北碚分公司,1
工程学部,电气工程学院,硕士,2021,就业,成都芯源系统有限公司,1
工程学部,电气工程学院,硕士,2021,出国(境)留学或工作,华威大学,1
工程学部,电气工程学院,硕士,2021,出国(境)留学或工作,香港城市大学,1
工程学部,电气工程学院,硕士,2021,就业,电子科技大学,1
工程学部,电气工程学院,硕士,2021,就业,中冶赛迪技术研究中心有限公司,1
工程学部,电气工程学院,硕士,2021,就业,中国电力科学研究院有限公司,1
工程学部,电气工程学院,硕士,2021,就业,庆铃汽车(集团)有限公司,1
工程学部,电气工程学院,硕士,2021,就业,深圳市华星光电技术有限公司,1
工程学部,电气工程学院,硕士,2021,就业,国网北京市电力公司,1
工程学部,电气工程学院,硕士,2021,就业,国网冀北电力有限公司技能培训中心,1
工程学部,电气工程学院,硕士,2021,就业,中国南方电网有限责任公司超高压输电公司,1
工程学部,电气工程学院,硕士,2021,就业,国网陕西省电力公司汉中供电公司,1
工程学部,电气工程学院,硕士,2021,就业,国网黑龙江省电力有限公司哈尔滨供电公司,1
工程学部,电气工程学院,硕士,2021,就业,中芯集成电路制造(绍兴)有限公司,1
工程学部,电气工程学院,硕士,2021,就业,国网浙江省电力有限公司检修分公司,1
工程学部,电气工程学院,硕士,2021,就业,中国电建集团华东勘测设计研究院有限公司,1
工程学部,电气工程学院,硕士,2021,就业,国网江西省电力有限公司九江供电分公司,1
工程学部,电气工程学院,硕士,2021,就业,广东美芝制冷设备有限公司,1
工程学部,电气工程学院,硕士,2021,就业,国网山东省电力公司莱芜供电公司,1
工程学部,电气工程学院,硕士,2021,就业,国网浙江省电力有限公司嘉兴供电公司,1
工程学部,电气工程学院,硕士,2021,就业,中国葛洲坝集团股份有限公司,1
工程学部,电气工程学院,硕士,2021,就业,国网湖南省电力有限公司检修公司,1
工程学部,电气工程学院,硕士,2021,就业,中国人民解放军陆军工程大学通信士官学校,1
工程学部,电气工程学院,硕士,2021,就业,重庆建筑工程职业学院,1
工程学部,电气工程学院,硕士,2021,就业,深圳迈瑞生物医疗电子股份有限公司,1
工程学部,电气工程学院,硕士,2021,就业,国网江苏省电力有限公司盐城供电分公司,1
工程学部,电气工程学院,硕士,2021,就业,国网江苏省电力有限公司南京供电分公司,1
工程学部,电气工程学院,硕士,2021,就业,国网天津市电力公司,1
工程学部,电气工程学院,硕士,2021,就业,成都市普进通信技术有限公司,1
工程学部,电气工程学院,硕士,2021,就业,红云红河烟草(集团)有限责任公司昆明卷烟厂,1
工程学部,电气工程学院,硕士,2021,就业,云南电网有限责任公司培训与评价中心,1
工程学部,电气工程学院,硕士,2021,就业,新华三技术有限公司成都分公司,1
工程学部,电气工程学院,硕士,2021,就业,国网浙江省电力有限公司温州供电公司,1
工程学部,电气工程学院,硕士,2021,就业,重庆新东方教育培训学校有限公司,1
工程学部,电气工程学院,硕士,2021,就业,深圳供电局有限公司,1
工程学部,电气工程学院,硕士,2021,就业,国网河南省电力公司检修公司,1
工程学部,电气工程学院,硕士,2021,就业,国网江苏省电力工程咨询有限公司,1
工程学部,电气工程学院,硕士,2021,就业,国网江苏省电力有限公司无锡供电分公司,1
工程学部,电气工程学院,硕士,2021,就业,中国工程物理研究院应用电子学研究所,1
工程学部,电气工程学院,硕士,2021,选调生,中共德阳市委组织部,1
工程学部,电气工程学院,硕士,2021,就业,国网四川省电力公司经济技术研究院,1
工程学部,电气工程学院,硕士,2021,就业,深信服科技股份有限公司,1
工程学部,电气工程学院,硕士,2021,就业,国网重庆市电力公司电力科学研究院,1
工程学部,电气工程学院,硕士,2021,就业,国网吉林省电力有限公司检修公司,1
工程学部,电气工程学院,硕士,2021,就业,中冶赛迪重庆信息技术有限公司,1
工程学部,电气工程学院,硕士,2021,就业,上海市政工程设计研究总院(集团)有限公司,1
工程学部,电气工程学院,硕士,2021,就业,国网江西省电力有限公司检修分公司,1
工程学部,电气工程学院,硕士,2021,就业,国网安徽省电力有限公司芜湖供电公司,1
工程学部,电气工程学院,硕士,2021,就业,国网浙江省电力有限公司湖州供电公司,1
工程学部,电气工程学院,硕士,2021,就业,云南电力调度控制中心,1
工程学部,电气工程学院,硕士,2021,就业,国网山东省电力公司枣庄供电公司,1
工程学部,电气工程学院,硕士,2021,就业,维谛技术(西安)有限公司,1
工程学部,电气工程学院,硕士,2021,就业,广西电网电力调度控制中心,1
工程学部,电气工程学院,硕士,2021,就业,中核四0四有限公司,1
工程学部,电气工程学院,硕士,2021,就业,国网浙江省电力有限公司培训中心,1
工程学部,电气工程学院,硕士,2021,就业,中煤科工重庆设计研究院(集团)有限公司,1
工程学部,电气工程学院,硕士,2021,就业,国网重庆市电力公司技能培训中心,1
工程学部,电气工程学院,硕士,2021,就业,中建信和地产有限公司,1
工程学部,电气工程学院,硕士,2021,就业,国电南瑞科技股份有限公司,1
工程学部,电气工程学院,硕士,2021,就业,重庆中车四方所智能装备技术有限公司,1
工程学部,电气工程学院,硕士,2021,就业,昆明电力交易中心有限责任公司,1
工程学部,电气工程学院,硕士,2021,就业,重庆金科房地产开发有限公司,1
工程学部,电气工程学院,硕士,2021,就业,国网湖南省电力有限公司经济技术研究院,1
工程学部,电气工程学院,硕士,2021,就业,应急管理部四川消防研究所,1
工程学部,电气工程学院,硕士,2021,就业,中冶南方工程技术有限公司,1
工程学部,电气工程学院,硕士,2021,就业,中国航天科技集团有限公司第九研究院第七七一研究所(西安微电子技术研究所),1
工程学部,电气工程学院,硕士,2021,就业,国网四川省电力公司技能培训中心,1
工程学部,电气工程学院,硕士,2021,出国(境)留学或工作,南洋理工大学,1
工程学部,电气工程学院,硕士,2021,就业,国网河北省电力有限公司检修分公司,1
工程学部,电气工程学院,硕士,2021,就业,广东电网有限责任公司汕头供电局,1
工程学部,电气工程学院,硕士,2021,就业,国网江苏省电力有限公司管理培训中心,1
工程学部,电气工程学院,硕士,2021,就业,中石油华东设计院有限公司,1
工程学部,电气工程学院,硕士,2021,就业,陆军工程大学通信士官学校,1
工程学部,电气工程学院,硕士,2021,就业,中航工业第一飞机设计研究院,1
工程学部,电气工程学院,硕士,2021,就业,贵州电网有限责任公司贵阳供电局,1
工程学部,电气工程学院,硕士,2021,就业,北京外企服务集团有限责任公司(北京三快在线科技有限公司),1
工程学部,电气工程学院,硕士,2021,就业,重庆川仪自动化股份有限公司技术中心,1
工程学部,电气工程学院,硕士,2021,就业,云南电网有限责任公司昆明供电局,1
工程学部,电气工程学院,硕士,2021,就业,中国工程物理研究院电子工程研究所,1
工程学部,电气工程学院,博士,2021,就业,重庆邮电大学,3
工程学部,电气工程学院,博士,2021,就业,重庆大学,3
工程学部,电气工程学院,博士,2021,就业,国网重庆市电力公司,2
工程学部,电气工程学院,博士,2021,就业,重庆理工大学,2
工程学部,电气工程学院,博士,2021,就业,重庆交通大学,2
工程学部,电气工程学院,博士,2021,就业,国网浙江省电力有限公司电力科学研究院,1
工程学部,电气工程学院,博士,2021,就业,东方电气集团东方电机有限公司,1
工程学部,电气工程学院,博士,2021,就业,国网四川省电力公司电力科学研究院,1
工程学部,电气工程学院,博士,2021,就业,中国人民解放军陆军勤务学院,1
工程学部,电气工程学院,博士,2021,就业,国网江苏省电力有限公司电力科学研究院,1
工程学部,电气工程学院,博士,2021,就业,郑州大学,1
工程学部,电气工程学院,博士,2021,就业,南方电网能源发展研究院有限责任公司,1
工程学部,电气工程学院,博士,2021,就业,清华大学,1
工程学部,电气工程学院,博士,2021,就业,四川大学,1
工程学部,电气工程学院,博士,2021,就业,国网山东省电力公司青岛供电公司,1
工程学部,电气工程学院,博士,2021,就业,电力规划总院有限公司,1
工程学部,电气工程学院,博士,2021,就业,武汉理工大学,1
工程学部,电气工程学院,博士,2021,选调生,中共重庆市委组织部,1
工程学部,电气工程学院,博士,2021,就业,三峡大学,1
工程学部,电气工程学院,博士,2021,就业,澳门大学,1
工程学部,电气工程学院,博士,2021,就业,南方电网科学研究院有限责任公司,1
工程学部,电气工程学院,博士,2021,就业,东北电力大学,1
工程学部,电气工程学院,博士,2021,就业,广州汽车集团股份有限公司汽车工程研究院,1
工程学部,电气工程学院,博士,2021,就业,重庆嘉陵华光光电科技有限公司,1
工程学部,电气工程学院,博士,2021,就业,国网湖北省电力有限公司电力科学研究院,1
工程学部,电气工程学院,博士,2021,就业,河北工业大学,1
工程学部,电气工程学院,博士,2021,就业,常熟理工学院,1
工程学部,电气工程学院,博士,2021,就业,贵州大学,1
工程学部,电气工程学院,博士,2021,就业,国网河北省电力有限公司电力科学研究院,1
工程学部,电气工程学院,博士,2021,就业,国网四川省电力公司博士后科研工作站,1
工程学部,电气工程学院,博士,2021,就业,香港中文大学,1
工程学部,电气工程学院,博士,2021,就业,深圳航天科技创新研究院,1
工程学部,电气工程学院,博士,2021,就业,中国工程物理研究院电子工程研究所,1
工程学部,电气工程学院,博士,2021,就业,西南交通大学,1
工程学部,电气工程学院,博士,2021,就业,重庆科技学院,1
工程学部,电气工程学院,博士,2021,就业,中国电力科学研究院有限公司,1
工程学部,电气工程学院,本科,2022,升学,重庆大学,68
工程学部,电气工程学院,本科,2022,升学,西安交通大学,38
工程学部,电气工程学院,本科,2022,升学,华中科技大学,17
工程学部,电气工程学院,本科,2022,就业,国网重庆市电力公司,7
工程学部,电气工程学院,本科,2022,升学,上海交通大学,6
工程学部,电气工程学院,本科,2022,就业,南京南瑞继保电气有限公司,5
工程学部,电气工程学院,本科,2022,升学,清华大学,4
工程学部,电气工程学院,本科,2022,就业,东方电气风电有限公司,4
工程学部,电气工程学院,本科,2022,就业,国核电力规划设计研究院重庆有限公司,3
工程学部,电气工程学院,本科,2022,就业,华能重庆两江燃机发电有限责任公司,3
工程学部,电气工程学院,本科,2022,就业,国网甘肃省电力公司兰州供电公司,2
工程学部,电气工程学院,本科,2022,就业,无锡先导智能装备股份有限公司,2
工程学部,电气工程学院,本科,2022,就业,西安西变中特电气有限责任公司成都分公司,2
工程学部,电气工程学院,本科,2022,出国(境)留学或工作,新加坡国立大学,2
工程学部,电气工程学院,本科,2022,就业,重庆长安汽车软件科技有限公司,2
工程学部,电气工程学院,本科,2022,就业,贵州电网有限责任公司遵义供电局,2
工程学部,电气工程学院,本科,2022,升学,中国科学院大学,2
工程学部,电气工程学院,本科,2022,就业,国网新疆电力有限公司超高压分公司,2
工程学部,电气工程学院,本科,2022,升学,中国工程物理研究院,2
工程学部,电气工程学院,本科,2022,就业,重庆ABB变压器有限公司,2
工程学部,电气工程学院,本科,2022,就业,中建三局安装工程有限公司,2
工程学部,电气工程学院,本科,2022,就业,国网浙江省电力有限公司丽水供电公司,2
工程学部,电气工程学院,本科,2022,就业,长沙比亚迪电子有限公司,2
工程学部,电气工程学院,本科,2022,就业,广东电网有限责任公司东莞供电局,2
工程学部,电气工程学院,本科,2022,升学,浙江大学,2
工程学部,电气工程学院,本科,2022,出国(境)留学或工作,鲁汶大学,1
工程学部,电气工程学院,本科,2022,就业,中铁电气化局集团有限公司,1
工程学部,电气工程学院,本科,2022,就业,杭州华电半山发电有限公司,1
工程学部,电气工程学院,本科,2022,就业,京东方科技集团股份有限公司,1
工程学部,电气工程学院,本科,2022,就业,贵州电网有限责任公司铜仁玉屏供电局,1
工程学部,电气工程学院,本科,2022,就业,中广核苍南核电有限公司,1
工程学部,电气工程学院,本科,2022,就业,特变电工股份有限公司新疆变压器厂,1
工程学部,电气工程学院,本科,2022,就业,国网江苏省电力有限公司常州供电分公司,1
工程学部,电气工程学院,本科,2022,就业,重庆市通信建设有限公司,1
工程学部,电气工程学院,本科,2022,就业,国网四川省电力公司眉山供电公司,1
工程学部,电气工程学院,本科,2022,出国(境)留学或工作,代尔夫特理工大学,1
工程学部,电气工程学院,本科,2022,出国(境)留学或工作,加州大学圣地亚哥分校,1
工程学部,电气工程学院,本科,2022,就业,三峡新能源海上风电运维江苏有限公司,1
工程学部,电气工程学院,本科,2022,就业,国网浙江省电力有限公司检修分公司,1
工程学部,电气工程学院,本科,2022,就业,苏州翰川智能科技股份有限公司,1
工程学部,电气工程学院,本科,2022,就业,厦门士兰集科微电子有限公司,1
工程学部,电气工程学院,本科,2022,就业,中建东方装饰有限公司,1
工程学部,电气工程学院,本科,2022,就业,重庆小康工业集团股份有限公司,1
工程学部,电气工程学院,本科,2022,出国(境)留学或工作,南洋理工大学,1
工程学部,电气工程学院,本科,2022,就业,中国南方电网有限责任公司超高压输电公司,1
工程学部,电气工程学院,本科,2022,出国(境)留学或工作,密歇根大学,1
工程学部,电气工程学院,本科,2022,就业,深圳格瑞特新能源有限公司,1
工程学部,电气工程学院,本科,2022,就业,重庆京东方显示技术有限公司,1
工程学部,电气工程学院,本科,2022,就业,贵州泰永长征技术股份有限公司,1
工程学部,电气工程学院,本科,2022,就业,固德威技术股份有限公司,1
工程学部,电气工程学院,本科,2022,就业,四川明星电力股份有限公司,1
工程学部,电气工程学院,本科,2022,出国(境)留学或工作,加州大学洛杉矶分校,1
工程学部,电气工程学院,本科,2022,就业,中国长江电力股份有限公司,1
工程学部,电气工程学院,本科,2022,就业,国网安徽省电力有限公司阜阳供电公司,1
工程学部,电气工程学院,本科,2022,就业,南京四方亿能电力自动化有限公司,1
工程学部,电气工程学院,本科,2022,就业,上海联虹技术有限公司,1
工程学部,电气工程学院,本科,2022,就业,东方电气集团东方电机有限公司,1
工程学部,电气工程学院,本科,2022,就业,明阳智慧能源集团股份公司,1
工程学部,电气工程学院,本科,2022,就业,贵州电网有限责任公司贵阳供电局,1
工程学部,电气工程学院,本科,2022,就业,国网湖南省电力有限公司湘潭供电分公司,1
工程学部,电气工程学院,本科,2022,就业,国网重庆市电力公司长寿供电分公司,1
工程学部,电气工程学院,本科,2022,就业,宁德时代新能源科技股份有限公司,1
工程学部,电气工程学院,本科,2022,升学,江西理工大学,1
工程学部,电气工程学院,本科,2022,就业,东风汽车有限公司东风日产乘用车公司,1
工程学部,电气工程学院,本科,2022,就业,重庆市铁路(集团)有限公司,1
工程学部,电气工程学院,本科,2022,就业,重庆大唐国际彭水水电开发有限公司,1
工程学部,电气工程学院,本科,2022,就业,重油高科电控燃油喷射系统(重庆)有限公司,1
工程学部,电气工程学院,本科,2022,就业,西安西变组件有限公司,1
工程学部,电气工程学院,本科,2022,就业,贵州电网有限责任公司安顺供电局,1
工程学部,电气工程学院,本科,2022,就业,国网江苏省电力有限公司泰州供电分公司,1
工程学部,电气工程学院,本科,2022,就业,西安西电国际工程有限责任公司,1
工程学部,电气工程学院,本科,2022,就业,国网四川省电力公司泸州供电公司,1
工程学部,电气工程学院,本科,2022,就业,云南电网有限责任公司昭通供电局,1
工程学部,电气工程学院,本科,2022,就业,国网浙江省电力有限公司金华供电公司,1
工程学部,电气工程学院,本科,2022,就业,重庆清电新能源开发有限公司,1
工程学部,电气工程学院,本科,2022,升学,广西大学,1
工程学部,电气工程学院,本科,2022,就业,广东电网有限责任公司汕头供电局,1
工程学部,电气工程学院,本科,2022,就业,西安西电开关电气有限公司,1
工程学部,电气工程学院,本科,2022,出国(境)留学或工作,皇家理工学院,1
工程学部,电气工程学院,本科,2022,就业,国网安徽省电力有限公司六安供电公司,1
工程学部,电气工程学院,本科,2022,就业,广东电网有限责任公司清远供电局,1
工程学部,电气工程学院,本科,2022,就业,贵州电网有限责任公司铜仁供电局,1
工程学部,电气工程学院,本科,2022,就业,河北省送变电有限公司,1
工程学部,电气工程学院,本科,2022,就业,上海中建海外发展有限公司,1
工程学部,电气工程学院,本科,2022,就业,国网山东省电力公司临沂供电公司,1
工程学部,电气工程学院,本科,2022,就业,国网四川省电力公司德阳供电公司,1
工程学部,电气工程学院,本科,2022,就业,云南电网有限责任公司曲靖供电局,1
工程学部,电气工程学院,本科,2022,选调生,中共重庆市北碚区委组织部,1
工程学部,电气工程学院,本科,2022,就业,广西电网有限责任公司柳州供电局,1
工程学部,电气工程学院,本科,2022,就业,国网陕西省电力公司西安供电公司,1
工程学部,电气工程学院,本科,2022,就业,国网安徽省电力有限公司亳州供电公司,1
工程学部,电气工程学院,本科,2022,就业,贵州电网有限责任公司兴义供电局,1
工程学部,电气工程学院,本科,2022,就业,国网天津市电力公司,1
工程学部,电气工程学院,本科,2022,就业,华为技术有限公司,1
工程学部,电气工程学院,本科,2022,就业,国网重庆市电力公司南川供电分公司,1
工程学部,电气工程学院,本科,2022,就业,苏州汇川联合动力系统有限公司,1
工程学部,电气工程学院,本科,2022,就业,上汽通用五菱汽车股份有限公司,1
工程学部,电气工程学院,本科,2022,就业,国网新疆电力有限公司乌鲁木齐供电公司,1
工程学部,电气工程学院,本科,2022,选调生,中共石家庄市长安区委组织部,1
工程学部,电气工程学院,本科,2022,出国(境)留学或工作,剑桥大学,1
工程学部,电气工程学院,本科,2022,升学,江苏大学,1
工程学部,电气工程学院,本科,2022,就业,上海华力集成电路制造有限公司,1
工程学部,电气工程学院,本科,2022,升学,中国科学院空间应用工程与技术中心,1
工程学部,电气工程学院,本科,2022,就业,上汽大众汽车有限公司,1
工程学部,电气工程学院,本科,2022,升学,南方科技大学,1
工程学部,电气工程学院,本科,2022,就业,中国南方电网有限责任公司超高压输电公司柳州局,1
工程学部,电气工程学院,本科,2022,就业,广西锦绣前程人力资源股份有限公司,1
工程学部,电气工程学院,本科,2022,就业,南方电网调峰调频发电有限公司,1
工程学部,电气工程学院,本科,2022,就业,广州西门子变压器有限公司,1
工程学部,电气工程学院,本科,2022,就业,国网上海市电力公司,1
工程学部,电气工程学院,本科,2022,就业,西安西电变压器有限责任公司,1
工程学部,电气工程学院,本科,2022,就业,红云红河烟草(集团)有限责任公司昆明卷烟厂,1
工程学部,电气工程学院,本科,2022,就业,深圳市麦格米特焊接技术有限公司,1
工程学部,电气工程学院,本科,2022,就业,广西北投信创科技投资集团有限公司,1
工程学部,电气工程学院,本科,2022,就业,云南电网有限责任公司昆明供电局,1
工程学部,电气工程学院,本科,2022,就业,深圳供电局有限公司,1
工程学部,电气工程学院,本科,2022,升学,武汉大学,1
工程学部,电气工程学院,本科,2022,出国(境)留学或工作,宾夕法尼亚大学,1
工程学部,电气工程学院,硕士,2022,就业,国网重庆市电力公司,33
工程学部,电气工程学院,硕士,2022,就业,国网福建省电力有限公司,10
工程学部,电气工程学院,硕士,2022,就业,华为技术有限公司,9
工程学部,电气工程学院,硕士,2022,就业,国网浙江省电力有限公司杭州供电公司,7
工程学部,电气工程学院,硕士,2022,就业,国网四川省电力公司成都供电公司,5
工程学部,电气工程学院,硕士,2022,就业,国网安徽省电力有限公司合肥供电公司,4
工程学部,电气工程学院,硕士,2022,就业,广东电网有限责任公司广州供电局,4
工程学部,电气工程学院,硕士,2022,就业,中电科技集团重庆声光电有限公司,4
工程学部,电气工程学院,硕士,2022,就业,国网四川省电力公司天府新区供电公司,4
工程学部,电气工程学院,硕士,2022,就业,云南电力调度控制中心,3
工程学部,电气工程学院,硕士,2022,就业,国网上海市电力公司,3
工程学部,电气工程学院,硕士,2022,就业,国网浙江省电力有限公司温州供电公司,2
工程学部,电气工程学院,硕士,2022,就业,苏州汇川控制技术有限公司,2
工程学部,电气工程学院,硕士,2022,就业,国网浙江省电力有限公司嘉兴供电公司,2
工程学部,电气工程学院,硕士,2022,就业,国网浙江省电力有限公司金华供电公司,2
工程学部,电气工程学院,硕士,2022,就业,国网山东省电力公司超高压公司,2
工程学部,电气工程学院,硕士,2022,就业,中国长江电力股份有限公司,2
工程学部,电气工程学院,硕士,2022,就业,成都芯源系统有限公司,2
工程学部,电气工程学院,硕士,2022,就业,中国工程物理研究院材料研究所,2
工程学部,电气工程学院,硕士,2022,就业,国网天津市电力公司,2
工程学部,电气工程学院,硕士,2022,就业,国网江苏省电力有限公司镇江供电分公司,2
工程学部,电气工程学院,硕士,2022,就业,国网四川省电力公司特高压直流中心,2
工程学部,电气工程学院,硕士,2022,就业,珠海格力电器股份有限公司,2
工程学部,电气工程学院,硕士,2022,就业,国网湖南省电力有限公司长沙供电分公司,2
工程学部,电气工程学院,硕士,2022,就业,国网江苏省电力有限公司南通供电分公司,2
工程学部,电气工程学院,硕士,2022,就业,国网河南省电力公司直流中心,2
工程学部,电气工程学院,硕士,2022,就业,中国电子科技集团公司第二十九研究所,2
工程学部,电气工程学院,硕士,2022,就业,国网四川省电力公司眉山供电公司,2
工程学部,电气工程学院,硕士,2022,就业,国网四川省电力公司德阳供电公司,2
工程学部,电气工程学院,硕士,2022,就业,重庆真测科技股份有限公司,1
工程学部,电气工程学院,硕士,2022,就业,国网山东省电力公司临沂供电公司,1
工程学部,电气工程学院,硕士,2022,就业,广东电网有限责任公司东莞供电局,1
工程学部,电气工程学院,硕士,2022,就业,国网浙江省电力有限公司衢州供电公司,1
工程学部,电气工程学院,硕士,2022,就业,国网湖北省电力有限公司,1
工程学部,电气工程学院,硕士,2022,就业,国核电力规划设计研究院重庆有限公司,1
工程学部,电气工程学院,硕士,2022,出国(境)留学或工作,阿联酋哈利法大学,1
工程学部,电气工程学院,硕士,2022,就业,国家电网公司西南分部,1
工程学部,电气工程学院,硕士,2022,就业,中国建筑股份有限公司海拓工程分公司,1
工程学部,电气工程学院,硕士,2022,就业,国网内蒙古东部电力有限公司电力科学研究院,1
工程学部,电气工程学院,硕士,2022,就业,国网冀北电力有限公司秦皇岛供电公司,1
工程学部,电气工程学院,硕士,2022,就业,国网江苏省电力有限公司苏州供电分公司,1
工程学部,电气工程学院,硕士,2022,出国(境)留学或工作,奥尔堡大学,1
工程学部,电气工程学院,硕士,2022,就业,圣邦微电子(北京)股份有限公司,1
工程学部,电气工程学院,硕士,2022,升学,中国科学院电工研究所,1
工程学部,电气工程学院,硕士,2022,出国(境)留学或工作,香港理工大学,1
工程学部,电气工程学院,硕士,2022,就业,国网安徽省电力有限公司马鞍山供电公司,1
工程学部,电气工程学院,硕士,2022,就业,上海华为技术有限公司,1
工程学部,电气工程学院,硕士,2022,就业,国网江苏省电力有限公司连云港供电分公司,1
工程学部,电气工程学院,硕士,2022,就业,苏州华为技术研发有限公司,1
工程学部,电气工程学院,硕士,2022,就业,重庆川仪自动化股份有限公司流量仪表分公司,1
工程学部,电气工程学院,硕士,2022,就业,贵州电网有限责任公司电力科学研究院,1
工程学部,电气工程学院,硕士,2022,就业,上海联影医疗科技股份有限公司,1
工程学部,电气工程学院,硕士,2022,就业,国网江苏省电力有限公司常州供电分公司,1
工程学部,电气工程学院,硕士,2022,就业,上海纳矽微电子有限公司,1
工程学部,电气工程学院,硕士,2022,就业,国网江苏省电力有限公司扬州供电分公司,1
工程学部,电气工程学院,硕士,2022,就业,国网河南省电力公司营销服务中心,1
工程学部,电气工程学院,硕士,2022,就业,国网河南省电力公司平顶山供电公司,1
工程学部,电气工程学院,硕士,2022,就业,成都华为技术有限公司,1
工程学部,电气工程学院,硕士,2022,就业,云南电网有限责任公司电力科学研究院,1
工程学部,电气工程学院,硕士,2022,就业,广东电网有限责任公司茂名供电局,1
工程学部,电气工程学院,硕士,2022,出国(境)留学或工作,鲁汶大学,1
工程学部,电气工程学院,硕士,2022,就业,国网重庆电力公司北碚供电分公司,1
工程学部,电气工程学院,硕士,2022,就业,国网四川省电力公司超高压分公司,1
工程学部,电气工程学院,硕士,2022,就业,广西电网有限责任公司南宁供电局,1
工程学部,电气工程学院,硕士,2022,就业,国网北京市电力公司,1
工程学部,电气工程学院,硕士,2022,就业,国网河北省电力有限公司电力科学研究院,1
工程学部,电气工程学院,硕士,2022,就业,重庆西南集成电路设计有限责任公司,1
工程学部,电气工程学院,硕士,2022,就业,国网吉林省电力有限公司长春供电公司,1
工程学部,电气工程学院,硕士,2022,就业,国网吉林省电力有限公司检修公司,1
工程学部,电气工程学院,硕士,2022,就业,重庆电力高等专科学校,1
工程学部,电气工程学院,硕士,2022,就业,国网江苏省电力有限公司超高压分公司,1
工程学部,电气工程学院,硕士,2022,就业,国网浙江省电力有限公司经济技术研究院,1
工程学部,电气工程学院,硕士,2022,就业,浙江华电器材检测研究院有限公司,1
工程学部,电气工程学院,硕士,2022,选调生,南通市崇川区人力资源服务中心,1
工程学部,电气工程学院,硕士,2022,就业,郑州电力高等专科学校,1
工程学部,电气工程学院,硕士,2022,就业,国网江西省电力有限公司南昌供电分公司,1
工程学部,电气工程学院,硕士,2022,就业,广东电网有限责任公司佛山供电局,1
工程学部,电气工程学院,硕士,2022,就业,国网江西省电力有限公司赣州供电分公司,1
工程学部,电气工程学院,硕士,2022,就业,广州小鹏汽车科技有限公司,1
工程学部,电气工程学院,硕士,2022,就业,国网浙江省电力有限公司绍兴供电公司,1
工程学部,电气工程学院,硕士,2022,就业,重庆移通学院,1
工程学部,电气工程学院,硕士,2022,就业,国网山东省电力公司烟台供电公司,1
工程学部,电气工程学院,硕士,2022,就业,广西电网有限责任公司柳州供电局,1
工程学部,电气工程学院,硕士,2022,就业,中国工程物理研究院流体物理研究所,1
工程学部,电气工程学院,硕士,2022,就业,中国工程物理研究院应用电子学研究所,1
工程学部,电气工程学院,硕士,2022,就业,中国兵器装备集团自动化研究所有限公司,1
工程学部,电气工程学院,硕士,2022,就业,成都纵横自动化技术股份有限公司,1
工程学部,电气工程学院,硕士,2022,出国(境)留学或工作,香港科技大学,1
工程学部,电气工程学院,硕士,2022,就业,国网宁夏电力有限公司,1
工程学部,电气工程学院,硕士,2022,就业,国网山西省电力公司运城供电公司,1
工程学部,电气工程学院,硕士,2022,就业,国网冀北电力有限公司廊坊供电公司,1
工程学部,电气工程学院,硕士,2022,就业,国网江苏省电力有限公司徐州供电分公司,1
工程学部,电气工程学院,硕士,2022,就业,国网浙江宁波市鄞州区供电有限公司,1
工程学部,电气工程学院,硕士,2022,就业,国网江苏省电力有限公司无锡供电分公司,1
工程学部,电气工程学院,硕士,2022,就业,国网江西省电力有限公司萍乡供电分公司,1
工程学部,电气工程学院,硕士,2022,就业,国网江苏省电力有限公司盐城供电分公司,1
工程学部,电气工程学院,硕士,2022,就业,西安华为技术有限公司,1
工程学部,电气工程学院,硕士,2022,就业,海南电网有限责任公司电力科学研究院,1
工程学部,电气工程学院,硕士,2022,就业,中国船舶重工集团公司第七一二研究所,1
工程学部,电气工程学院,硕士,2022,就业,国网四川省电力公司技能培训中心,1
工程学部,电气工程学院,硕士,2022,就业,国网河南省电力公司许昌供电公司,1
工程学部,电气工程学院,硕士,2022,就业,国网山西省电力公司经济技术研究院,1
工程学部,电气工程学院,硕士,2022,就业,国网山东省电力公司日照供电公司,1
工程学部,电气工程学院,硕士,2022,就业,国网河南省电力公司技能培训中心,1
工程学部,电气工程学院,硕士,2022,出国(境)留学或工作,澳门大学,1
工程学部,电气工程学院,硕士,2022,就业,国网甘肃省电力公司营销服务中心,1
工程学部,电气工程学院,硕士,2022,就业,国网河南省电力公司超高压公司,1
工程学部,电气工程学院,硕士,2022,就业,苏州汇川联合动力系统有限公司,1
工程学部,电气工程学院,硕士,2022,就业,国网河北省电力有限公司,1
工程学部,电气工程学院,硕士,2022,就业,国网陕西省电力有限公司超高压公司,1
工程学部,电气工程学院,硕士,2022,就业,北方自动控制技术研究所,1
工程学部,电气工程学院,硕士,2022,就业,国网湖北省电力有限公司荆州供电公司,1
工程学部,电气工程学院,硕士,2022,就业,中广核风电有限公司,1
工程学部,电气工程学院,硕士,2022,就业,国网湖北省电力有限公司黄石供电公司,1
工程学部,电气工程学院,硕士,2022,就业,深圳供电局有限公司,1
工程学部,电气工程学院,硕士,2022,就业,武汉思拓人力资源开发有限公司,1
工程学部,电气工程学院,硕士,2022,就业,国网湖北省电力有限公司鄂州供电公司,1
工程学部,电气工程学院,硕士,2022,就业,国网陕西省电力有限公司西安供电公司,1
工程学部,电气工程学院,硕士,2022,就业,国网湖南省电力有限公司防灾减灾中心,1
工程学部,电气工程学院,硕士,2022,就业,国网湖南省电力有限公司电力科学研究院,1
工程学部,电气工程学院,硕士,2022,就业,国网湖南省电力有限公司检修公司,1
工程学部,电气工程学院,硕士,2022,就业,贵州电网有限责任公司贵阳供电局,1
工程学部,电气工程学院,硕士,2022,就业,国网四川省电力公司绵阳供电公司,1
工程学部,电气工程学院,硕士,2022,就业,国网山东省电力公司东营供电公司,1
工程学部,电气工程学院,硕士,2022,就业,杭州圣邦微电子有限公司,1
工程学部,电气工程学院,硕士,2022,就业,国网江西省电力有限公司抚州供电分公司,1
工程学部,电气工程学院,硕士,2022,就业,重庆红宇精密工业集团有限公司,1
工程学部,电气工程学院,硕士,2022,就业,国网山西省电力公司电力科学研究院,1
工程学部,电气工程学院,硕士,2022,就业,海南电网有限责任公司,1
工程学部,电气工程学院,硕士,2022,就业,中国电子科技集团公司第五十八研究所,1
工程学部,电气工程学院,硕士,2022,就业,国网河北省电力有限公司经济技术研究院,1
工程学部,电气工程学院,硕士,2022,就业,浙江大华技术股份有限公司,1
工程学部,电气工程学院,硕士,2022,就业,四川航天川南火工技术有限公司,1
工程学部,电气工程学院,硕士,2022,升学,重庆大学,1
工程学部,电气工程学院,硕士,2022,就业,四川电力设计咨询有限责任公司,1
工程学部,电气工程学院,硕士,2022,就业,国网四川省电力公司乐山供电公司,1
工程学部,电气工程学院,硕士,2022,就业,成都凯天电子股份有限公司,1
工程学部,电气工程学院,硕士,2022,就业,上海飞来信息科技有限公司,1
工程学部,电气工程学院,硕士,2022,就业,安那络器件(中国)有限公司,1
工程学部,电气工程学院,硕士,2022,就业,上海龙创汽车设计股份有限公司,1
工程学部,电气工程学院,硕士,2022,就业,湖北省电力勘测设计院有限公司,1
工程学部,电气工程学院,硕士,2022,就业,中国电建集团北京勘测设计研究院有限公司,1
工程学部,电气工程学院,硕士,2022,就业,重庆市大足区市场监督管理局,1
工程学部,电气工程学院,硕士,2022,就业,重庆壁山供电公司,1
工程学部,电气工程学院,硕士,2022,就业,国网重庆市电力公司万州供电分公司,1
工程学部,电气工程学院,硕士,2022,就业,国网重庆市电力公司检修分公司,1
工程学部,电气工程学院,硕士,2022,就业,国网四川省电力公司泸州供电分公司,1
工程学部,电气工程学院,博士,2022,就业,重庆大学,4
工程学部,电气工程学院,博士,2022,就业,清华大学,2
工程学部,电气工程学院,博士,2022,就业,杭州维纳安可医疗科技有限责任公司,2
工程学部,电气工程学院,博士,2022,就业,国网重庆市电力公司,2
工程学部,电气工程学院,博士,2022,就业,北京怀柔实验室,1
工程学部,电气工程学院,博士,2022,就业,中国矿业大学,1
工程学部,电气工程学院,博士,2022,就业,加州大学尔湾分校,1
工程学部,电气工程学院,博士,2022,就业,国网四川省电力公司经济技术研究院,1
工程学部,电气工程学院,博士,2022,就业,华东交通大学,1
工程学部,电气工程学院,博士,2022,就业,南方电网科学研究院有限责任公司,1
工程学部,电气工程学院,博士,2022,就业,澳门大学,1
工程学部,电气工程学院,博士,2022,就业,中国船舶集团海装风电股份有限公司,1
工程学部,电气工程学院,博士,2022,就业,重庆交通大学,1
工程学部,电气工程学院,博士,2022,就业,阳光电源股份有限公司,1
工程学部,电气工程学院,博士,2022,就业,太原理工大学,1
工程学部,电气工程学院,博士,2022,就业,重庆科技学院,1
工程学部,电气工程学院,博士,2022,就业,三峡大学,1
工程学部,电气工程学院,博士,2022,就业,国网河南省电力公司经济技术研究院,1
工程学部,电气工程学院,博士,2022,就业,广东电网有限责任公司广州供电局,1
工程学部,电气工程学院,博士,2022,就业,国网江苏省电力有限公司超高压分公司,1
工程学部,电气工程学院,博士,2022,就业,重庆平创半导体研究院有限责任公司,1
工程学部,电气工程学院,博士,2022,就业,长沙理工大学,1
工程学部,电气工程学院,博士,2022,就业,上海海思技术有限公司,1
工程学部,电气工程学院,博士,2022,就业,成都大学,1
工程学部,电气工程学院,博士,2022,就业,广西大学,1
工程学部,电气工程学院,博士,2022,就业,江西财经大学,1
工程学部,电气工程学院,博士,2022,就业,重庆电子工程职业学院,1
工程学部,电气工程学院,博士,2022,就业,广东电网有限责任公司电力科学研究院,1
工程学部,电气工程学院,博士,2022,就业,成都信息工程大学,1
工程学部,电气工程学院,博士,2022,就业,广东电网有限责任公司惠州供电局,1
工程学部,电气工程学院,本科,2023,升学,重庆大学,50
工程学部,电气工程学院,本科,2023,升学,西安交通大学,26
工程学部,电气工程学院,本科,2023,就业,国网重庆市电力公司,17
工程学部,电气工程学院,本科,2023,升学,华中科技大学,16
工程学部,电气工程学院,本科,2023,出国(境)留学或工作,新加坡国立大学,5
工程学部,电气工程学院,本科,2023,就业,广东电网有限责任公司,5
工程学部,电气工程学院,本科,2023,升学,清华大学,5
工程学部,电气工程学院,本科,2023,就业,比亚迪股份有限公司,3
工程学部,电气工程学院,本科,2023,出国(境)留学或工作,香港城市大学,3
工程学部,电气工程学院,本科,2023,就业,东方电气集团东方电机有限公司,3
工程学部,电气工程学院,本科,2023,就业,广西电网有限责任公司柳州供电局,3
工程学部,电气工程学院,本科,2023,就业,华能霞浦核电有限公司,3
工程学部,电气工程学院,本科,2023,就业,广西电网有限责任公司南宁供电局,3
工程学部,电气工程学院,本科,2023,就业,福建福清核电有限公司,2
工程学部,电气工程学院,本科,2023,升学,上海交通大学,2
工程学部,电气工程学院,本科,2023,就业,国核电力规划设计研究院重庆有限公司,2
工程学部,电气工程学院,本科,2023,就业,中国南方电网有限责任公司超高压输电公司,2
工程学部,电气工程学院,本科,2023,升学,中国矿业大学,2
工程学部,电气工程学院,本科,2023,出国(境)留学或工作,德累斯顿工业大学,2
工程学部,电气工程学院,本科,2023,就业,广东电网有限责任公司东莞供电局,2
工程学部,电气工程学院,本科,2023,就业,重庆泰山电缆有限公司,2
工程学部,电气工程学院,本科,2023,就业,特变电工衡阳变压器有限公司,2
工程学部,电气工程学院,本科,2023,就业,贵州电网有限责任公司遵义供电局,2
工程学部,电气工程学院,本科,2023,就业,江苏金智科技股份有限公司,2
工程学部,电气工程学院,本科,2023,就业,中电投新疆能源化工集团五彩湾发电有限责任公司,1
工程学部,电气工程学院,本科,2023,就业,基恩士(中国)有限公司,1
工程学部,电气工程学院,本科,2023,就业,江铃汽车股份有限公司,1
工程学部,电气工程学院,本科,2023,就业,中车株洲电力机车研究所有限公司,1
工程学部,电气工程学院,本科,2023,就业,华能重庆两江燃机发电有限责任公司,1
工程学部,电气工程学院,本科,2023,就业,国网浙江省电力有限公司建设分公司,1
工程学部,电气工程学院,本科,2023,出国(境)留学或工作,香港大学,1
工程学部,电气工程学院,本科,2023,就业,国网四川省电力公司遂宁供电公司,1
工程学部,电气工程学院,本科,2023,升学,北京理工大学,1
工程学部,电气工程学院,本科,2023,就业,国网湖北省电力有限公司,1
工程学部,电气工程学院,本科,2023,就业,雅砻江流域水电开发有限公司,1
工程学部,电气工程学院,本科,2023,就业,云南电网有限责任公司保山供电局,1
工程学部,电气工程学院,本科,2023,就业,中国石化扬子石油化工有限公司,1
工程学部,电气工程学院,本科,2023,就业,中核核电运行管理有限公司,1
工程学部,电气工程学院,本科,2023,就业,国网四川省电力公司广元供电公司,1
工程学部,电气工程学院,本科,2023,升学,南方科技大学,1
工程学部,电气工程学院,本科,2023,出国(境)留学或工作,华威大学,1
工程学部,电气工程学院,本科,2023,升学,东南大学,1
工程学部,电气工程学院,本科,2023,就业,重庆乌江电力有限公司,1
工程学部,电气工程学院,本科,2023,就业,宁波舟山港舟山港务有限公司,1
工程学部,电气工程学院,本科,2023,就业,宁波舟山港股份有限公司,1
工程学部,电气工程学院,本科,2023,就业,国网陕西省电力有限公司,1
工程学部,电气工程学院,本科,2023,就业,国网西藏电力有限公司拉萨供电公司,1
工程学部,电气工程学院,本科,2023,就业,国投云南大朝山水电有限公司,1
工程学部,电气工程学院,本科,2023,选调生,中共重庆市铜梁区委组织部,1
工程学部,电气工程学院,本科,2023,就业,传奇(天津)技术服务有限公司廊坊分公司,1
工程学部,电气工程学院,本科,2023,就业,三门核电有限公司,1
工程学部,电气工程学院,本科,2023,就业,西南铝业(集团)有限责任公司,1
工程学部,电气工程学院,本科,2023,就业,中建四局安装工程有限公司,1
工程学部,电气工程学院,本科,2023,就业,国网四川省电力公司眉山供电公司,1
工程学部,电气工程学院,本科,2023,出国(境)留学或工作,悉尼大学,1
工程学部,电气工程学院,本科,2023,出国(境)留学或工作,谢菲尔德大学,1
工程学部,电气工程学院,本科,2023,选调生,中共涪陵区委组织部,1
工程学部,电气工程学院,本科,2023,出国(境)留学或工作,南安普顿大学,1
工程学部,电气工程学院,本科,2023,就业,西安西变组件有限公司,1
工程学部,电气工程学院,本科,2023,出国(境)留学或工作,纽约大学,1
工程学部,电气工程学院,本科,2023,就业,华能海南发电股份有限公司,1
工程学部,电气工程学院,本科,2023,出国(境)留学或工作,伦敦大学学院,1
工程学部,电气工程学院,本科,2023,就业,国网福建省电力有限公司,1
工程学部,电气工程学院,本科,2023,就业,广州智光电气技术有限公司,1
工程学部,电气工程学院,本科,2023,就业,重庆南瑞博瑞变压器有限公司,1
工程学部,电气工程学院,本科,2023,就业,国网四川电力送变电建设有限公司,1
工程学部,电气工程学院,本科,2023,就业,南京南瑞继保电气有限公司,1
工程学部,电气工程学院,本科,2023,就业,贵州电网有限责任公司兴义供电局,1
工程学部,电气工程学院,本科,2023,就业,深圳市中电电力技术股份有限公司,1
工程学部,电气工程学院,本科,2023,就业,国网四川省电力公司绵阳供电公司,1
工程学部,电气工程学院,本科,2023,就业,深圳供电规划设计院有限公司,1
工程学部,电气工程学院,本科,2023,就业,国网四川省电力公司天府新区供电公司,1
工程学部,电气工程学院,本科,2023,就业,中国移动通信集团湖北有限公司,1
工程学部,电气工程学院,本科,2023,就业,赛力斯集团股份有限公司,1
工程学部,电气工程学院,本科,2023,出国(境)留学或工作,达特茅斯学院,1
工程学部,电气工程学院,本科,2023,就业,重庆嘉陵华光光电科技有限公司,1
工程学部,电气工程学院,本科,2023,就业,中国电建集团贵州工程有限公司,1
工程学部,电气工程学院,本科,2023,升学,湖南大学,1
工程学部,电气工程学院,本科,2023,出国(境)留学或工作,曼彻斯特大学,1
工程学部,电气工程学院,本科,2023,就业,贵州电网有限责任公司安顺供电局,1
工程学部,电气工程学院,本科,2023,升学,浙江大学,1
工程学部,电气工程学院,本科,2023,就业,国能清远发电有限责任公司,1
工程学部,电气工程学院,本科,2023,就业,中核辽宁核电有限公司,1
工程学部,电气工程学院,本科,2023,就业,重庆轨道四号线建设运营有限公司,1
工程学部,电气工程学院,本科,2023,出国(境)留学或工作,ISI日本语学校,1
工程学部,电气工程学院,本科,2023,升学,中国工程物理研究院电子工程研究所,1
工程学部,电气工程学院,本科,2023,就业,中国建筑第八工程局有限公司西南分公司,1
工程学部,电气工程学院,本科,2023,就业,国投云南新能源有限公司,1
工程学部,电气工程学院,本科,2023,就业,华能彭州热电有限责任公司,1
工程学部,电气工程学院,本科,2023,升学,中国空间技术研究院,1
工程学部,电气工程学院,本科,2023,就业,贵州电网有限责任公司六盘水供电局,1
工程学部,电气工程学院,本科,2023,就业,海南金盘智能科技股份有限公司,1
工程学部,电气工程学院,本科,2023,就业,深圳前海蛇口自贸区供电有限公司,1
工程学部,电气工程学院,硕士,2023,就业,国网重庆市电力公司,33
工程学部,电气工程学院,硕士,2023,就业,国网福建省电力有限公司,9
工程学部,电气工程学院,硕士,2023,就业,国网浙江省电力有限公司杭州供电公司,5
工程学部,电气工程学院,硕士,2023,就业,中电科技集团重庆声光电有限公司,4
工程学部,电气工程学院,硕士,2023,升学,重庆大学,4
工程学部,电气工程学院,硕士,2023,就业,贵州电网有限责任公司贵阳供电局,4
工程学部,电气工程学院,硕士,2023,就业,国网湖南省电力有限公司长沙供电分公司,4
工程学部,电气工程学院,硕士,2023,就业,广东电网有限责任公司广州供电局,4
工程学部,电气工程学院,硕士,2023,就业,国网浙江省电力有限公司湖州供电公司,3
工程学部,电气工程学院,硕士,2023,就业,中国南方电网有限责任公司超高压输电公司,3
工程学部,电气工程学院,硕士,2023,就业,国网江苏省电力有限公司徐州供电分公司,3
工程学部,电气工程学院,硕士,2023,就业,国网四川省电力公司成都供电公司,3
工程学部,电气工程学院,硕士,2023,选调生,中共重庆市委组织部,2
工程学部,电气工程学院,硕士,2023,就业,国网冀北电力有限公司唐山供电公司,2
工程学部,电气工程学院,硕士,2023,就业,国网浙江省电力有限公司宁波供电公司,2
工程学部,电气工程学院,硕士,2023,就业,国网浙江省电力有限公司温州供电公司 第二名称：温州电力局,2
工程学部,电气工程学院,硕士,2023,就业,国网浙江省电力有限公司金华供电公司,2
工程学部,电气工程学院,硕士,2023,就业,国网河南省电力公司郑州供电公司,2
工程学部,电气工程学院,硕士,2023,就业,比亚迪股份有限公司,2
工程学部,电气工程学院,硕士,2023,就业,国网四川省电力公司技能培训中心,2
工程学部,电气工程学院,硕士,2023,就业,成都芯源系统有限公司,2
工程学部,电气工程学院,硕士,2023,就业,国网四川省电力公司天府新区供电公司,2
工程学部,电气工程学院,硕士,2023,就业,中国工程物理研究院电子工程研究所,2
工程学部,电气工程学院,硕士,2023,就业,南京南瑞继保电气有限公司,2
工程学部,电气工程学院,硕士,2023,就业,国网江苏省电力有限公司无锡供电分公司,2
工程学部,电气工程学院,硕士,2023,升学,哈尔滨工业大学,2
工程学部,电气工程学院,硕士,2023,就业,国网浙江省电力有限公司丽水供电公司,2
工程学部,电气工程学院,硕士,2023,就业,中国电力科学研究院有限公司,2
工程学部,电气工程学院,硕士,2023,就业,云南电网有限责任公司电力科学研究院,2
工程学部,电气工程学院,硕士,2023,升学,清华大学,2
工程学部,电气工程学院,硕士,2023,就业,云南电力调度控制中心,2
工程学部,电气工程学院,硕士,2023,就业,国网浙江省电力有限公司台州供电公司,2
工程学部,电气工程学院,硕士,2023,就业,国网江西省电力有限公司赣州供电分公司,2
工程学部,电气工程学院,硕士,2023,就业,国网四川省电力公司遂宁供电公司,2
工程学部,电气工程学院,硕士,2023,就业,国网江西省电力有限公司南昌供电分公司,2
工程学部,电气工程学院,硕士,2023,就业,贵州电网有限责任公司遵义供电局,2
工程学部,电气工程学院,硕士,2023,就业,国网河南省电力公司洛阳供电公司,2
工程学部,电气工程学院,硕士,2023,就业,国网湖北省电力有限公司,2
工程学部,电气工程学院,硕士,2023,就业,国网湖南省电力有限公司株洲供电分公司,2
工程学部,电气工程学院,硕士,2023,就业,贵州电网有限责任公司电力科学研究院,2
工程学部,电气工程学院,硕士,2023,选调生,永川区委组织部,1
工程学部,电气工程学院,硕士,2023,就业,国网重庆市电力公司江津供电分公司,1
工程学部,电气工程学院,硕士,2023,出国(境)留学或工作,麦克马斯特大学,1
工程学部,电气工程学院,硕士,2023,就业,中国能源建设集团安徽省电力设计院有限公司,1
工程学部,电气工程学院,硕士,2023,就业,圣邦微电子(北京)股份有限公司,1
工程学部,电气工程学院,硕士,2023,就业,国网宁夏电力有限公司,1
工程学部,电气工程学院,硕士,2023,就业,国网山西省电力公司电力科学研究院,1
工程学部,电气工程学院,硕士,2023,就业,上海烟草集团有限责任公司天津卷烟厂,1
工程学部,电气工程学院,硕士,2023,就业,国网冀北电力有限公司廊坊供电公司,1
工程学部,电气工程学院,硕士,2023,就业,上海华电电力发展有限公司望亭发电分公司,1
工程学部,电气工程学院,硕士,2023,就业,无锡奥特维科技股份有限公司,1
工程学部,电气工程学院,硕士,2023,就业,国网浙江省电力有限公司绍兴供电公司,1
工程学部,电气工程学院,硕士,2023,就业,阳光电源股份有限公司,1
工程学部,电气工程学院,硕士,2023,出国(境)留学或工作,根特大学,1
工程学部,电气工程学院,硕士,2023,就业,中国空空导弹研究院,1
工程学部,电气工程学院,硕士,2023,就业,国网河南省电力公司开封供电公司,1
工程学部,电气工程学院,硕士,2023,就业,国网智能电网研究院有限公司,1
工程学部,电气工程学院,硕士,2023,出国(境)留学或工作,华威大学,1
工程学部,电气工程学院,硕士,2023,就业,华为技术有限公司,1
工程学部,电气工程学院,硕士,2023,就业,国网湖南省电力有限公司超高压变电公司,1
工程学部,电气工程学院,硕士,2023,就业,苏州汇川联合动力系统有限公司西安分公司,1
工程学部,电气工程学院,硕士,2023,就业,中国电力工程顾问集团西南电力设计院有限公司,1
工程学部,电气工程学院,硕士,2023,升学,清华大学深圳国际研究生院,1
工程学部,电气工程学院,硕士,2023,就业,内蒙古电力(集团)有限责任公司,1
工程学部,电气工程学院,硕士,2023,就业,国网浙江省电力有限公司培训中心,1
工程学部,电气工程学院,硕士,2023,就业,国网江西省电力有限公司吉安供电分公司,1
工程学部,电气工程学院,硕士,2023,就业,国网浙江省电力有限公司舟山供电公司,1
工程学部,电气工程学院,硕士,2023,就业,国网安徽省电力有限公司芜湖供电公司,1
工程学部,电气工程学院,硕士,2023,就业,中国长江电力股份有限公司,1
工程学部,电气工程学院,硕士,2023,就业,雅砻江流域水电开发有限公司,1
工程学部,电气工程学院,硕士,2023,就业,圣邦微电子(苏州)有限责任公司,1
工程学部,电气工程学院,硕士,2023,就业,阳光电源(南京)有限公司,1
工程学部,电气工程学院,硕士,2023,就业,国网江西省电力有限公司电力科学研究院,1
工程学部,电气工程学院,硕士,2023,就业,国网山东省电力公司莱芜供电公司,1
工程学部,电气工程学院,硕士,2023,就业,广西电网有限责任公司南宁供电局,1
工程学部,电气工程学院,硕士,2023,就业,广西电网公司客户服务中心,1
工程学部,电气工程学院,硕士,2023,就业,中国电建集团成都勘测设计研究院有限公司,1
工程学部,电气工程学院,硕士,2023,就业,贵州电网有限责任公司电力调度控制中心,1
工程学部,电气工程学院,硕士,2023,就业,国网上海市电力公司,1
工程学部,电气工程学院,硕士,2023,就业,海南电网有限责任公司,1
工程学部,电气工程学院,硕士,2023,就业,中国电建集团华中电力设计研究院有限公司,1
工程学部,电气工程学院,硕士,2023,就业,西安华为技术有限公司,1
工程学部,电气工程学院,硕士,2023,就业,中国兵器工业第五九研究所,1
工程学部,电气工程学院,硕士,2023,就业,广东电网有限责任公司,1
工程学部,电气工程学院,硕士,2023,出国(境)留学或工作,爱荷华州立大学,1
工程学部,电气工程学院,硕士,2023,就业,国网四川省电力公司眉山供电公司,1
工程学部,电气工程学院,硕士,2023,就业,日立能源(中国)有限公司,1
工程学部,电气工程学院,硕士,2023,就业,汉海信息技术(上海)有限公司,1
工程学部,电气工程学院,硕士,2023,就业,国网江西省电力有限公司抚州供电分公司,1
工程学部,电气工程学院,硕士,2023,就业,北京时代民芯科技有限公司,1
工程学部,电气工程学院,硕士,2023,就业,深圳市大疆创新科技有限公司,1
工程学部,电气工程学院,硕士,2023,就业,国网江苏省电力有限公司扬州供电分公司,1
工程学部,电气工程学院,硕士,2023,就业,国网江苏省电力有限公司淮安供电分公司,1
工程学部,电气工程学院,硕士,2023,就业,成都华为技术有限公司,1
工程学部,电气工程学院,硕士,2023,就业,国网冀北电力有限公司智能配电网中心,1
工程学部,电气工程学院,硕士,2023,就业,国网湖南省电力有限公司娄底供电分公司,1
工程学部,电气工程学院,硕士,2023,就业,国网辽宁省电力有限公司技能培训中心,1
工程学部,电气工程学院,硕士,2023,就业,国网四川省电力公司泸州供电公司,1
工程学部,电气工程学院,硕士,2023,就业,国家能源集团科学技术研究院有限公司,1
工程学部,电气工程学院,硕士,2023,就业,国网浙江省电力有限公司衢州供电公司,1
工程学部,电气工程学院,硕士,2023,就业,国网河南省电力公司平顶山供电公司,1
工程学部,电气工程学院,硕士,2023,就业,国网河南省电力公司周口供电公司,1
工程学部,电气工程学院,硕士,2023,就业,国网江苏省电力有限公司南通供电分公司,1
工程学部,电气工程学院,硕士,2023,就业,国网浙江省电力有限公司经济技术研究院,1
工程学部,电气工程学院,硕士,2023,就业,国网山西省电力公司晋中供电公司,1
工程学部,电气工程学院,硕士,2023,就业,国网冀北电力有限公司秦皇岛供电公司,1
工程学部,电气工程学院,硕士,2023,就业,国家电网公司东北分部,1
工程学部,电气工程学院,硕士,2023,就业,国网黑龙江省电力有限公司哈尔滨供电公司,1
工程学部,电气工程学院,硕士,2023,就业,国网安徽省电力有限公司建设分公司,1
工程学部,电气工程学院,硕士,2023,就业,国网安徽省电力有限公司合肥供电公司,1
工程学部,电气工程学院,硕士,2023,就业,国网安徽省电力有限公司培训中心,1
工程学部,电气工程学院,硕士,2023,就业,深圳迈瑞生物医疗电子股份有限公司,1
工程学部,电气工程学院,硕士,2023,就业,漳州科华电气技术有限公司,1
工程学部,电气工程学院,硕士,2023,就业,国网江西省电力有限公司九江供电分公司,1
工程学部,电气工程学院,硕士,2023,就业,国网山东省电力公司临沂供电公司,1
工程学部,电气工程学院,硕士,2023,就业,国网河南省电力公司电力科学研究院,1
工程学部,电气工程学院,硕士,2023,就业,国网河南省电力公司安阳供电公司,1
工程学部,电气工程学院,硕士,2023,就业,中建科工集团有限公司,1
工程学部,电气工程学院,硕士,2023,就业,湖北省电力勘测设计院有限公司,1
工程学部,电气工程学院,硕士,2023,就业,国网湖南省电力有限公司防灾减灾中心,1
工程学部,电气工程学院,硕士,2023,就业,国网湖南省电力有限公司岳阳供电分公司,1
工程学部,电气工程学院,硕士,2023,就业,赛力斯汽车有限公司,1
工程学部,电气工程学院,硕士,2023,就业,东方电气集团东方电机有限公司,1
工程学部,电气工程学院,硕士,2023,就业,南方电网调峰调频发电有限公司,1
工程学部,电气工程学院,硕士,2023,就业,四川电力设计咨询有限责任公司,1
工程学部,电气工程学院,硕士,2023,就业,国网陕西省电力有限公司汉中供电公司,1
工程学部,电气工程学院,硕士,2023,就业,国网甘肃省电力公司经济技术研究院,1
工程学部,电气工程学院,硕士,2023,就业,中国人民解放军陆军勤务学院,1
工程学部,电气工程学院,博士,2023,就业,长沙理工大学,1
工程学部,电气工程学院,博士,2023,就业,贵州电网有限责任公司电力科学研究院,1
工程学部,电气工程学院,博士,2023,就业,武汉理工大学,1
工程学部,电气工程学院,博士,2023,就业,重庆大学,1
工程学部,电气工程学院,博士,2023,就业,中国电力科学研究院有限公司,1
工程学部,电气工程学院,博士,2023,就业,重庆科技学院,1
工程学部,电气工程学院,博士,2023,就业,国网重庆市电力公司,1
工程学部,电气工程学院,博士,2023,就业,深圳迈瑞生物医疗电子股份有限公司,1
工程学部,电气工程学院,博士,2023,就业,重庆交通大学,1
工程学部,电气工程学院,博士,2023,就业,重庆工程职业技术学院,1
工程学部,电气工程学院,博士,2023,就业,泰开集团有限公司,1
工程学部,电气工程学院,博士,2023,就业,招商局重庆交通科研设计院有限公司,1
工程学部,电气工程学院,博士,2023,就业,宁德时代未来能源(上海)研究院有限公司,1
工程学部,电气工程学院,博士,2023,选调生,中国共产党重庆市委员会组织部,1
工程学部,电气工程学院,博士,2023,选调生,中共重庆市委组织部,1
工程学部,电气工程学院,博士,2023,就业,重庆理工大学,1
工程学部,电气工程学院,博士,2023,就业,国网四川省电力公司营销服务中心,1
工程学部,电气工程学院,博士,2023,就业,江苏神马电力股份有限公司,1
工程学部,电气工程学院,博士,2023,就业,四川大学,1
工程学部,电气工程学院,博士,2023,选调生,福建省工业和信息化厅,1
工程学部,电气工程学院,博士,2023,就业,国网湖南省电力有限公司超高压变电公司,1
工程学部,电气工程学院,博士,2023,就业,国网四川省电力公司电力科学研究院,1
工程学部,电气工程学院,博士,2023,就业,电子科技大学,1
工程学部,能源与动力工程学院,本科,2021,升学,重庆大学,43
工程学部,能源与动力工程学院,本科,2021,升学,西安交通大学,28
工程学部,能源与动力工程学院,本科,2021,出国(境)留学或工作,新加坡国立大学,6
工程学部,能源与动力工程学院,本科,2021,升学,中国科学院理化技术研究所,6
工程学部,能源与动力工程学院,本科,2021,升学,中国科学院近代物理研究所,4
工程学部,能源与动力工程学院,本科,2021,就业,东方电气集团东方锅炉股份有限公司,3
工程学部,能源与动力工程学院,本科,2021,就业,海南核电有限公司,3
工程学部,能源与动力工程学院,本科,2021,升学,浙江大学,3
工程学部,能源与动力工程学院,本科,2021,就业,东方电气集团东方汽轮机有限公司,3
工程学部,能源与动力工程学院,本科,2021,升学,中山大学,3
工程学部,能源与动力工程学院,本科,2021,升学,上海交通大学,3
工程学部,能源与动力工程学院,本科,2021,就业,中核核电运行管理有限公司,3
工程学部,能源与动力工程学院,本科,2021,就业,上海康恒环境股份有限公司,3
工程学部,能源与动力工程学院,本科,2021,就业,中国航发贵州黎阳航空发动机有限公司,2
工程学部,能源与动力工程学院,本科,2021,升学,中国原子能科学研究院,2
工程学部,能源与动力工程学院,本科,2021,升学,东南大学,2
工程学部,能源与动力工程学院,本科,2021,就业,中国电建集团都江电力设备有限公司,2
工程学部,能源与动力工程学院,本科,2021,选调生,中国共产党广安市委员会组织部,2
工程学部,能源与动力工程学院,本科,2021,就业,重庆长安汽车股份有限公司,2
工程学部,能源与动力工程学院,本科,2021,就业,中国航发西安航空发动机有限公司,2
工程学部,能源与动力工程学院,本科,2021,就业,中山粤海能源有限公司,2
工程学部,能源与动力工程学院,本科,2021,就业,弗迪动力有限公司,1
工程学部,能源与动力工程学院,本科,2021,就业,重庆长安汽车软件科技有限公司,1
工程学部,能源与动力工程学院,本科,2021,就业,中国移动通信集团河北有限公司,1
工程学部,能源与动力工程学院,本科,2021,升学,中国矿业大学,1
工程学部,能源与动力工程学院,本科,2021,就业,中建一局集团建设发展有限公司,1
工程学部,能源与动力工程学院,本科,2021,就业,重庆清电新能源开发有限公司,1
工程学部,能源与动力工程学院,本科,2021,就业,华润电力(仙桃)有限公司,1
工程学部,能源与动力工程学院,本科,2021,升学,南京航空航天大学,1
工程学部,能源与动力工程学院,本科,2021,就业,中国电子系统工程第四建设有限公司,1
工程学部,能源与动力工程学院,本科,2021,选调生,大连市科学技术局,1
工程学部,能源与动力工程学院,本科,2021,升学,军事科学院,1
工程学部,能源与动力工程学院,本科,2021,就业,国家电投集团云南国际电力投资有限公司,1
工程学部,能源与动力工程学院,本科,2021,就业,广州华凌制冷设备有限公司,1
工程学部,能源与动力工程学院,本科,2021,就业,东方电气风电有限公司,1
工程学部,能源与动力工程学院,本科,2021,就业,华电云南发电有限公司,1
工程学部,能源与动力工程学院,本科,2021,就业,贵州永红航空机械有限责任公司,1
工程学部,能源与动力工程学院,本科,2021,就业,长安福特汽车有限公司,1
工程学部,能源与动力工程学院,本科,2021,升学,大连海事大学,1
工程学部,能源与动力工程学院,本科,2021,就业,杭州锅炉集团股份有限公司成都分公司,1
工程学部,能源与动力工程学院,本科,2021,升学,中国科学技术大学,1
工程学部,能源与动力工程学院,本科,2021,就业,华能重庆珞璜发电有限责任公司,1
工程学部,能源与动力工程学院,本科,2021,就业,东方电气自动控制工程有限公司,1
工程学部,能源与动力工程学院,本科,2021,就业,四川省机场集团有限公司,1
工程学部,能源与动力工程学院,本科,2021,就业,中核四0四有限公司,1
工程学部,能源与动力工程学院,本科,2021,就业,比亚迪股份有限公司,1
工程学部,能源与动力工程学院,本科,2021,就业,中建五局第三建设有限公司,1
工程学部,能源与动力工程学院,本科,2021,升学,中国核动力研究设计院,1
工程学部,能源与动力工程学院,本科,2021,就业,西安西电变压器有限责任公司,1
工程学部,能源与动力工程学院,本科,2021,升学,新疆大学,1
工程学部,能源与动力工程学院,本科,2021,就业,哈尔滨锅炉厂有限责任公司,1
工程学部,能源与动力工程学院,本科,2021,升学,江苏海洋大学,1
工程学部,能源与动力工程学院,本科,2021,就业,西安西电国际工程有限责任公司,1
工程学部,能源与动力工程学院,本科,2021,就业,深圳市华星光电技术有限公司,1
工程学部,能源与动力工程学院,本科,2021,就业,明阳智慧能源集团股份公司,1
工程学部,能源与动力工程学院,本科,2021,就业,华电新疆发电有限公司,1
工程学部,能源与动力工程学院,本科,2021,就业,四川天华股份有限公司,1
工程学部,能源与动力工程学院,本科,2021,就业,米哈游科技(上海)有限公司,1
工程学部,能源与动力工程学院,本科,2021,升学,华中科技大学,1
工程学部,能源与动力工程学院,本科,2021,就业,四川川锅锅炉有限责任公司,1
工程学部,能源与动力工程学院,本科,2021,升学,郑州大学,1
工程学部,能源与动力工程学院,本科,2021,选调生,中共陕西省委组织部,1
工程学部,能源与动力工程学院,本科,2021,升学,湖南大学,1
工程学部,能源与动力工程学院,本科,2021,就业,上海大尘微影半导体科技有限公司,1
工程学部,能源与动力工程学院,本科,2021,升学,中国运载火箭技术研究院,1
工程学部,能源与动力工程学院,本科,2021,就业,广州市晓培优教育科技有限公司,1
工程学部,能源与动力工程学院,本科,2021,就业,重庆美的通用制冷设备有限公司,1
工程学部,能源与动力工程学院,本科,2021,选调生,中共乐山市委组织部,1
工程学部,能源与动力工程学院,本科,2021,就业,四川中泰联合设计股份有限公司,1
工程学部,能源与动力工程学院,本科,2021,选调生,中共毕节市委组织部,1
工程学部,能源与动力工程学院,本科,2021,就业,深圳新东方培训学校,1
工程学部,能源与动力工程学院,本科,2021,就业,东方电气集团东方电机有限公司,1
工程学部,能源与动力工程学院,本科,2021,升学,华北电力大学,1
工程学部,能源与动力工程学院,本科,2021,就业,中国汽车工程研究院股份有限公司,1
工程学部,能源与动力工程学院,本科,2021,升学,中国科学院工程热物理研究所,1
工程学部,能源与动力工程学院,本科,2021,出国(境)留学或工作,澳门大学,1
工程学部,能源与动力工程学院,本科,2021,就业,中核兰州铀浓缩有限公司,1
工程学部,能源与动力工程学院,本科,2021,升学,煤炭科学研究总院,1
工程学部,能源与动力工程学院,本科,2021,就业,衡阳华菱钢管有限公司,1
工程学部,能源与动力工程学院,本科,2021,就业,中国铁路昆明局集团有限公司,1
工程学部,能源与动力工程学院,本科,2021,升学,西北工业大学,1
工程学部,能源与动力工程学院,本科,2021,就业,浙江西子联合工程有限公司,1
工程学部,能源与动力工程学院,本科,2021,就业,奇瑞商用车(安徽)有限公司,1
工程学部,能源与动力工程学院,本科,2021,就业,国网重庆市电力公司,1
工程学部,能源与动力工程学院,本科,2021,就业,特变电工新疆新能源股份有限公司,1
工程学部,能源与动力工程学院,硕士,2021,就业,重庆三峰环境集团股份有限公司,5
工程学部,能源与动力工程学院,硕士,2021,就业,华为技术有限公司,4
工程学部,能源与动力工程学院,硕士,2021,就业,中国核动力研究设计院,3
工程学部,能源与动力工程学院,硕士,2021,就业,上海闻泰信息技术有限公司,2
工程学部,能源与动力工程学院,硕士,2021,就业,国药集团重庆医药设计院有限公司,2
工程学部,能源与动力工程学院,硕士,2021,就业,四川航天川南火工技术有限公司,2
工程学部,能源与动力工程学院,硕士,2021,选调生,中共重庆市委组织部,2
工程学部,能源与动力工程学院,硕士,2021,就业,国家知识产权局专利局专利审查协作四川中心,2
工程学部,能源与动力工程学院,硕士,2021,就业,四川虹微技术有限公司,1
工程学部,能源与动力工程学院,硕士,2021,就业,中国重型汽车集团有限公司,1
工程学部,能源与动力工程学院,硕士,2021,就业,北京荣耀终端有限公司,1
工程学部,能源与动力工程学院,硕士,2021,升学,上海交通大学,1
工程学部,能源与动力工程学院,硕士,2021,就业,重庆京东方显示技术有限公司,1
工程学部,能源与动力工程学院,硕士,2021,就业,海信集团控股股份有限公司,1
工程学部,能源与动力工程学院,硕士,2021,就业,深圳市龙华区市政服务中心,1
工程学部,能源与动力工程学院,硕士,2021,就业,艾欧史密斯(中国)热水器有限公司,1
工程学部,能源与动力工程学院,硕士,2021,就业,华为技术有限公司北京研究所,1
工程学部,能源与动力工程学院,硕士,2021,就业,重庆智汇能源研究院有限公司,1
工程学部,能源与动力工程学院,硕士,2021,就业,歌尔股份有限公司,1
工程学部,能源与动力工程学院,硕士,2021,就业,上汽大众汽车有限公司,1
工程学部,能源与动力工程学院,硕士,2021,就业,阿里巴巴(中国)有限公司余杭分公司,1
工程学部,能源与动力工程学院,硕士,2021,就业,依米康科技集团股份有限公司,1
工程学部,能源与动力工程学院,硕士,2021,就业,中冶赛迪集团有限公司,1
工程学部,能源与动力工程学院,硕士,2021,出国(境)留学或工作,格罗宁根大学,1
工程学部,能源与动力工程学院,硕士,2021,就业,东方电气集团科学技术研究院有限公司,1
工程学部,能源与动力工程学院,硕士,2021,就业,广东美的暖通设备有限公司,1
工程学部,能源与动力工程学院,硕士,2021,就业,中国人民解放军32805部队,1
工程学部,能源与动力工程学院,硕士,2021,就业,杭州锅炉集团股份有限公司,1
工程学部,能源与动力工程学院,硕士,2021,就业,TCL空调器(中山)有限公司,1
工程学部,能源与动力工程学院,硕士,2021,就业,中兴通讯股份有限公司,1
工程学部,能源与动力工程学院,硕士,2021,就业,西安闻泰信息技术有限公司,1
工程学部,能源与动力工程学院,硕士,2021,就业,东方红卫星移动通信有限公司,1
工程学部,能源与动力工程学院,硕士,2021,就业,中国空气动力研究与发展中心计算空气动力研究所,1
工程学部,能源与动力工程学院,硕士,2021,就业,上海电气电站设备有限公司上海汽轮机厂,1
工程学部,能源与动力工程学院,硕士,2021,就业,中航光电科技股份有限公司,1
工程学部,能源与动力工程学院,硕士,2021,就业,中冶南方武汉钢铁设计研究院有限公司,1
工程学部,能源与动力工程学院,硕士,2021,就业,宁德时代新能源科技股份有限公司,1
工程学部,能源与动力工程学院,硕士,2021,就业,北京理工大学重庆创新中心,1
工程学部,能源与动力工程学院,硕士,2021,就业,信息产业电子第十一设计研究院科技工程股份有限公司,1
工程学部,能源与动力工程学院,硕士,2021,出国(境)留学或工作,香港城市大学,1
工程学部,能源与动力工程学院,硕士,2021,就业,郑州市第七中学,1
工程学部,能源与动力工程学院,硕士,2021,就业,四川省宜宾五粮液集团有限公司,1
工程学部,能源与动力工程学院,硕士,2021,升学,西安交通大学,1
工程学部,能源与动力工程学院,硕士,2021,就业,广东省政府办公厅,1
工程学部,能源与动力工程学院,硕士,2021,就业,成都凯天电子股份有限公司,1
工程学部,能源与动力工程学院,硕士,2021,就业,中国电子科技集团公司第十研究所,1
工程学部,能源与动力工程学院,硕士,2021,就业,长鑫存储技术有限公司,1
工程学部,能源与动力工程学院,硕士,2021,就业,恒大新能源科技集团有限公司,1
工程学部,能源与动力工程学院,硕士,2021,就业,杭州海康威视数字技术股份有限公司,1
工程学部,能源与动力工程学院,硕士,2021,就业,国家电网有限公司技术学院分公司,1
工程学部,能源与动力工程学院,硕士,2021,就业,苏州热工研究院有限公司深圳分公司,1
工程学部,能源与动力工程学院,硕士,2021,选调生,中国共产党广安市委员会组织部,1
工程学部,能源与动力工程学院,硕士,2021,就业,西安荣耀终端有限公司,1
工程学部,能源与动力工程学院,硕士,2021,就业,四川省工业环境监测研究院,1
工程学部,能源与动力工程学院,硕士,2021,就业,重庆宗申动力机械股份有限公司,1
工程学部,能源与动力工程学院,硕士,2021,就业,福建省长汀金龙稀土有限公司,1
工程学部,能源与动力工程学院,硕士,2021,就业,浙江物产国际贸易有限公司,1
工程学部,能源与动力工程学院,硕士,2021,就业,北京环境特性研究所,1
工程学部,能源与动力工程学院,硕士,2021,就业,重庆长安新能源汽车科技有限公司,1
工程学部,能源与动力工程学院,硕士,2021,升学,天津大学,1
工程学部,能源与动力工程学院,硕士,2021,就业,上海满易小额贷款有限公司,1
工程学部,能源与动力工程学院,硕士,2021,就业,中国航发贵阳发动机设计研究所,1
工程学部,能源与动力工程学院,硕士,2021,出国(境)留学或工作,亚利桑那大学,1
工程学部,能源与动力工程学院,硕士,2021,就业,广东美的厨卫电器制造有限公司,1
工程学部,能源与动力工程学院,硕士,2021,出国(境)留学或工作,弗吉尼亚理工大学,1
工程学部,能源与动力工程学院,硕士,2021,就业,中广核研究院有限公司,1
工程学部,能源与动力工程学院,硕士,2021,升学,重庆大学,1
工程学部,能源与动力工程学院,硕士,2021,选调生,广西壮族自治区党委组织部干部规划办,1
工程学部,能源与动力工程学院,硕士,2021,选调生,中国共产党淄博市委员会组织部,1
工程学部,能源与动力工程学院,硕士,2021,就业,四川中锐信息技术有限公司,1
工程学部,能源与动力工程学院,硕士,2021,就业,东方电气集团东方锅炉股份有限公司,1
工程学部,能源与动力工程学院,硕士,2021,选调生,中共德阳市委组织部,1
工程学部,能源与动力工程学院,硕士,2021,就业,四川航天烽火伺服控制技术有限公司,1
工程学部,能源与动力工程学院,博士,2021,就业,重庆工业职业技术学院,1
工程学部,能源与动力工程学院,博士,2021,就业,西安近代化学研究所,1
工程学部,能源与动力工程学院,博士,2021,就业,常州大学,1
工程学部,能源与动力工程学院,博士,2021,就业,中国民用航空飞行学院,1
工程学部,能源与动力工程学院,博士,2021,就业,郑州轻工业大学,1
工程学部,能源与动力工程学院,博士,2021,就业,西南大学,1
工程学部,能源与动力工程学院,博士,2021,就业,重庆大学,1
工程学部,能源与动力工程学院,博士,2021,就业,重庆科技学院,1
工程学部,能源与动力工程学院,博士,2021,就业,广东工业大学,1
工程学部,能源与动力工程学院,博士,2021,就业,河南科技大学,1
工程学部,能源与动力工程学院,博士,2021,就业,江苏大学,1
工程学部,能源与动力工程学院,博士,2021,就业,中国核动力研究设计院,1
工程学部,能源与动力工程学院,博士,2021,就业,重庆理工大学,1
工程学部,能源与动力工程学院,博士,2021,就业,扬州大学,1
工程学部,能源与动力工程学院,本科,2022,就业,重庆大学,44
工程学部,能源与动力工程学院,本科,2022,升学,西安交通大学,27
工程学部,能源与动力工程学院,本科,2022,出国(境)留学或工作,新加坡国立大学,9
工程学部,能源与动力工程学院,本科,2022,升学,中国科学院大学,7
工程学部,能源与动力工程学院,本科,2022,升学,华中科技大学,6
工程学部,能源与动力工程学院,本科,2022,升学,浙江大学,5
工程学部,能源与动力工程学院,本科,2022,升学,上海交通大学,4
工程学部,能源与动力工程学院,本科,2022,就业,东方电气集团东方汽轮机有限公司,4
工程学部,能源与动力工程学院,本科,2022,就业,海南核电有限公司,3
工程学部,能源与动力工程学院,本科,2022,就业,贵州玉屏清洁热能有限公司,2
工程学部,能源与动力工程学院,本科,2022,就业,广西防城港核电有限公司,2
工程学部,能源与动力工程学院,本科,2022,升学,东南大学,2
工程学部,能源与动力工程学院,本科,2022,就业,广西玉柴机器股份有限公司,2
工程学部,能源与动力工程学院,本科,2022,就业,福建宁德核电有限公司,2
工程学部,能源与动力工程学院,本科,2022,就业,华能霞浦核电有限公司,2
工程学部,能源与动力工程学院,本科,2022,升学,厦门大学,2
工程学部,能源与动力工程学院,本科,2022,就业,四川长虹空调有限公司,2
工程学部,能源与动力工程学院,本科,2022,就业,三门核电有限公司,2
工程学部,能源与动力工程学院,本科,2022,升学,中国科学技术大学,2
工程学部,能源与动力工程学院,本科,2022,就业,中铁建工集团北方工程有限公司,1
工程学部,能源与动力工程学院,本科,2022,就业,广东电网有限责任公司汕头供电局,1
工程学部,能源与动力工程学院,本科,2022,就业,中国移动通信集团新疆有限公司,1
工程学部,能源与动力工程学院,本科,2022,出国(境)留学或工作,成均馆大学,1
工程学部,能源与动力工程学院,本科,2022,就业,四川川锅锅炉有限责任公司,1
工程学部,能源与动力工程学院,本科,2022,就业,重庆长安新能源汽车科技有限公司,1
工程学部,能源与动力工程学院,本科,2022,就业,哈尔滨锅炉厂有限责任公司,1
工程学部,能源与动力工程学院,本科,2022,就业,长安电力华中发电有限公司,1
工程学部,能源与动力工程学院,本科,2022,就业,明阳智慧能源集团股份公司,1
工程学部,能源与动力工程学院,本科,2022,就业,中国电信股份有限公司重庆分公司,1
工程学部,能源与动力工程学院,本科,2022,就业,上汽通用五菱汽车股份有限公司,1
工程学部,能源与动力工程学院,本科,2022,就业,华能重庆珞璜发电有限责任公司,1
工程学部,能源与动力工程学院,本科,2022,就业,华能海南昌江核电有限公司,1
工程学部,能源与动力工程学院,本科,2022,就业,吉利汽车研究院(宁波)有限公司,1
工程学部,能源与动力工程学院,本科,2022,出国(境)留学或工作,杜伦大学,1
工程学部,能源与动力工程学院,本科,2022,就业,东风小康汽车有限公司,1
工程学部,能源与动力工程学院,本科,2022,就业,红云红河烟草(集团)有限责任公司曲靖卷烟厂,1
工程学部,能源与动力工程学院,本科,2022,选调生,中国共产党毕节市委员会组织部,1
工程学部,能源与动力工程学院,本科,2022,就业,中国电建集团都江电力设备有限公司,1
工程学部,能源与动力工程学院,本科,2022,出国(境)留学或工作,莱顿大学,1
工程学部,能源与动力工程学院,本科,2022,志愿服务西部计划,重庆市涪陵高新区管委会,1
工程学部,能源与动力工程学院,本科,2022,升学,煤炭科学研究总院,1
工程学部,能源与动力工程学院,本科,2022,就业,天津内燃机研究所(天津摩托车技术中心),1
工程学部,能源与动力工程学院,本科,2022,就业,中广核惠州核电有限公司,1
工程学部,能源与动力工程学院,本科,2022,就业,贵州盘江电投发电有限公司,1
工程学部,能源与动力工程学院,本科,2022,就业,南京南瑞继保电气有限公司,1
工程学部,能源与动力工程学院,本科,2022,就业,上海热血网络科技有限公司,1
工程学部,能源与动力工程学院,本科,2022,就业,上海尔华杰机电装备制造有限公司,1
工程学部,能源与动力工程学院,本科,2022,就业,江苏核电有限公司,1
工程学部,能源与动力工程学院,本科,2022,升学,中国科学院近代物理研究所,1
工程学部,能源与动力工程学院,本科,2022,升学,中国核动力研究设计院,1
工程学部,能源与动力工程学院,本科,2022,升学,南开大学,1
工程学部,能源与动力工程学院,本科,2022,就业,重庆汇智能源有限公司,1
工程学部,能源与动力工程学院,本科,2022,就业,中共肥东县委组织部,1
工程学部,能源与动力工程学院,本科,2022,就业,广州燃气集团有限公司,1
工程学部,能源与动力工程学院,本科,2022,就业,中广核核电运营有限公司,1
工程学部,能源与动力工程学院,本科,2022,就业,宁德时代新能源科技股份有限公司,1
工程学部,能源与动力工程学院,本科,2022,志愿服务西部计划,长寿区龙河镇民政和社会事务办,1
工程学部,能源与动力工程学院,本科,2022,就业,再惠(上海)网络科技有限公司,1
工程学部,能源与动力工程学院,本科,2022,就业,广东睿住智能科技有限公司,1
工程学部,能源与动力工程学院,本科,2022,升学,中国传媒大学,1
工程学部,能源与动力工程学院,本科,2022,就业,中国电建集团华东勘测设计研究院有限公司,1
工程学部,能源与动力工程学院,本科,2022,就业,欣旺达电子股份有限公司,1
工程学部,能源与动力工程学院,本科,2022,就业,内蒙古电力(集团)有限责任公司,1
工程学部,能源与动力工程学院,本科,2022,就业,广州环保投资集团有限公司,1
工程学部,能源与动力工程学院,本科,2022,就业,普元信息技术股份有限公司,1
工程学部,能源与动力工程学院,本科,2022,就业,华能渑池热电有限责任公司,1
工程学部,能源与动力工程学院,本科,2022,升学,清华大学,1
工程学部,能源与动力工程学院,本科,2022,就业,华能重庆两江燃机发电有限责任公司,1
工程学部,能源与动力工程学院,本科,2022,就业,豪迈集团股份有限公司,1
工程学部,能源与动力工程学院,本科,2022,就业,元阳县司法局,1
工程学部,能源与动力工程学院,本科,2022,就业,重庆长安汽车股份有限公司,1
工程学部,能源与动力工程学院,本科,2022,就业,铜陵泰富特种材料有限公司,1
工程学部,能源与动力工程学院,本科,2022,就业,重庆市沙坪坝区愚公课外培训学校有限公司,1
工程学部,能源与动力工程学院,本科,2022,升学,中国原子能科学研究院,1
工程学部,能源与动力工程学院,本科,2022,就业,中核霞浦核电有限公司,1
工程学部,能源与动力工程学院,本科,2022,升学,南京理工大学,1
工程学部,能源与动力工程学院,本科,2022,就业,潍柴动力股份有限公司重庆分公司,1
工程学部,能源与动力工程学院,本科,2022,就业,杭州和利时自动化有限公司,1
工程学部,能源与动力工程学院,本科,2022,就业,厦门厦钨新能源材料股份有限公司,1
工程学部,能源与动力工程学院,本科,2022,就业,比亚迪股份有限公司,1
工程学部,能源与动力工程学院,本科,2022,升学,天津大学,1
工程学部,能源与动力工程学院,本科,2022,就业,中核核电运行管理有限公司,1
工程学部,能源与动力工程学院,本科,2022,就业,中国电信股份有限公司芜湖分公司,1
工程学部,能源与动力工程学院,本科,2022,就业,华为技术有限公司,1
工程学部,能源与动力工程学院,本科,2022,升学,深圳大学,1
工程学部,能源与动力工程学院,本科,2022,就业,大唐青海能源开发有限公司新能源分公司,1
工程学部,能源与动力工程学院,本科,2022,就业,湖南浦湘环保能源有限公司,1
工程学部,能源与动力工程学院,硕士,2022,就业,重庆小康工业集团股份有限公司,8
工程学部,能源与动力工程学院,硕士,2022,就业,重庆长安新能源汽车科技有限公司,5
工程学部,能源与动力工程学院,硕士,2022,就业,上海华为技术有限公司,5
工程学部,能源与动力工程学院,硕士,2022,就业,博世动力总成有限公司,3
工程学部,能源与动力工程学院,硕士,2022,就业,成都凯天电子股份有限公司,3
工程学部,能源与动力工程学院,硕士,2022,就业,中国航发四川燃气涡轮研究院,3
工程学部,能源与动力工程学院,硕士,2022,就业,联合汽车电子有限公司,3
工程学部,能源与动力工程学院,硕士,2022,就业,康明斯电力(中国)有限公司,2
工程学部,能源与动力工程学院,硕士,2022,就业,博世氢动力系统(重庆)有限公司,2
工程学部,能源与动力工程学院,硕士,2022,就业,新乡航空工业(集团)有限公司,2
工程学部,能源与动力工程学院,硕士,2022,就业,深圳麦克韦尔科技有限公司,2
工程学部,能源与动力工程学院,硕士,2022,就业,中国航发贵阳发动机设计研究所,2
工程学部,能源与动力工程学院,硕士,2022,就业,重庆大学,2
工程学部,能源与动力工程学院,硕士,2022,就业,康明斯东亚研发有限公司,2
工程学部,能源与动力工程学院,硕士,2022,就业,株洲时代新材料科技股份有限公司,2
工程学部,能源与动力工程学院,硕士,2022,就业,中国电子科技集团公司第四十八研究所,2
工程学部,能源与动力工程学院,硕士,2022,就业,重庆美的通用制冷设备有限公司,2
工程学部,能源与动力工程学院,硕士,2022,就业,中国银行股份有限公司南京分行,1
工程学部,能源与动力工程学院,硕士,2022,就业,无锡小天鹅电器有限公司,1
工程学部,能源与动力工程学院,硕士,2022,就业,青岛海尔特种电冰柜有限公司,1
工程学部,能源与动力工程学院,硕士,2022,就业,山东电力设备有限公司,1
工程学部,能源与动力工程学院,硕士,2022,就业,宁波吉利罗佑发动机零部件有限公司,1
工程学部,能源与动力工程学院,硕士,2022,就业,极氪汽车(宁波杭州湾新区)有限公司,1
工程学部,能源与动力工程学院,硕士,2022,就业,湖北能源集团股份有限公司,1
工程学部,能源与动力工程学院,硕士,2022,就业,西南技术物理研究所,1
工程学部,能源与动力工程学院,硕士,2022,就业,西安航天源动力工程有限公司,1
工程学部,能源与动力工程学院,硕士,2022,就业,中国电建集团华东勘测设计研究院有限公司,1
工程学部,能源与动力工程学院,硕士,2022,就业,新华三人工智能科技有限公司,1
工程学部,能源与动力工程学院,硕士,2022,就业,重庆赛迪热工环保工程技术有限公司,1
工程学部,能源与动力工程学院,硕士,2022,就业,远景睿泰动力技术(上海)有限公司,1
工程学部,能源与动力工程学院,硕士,2022,就业,北京中电联节能技术有限公司重庆分公司,1
工程学部,能源与动力工程学院,硕士,2022,就业,中国长江电力股份有限公司,1
工程学部,能源与动力工程学院,硕士,2022,就业,新疆大学,1
工程学部,能源与动力工程学院,硕士,2022,就业,国能龙源环保有限公司,1
工程学部,能源与动力工程学院,硕士,2022,就业,中国能源建设集团湖南省电力设计院有限公司,1
工程学部,能源与动力工程学院,硕士,2022,就业,比亚迪股份有限公司,1
工程学部,能源与动力工程学院,硕士,2022,就业,东方电气集团东方汽轮机有限公司,1
工程学部,能源与动力工程学院,硕士,2022,就业,上海桂遂电子科技有限公司,1
工程学部,能源与动力工程学院,硕士,2022,出国(境)留学或工作,成均馆大学,1
工程学部,能源与动力工程学院,硕士,2022,出国(境)留学或工作,香港科技大学,1
工程学部,能源与动力工程学院,硕士,2022,就业,比亚迪汽车有限公司,1
工程学部,能源与动力工程学院,硕士,2022,就业,广东电网有限责任公司东莞供电局,1
工程学部,能源与动力工程学院,硕士,2022,就业,深圳迈瑞生物医疗电子股份有限公司,1
工程学部,能源与动力工程学院,硕士,2022,就业,中国航发成都发动机有限公司,1
工程学部,能源与动力工程学院,硕士,2022,就业,清华附中嘉兴实验高中(筹),1
工程学部,能源与动力工程学院,硕士,2022,就业,上海汽车集团股份有限公司技术中心,1
工程学部,能源与动力工程学院,硕士,2022,就业,青岛海尔人力资源开发有限公司,1
工程学部,能源与动力工程学院,硕士,2022,选调生,中共成都市委组织部,1
工程学部,能源与动力工程学院,硕士,2022,就业,重庆铁马工业集团有限公司,1
工程学部,能源与动力工程学院,硕士,2022,就业,长安福特汽车有限公司,1
工程学部,能源与动力工程学院,硕士,2022,就业,重庆吉芯科技有限公司,1
工程学部,能源与动力工程学院,硕士,2022,就业,机械工业第六设计研究院有限公司,1
工程学部,能源与动力工程学院,硕士,2022,选调生,中共甘孜州委组织部,1
工程学部,能源与动力工程学院,硕士,2022,升学,西安交通大学,1
工程学部,能源与动力工程学院,硕士,2022,就业,重庆长安汽车股份有限公司,1
工程学部,能源与动力工程学院,硕士,2022,选调生,中国共产党重庆市委员会组织部,1
工程学部,能源与动力工程学院,硕士,2022,就业,成都四威高科技产业园有限公司,1
工程学部,能源与动力工程学院,硕士,2022,就业,中国重型汽车集团有限公司,1
工程学部,能源与动力工程学院,硕士,2022,就业,广汽埃安新能源汽车有限公司,1
工程学部,能源与动力工程学院,硕士,2022,就业,南京科远智慧科技集团股份有限公司,1
工程学部,能源与动力工程学院,硕士,2022,就业,宁德时代新能源科技股份有限公司,1
工程学部,能源与动力工程学院,硕士,2022,就业,东方电气股份有限公司,1
工程学部,能源与动力工程学院,硕士,2022,就业,上海电气电站设备有限公司上海汽轮机厂,1
工程学部,能源与动力工程学院,硕士,2022,就业,江西洪都航空工业集团有限责任公司,1
工程学部,能源与动力工程学院,硕士,2022,出国(境)留学或工作,达姆施塔特技术大学,1
工程学部,能源与动力工程学院,硕士,2022,就业,中冶赛迪电气技术有限公司,1
工程学部,能源与动力工程学院,硕士,2022,就业,江西铜业技术研究院有限公司,1
工程学部,能源与动力工程学院,硕士,2022,就业,通富微电子股份有限公司,1
工程学部,能源与动力工程学院,硕士,2022,就业,茂佳科技(广东)有限公司,1
工程学部,能源与动力工程学院,硕士,2022,选调生,中国共产党周口市委办公室,1
工程学部,能源与动力工程学院,硕士,2022,就业,许继集团有限公司,1
工程学部,能源与动力工程学院,硕士,2022,就业,中国电子科技集团公司第二十九研究所,1
工程学部,能源与动力工程学院,硕士,2022,出国(境)留学或工作,新加坡国立大学,1
工程学部,能源与动力工程学院,硕士,2022,就业,香港理工大学,1
工程学部,能源与动力工程学院,硕士,2022,就业,海信集团控股股份有限公司,1
工程学部,能源与动力工程学院,硕士,2022,就业,中国科学院深圳先进技术研究院,1
工程学部,能源与动力工程学院,硕士,2022,就业,阳光电源股份有限公司,1
工程学部,能源与动力工程学院,硕士,2022,就业,北京航天情报与信息研究所,1
工程学部,能源与动力工程学院,硕士,2022,选调生,墨江哈尼族自治县人民政府办公室,1
工程学部,能源与动力工程学院,硕士,2022,升学,厦门大学,1
工程学部,能源与动力工程学院,硕士,2022,就业,福建宁德核电有限公司,1
工程学部,能源与动力工程学院,博士,2022,就业,华北电力大学(保定),2
工程学部,能源与动力工程学院,博士,2022,就业,重庆市特种设备检测研究院(重庆市特种设备事故应急调查处理中心),2
工程学部,能源与动力工程学院,博士,2022,就业,扬州大学,1
工程学部,能源与动力工程学院,博士,2022,就业,国家电投集团科学技术研究院有限公司,1
工程学部,能源与动力工程学院,博士,2022,就业,常州大学,1
工程学部,能源与动力工程学院,博士,2022,就业,北京机电工程总体设计部,1
工程学部,能源与动力工程学院,博士,2022,就业,中广核研究院有限公司,1
工程学部,能源与动力工程学院,博士,2022,就业,西安热工研究院有限公司,1
工程学部,能源与动力工程学院,博士,2022,就业,重庆邮电大学,1
工程学部,能源与动力工程学院,博士,2022,就业,桂林电子科技大学,1
工程学部,能源与动力工程学院,博士,2022,就业,博世氢动力系统(重庆)有限公司,1
工程学部,能源与动力工程学院,博士,2022,就业,国科大杭州高等研究院,1
工程学部,能源与动力工程学院,博士,2022,就业,重庆电子工程职业学院,1
工程学部,能源与动力工程学院,博士,2022,选调生,中国共产党重庆市委员会组织部,1
工程学部,能源与动力工程学院,博士,2022,就业,重庆理工大学,1
工程学部,能源与动力工程学院,博士,2022,就业,清华大学,1
工程学部,能源与动力工程学院,博士,2022,就业,中国科学院半导体研究所,1
工程学部,能源与动力工程学院,博士,2022,就业,中国人民解放军63833部队,1
工程学部,能源与动力工程学院,博士,2022,就业,中国核动力研究设计院,1
工程学部,能源与动力工程学院,博士,2022,就业,中国工程物理研究院总体工程研究所,1
工程学部,能源与动力工程学院,博士,2022,就业,浙江科技学院,1
工程学部,能源与动力工程学院,本科,2023,升学,重庆大学,28
工程学部,能源与动力工程学院,本科,2023,升学,西安交通大学,23
工程学部,能源与动力工程学院,本科,2023,升学,浙江大学,10
工程学部,能源与动力工程学院,本科,2023,升学,中国原子能科学研究院,6
工程学部,能源与动力工程学院,本科,2023,就业,东方电气集团东方汽轮机有限公司,5
工程学部,能源与动力工程学院,本科,2023,出国(境)留学或工作,新加坡国立大学,4
工程学部,能源与动力工程学院,本科,2023,升学,中国科学院理化技术研究所,4
工程学部,能源与动力工程学院,本科,2023,升学,厦门大学,3
工程学部,能源与动力工程学院,本科,2023,升学,上海交通大学,3
工程学部,能源与动力工程学院,本科,2023,就业,南京南瑞继保电气有限公司,3
工程学部,能源与动力工程学院,本科,2023,就业,华能重庆珞璜发电有限责任公司,2
工程学部,能源与动力工程学院,本科,2023,升学,北京航空航天大学,2
工程学部,能源与动力工程学院,本科,2023,升学,南京理工大学,2
工程学部,能源与动力工程学院,本科,2023,升学,清华大学,2
工程学部,能源与动力工程学院,本科,2023,升学,中国科学院近代物理研究所,2
工程学部,能源与动力工程学院,本科,2023,就业,贵州盘江电投发电有限公司,2
工程学部,能源与动力工程学院,本科,2023,就业,四川川锅锅炉有限责任公司,2
工程学部,能源与动力工程学院,本科,2023,就业,福建宁德核电有限公司,2
工程学部,能源与动力工程学院,本科,2023,就业,东方菱日锅炉有限公司,2
工程学部,能源与动力工程学院,本科,2023,就业,上海电气电站设备有限公司上海汽轮机厂,2
工程学部,能源与动力工程学院,本科,2023,升学,中国科学技术大学,2
工程学部,能源与动力工程学院,本科,2023,就业,中广核工程有限公司,2
工程学部,能源与动力工程学院,本科,2023,就业,中广核陆丰核电有限公司,2
工程学部,能源与动力工程学院,本科,2023,就业,中核国电漳州能源有限公司,1
工程学部,能源与动力工程学院,本科,2023,就业,玉柴芯蓝新能源动力科技有限公司,1
工程学部,能源与动力工程学院,本科,2023,升学,中国科学院大学,1
工程学部,能源与动力工程学院,本科,2023,就业,中车株洲电力机车研究所有限公司,1
工程学部,能源与动力工程学院,本科,2023,就业,珠海格力电器股份有限公司,1
工程学部,能源与动力工程学院,本科,2023,就业,陕西汽车控股集团有限公司,1
工程学部,能源与动力工程学院,本科,2023,就业,国家电投集团黄河上游水电开发有限责任公司,1
工程学部,能源与动力工程学院,本科,2023,就业,深圳市中金岭南有色金属股份有限公司丹霞冶炼厂,1
工程学部,能源与动力工程学院,本科,2023,就业,蚌埠新奥燃气有限公司,1
工程学部,能源与动力工程学院,本科,2023,就业,比亚迪股份有限公司,1
工程学部,能源与动力工程学院,本科,2023,升学,兰州大学,1
工程学部,能源与动力工程学院,本科,2023,就业,中国航发贵州红林航空动力控制科技有限公司,1
工程学部,能源与动力工程学院,本科,2023,升学,北京大学,1
工程学部,能源与动力工程学院,本科,2023,升学,南京航空航天大学,1
工程学部,能源与动力工程学院,本科,2023,升学,天津大学,1
工程学部,能源与动力工程学院,本科,2023,就业,国核重庆核电有限公司,1
工程学部,能源与动力工程学院,本科,2023,就业,佛燃能源集团股份有限公司,1
工程学部,能源与动力工程学院,本科,2023,升学,北京大学深圳研究生院,1
工程学部,能源与动力工程学院,本科,2023,就业,合肥天鹅制冷科技有限公司,1
工程学部,能源与动力工程学院,本科,2023,就业,重庆汇智能源有限公司,1
工程学部,能源与动力工程学院,本科,2023,选调生,中共丰都县委组织部,1
工程学部,能源与动力工程学院,本科,2023,就业,台山核电合营有限公司,1
工程学部,能源与动力工程学院,本科,2023,出国(境)留学或工作,昆士兰大学,1
工程学部,能源与动力工程学院,本科,2023,升学,中国矿业大学,1
工程学部,能源与动力工程学院,本科,2023,升学,深圳大学,1
工程学部,能源与动力工程学院,本科,2023,升学,中科院理化技术研究所,1
工程学部,能源与动力工程学院,本科,2023,就业,深圳市盛弘电气股份有限公司,1
工程学部,能源与动力工程学院,本科,2023,就业,紫金矿业集团股份有限公司,1
工程学部,能源与动力工程学院,本科,2023,就业,中移物联网有限公司,1
工程学部,能源与动力工程学院,本科,2023,就业,重庆齿轮箱有限责任公司,1
工程学部,能源与动力工程学院,本科,2023,就业,中核辽宁核电有限公司,1
工程学部,能源与动力工程学院,本科,2023,就业,福建福清核电有限公司,1
工程学部,能源与动力工程学院,本科,2023,就业,隆基乐叶光伏科技有限公司,1
工程学部,能源与动力工程学院,本科,2023,就业,广东睿住智能科技有限公司,1
工程学部,能源与动力工程学院,本科,2023,就业,深圳市中电电力技术股份有限公司,1
工程学部,能源与动力工程学院,本科,2023,就业,西南铝业(集团)有限责任公司,1
工程学部,能源与动力工程学院,本科,2023,升学,北京理工大学,1
工程学部,能源与动力工程学院,本科,2023,就业,华能霞浦核电有限公司,1
工程学部,能源与动力工程学院,本科,2023,就业,中国航发贵州黎阳航空动力有限公司,1
工程学部,能源与动力工程学院,本科,2023,升学,中国科学院高能物理研究所,1
工程学部,能源与动力工程学院,本科,2023,就业,欣旺达电动汽车电池有限公司,1
工程学部,能源与动力工程学院,本科,2023,就业,中铁十二局集团电气化工程有限公司,1
工程学部,能源与动力工程学院,本科,2023,出国(境)留学或工作,佛罗里达大学,1
工程学部,能源与动力工程学院,本科,2023,就业,航天锂电科技(江苏)有限公司,1
工程学部,能源与动力工程学院,本科,2023,就业,华电新疆乌苏能源有限公司,1
工程学部,能源与动力工程学院,本科,2023,升学,华中科技大学,1
工程学部,能源与动力工程学院,本科,2023,就业,上海浦东发展银行股份有限公司南宁分行,1
工程学部,能源与动力工程学院,本科,2023,就业,广西防城港核电有限公司,1
工程学部,能源与动力工程学院,本科,2023,就业,特变电工衡阳变压器有限公司,1
工程学部,能源与动力工程学院,本科,2023,就业,万华化学集团股份有限公司,1
工程学部,能源与动力工程学院,本科,2023,就业,重庆长安汽车股份有限公司,1
工程学部,能源与动力工程学院,本科,2023,升学,中国科学院大学近代物理研究所,1
工程学部,能源与动力工程学院,本科,2023,就业,常熟市天然气有限公司,1
工程学部,能源与动力工程学院,本科,2023,出国(境)留学或工作,伦敦大学学院,1
工程学部,能源与动力工程学院,本科,2023,就业,国能浙江北仑第一发电有限公司,1
工程学部,能源与动力工程学院,本科,2023,就业,西电宝鸡电气有限公司,1
工程学部,能源与动力工程学院,本科,2023,就业,四川空分设备(集团)有限责任公司,1
工程学部,能源与动力工程学院,本科,2023,就业,中核四0四有限公司,1
工程学部,能源与动力工程学院,本科,2023,就业,中广核核电运营有限公司,1
工程学部,能源与动力工程学院,本科,2023,就业,中国平安财产保险股份有限公司广东分公司,1
工程学部,能源与动力工程学院,本科,2023,出国(境)留学或工作,西蒙菲莎大学,1
工程学部,能源与动力工程学院,硕士,2023,就业,比亚迪股份有限公司,15
工程学部,能源与动力工程学院,硕士,2023,就业,重庆长安新能源汽车科技有限公司,12
工程学部,能源与动力工程学院,硕士,2023,升学,重庆大学,7
工程学部,能源与动力工程学院,硕士,2023,就业,赛力斯汽车有限公司,6
工程学部,能源与动力工程学院,硕士,2023,就业,重庆长安汽车股份有限公司,5
工程学部,能源与动力工程学院,硕士,2023,就业,重庆青山工业有限责任公司,2
工程学部,能源与动力工程学院,硕士,2023,就业,南京南瑞继保电气有限公司,2
工程学部,能源与动力工程学院,硕士,2023,就业,中国核动力研究设计院,2
工程学部,能源与动力工程学院,硕士,2023,就业,重庆长安汽车软件科技有限公司,2
工程学部,能源与动力工程学院,硕士,2023,就业,博世氢动力系统(重庆)有限公司,1
工程学部,能源与动力工程学院,硕士,2023,就业,中核能源科技有限公司,1
工程学部,能源与动力工程学院,硕士,2023,选调生,中国共产党弥勒市委员会组织部,1
工程学部,能源与动力工程学院,硕士,2023,升学,北京大学,1
工程学部,能源与动力工程学院,硕士,2023,就业,重庆长安望江工业集团有限公司,1
工程学部,能源与动力工程学院,硕士,2023,选调生,南宁市发展和改革委员会,1
工程学部,能源与动力工程学院,硕士,2023,就业,宁德时代新能源科技股份有限公司,1
工程学部,能源与动力工程学院,硕士,2023,就业,重庆市能源利用监测中心(重庆市节能技术服务中心),1
工程学部,能源与动力工程学院,硕士,2023,就业,成都工元科技有限公司,1
工程学部,能源与动力工程学院,硕士,2023,就业,厦门海辰储能科技股份有限公司,1
工程学部,能源与动力工程学院,硕士,2023,就业,华电电力科学研究院有限公司,1
工程学部,能源与动力工程学院,硕士,2023,就业,东方电气集团东方锅炉股份有限公司,1
工程学部,能源与动力工程学院,硕士,2023,就业,中国航空工业集团公司西安飞机设计研究所,1
工程学部,能源与动力工程学院,硕士,2023,就业,极氪汽车(宁波杭州湾新区)有限公司,1
工程学部,能源与动力工程学院,硕士,2023,就业,重庆市涪陵区港航海事事务中心,1
工程学部,能源与动力工程学院,硕士,2023,选调生,忻州市能源局,1
工程学部,能源与动力工程学院,硕士,2023,就业,中国石油天然气股份有限公司锦州石化分公司,1
工程学部,能源与动力工程学院,硕士,2023,就业,中国平煤神马集团联合盐化有限公司,1
工程学部,能源与动力工程学院,硕士,2023,就业,珠海格力电器股份有限公司,1
工程学部,能源与动力工程学院,硕士,2023,就业,东方电气集团东方汽轮机有限公司,1
工程学部,能源与动力工程学院,硕士,2023,出国(境)留学或工作,普渡大学,1
工程学部,能源与动力工程学院,硕士,2023,就业,上汽通用五菱汽车股份有限公司重庆分公司,1
工程学部,能源与动力工程学院,硕士,2023,就业,中国兵器工业第五九研究所,1
工程学部,能源与动力工程学院,硕士,2023,就业,江西洪都航空工业集团有限责任公司,1
工程学部,能源与动力工程学院,硕士,2023,就业,国能浙江北仑第一发电有限公司,1
工程学部,能源与动力工程学院,硕士,2023,就业,中国人民银行成都分行,1
工程学部,能源与动力工程学院,硕士,2023,选调生,中国共产党泸州市委员会组织部,1
工程学部,能源与动力工程学院,硕士,2023,就业,广东电网有限责任公司,1
工程学部,能源与动力工程学院,硕士,2023,就业,四川空分设备(集团)有限责任公司,1
工程学部,能源与动力工程学院,硕士,2023,就业,重庆美的通用制冷设备有限公司,1
工程学部,能源与动力工程学院,硕士,2023,选调生,中国共产党重庆市委员会组织部,1
工程学部,能源与动力工程学院,硕士,2023,就业,上海汽车集团股份有限公司技术中心,1
工程学部,能源与动力工程学院,硕士,2023,就业,康明斯东亚研发有限公司,1
工程学部,能源与动力工程学院,硕士,2023,就业,中国电力工程顾问集团西南电力设计院有限公司,1
工程学部,能源与动力工程学院,硕士,2023,就业,晶澳(扬州)太阳能科技有限公司,1
工程学部,能源与动力工程学院,硕士,2023,就业,成都航利(集团)实业有限公司,1
工程学部,能源与动力工程学院,硕士,2023,就业,招商局检测车辆技术研究院有限公司,1
工程学部,能源与动力工程学院,硕士,2023,就业,中国能源建设集团浙江省电力设计院有限公司,1
工程学部,能源与动力工程学院,硕士,2023,就业,三一集团有限公司,1
工程学部,能源与动力工程学院,硕士,2023,选调生,中共重庆市委组织部,1
工程学部,能源与动力工程学院,硕士,2023,就业,标瑞新能源技术(重庆)有限公司,1
工程学部,能源与动力工程学院,硕士,2023,就业,三峡集团四川能源投资有限公司,1
工程学部,能源与动力工程学院,硕士,2023,就业,中国工程物理研究院计量测试中心,1
工程学部,能源与动力工程学院,硕士,2023,就业,合肥水泥研究设计院有限公司,1
工程学部,能源与动力工程学院,硕士,2023,就业,中国航发贵州红林航空动力控制科技有限公司,1
工程学部,能源与动力工程学院,硕士,2023,就业,贵州乌江水电开发有限责任公司,1
工程学部,能源与动力工程学院,硕士,2023,就业,重庆赛迪热工环保工程技术有限公司,1
工程学部,能源与动力工程学院,硕士,2023,就业,东方电气集团科学技术研究院有限公司,1
工程学部,能源与动力工程学院,硕士,2023,选调生,广东省肇庆市高要区金利镇人民政府,1
工程学部,能源与动力工程学院,硕士,2023,就业,中广核南方科技有限公司,1
工程学部,能源与动力工程学院,硕士,2023,选调生,中共成都市委组织部,1
工程学部,能源与动力工程学院,硕士,2023,就业,中国三峡建工(集团)有限公司,1
工程学部,能源与动力工程学院,硕士,2023,就业,云航时代(重庆)科技有限公司,1
工程学部,能源与动力工程学院,硕士,2023,就业,康明斯电力(中国)有限公司,1
工程学部,能源与动力工程学院,博士,2023,就业,湘潭大学,2
工程学部,能源与动力工程学院,博士,2023,就业,中国航发四川燃气涡轮研究院,1
工程学部,能源与动力工程学院,博士,2023,就业,华鼎国联四川动力电池有限公司,1
工程学部,能源与动力工程学院,博士,2023,就业,河南省科学院激光制造研究所,1
工程学部,能源与动力工程学院,博士,2023,就业,新加坡国立大学,1
工程学部,能源与动力工程学院,博士,2023,就业,农业农村部成都沼气科学研究所,1
工程学部,能源与动力工程学院,博士,2023,就业,郑州轻工业大学,1
工程学部,能源与动力工程学院,博士,2023,就业,西安热工研究院有限公司,1
工程学部,能源与动力工程学院,博士,2023,就业,北京理工大学,1
工程学部,资源与安全学院,本科,2021,升学,重庆大学,40
工程学部,资源与安全学院,本科,2021,就业,上海隧道工程有限公司,5
工程学部,资源与安全学院,本科,2021,升学,中国矿业大学(北京),3
工程学部,资源与安全学院,本科,2021,就业,中国建筑第八工程局有限公司西南分公司,2
工程学部,资源与安全学院,本科,2021,就业,中国建筑第五工程局有限公司,2
工程学部,资源与安全学院,本科,2021,升学,中国科学技术大学,2
工程学部,资源与安全学院,本科,2021,就业,宁德时代新能源科技股份有限公司,2
工程学部,资源与安全学院,本科,2021,就业,中建新疆建工土木工程有限公司,2
工程学部,资源与安全学院,本科,2021,升学,厦门大学,1
工程学部,资源与安全学院,本科,2021,就业,机械工业第九设计研究院有限公司,1
工程学部,资源与安全学院,本科,2021,就业,中建深圳装饰有限公司,1
工程学部,资源与安全学院,本科,2021,就业,中铁隧道股份有限公司,1
工程学部,资源与安全学院,本科,2021,升学,太原理工大学,1
工程学部,资源与安全学院,本科,2021,就业,万得信息技术股份有限公司,1
工程学部,资源与安全学院,本科,2021,就业,平煤神马建工集团矿山建设工程有限公司,1
工程学部,资源与安全学院,本科,2021,就业,中建八局发展建设有限公司,1
工程学部,资源与安全学院,本科,2021,就业,中国石油集团川庆钻探工程有限公司川东钻探公司,1
工程学部,资源与安全学院,本科,2021,就业,中交二航局第二工程有限公司,1
工程学部,资源与安全学院,本科,2021,就业,贵州紫金矿业股份有限公司,1
工程学部,资源与安全学院,本科,2021,就业,中铁八局集团有限公司,1
工程学部,资源与安全学院,本科,2021,就业,华为技术有限公司,1
工程学部,资源与安全学院,本科,2021,选调生,中共重庆市委组织部,1
工程学部,资源与安全学院,本科,2021,就业,中盐金坛盐化有限责任公司,1
工程学部,资源与安全学院,本科,2021,选调生,中共乐山市委组织部,1
工程学部,资源与安全学院,本科,2021,选调生,中共宁夏区委组织部,1
工程学部,资源与安全学院,本科,2021,就业,中建三局第三建设工程有限责任公司,1
工程学部,资源与安全学院,本科,2021,选调生,中共成都市委组织部,1
工程学部,资源与安全学院,本科,2021,就业,西藏普华同悦科技发展有限公司,1
工程学部,资源与安全学院,本科,2021,就业,西藏华泰龙矿业开发有限公司,1
工程学部,资源与安全学院,本科,2021,就业,五矿矿业(安徽)开发有限公司,1
工程学部,资源与安全学院,本科,2021,就业,深圳市罗湖区东湖街道办事处,1
工程学部,资源与安全学院,本科,2021,选调生,中共攀枝花市委组织部,1
工程学部,资源与安全学院,本科,2021,就业,云南中烟物资(集团)有限责任公司,1
工程学部,资源与安全学院,本科,2021,就业,西藏巨龙铜业有限公司,1
工程学部,资源与安全学院,本科,2021,就业,重庆新东方教育培训学校有限公司,1
工程学部,资源与安全学院,本科,2021,选调生,广西壮族自治区党委组织部干部规划办,1
工程学部,资源与安全学院,本科,2021,选调生,中共深圳市委组织部,1
工程学部,资源与安全学院,本科,2021,升学,上海交通大学,1
工程学部,资源与安全学院,本科,2021,选调生,中共黔东南州委组织部,1
工程学部,资源与安全学院,本科,2021,出国(境)留学或工作,新南威尔士大学,1
工程学部,资源与安全学院,本科,2021,选调生,中共遵义市委组织部,1
工程学部,资源与安全学院,本科,2021,升学,西安交通大学,1
工程学部,资源与安全学院,硕士,2021,选调生,中共成都市委组织部,3
工程学部,资源与安全学院,硕士,2021,升学,四川大学,2
工程学部,资源与安全学院,硕士,2021,选调生,中国共产党自贡市委员会组织部,2
工程学部,资源与安全学院,硕士,2021,就业,江西铜业股份有限公司,2
工程学部,资源与安全学院,硕士,2021,就业,中煤科工集团重庆研究院有限公司,2
工程学部,资源与安全学院,硕士,2021,选调生,中国共产党广安市委员会组织部,2
工程学部,资源与安全学院,硕士,2021,就业,中国建筑第七工程局有限公司,1
工程学部,资源与安全学院,硕士,2021,就业,德勤华永会计师事务所(特殊普通合伙)成都分所,1
工程学部,资源与安全学院,硕士,2021,选调生,中共陕西省委组织部,1
工程学部,资源与安全学院,硕士,2021,就业,重庆长安汽车股份有限公司,1
工程学部,资源与安全学院,硕士,2021,就业,宁德时代新能源科技股份有限公司,1
工程学部,资源与安全学院,硕士,2021,就业,上海青浦吾悦商业管理有限公司,1
工程学部,资源与安全学院,硕士,2021,选调生,中共贵阳市委组织部,1
工程学部,资源与安全学院,硕士,2021,就业,郑州康桥房地产开发有限责任公司,1
工程学部,资源与安全学院,硕士,2021,选调生,中共资阳市委组织部,1
工程学部,资源与安全学院,硕士,2021,就业,重庆菲斯克人力资源管理有限公司,1
工程学部,资源与安全学院,硕士,2021,选调生,中共毕节市委组织部,1
工程学部,资源与安全学院,硕士,2021,就业,四川新川航空仪器有限责任公司,1
工程学部,资源与安全学院,硕士,2021,就业,北京超星智慧教育科技有限公司,1
工程学部,资源与安全学院,硕士,2021,就业,中建三局集团有限公司工程总承包公司,1
工程学部,资源与安全学院,硕士,2021,就业,广联达科技股份有限公司,1
工程学部,资源与安全学院,硕士,2021,选调生,中国共产党宜宾市委员会组织部,1
工程学部,资源与安全学院,硕士,2021,就业,中国飞机强度研究所,1
工程学部,资源与安全学院,硕士,2021,就业,中国电子系统工程第四建设有限公司,1
工程学部,资源与安全学院,硕士,2021,就业,山西瑞通路桥新技术有限公司,1
工程学部,资源与安全学院,硕士,2021,就业,紫金矿业集团股份有限公司,1
工程学部,资源与安全学院,硕士,2021,就业,浙江交工集团股份有限公司,1
工程学部,资源与安全学院,硕士,2021,就业,深圳市燃气集团股份有限公司,1
工程学部,资源与安全学院,硕士,2021,就业,成都市金牛区人力资源和社会保障局,1
工程学部,资源与安全学院,硕士,2021,就业,中国石油天然气股份有限公司长庆油田分公司,1
工程学部,资源与安全学院,硕士,2021,就业,中国建筑东北设计研究院有限公司,1
工程学部,资源与安全学院,硕士,2021,就业,重庆市南方建设工程检测有限公司,1
工程学部,资源与安全学院,硕士,2021,升学,中南大学,1
工程学部,资源与安全学院,硕士,2021,就业,五矿矿业(安徽)开发有限公司,1
工程学部,资源与安全学院,硕士,2021,就业,中盐金坛盐化有限责任公司,1
工程学部,资源与安全学院,硕士,2021,选调生,中共贵州省委组织部,1
工程学部,资源与安全学院,硕士,2021,就业,雅砻江流域水电开发有限公司,1
工程学部,资源与安全学院,硕士,2021,就业,中国市政工程中南设计研究总院有限公司,1
工程学部,资源与安全学院,硕士,2021,选调生,吕梁市应急管理局,1
工程学部,资源与安全学院,硕士,2021,选调生,中共德阳市委组织部,1
工程学部,资源与安全学院,硕士,2021,就业,上海贤益人力资源管理有限公司,1
工程学部,资源与安全学院,硕士,2021,就业,上海市机电设计研究院有限公司,1
工程学部,资源与安全学院,硕士,2021,就业,北京龙软科技股份有限公司,1
工程学部,资源与安全学院,硕士,2021,就业,中建西部建设西南有限公司,1
工程学部,资源与安全学院,硕士,2021,就业,武汉地铁集团有限公司,1
工程学部,资源与安全学院,硕士,2021,就业,金茂西南企业管理(重庆)有限公司,1
工程学部,资源与安全学院,硕士,2021,选调生,中国共产党南充市委员会组织部,1
工程学部,资源与安全学院,硕士,2021,升学,天津大学,1
工程学部,资源与安全学院,硕士,2021,就业,中建八局第三建设有限公司,1
工程学部,资源与安全学院,硕士,2021,就业,重庆新东方教育培训学校有限公司,1
工程学部,资源与安全学院,硕士,2021,就业,重庆华地资环科技有限公司,1
工程学部,资源与安全学院,硕士,2021,就业,陕西旭辉企业管理有限公司,1
工程学部,资源与安全学院,硕士,2021,就业,广西北投环保水务集团有限公司,1
工程学部,资源与安全学院,硕士,2021,选调生,中共重庆市委组织部,1
工程学部,资源与安全学院,硕士,2021,志愿服务西部计划,西山镇人民政府,1
工程学部,资源与安全学院,博士,2021,就业,太原理工大学,2
工程学部,资源与安全学院,博士,2021,就业,贵州大学,2
工程学部,资源与安全学院,博士,2021,就业,重庆科技学院,2
工程学部,资源与安全学院,博士,2021,就业,汕头市应急救援中心,1
工程学部,资源与安全学院,博士,2021,就业,中国科学院江西稀土研究院,1
工程学部,资源与安全学院,博士,2021,选调生,中共成都市委组织部,1
工程学部,资源与安全学院,博士,2021,就业,河北工程大学,1
工程学部,资源与安全学院,博士,2021,就业,西华大学,1
工程学部,资源与安全学院,博士,2021,就业,云南磷化集团有限公司,1
工程学部,资源与安全学院,博士,2021,就业,中建科技有限公司四川分公司,1
工程学部,资源与安全学院,博士,2021,就业,西南交通大学,1
工程学部,资源与安全学院,博士,2021,就业,四川轻化工大学,1
工程学部,资源与安全学院,博士,2021,就业,中国电建集团华东勘测设计研究院有限公司,1
工程学部,资源与安全学院,博士,2021,就业,深圳大学,1
工程学部,资源与安全学院,博士,2021,就业,山西能源学院,1
工程学部,资源与安全学院,博士,2021,就业,山东科技大学,1
工程学部,资源与安全学院,博士,2021,就业,西安科技大学,1
工程学部,资源与安全学院,博士,2021,就业,煤炭科学研究总院,1
工程学部,资源与安全学院,博士,2021,就业,河南理工大学,1
工程学部,资源与安全学院,博士,2021,就业,西南石油大学,1
工程学部,资源与安全学院,本科,2022,就业,重庆大学,41
工程学部,资源与安全学院,本科,2022,就业,紫金矿业集团股份有限公司,8
工程学部,资源与安全学院,本科,2022,升学,中国科学技术大学,3
工程学部,资源与安全学院,本科,2022,升学,中国矿业大学(北京),3
工程学部,资源与安全学院,本科,2022,就业,中建八局第三建设有限公司,3
工程学部,资源与安全学院,本科,2022,就业,广东粤海珠三角供水有限公司,2
工程学部,资源与安全学院,本科,2022,选调生,中共铜仁市委组织部,1
工程学部,资源与安全学院,本科,2022,就业,山西紫金矿业有限公司,1
工程学部,资源与安全学院,本科,2022,就业,国网西藏电力有限公司昌都供电公司,1
工程学部,资源与安全学院,本科,2022,就业,中建新疆建工(集团)有限公司华南分公司,1
工程学部,资源与安全学院,本科,2022,出国(境)留学或工作,布里斯托大学,1
工程学部,资源与安全学院,本科,2022,就业,贵州水矿控股集团有限责任公司,1
工程学部,资源与安全学院,本科,2022,就业,中国石油天然气股份有限公司陕西销售分公司,1
工程学部,资源与安全学院,本科,2022,升学,武汉大学,1
工程学部,资源与安全学院,本科,2022,就业,国网西藏电力有限公司阿里供电公司,1
工程学部,资源与安全学院,本科,2022,就业,新疆天池能源有限责任公司,1
工程学部,资源与安全学院,本科,2022,就业,中建四局第一建设有限公司,1
工程学部,资源与安全学院,本科,2022,就业,比亚迪股份有限公司,1
工程学部,资源与安全学院,本科,2022,就业,中冶建工集团有限公司,1
工程学部,资源与安全学院,本科,2022,就业,中国建筑第二工程局有限公司西南分公司,1
工程学部,资源与安全学院,本科,2022,就业,中建三局集团有限公司,1
工程学部,资源与安全学院,本科,2022,就业,宁德时代新能源科技股份有限公司,1
工程学部,资源与安全学院,本科,2022,就业,南充碧恒房地产开发有限公司,1
工程学部,资源与安全学院,本科,2022,出国(境)留学或工作,特温特大学,1
工程学部,资源与安全学院,本科,2022,就业,苏宁易购集团股份有限公司,1
工程学部,资源与安全学院,本科,2022,就业,nan,1
工程学部,资源与安全学院,本科,2022,就业,上海隧道工程有限公司,1
工程学部,资源与安全学院,本科,2022,就业,鸿富锦精密工业(深圳)有限公司,1
工程学部,资源与安全学院,本科,2022,就业,合肥美的电冰箱有限公司,1
工程学部,资源与安全学院,本科,2022,就业,重庆登康口腔护理用品股份有限公司,1
工程学部,资源与安全学院,本科,2022,就业,中国农业银行股份有限公司西藏自治区分行,1
工程学部,资源与安全学院,本科,2022,选调生,中共达州市委组织部,1
工程学部,资源与安全学院,本科,2022,升学,浙江大学,1
工程学部,资源与安全学院,本科,2022,选调生,中共安顺市委组织部,1
工程学部,资源与安全学院,本科,2022,选调生,中共秦皇岛市委组织部,1
工程学部,资源与安全学院,本科,2022,就业,贵州盘江精煤股份有限公司,1
工程学部,资源与安全学院,本科,2022,就业,重庆研达教育信息咨询服务有限公司,1
工程学部,资源与安全学院,本科,2022,出国(境)留学或工作,伦敦大学学院,1
工程学部,资源与安全学院,硕士,2022,选调生,中共成都市委组织部,5
工程学部,资源与安全学院,硕士,2022,就业,重庆大学,3
工程学部,资源与安全学院,硕士,2022,就业,重庆长安汽车股份有限公司,3
工程学部,资源与安全学院,硕士,2022,就业,宁德时代新能源科技股份有限公司,2
工程学部,资源与安全学院,硕士,2022,就业,中国建筑第八工程局有限公司西南分公司,2
工程学部,资源与安全学院,硕士,2022,选调生,中国共产党重庆市委员会组织部,2
工程学部,资源与安全学院,硕士,2022,选调生,中共江西省委组织部,2
工程学部,资源与安全学院,硕士,2022,选调生,中共德阳市委组织部,2
工程学部,资源与安全学院,硕士,2022,就业,招商局重庆公路工程检测中心有限公司,2
工程学部,资源与安全学院,硕士,2022,就业,中冶建工集团有限公司,1
工程学部,资源与安全学院,硕士,2022,就业,舍得酒业股份有限公司,1
工程学部,资源与安全学院,硕士,2022,就业,一汽物流(天津)有限公司,1
工程学部,资源与安全学院,硕士,2022,出国(境)留学或工作,格拉斯哥大学,1
工程学部,资源与安全学院,硕士,2022,就业,南方电网调峰调频发电有限公司,1
工程学部,资源与安全学院,硕士,2022,就业,湖南黄金集团有限责任公司,1
工程学部,资源与安全学院,硕士,2022,升学,中国矿业大学,1
工程学部,资源与安全学院,硕士,2022,就业,中国华水水电开发有限公司,1
工程学部,资源与安全学院,硕士,2022,就业,四川时代新能源科技有限公司,1
工程学部,资源与安全学院,硕士,2022,就业,合肥旭辉企业管理有限公司,1
工程学部,资源与安全学院,硕士,2022,就业,西安西电国际工程有限责任公司,1
工程学部,资源与安全学院,硕士,2022,就业,中国建筑第二工程局有限公司,1
工程学部,资源与安全学院,硕士,2022,选调生,中国共产党安顺市委员会组织部,1
工程学部,资源与安全学院,硕士,2022,选调生,中国共产党资阳市委员会组织部,1
工程学部,资源与安全学院,硕士,2022,就业,中国电建集团昆明勘测设计研究院有限公司,1
工程学部,资源与安全学院,硕士,2022,就业,中国水利水电第八工程局有限公司,1
工程学部,资源与安全学院,硕士,2022,就业,博世氢动力系统(重庆)有限公司,1
工程学部,资源与安全学院,硕士,2022,就业,华能重庆两江燃机发电有限责任公司,1
工程学部,资源与安全学院,硕士,2022,就业,交通运输部水运科学研究所,1
工程学部,资源与安全学院,硕士,2022,升学,中国科学院武汉岩土力学研究所,1
工程学部,资源与安全学院,硕士,2022,就业,江西铜业股份有限公司,1
工程学部,资源与安全学院,硕士,2022,选调生,中共乐山市委组织部,1
工程学部,资源与安全学院,硕士,2022,选调生,中共平顶山市委组织部,1
工程学部,资源与安全学院,硕士,2022,就业,上海极睿医疗科技有限公司,1
工程学部,资源与安全学院,硕士,2022,就业,北京海量数据技术股份有限公司,1
工程学部,资源与安全学院,硕士,2022,就业,济南市应急管理局,1
工程学部,资源与安全学院,硕士,2022,就业,广东美的制冷设备有限公司,1
工程学部,资源与安全学院,硕士,2022,选调生,中国共产党运城市纪律检查委员会,1
工程学部,资源与安全学院,硕士,2022,就业,中煤科工集团重庆研究院有限公司,1
工程学部,资源与安全学院,硕士,2022,就业,北京石油管理干部学院,1
工程学部,资源与安全学院,硕士,2022,就业,郑州宇通集团有限公司,1
工程学部,资源与安全学院,硕士,2022,就业,中粮地产集团深圳房地产开发有限公司,1
工程学部,资源与安全学院,硕士,2022,就业,中建三局集团有限公司工程总承包公司,1
工程学部,资源与安全学院,硕士,2022,就业,中冶赛迪重庆信息技术有限公司,1
工程学部,资源与安全学院,硕士,2022,就业,四川新川航空仪器有限责任公司,1
工程学部,资源与安全学院,硕士,2022,就业,安徽马钢矿业资源集团有限公司,1
工程学部,资源与安全学院,硕士,2022,就业,重庆远达烟气治理特许经营有限公司科技分公司,1
工程学部,资源与安全学院,硕士,2022,就业,中国共产党长治市委员会讲师团(长治市新型智库中心),1
工程学部,资源与安全学院,硕士,2022,就业,贵州省油气勘察开发工程研究院,1
工程学部,资源与安全学院,硕士,2022,出国(境)留学或工作,宾夕法尼亚州立大学,1
工程学部,资源与安全学院,硕士,2022,选调生,中国共产党成都市委员会组织部,1
工程学部,资源与安全学院,硕士,2022,就业,中国船舶重工集团公司七五0试验场,1
工程学部,资源与安全学院,硕士,2022,就业,苏州市交通运输综合行政执法支队,1
工程学部,资源与安全学院,硕士,2022,升学,西湖大学,1
工程学部,资源与安全学院,硕士,2022,出国(境)留学或工作,蒙纳士大学,1
工程学部,资源与安全学院,硕士,2022,选调生,中共达州市委组织部,1
工程学部,资源与安全学院,硕士,2022,选调生,中共南昌市委组织部,1
工程学部,资源与安全学院,硕士,2022,就业,成都设计咨询集团有限公司,1
工程学部,资源与安全学院,硕士,2022,就业,重庆龙湖企业拓展有限公司,1
工程学部,资源与安全学院,硕士,2022,选调生,中共自贡市委组织部,1
工程学部,资源与安全学院,硕士,2022,就业,重庆市地质矿产勘查开发局107地质队,1
工程学部,资源与安全学院,博士,2022,就业,中煤科工集团重庆研究院有限公司,3
工程学部,资源与安全学院,博士,2022,就业,江西理工大学,2
工程学部,资源与安全学院,博士,2022,就业,广西大学,2
工程学部,资源与安全学院,博士,2022,就业,中电科技集团重庆声光电有限公司,1
工程学部,资源与安全学院,博士,2022,就业,湖南科技大学,1
工程学部,资源与安全学院,博士,2022,出国(境)留学或工作,丹麦技术大学,1
工程学部,资源与安全学院,博士,2022,就业,河南理工大学,1
工程学部,资源与安全学院,博士,2022,就业,华东交通大学,1
工程学部,资源与安全学院,博士,2022,就业,中国科学院武汉岩土力学研究所,1
工程学部,资源与安全学院,博士,2022,就业,安徽理工大学,1
工程学部,资源与安全学院,博士,2022,就业,河南科技大学,1
工程学部,资源与安全学院,博士,2022,就业,陆军勤务学院,1
工程学部,资源与安全学院,博士,2022,就业,中安智讯(北京)信息科技有限公司,1
工程学部,资源与安全学院,博士,2022,就业,重庆文理学院,1
工程学部,资源与安全学院,博士,2022,就业,重庆科技学院,1
工程学部,资源与安全学院,博士,2022,就业,昆明理工大学,1
工程学部,资源与安全学院,博士,2022,就业,煤炭科学研究总院,1
工程学部,资源与安全学院,本科,2023,升学,重庆大学,33
工程学部,资源与安全学院,本科,2023,就业,紫金矿业集团股份有限公司,6
工程学部,资源与安全学院,本科,2023,升学,中国矿业大学,3
工程学部,资源与安全学院,本科,2023,升学,中国矿业大学(北京),2
工程学部,资源与安全学院,本科,2023,就业,上海隧道工程有限公司,2
工程学部,资源与安全学院,本科,2023,升学,中国科学技术大学,2
工程学部,资源与安全学院,本科,2023,就业,比亚迪股份有限公司,2
工程学部,资源与安全学院,本科,2023,就业,中国建筑第八工程局有限公司西南分公司,2
工程学部,资源与安全学院,本科,2023,升学,西安科技大学,1
工程学部,资源与安全学院,本科,2023,就业,中建一局集团(辽宁)建设有限公司,1
工程学部,资源与安全学院,本科,2023,就业,中国农业银行股份有限公司西藏自治区分行,1
工程学部,资源与安全学院,本科,2023,就业,广东明阳电气股份有限公司,1
工程学部,资源与安全学院,本科,2023,选调生,中共青海省委组织部,1
工程学部,资源与安全学院,本科,2023,就业,兖矿新疆能化有限公司,1
工程学部,资源与安全学院,本科,2023,就业,中建三局集团有限公司,1
工程学部,资源与安全学院,本科,2023,就业,国网西藏电力有限公司拉萨发电公司,1
工程学部,资源与安全学院,本科,2023,就业,中建四局水利能源发展有限公司,1
工程学部,资源与安全学院,本科,2023,就业,中建三局第一建设工程有限责任公司,1
工程学部,资源与安全学院,本科,2023,就业,中国能源建设集团云南省电力设计院有限公司,1
工程学部,资源与安全学院,本科,2023,就业,辽宁红沿河核电有限公司,1
工程学部,资源与安全学院,本科,2023,就业,中国建筑第五工程局有限公司,1
工程学部,资源与安全学院,本科,2023,就业,华润水泥(贵港)有限公司,1
工程学部,资源与安全学院,本科,2023,就业,新疆天池能源有限责任公司,1
工程学部,资源与安全学院,本科,2023,升学,哈尔滨工业大学,1
工程学部,资源与安全学院,本科,2023,就业,航天锂电科技(江苏)有限公司,1
工程学部,资源与安全学院,本科,2023,就业,重庆市彭水县应急局,1
工程学部,资源与安全学院,本科,2023,升学,中国科学院大学,1
工程学部,资源与安全学院,本科,2023,就业,浙江国邦药业有限公司,1
工程学部,资源与安全学院,本科,2023,升学,北京理工大学,1
工程学部,资源与安全学院,本科,2023,就业,中建隧道建设有限公司,1
工程学部,资源与安全学院,本科,2023,就业,珠海格力电器股份有限公司,1
工程学部,资源与安全学院,本科,2023,就业,中核混凝土股份有限公司,1
工程学部,资源与安全学院,本科,2023,就业,重庆长安望江工业集团有限公司,1
工程学部,资源与安全学院,本科,2023,升学,新疆大学,1
工程学部,资源与安全学院,本科,2023,就业,中广核苍南核电有限公司,1
工程学部,资源与安全学院,本科,2023,就业,山东招远核电有限公司,1
工程学部,资源与安全学院,本科,2023,就业,中建一局华江建设有限公司,1
工程学部,资源与安全学院,本科,2023,就业,中建三局安装工程有限公司,1
工程学部,资源与安全学院,本科,2023,就业,广西防城港核电有限公司,1
工程学部,资源与安全学院,本科,2023,就业,福建宁德核电有限公司,1
工程学部,资源与安全学院,硕士,2023,就业,比亚迪股份有限公司,11
工程学部,资源与安全学院,硕士,2023,升学,重庆大学,4
工程学部,资源与安全学院,硕士,2023,选调生,中共成都市委组织部,3
工程学部,资源与安全学院,硕士,2023,就业,湖北亿纬动力有限公司,2
工程学部,资源与安全学院,硕士,2023,就业,重庆长安汽车股份有限公司,2
工程学部,资源与安全学院,硕士,2023,就业,宁德时代新能源科技股份有限公司,2
工程学部,资源与安全学院,硕士,2023,选调生,中共贵州省委组织部,2
工程学部,资源与安全学院,硕士,2023,就业,重庆长安望江工业集团有限公司,2
工程学部,资源与安全学院,硕士,2023,选调生,中共贵阳市委组织部,2
工程学部,资源与安全学院,硕士,2023,选调生,中共黔东南州委组织部,1
工程学部,资源与安全学院,硕士,2023,就业,重庆航天机电设计院,1
工程学部,资源与安全学院,硕士,2023,就业,中国化学工程第十一建设有限公司,1
工程学部,资源与安全学院,硕士,2023,就业,广州石油培训中心有限公司,1
工程学部,资源与安全学院,硕士,2023,就业,株洲时代新材料科技股份有限公司,1
工程学部,资源与安全学院,硕士,2023,升学,南方科技大学,1
工程学部,资源与安全学院,硕士,2023,选调生,中国共产党东阿县委员会组织部,1
工程学部,资源与安全学院,硕士,2023,选调生,中共绵阳市委组织部,1
工程学部,资源与安全学院,硕士,2023,就业,中国石油化工股份有限公司洛阳分公司,1
工程学部,资源与安全学院,硕士,2023,选调生,长治市行政审批服务管理局,1
工程学部,资源与安全学院,硕士,2023,就业,广州燃气集团有限公司,1
工程学部,资源与安全学院,硕士,2023,就业,常州星宇车灯股份有限公司,1
工程学部,资源与安全学院,硕士,2023,就业,宜宾市南溪区应急管理局,1
工程学部,资源与安全学院,硕士,2023,选调生,中共重庆市委组织部,1
工程学部,资源与安全学院,硕士,2023,就业,中国能源建设集团广东省电力设计研究院有限公司,1
工程学部,资源与安全学院,硕士,2023,升学,华中科技大学,1
工程学部,资源与安全学院,硕士,2023,升学,山东大学,1
工程学部,资源与安全学院,硕士,2023,升学,中国科学技术大学,1
工程学部,资源与安全学院,硕士,2023,就业,平顶山天安煤业股份有限公司一矿,1
工程学部,资源与安全学院,硕士,2023,选调生,中国共产党泸西县委员会办公室,1
工程学部,资源与安全学院,硕士,2023,就业,一汽-大众汽车有限公司,1
工程学部,资源与安全学院,硕士,2023,选调生,中共山西省委军民融合发展委员会办公室(山西省国防科学技术工业局),1
工程学部,资源与安全学院,硕士,2023,就业,重庆赛迪工程咨询有限公司,1
工程学部,资源与安全学院,硕士,2023,就业,中国能源建设集团云南省电力设计院有限公司,1
工程学部,资源与安全学院,硕士,2023,就业,重庆川东南工程勘察设计院有限公司,1
工程学部,资源与安全学院,硕士,2023,就业,中国航发贵州红林航空动力控制科技有限公司,1
工程学部,资源与安全学院,硕士,2023,选调生,昆明市人民政府办公室(昆明市人民政府参事室),1
工程学部,资源与安全学院,硕士,2023,升学,同济大学,1
工程学部,资源与安全学院,硕士,2023,就业,深空探测实验室(天都实验室),1
工程学部,资源与安全学院,硕士,2023,出国(境)留学或工作,海德堡大学,1
工程学部,资源与安全学院,硕士,2023,就业,中建三局集团有限公司,1
工程学部,资源与安全学院,硕士,2023,升学,中南大学,1
工程学部,资源与安全学院,硕士,2023,就业,中国建筑第八工程局有限公司,1
工程学部,资源与安全学院,硕士,2023,就业,远景能源有限公司上海分公司,1
工程学部,资源与安全学院,硕士,2023,就业,中汽院新能源科技有限公司,1
工程学部,资源与安全学院,硕士,2023,就业,中兴通讯股份有限公司,1
工程学部,资源与安全学院,硕士,2023,就业,紫金矿业集团股份有限公司,1
工程学部,资源与安全学院,硕士,2023,就业,中电科技集团重庆声光电有限公司,1
工程学部,资源与安全学院,硕士,2023,就业,成都市工程咨询有限公司,1
工程学部,资源与安全学院,硕士,2023,选调生,中共安顺市委组织部,1
工程学部,资源与安全学院,硕士,2023,就业,上海蔚兰动力科技有限公司,1
工程学部,资源与安全学院,硕士,2023,就业,国家矿山安全监察局四川局,1
工程学部,资源与安全学院,硕士,2023,就业,江苏时代新能源科技有限公司,1
工程学部,资源与安全学院,硕士,2023,就业,重庆一三六地质矿产有限责任公司,1
工程学部,资源与安全学院,硕士,2023,就业,中建六局华南建设有限公司,1
工程学部,资源与安全学院,硕士,2023,就业,华为技术有限公司,1
工程学部,资源与安全学院,硕士,2023,就业,无锡先导智能装备股份有限公司,1
工程学部,资源与安全学院,硕士,2023,选调生,中国共产党广安市委员会组织部,1
工程学部,资源与安全学院,博士,2023,就业,西华大学,2
工程学部,资源与安全学院,博士,2023,就业,中国石油集团工程技术研究院有限公司,1
工程学部,资源与安全学院,博士,2023,就业,湖南工学院,1
工程学部,资源与安全学院,博士,2023,就业,中国科学院重庆绿色智能技术研究院,1
工程学部,资源与安全学院,博士,2023,就业,太原理工大学,1
工程学部,资源与安全学院,博士,2023,就业,中国石油集团测井有限公司,1
工程学部,资源与安全学院,博士,2023,就业,重庆大学,1
工程学部,资源与安全学院,博士,2023,就业,重庆城投基础设施建设有限公司,1
工程学部,资源与安全学院,博士,2023,就业,南方科技大学,1
工程学部,资源与安全学院,博士,2023,就业,神华新街能源有限责任公司,1
工程学部,资源与安全学院,博士,2023,就业,盾构及掘进技术国家重点实验室,1
工程学部,资源与安全学院,博士,2023,就业,中国安全生产科学研究院,1
工程学部,材料科学与工程学院,本科,2021,升学,重庆大学,88
工程学部,材料科学与工程学院,本科,2021,升学,西安交通大学,12
工程学部,材料科学与工程学院,本科,2021,就业,中国建筑第八工程局有限公司西南分公司,10
工程学部,材料科学与工程学院,本科,2021,升学,上海交通大学,9
工程学部,材料科学与工程学院,本科,2021,升学,浙江大学,7
工程学部,材料科学与工程学院,本科,2021,升学,中国科学技术大学,6
工程学部,材料科学与工程学院,本科,2021,就业,深圳市建筑装饰(集团)有限公司,6
工程学部,材料科学与工程学院,本科,2021,升学,北京理工大学,4
工程学部,材料科学与工程学院,本科,2021,升学,同济大学,4
工程学部,材料科学与工程学院,本科,2021,升学,华中科技大学,3
工程学部,材料科学与工程学院,本科,2021,就业,中建新疆建工土木工程有限公司,3
工程学部,材料科学与工程学院,本科,2021,升学,西北工业大学,3
工程学部,材料科学与工程学院,本科,2021,就业,攀钢集团攀枝花钢钒有限公司,3
工程学部,材料科学与工程学院,本科,2021,就业,重庆京东方光电科技有限公司,3
工程学部,材料科学与工程学院,本科,2021,就业,中建铁路投资建设集团有限公司,2
工程学部,材料科学与工程学院,本科,2021,就业,一汽解放汽车有限公司,2
工程学部,材料科学与工程学院,本科,2021,就业,重庆京东方显示技术有限公司,2
工程学部,材料科学与工程学院,本科,2021,就业,上汽通用五菱汽车股份有限公司重庆分公司,2
工程学部,材料科学与工程学院,本科,2021,就业,中国航发贵州黎阳航空发动机有限公司,2
工程学部,材料科学与工程学院,本科,2021,就业,中车贵阳车辆有限公司,2
工程学部,材料科学与工程学院,本科,2021,就业,中建东方装饰有限公司,2
工程学部,材料科学与工程学院,本科,2021,就业,中建八局第三建设有限公司,2
工程学部,材料科学与工程学院,本科,2021,就业,中国建筑第七工程局有限公司,2
工程学部,材料科学与工程学院,本科,2021,就业,中建八局第一建设有限公司,2
工程学部,材料科学与工程学院,本科,2021,升学,清华大学,2
工程学部,材料科学与工程学院,本科,2021,升学,西安近代化学研究所,2
工程学部,材料科学与工程学院,本科,2021,就业,四川时代新能源科技有限公司,2
工程学部,材料科学与工程学院,本科,2021,就业,苏州热工研究院有限公司深圳分公司,2
工程学部,材料科学与工程学院,本科,2021,出国(境)留学或工作,伦敦大学学院,2
工程学部,材料科学与工程学院,本科,2021,就业,东方电气集团东方锅炉股份有限公司,2
工程学部,材料科学与工程学院,本科,2021,就业,中国建筑第八工程局有限公司上海分公司,2
工程学部,材料科学与工程学院,本科,2021,就业,广州富力地产股份有限公司,2
工程学部,材料科学与工程学院,本科,2021,升学,东南大学,2
工程学部,材料科学与工程学院,本科,2021,就业,江苏苏博特新材料股份有限公司,2
工程学部,材料科学与工程学院,本科,2021,升学,北京科技大学,2
工程学部,材料科学与工程学院,本科,2021,就业,中建八局发展建设有限公司,2
工程学部,材料科学与工程学院,本科,2021,升学,复旦大学,2
工程学部,材料科学与工程学院,本科,2021,就业,铜仁市人力资源和社会保障局,2
工程学部,材料科学与工程学院,本科,2021,就业,厦门卡伦特科技有限公司,2
工程学部,材料科学与工程学院,本科,2021,就业,厦门厦钨新能源材料股份有限公司,2
工程学部,材料科学与工程学院,本科,2021,升学,北京航空航天大学,1
工程学部,材料科学与工程学院,本科,2021,就业,重庆铁马工业集团有限公司,1
工程学部,材料科学与工程学院,本科,2021,选调生,中共重庆市委组织部,1
工程学部,材料科学与工程学院,本科,2021,就业,重庆长安汽车股份有限公司,1
工程学部,材料科学与工程学院,本科,2021,就业,东方电气集团东方电机有限公司,1
工程学部,材料科学与工程学院,本科,2021,就业,重庆志成机械有限公司,1
工程学部,材料科学与工程学院,本科,2021,就业,中船黄埔文冲船舶有限公司,1
工程学部,材料科学与工程学院,本科,2021,升学,中国科学院大连化学物理研究所,1
工程学部,材料科学与工程学院,本科,2021,升学,中山大学,1
工程学部,材料科学与工程学院,本科,2021,选调生,中共乐山市委组织部,1
工程学部,材料科学与工程学院,本科,2021,就业,中建二局第一建筑工程有限公司深圳分公司,1
工程学部,材料科学与工程学院,本科,2021,就业,中国石油集团工程服务有限公司西南工程建设分公司,1
工程学部,材料科学与工程学院,本科,2021,就业,中建三局第一建设工程有限责任公司,1
工程学部,材料科学与工程学院,本科,2021,就业,中建科工集团有限公司,1
工程学部,材料科学与工程学院,本科,2021,升学,兰州大学,1
工程学部,材料科学与工程学院,本科,2021,升学,西南财经大学,1
工程学部,材料科学与工程学院,本科,2021,升学,中国社会科学院大学,1
工程学部,材料科学与工程学院,本科,2021,就业,中核四0四有限公司,1
工程学部,材料科学与工程学院,本科,2021,升学,中国科学院理化技术研究所,1
工程学部,材料科学与工程学院,本科,2021,就业,庆铃汽车(集团)有限公司,1
工程学部,材料科学与工程学院,本科,2021,出国(境)留学或工作,东京大学,1
工程学部,材料科学与工程学院,本科,2021,升学,深圳大学,1
工程学部,材料科学与工程学院,本科,2021,出国(境)留学或工作,新加坡国立大学,1
工程学部,材料科学与工程学院,本科,2021,出国(境)留学或工作,悉尼大学,1
工程学部,材料科学与工程学院,本科,2021,出国(境)留学或工作,苏黎世联邦理工学院,1
工程学部,材料科学与工程学院,本科,2021,升学,中南大学,1
工程学部,材料科学与工程学院,本科,2021,升学,郑州大学,1
工程学部,材料科学与工程学院,本科,2021,升学,天津大学,1
工程学部,材料科学与工程学院,本科,2021,就业,兴义市东城学校,1
工程学部,材料科学与工程学院,本科,2021,就业,绵阳万鸿房地产开发有限公司,1
工程学部,材料科学与工程学院,本科,2021,升学,国防科技大学,1
工程学部,材料科学与工程学院,本科,2021,就业,衡阳华菱钢管有限公司,1
工程学部,材料科学与工程学院,本科,2021,就业,中国南方航空股份有限公司,1
工程学部,材料科学与工程学院,本科,2021,就业,深圳市吉迩科技有限公司,1
工程学部,材料科学与工程学院,本科,2021,就业,中交武汉港湾工程设计研究院有限公司,1
工程学部,材料科学与工程学院,本科,2021,就业,物产中大金属集团有限公司,1
工程学部,材料科学与工程学院,本科,2021,就业,比亚迪股份有限公司,1
工程学部,材料科学与工程学院,本科,2021,就业,深圳市交通工程试验检测中心有限公司,1
工程学部,材料科学与工程学院,本科,2021,就业,中国电子科技集团公司第十五研究所,1
工程学部,材料科学与工程学院,本科,2021,就业,重庆卓辅教育信息咨询服务有限公司,1
工程学部,材料科学与工程学院,本科,2021,就业,中建八局第二建设有限公司,1
工程学部,材料科学与工程学院,本科,2021,就业,建水实验中学,1
工程学部,材料科学与工程学院,本科,2021,就业,上海宝钢建筑工程设计有限公司,1
工程学部,材料科学与工程学院,本科,2021,就业,中建隧道建设有限公司,1
工程学部,材料科学与工程学院,本科,2021,就业,重庆建研科之杰新材料有限公司,1
工程学部,材料科学与工程学院,本科,2021,就业,苏宁易购集团股份有限公司,1
工程学部,材料科学与工程学院,本科,2021,就业,普联技术有限公司,1
工程学部,材料科学与工程学院,本科,2021,就业,贵州路桥集团有限公司,1
工程学部,材料科学与工程学院,本科,2021,就业,紫金矿业集团股份有限公司,1
工程学部,材料科学与工程学院,本科,2021,升学,中国科学院上海硅酸盐研究所,1
工程学部,材料科学与工程学院,本科,2021,就业,安徽江淮汽车集团股份有限公司,1
工程学部,材料科学与工程学院,本科,2021,就业,天津大学四川创新研究院,1
工程学部,材料科学与工程学院,本科,2021,升学,南京大学,1
工程学部,材料科学与工程学院,本科,2021,升学,中国科学院大学,1
工程学部,材料科学与工程学院,本科,2021,就业,中建信和地产有限公司,1
工程学部,材料科学与工程学院,本科,2021,升学,中国建筑材料科学研究总院,1
工程学部,材料科学与工程学院,本科,2021,出国(境)留学或工作,曼彻斯特大学,1
工程学部,材料科学与工程学院,本科,2021,升学,宁波大学,1
工程学部,材料科学与工程学院,本科,2021,就业,万华化学集团股份有限公司,1
工程学部,材料科学与工程学院,本科,2021,出国(境)留学或工作,大阪大学,1
工程学部,材料科学与工程学院,本科,2021,就业,亚士创能新材料(重庆)有限公司,1
工程学部,材料科学与工程学院,本科,2021,就业,中国建筑第七工程局有限公司西南分公司,1
工程学部,材料科学与工程学院,本科,2021,就业,俊发集团有限公司,1
工程学部,材料科学与工程学院,本科,2021,选调生,中国共产党内江市委员会组织部,1
工程学部,材料科学与工程学院,本科,2021,就业,杭州海康威视数字技术股份有限公司重庆分公司,1
工程学部,材料科学与工程学院,本科,2021,出国(境)留学或工作,香港城市大学,1
工程学部,材料科学与工程学院,本科,2021,升学,西南大学,1
工程学部,材料科学与工程学院,本科,2021,就业,东方电气集团东方汽轮机有限公司,1
工程学部,材料科学与工程学院,本科,2021,升学,南方科技大学,1
工程学部,材料科学与工程学院,本科,2021,就业,上海隧道工程有限公司,1
工程学部,材料科学与工程学院,本科,2021,升学,北京师范大学,1
工程学部,材料科学与工程学院,本科,2021,就业,箭牌家居集团股份有限公司,1
工程学部,材料科学与工程学院,本科,2021,就业,中建海峡建设发展有限公司,1
工程学部,材料科学与工程学院,本科,2021,升学,中国地质大学(武汉),1
工程学部,材料科学与工程学院,本科,2021,选调生,中国共产党达州市委员会组织部,1
工程学部,材料科学与工程学院,本科,2021,就业,上海友塔网络科技有限公司,1
工程学部,材料科学与工程学院,本科,2021,升学,中国科学院上海微系统与信息技术研究所,1
工程学部,材料科学与工程学院,本科,2021,就业,中建西部建设贵州有限公司,1
工程学部,材料科学与工程学院,本科,2021,就业,太平洋第二十三建设集团有限公司,1
工程学部,材料科学与工程学院,本科,2021,选调生,中共宁夏区委组织部,1
工程学部,材料科学与工程学院,本科,2021,就业,中建八局第四建设有限公司,1
工程学部,材料科学与工程学院,本科,2021,就业,重庆建工第九建设有限公司,1
工程学部,材料科学与工程学院,本科,2021,升学,中国科学院上海高等研究院,1
工程学部,材料科学与工程学院,本科,2021,升学,中国建材总院,1
工程学部,材料科学与工程学院,本科,2021,就业,中国建筑第八工程局有限公司南方分公司,1
工程学部,材料科学与工程学院,本科,2021,就业,重庆艺鑫光芒文化传播有限公司,1
工程学部,材料科学与工程学院,本科,2021,就业,湖南华菱湘潭钢铁有限公司,1
工程学部,材料科学与工程学院,本科,2021,志愿服务西部计划,卓筒井镇人民镇府党建办,1
工程学部,材料科学与工程学院,本科,2021,就业,云南省玉溪市化念镇人民政府,1
工程学部,材料科学与工程学院,本科,2021,就业,中建钢构有限公司,1
工程学部,材料科学与工程学院,本科,2021,就业,湖南华菱涟源钢铁集团有限公司,1
工程学部,材料科学与工程学院,本科,2021,就业,株洲冶炼集团股份有限公司,1
工程学部,材料科学与工程学院,本科,2021,就业,宝钢集团新疆八一钢铁有限公司,1
工程学部,材料科学与工程学院,本科,2021,升学,华南理工大学,1
工程学部,材料科学与工程学院,本科,2021,就业,衢州华友钴新材料有限公司,1
工程学部,材料科学与工程学院,本科,2021,就业,中冶建工集团有限公司,1
工程学部,材料科学与工程学院,本科,2021,就业,湖南华菱涟源钢铁有限公司,1
工程学部,材料科学与工程学院,本科,2021,就业,重庆钢铁股份有限公司,1
工程学部,材料科学与工程学院,本科,2021,就业,广西柳州钢铁集团有限公司,1
工程学部,材料科学与工程学院,本科,2021,升学,中国科学院重庆绿色智能技术研究院,1
工程学部,材料科学与工程学院,本科,2021,就业,重庆港务物流集团有限公司,1
工程学部,材料科学与工程学院,本科,2021,选调生,中共广元市委组织部,1
工程学部,材料科学与工程学院,本科,2021,出国(境)留学或工作,伦敦大学国王学院,1
工程学部,材料科学与工程学院,硕士,2021,升学,重庆大学,11
工程学部,材料科学与工程学院,硕士,2021,就业,重庆京东方显示技术有限公司,7
工程学部,材料科学与工程学院,硕士,2021,选调生,中共重庆市委组织部,6
工程学部,材料科学与工程学院,硕士,2021,选调生,中国共产党内江市委员会组织部,5
工程学部,材料科学与工程学院,硕士,2021,就业,常州市建筑科学研究院集团股份有限公司,4
工程学部,材料科学与工程学院,硕士,2021,就业,重庆京东方光电科技有限公司,3
工程学部,材料科学与工程学院,硕士,2021,就业,中国重型汽车集团有限公司,3
工程学部,材料科学与工程学院,硕士,2021,就业,中国核动力研究设计院,3
工程学部,材料科学与工程学院,硕士,2021,就业,中电科技集团重庆声光电有限公司,3
工程学部,材料科学与工程学院,硕士,2021,选调生,中共德阳市委组织部,3
工程学部,材料科学与工程学院,硕士,2021,就业,中冶赛迪集团有限公司,3
工程学部,材料科学与工程学院,硕士,2021,就业,长安福特汽车有限公司,3
工程学部,材料科学与工程学院,硕士,2021,就业,重庆长安汽车股份有限公司,3
工程学部,材料科学与工程学院,硕士,2021,就业,中国航发贵州黎阳航空发动机有限公司,2
工程学部,材料科学与工程学院,硕士,2021,就业,中国电子科技集团公司第十研究所,2
工程学部,材料科学与工程学院,硕士,2021,就业,成都天奥电子股份有限公司,2
工程学部,材料科学与工程学院,硕士,2021,选调生,广西壮族自治区党委组织部干部规划办(定向选调生),2
工程学部,材料科学与工程学院,硕士,2021,就业,成都凯天电子股份有限公司,2
工程学部,材料科学与工程学院,硕士,2021,就业,重庆建工建材物流有限公司,2
工程学部,材料科学与工程学院,硕士,2021,就业,宁德时代新能源科技股份有限公司,2
工程学部,材料科学与工程学院,硕士,2021,就业,浙江春风动力股份有限公司,2
工程学部,材料科学与工程学院,硕士,2021,升学,西北工业大学,2
工程学部,材料科学与工程学院,硕士,2021,选调生,中国共产党内江市委员会组织部(待分配),2
工程学部,材料科学与工程学院,硕士,2021,就业,攀钢集团研究院有限公司,2
工程学部,材料科学与工程学院,硕士,2021,选调生,中国共产党广安市委员会组织部,2
工程学部,材料科学与工程学院,硕士,2021,就业,宜宾三江机械有限责任公司,2
工程学部,材料科学与工程学院,硕士,2021,就业,河钢集团钢研总院,2
工程学部,材料科学与工程学院,硕士,2021,选调生,中国共产党遂宁市委员会组织部,2
工程学部,材料科学与工程学院,硕士,2021,就业,成都京东方光电科技有限公司,2
工程学部,材料科学与工程学院,硕士,2021,就业,中国航发贵阳发动机设计研究所,1
工程学部,材料科学与工程学院,硕士,2021,就业,华润微电子(重庆)有限公司,1
工程学部,材料科学与工程学院,硕士,2021,就业,武汉高德红外股份有限公司,1
工程学部,材料科学与工程学院,硕士,2021,就业,中芯国际集成电路制造(上海)有限公司,1
工程学部,材料科学与工程学院,硕士,2021,就业,江西铜业股份有限公司,1
工程学部,材料科学与工程学院,硕士,2021,就业,深圳市交通工程试验检测中心有限公司,1
工程学部,材料科学与工程学院,硕士,2021,就业,中铁工程装备集团有限公司,1
工程学部,材料科学与工程学院,硕士,2021,就业,烽火通信科技股份有限公司,1
工程学部,材料科学与工程学院,硕士,2021,就业,普洱市工业和信息化局,1
工程学部,材料科学与工程学院,硕士,2021,就业,融创西南房地产开发(集团)有限公司,1
工程学部,材料科学与工程学院,硕士,2021,就业,中国长江电力股份有限公司,1
工程学部,材料科学与工程学院,硕士,2021,就业,湖南大学,1
工程学部,材料科学与工程学院,硕士,2021,选调生,中共贵阳市委组织部,1
工程学部,材料科学与工程学院,硕士,2021,就业,贵州航天新力科技有限公司,1
工程学部,材料科学与工程学院,硕士,2021,选调生,中共遵义市委组织部,1
工程学部,材料科学与工程学院,硕士,2021,就业,中国农业银行股份有限公司贵州省分行,1
工程学部,材料科学与工程学院,硕士,2021,就业,云南省贵金属新材料控股集团有限公司,1
工程学部,材料科学与工程学院,硕士,2021,就业,四川省建筑科学研究院有限公司,1
工程学部,材料科学与工程学院,硕士,2021,选调生,中共南充市委组织部,1
工程学部,材料科学与工程学院,硕士,2021,就业,中核建中核燃料元件有限公司,1
工程学部,材料科学与工程学院,硕士,2021,就业,中国汽车工程研究院股份有限公司,1
工程学部,材料科学与工程学院,硕士,2021,就业,华为技术有限公司,1
工程学部,材料科学与工程学院,硕士,2021,就业,贵州安大航空锻造有限责任公司,1
工程学部,材料科学与工程学院,硕士,2021,就业,保利(成都)实业有限公司,1
工程学部,材料科学与工程学院,硕士,2021,就业,菲舍尔航空部件(镇江)有限公司,1
工程学部,材料科学与工程学院,硕士,2021,就业,广东虹勤通讯技术有限公司,1
工程学部,材料科学与工程学院,硕士,2021,就业,深圳市龙岗区教育局,1
工程学部,材料科学与工程学院,硕士,2021,出国(境)留学或工作,香港理工大学,1
工程学部,材料科学与工程学院,硕士,2021,就业,北京精雕科技集团有限公司,1
工程学部,材料科学与工程学院,硕士,2021,升学,北京理工大学,1
工程学部,材料科学与工程学院,硕士,2021,就业,杭州唯强医疗科技有限公司,1
工程学部,材料科学与工程学院,硕士,2021,就业,中国电子科技集团公司第五十八研究所,1
工程学部,材料科学与工程学院,硕士,2021,就业,苏州汇川技术有限公司,1
工程学部,材料科学与工程学院,硕士,2021,就业,泰思肯贸易(上海)有限公司,1
工程学部,材料科学与工程学院,硕士,2021,就业,新乡航空工业(集团)有限公司,1
工程学部,材料科学与工程学院,硕士,2021,就业,中国石化化工销售有限公司华中分公司,1
工程学部,材料科学与工程学院,硕士,2021,就业,重庆德普外国语学校,1
工程学部,材料科学与工程学院,硕士,2021,就业,鄂尔多斯市康巴什区教育体育局,1
工程学部,材料科学与工程学院,硕士,2021,就业,四川华西绿舍建材有限公司,1
工程学部,材料科学与工程学院,硕士,2021,就业,重庆市沙坪坝区学而思培优课外培训学校有限公司,1
工程学部,材料科学与工程学院,硕士,2021,就业,中交四航局第四工程有限公司,1
工程学部,材料科学与工程学院,硕士,2021,就业,重庆川仪调节阀有限公司,1
工程学部,材料科学与工程学院,硕士,2021,就业,中建西部建设西南有限公司,1
工程学部,材料科学与工程学院,硕士,2021,出国(境)留学或工作,亥姆-霍兹联合会吉斯特哈特材料研究所,1
工程学部,材料科学与工程学院,硕士,2021,就业,上海华力集成电路制造有限公司,1
工程学部,材料科学与工程学院,硕士,2021,选调生,中国共产党达州市委员会组织部,1
工程学部,材料科学与工程学院,硕士,2021,就业,万丰奥特控股集团有限公司,1
工程学部,材料科学与工程学院,硕士,2021,就业,东方电气集团东方汽轮机有限公司,1
工程学部,材料科学与工程学院,硕士,2021,就业,中国兵器工业第五九研究所,1
工程学部,材料科学与工程学院,硕士,2021,就业,维沃移动通信(深圳)有限公司,1
工程学部,材料科学与工程学院,硕士,2021,就业,重庆志成机械有限公司,1
工程学部,材料科学与工程学院,硕士,2021,升学,东南大学,1
工程学部,材料科学与工程学院,硕士,2021,选调生,广西壮族自治区党委组织部干部规划办,1
工程学部,材料科学与工程学院,硕士,2021,就业,美的置业集团有限公司,1
工程学部,材料科学与工程学院,硕士,2021,就业,天津市滨海新区微电子研究院,1
工程学部,材料科学与工程学院,硕士,2021,就业,长江三峡技术经济发展有限公司,1
工程学部,材料科学与工程学院,硕士,2021,就业,上海神马电力工程有限公司,1
工程学部,材料科学与工程学院,硕士,2021,就业,中国电子科技集团公司第五十五研究所,1
工程学部,材料科学与工程学院,硕士,2021,就业,南京康尼机电股份有限公司,1
工程学部,材料科学与工程学院,硕士,2021,就业,华为技术有限公司南京研究所,1
工程学部,材料科学与工程学院,硕士,2021,就业,铜陵有色金属集团控股有限公司,1
工程学部,材料科学与工程学院,硕士,2021,就业,上汽大众汽车有限公司,1
工程学部,材料科学与工程学院,硕士,2021,就业,重庆美的通用制冷设备有限公司,1
工程学部,材料科学与工程学院,硕士,2021,选调生,中共天津市北辰区委组织部,1
工程学部,材料科学与工程学院,硕士,2021,就业,宜昌市测绘大队有限责任公司,1
工程学部,材料科学与工程学院,硕士,2021,就业,重庆长安工业(集团)有限责任公司,1
工程学部,材料科学与工程学院,硕士,2021,就业,建水实验中学,1
工程学部,材料科学与工程学院,硕士,2021,就业,东风本田汽车有限公司,1
工程学部,材料科学与工程学院,硕士,2021,就业,上海汽车集团股份有限公司技术中心,1
工程学部,材料科学与工程学院,硕士,2021,就业,中建三局第一建设工程有限责任公司,1
工程学部,材料科学与工程学院,硕士,2021,就业,深圳迈瑞生物医疗电子股份有限公司,1
工程学部,材料科学与工程学院,硕士,2021,就业,TCL王牌电器(惠州)有限公司,1
工程学部,材料科学与工程学院,硕士,2021,就业,江苏新扬新材料股份有限公司,1
工程学部,材料科学与工程学院,硕士,2021,就业,中建南方投资有限公司,1
工程学部,材料科学与工程学院,硕士,2021,就业,浙江新安化工集团股份有限公司,1
工程学部,材料科学与工程学院,硕士,2021,就业,鸿富锦精密工业(深圳)有限公司,1
工程学部,材料科学与工程学院,硕士,2021,就业,中联重科股份有限公司,1
工程学部,材料科学与工程学院,硕士,2021,就业,东方电气集团东方电机有限公司,1
工程学部,材料科学与工程学院,硕士,2021,就业,湖北三江航天险峰电子信息有限公司,1
工程学部,材料科学与工程学院,硕士,2021,就业,重庆川仪自动化股份有限公司金属功能材料分公司,1
工程学部,材料科学与工程学院,硕士,2021,就业,广州博冠信息科技有限公司,1
工程学部,材料科学与工程学院,硕士,2021,就业,重庆前卫科技集团有限公司,1
工程学部,材料科学与工程学院,硕士,2021,就业,西南技术物理研究所,1
工程学部,材料科学与工程学院,硕士,2021,就业,中机中联工程有限公司,1
工程学部,材料科学与工程学院,硕士,2021,升学,哈尔滨工业大学(深圳),1
工程学部,材料科学与工程学院,硕士,2021,就业,厦门金鹭特种合金有限公司,1
工程学部,材料科学与工程学院,硕士,2021,就业,重庆高新技术产业开发区管理委员会,1
工程学部,材料科学与工程学院,硕士,2021,就业,重庆红江机械有限责任公司,1
工程学部,材料科学与工程学院,硕士,2021,升学,西安交通大学,1
工程学部,材料科学与工程学院,硕士,2021,就业,重庆嘉陵特种装备有限公司,1
工程学部,材料科学与工程学院,硕士,2021,就业,重庆川仪自动化股份有限公司执行器分公司,1
工程学部,材料科学与工程学院,硕士,2021,就业,成都奕斯伟系统集成电路有限公司,1
工程学部,材料科学与工程学院,硕士,2021,选调生,中国共产党余姚市委员会组织部,1
工程学部,材料科学与工程学院,硕士,2021,选调生,中共毕节市委组织部,1
工程学部,材料科学与工程学院,硕士,2021,就业,中国重汽集团重庆燃油喷射系统有限公司,1
工程学部,材料科学与工程学院,硕士,2021,就业,华勤技术股份有限公司,1
工程学部,材料科学与工程学院,硕士,2021,就业,重庆机场集团有限公司,1
工程学部,材料科学与工程学院,硕士,2021,就业,中核四0四有限公司,1
工程学部,材料科学与工程学院,硕士,2021,就业,宝钢工程技术集团有限公司,1
工程学部,材料科学与工程学院,硕士,2021,出国(境)留学或工作,东北大学(日本),1
工程学部,材料科学与工程学院,硕士,2021,就业,国家知识产权局专利局专利审查协作广东中心,1
工程学部,材料科学与工程学院,硕士,2021,就业,国核电站运行服务技术有限公司,1
工程学部,材料科学与工程学院,硕士,2021,就业,合肥晶合集成电路股份有限公司,1
工程学部,材料科学与工程学院,硕士,2021,就业,攀钢集团攀枝花钢铁研究院有限公司,1
工程学部,材料科学与工程学院,硕士,2021,选调生,中共驻马店市委组织部,1
工程学部,材料科学与工程学院,硕士,2021,就业,威科赛乐微电子股份有限公司,1
工程学部,材料科学与工程学院,硕士,2021,选调生,中共大同市委组织部,1
工程学部,材料科学与工程学院,硕士,2021,就业,中冶赛迪技术研究中心有限公司,1
工程学部,材料科学与工程学院,硕士,2021,就业,深圳传音控股股份有限公司,1
工程学部,材料科学与工程学院,硕士,2021,就业,中国重型机械研究院股份公司,1
工程学部,材料科学与工程学院,硕士,2021,就业,攀枝花攀钢集团设计研究院有限公司,1
工程学部,材料科学与工程学院,硕士,2021,就业,国家知识产权局专利局专利审查协作四川中心,1
工程学部,材料科学与工程学院,硕士,2021,升学,东北大学,1
工程学部,材料科学与工程学院,硕士,2021,就业,海陵区人才发展中心,1
工程学部,材料科学与工程学院,硕士,2021,就业,宁波方太厨具有限公司,1
工程学部,材料科学与工程学院,硕士,2021,选调生,中共成都市委组织部,1
工程学部,材料科学与工程学院,硕士,2021,升学,上海大学,1
工程学部,材料科学与工程学院,硕士,2021,就业,淄博市住房和城乡建设保障服务中心,1
工程学部,材料科学与工程学院,硕士,2021,就业,恩斯克(中国)研究开发有限公司,1
工程学部,材料科学与工程学院,硕士,2021,选调生,中国共产党内江市委会组织部,1
工程学部,材料科学与工程学院,硕士,2021,就业,南京市欣旺达新能源有限公司,1
工程学部,材料科学与工程学院,硕士,2021,就业,国家电投集团两江远达节能环保有限公司,1
工程学部,材料科学与工程学院,硕士,2021,就业,成都中电熊猫显示科技有限公司,1
工程学部,材料科学与工程学院,硕士,2021,就业,深圳市捷顺科技实业股份有限公司,1
工程学部,材料科学与工程学院,硕士,2021,选调生,中共绵阳市委组织部,1
工程学部,材料科学与工程学院,博士,2021,选调生,中共重庆市委组织部,4
工程学部,材料科学与工程学院,博士,2021,就业,攀钢集团研究院有限公司,4
工程学部,材料科学与工程学院,博士,2021,就业,攀钢集团攀枝花钢铁研究院有限公司,2
工程学部,材料科学与工程学院,博士,2021,就业,重庆大学,2
工程学部,材料科学与工程学院,博士,2021,就业,东莞理工学院,2
工程学部,材料科学与工程学院,博士,2021,就业,西安稀有金属材料研究院有限公司,2
工程学部,材料科学与工程学院,博士,2021,就业,北京航空航天大学宁波研究院,1
工程学部,材料科学与工程学院,博士,2021,就业,中国航发成都发动机有限公司,1
工程学部,材料科学与工程学院,博士,2021,就业,广东工业大学,1
工程学部,材料科学与工程学院,博士,2021,就业,衢江区绿色产业发展研究院,1
工程学部,材料科学与工程学院,博士,2021,就业,台州学院,1
工程学部,材料科学与工程学院,博士,2021,就业,西南铝业(集团)有限责任公司,1
工程学部,材料科学与工程学院,博士,2021,就业,扬州工业职业技术学院,1
工程学部,材料科学与工程学院,博士,2021,就业,河南科技大学,1
工程学部,材料科学与工程学院,博士,2021,就业,重庆红宇精密工业集团有限公司,1
工程学部,材料科学与工程学院,博士,2021,就业,重庆工业职业技术学院,1
工程学部,材料科学与工程学院,博士,2021,就业,潍柴动力股份有限公司,1
工程学部,材料科学与工程学院,博士,2021,就业,北京理工大学重庆创新中心,1
工程学部,材料科学与工程学院,博士,2021,就业,北京科技大学,1
工程学部,材料科学与工程学院,博士,2021,就业,香港理工大学,1
工程学部,材料科学与工程学院,博士,2021,就业,上海交通大学,1
工程学部,材料科学与工程学院,博士,2021,就业,江苏大学,1
工程学部,材料科学与工程学院,博士,2021,就业,宝山钢铁股份有限公司,1
工程学部,材料科学与工程学院,博士,2021,就业,华北理工大学,1
工程学部,材料科学与工程学院,博士,2021,就业,北京航空航天大学宁波创新研究院,1
工程学部,材料科学与工程学院,博士,2021,就业,云南电网责任有限公司电力科学研究院,1
工程学部,材料科学与工程学院,博士,2021,就业,广西科技大学,1
工程学部,材料科学与工程学院,博士,2021,就业,日本原子力研究开发机构,1
工程学部,材料科学与工程学院,博士,2021,就业,福州大学,1
工程学部,材料科学与工程学院,博士,2021,就业,中国民用航空飞行学院,1
工程学部,材料科学与工程学院,博士,2021,就业,燕山大学,1
工程学部,材料科学与工程学院,博士,2021,就业,绍兴文理学院,1
工程学部,材料科学与工程学院,博士,2021,就业,上海大学,1
工程学部,材料科学与工程学院,博士,2021,就业,东北大学,1
工程学部,材料科学与工程学院,博士,2021,就业,西华大学,1
工程学部,材料科学与工程学院,博士,2021,选调生,曲靖市工业和信息化局,1
工程学部,材料科学与工程学院,博士,2021,就业,南京工业大学,1
工程学部,材料科学与工程学院,博士,2021,就业,鞍钢集团北京研究院有限公司,1
工程学部,材料科学与工程学院,博士,2021,就业,中国兵器工业第五九研究所,1
工程学部,材料科学与工程学院,博士,2021,就业,中冶赛迪工程技术股份有限公司,1
工程学部,材料科学与工程学院,博士,2021,就业,中冶赛迪重庆信息技术有限公司,1
工程学部,材料科学与工程学院,博士,2021,就业,山东科技大学,1
工程学部,材料科学与工程学院,博士,2021,就业,井冈山大学,1
工程学部,材料科学与工程学院,博士,2021,就业,贵州大学,1
工程学部,材料科学与工程学院,博士,2021,就业,重庆邮电大学,1
工程学部,材料科学与工程学院,博士,2021,就业,南昌航空大学,1
工程学部,材料科学与工程学院,博士,2021,就业,中国科学院过程工程研究所,1
工程学部,材料科学与工程学院,博士,2021,选调生,中共马鞍山市委组织部,1
工程学部,材料科学与工程学院,博士,2021,就业,长安大学,1
工程学部,材料科学与工程学院,博士,2021,就业,昆明理工大学,1
工程学部,材料科学与工程学院,博士,2021,就业,重庆红江机械有限责任公司,1
工程学部,材料科学与工程学院,本科,2022,升学,重庆大学,81
工程学部,材料科学与工程学院,本科,2022,升学,西安交通大学,14
工程学部,材料科学与工程学院,本科,2022,升学,同济大学,7
工程学部,材料科学与工程学院,本科,2022,升学,华中科技大学,6
工程学部,材料科学与工程学院,本科,2022,就业,普联技术有限公司,4
工程学部,材料科学与工程学院,本科,2022,就业,中国建筑第八工程局有限公司西南分公司,4
工程学部,材料科学与工程学院,本科,2022,就业,中建深圳装饰有限公司,4
工程学部,材料科学与工程学院,本科,2022,就业,江阴兴澄特种钢铁有限公司,4
工程学部,材料科学与工程学院,本科,2022,升学,中国科学技术大学,4
工程学部,材料科学与工程学院,本科,2022,就业,中建三局第二建设工程有限责任公司,3
工程学部,材料科学与工程学院,本科,2022,就业,宝钛集团有限公司,3
工程学部,材料科学与工程学院,本科,2022,就业,东风本田汽车有限公司,3
工程学部,材料科学与工程学院,本科,2022,升学,上海交通大学,3
工程学部,材料科学与工程学院,本科,2022,就业,湖南华菱涟源钢铁有限公司,3
工程学部,材料科学与工程学院,本科,2022,升学,清华大学,3
工程学部,材料科学与工程学院,本科,2022,升学,北京科技大学,3
工程学部,材料科学与工程学院,本科,2022,升学,广西大学,2
工程学部,材料科学与工程学院,本科,2022,就业,浪潮集团有限公司,2
工程学部,材料科学与工程学院,本科,2022,就业,大冶特殊钢有限公司,2
工程学部,材料科学与工程学院,本科,2022,升学,山东大学,2
工程学部,材料科学与工程学院,本科,2022,升学,上海大学,2
工程学部,材料科学与工程学院,本科,2022,升学,中南大学,2
工程学部,材料科学与工程学院,本科,2022,就业,重庆长安新能源汽车科技有限公司,2
工程学部,材料科学与工程学院,本科,2022,升学,兰州大学,2
工程学部,材料科学与工程学院,本科,2022,就业,东方雨虹民用建材有限责任公司,2
工程学部,材料科学与工程学院,本科,2022,就业,中建八局发展建设有限公司,2
工程学部,材料科学与工程学院,本科,2022,出国(境)留学或工作,新加坡国立大学,2
工程学部,材料科学与工程学院,本科,2022,就业,北京东方雨虹防水技术股份有限公司,2
工程学部,材料科学与工程学院,本科,2022,升学,浙江大学,2
工程学部,材料科学与工程学院,本科,2022,升学,清华大学深圳国际研究生院,2
工程学部,材料科学与工程学院,本科,2022,就业,中建八局第一建设有限公司,2
工程学部,材料科学与工程学院,本科,2022,就业,常州建筑科学研究院集团股份有限公司,2
工程学部,材料科学与工程学院,本科,2022,升学,厦门大学,2
工程学部,材料科学与工程学院,本科,2022,升学,南京大学,2
工程学部,材料科学与工程学院,本科,2022,升学,四川大学,2
工程学部,材料科学与工程学院,本科,2022,就业,比亚迪股份有限公司,2
工程学部,材料科学与工程学院,本科,2022,出国(境)留学或工作,伦敦大学学院,1
工程学部,材料科学与工程学院,本科,2022,就业,中国农业发展银行湖北省分行,1
工程学部,材料科学与工程学院,本科,2022,就业,东方电气集团东方锅炉股份有限公司,1
工程学部,材料科学与工程学院,本科,2022,就业,东方电气集团东方汽轮机有限公司,1
工程学部,材料科学与工程学院,本科,2022,选调生,中共新疆维吾尔自治区党委组织部,1
工程学部,材料科学与工程学院,本科,2022,就业,卡斯马星乔汽车系统(重庆)有限公司,1
工程学部,材料科学与工程学院,本科,2022,就业,中国船舶集团海装风电股份有限公司,1
工程学部,材料科学与工程学院,本科,2022,志愿服务西部计划,柯坪县民政局,1
工程学部,材料科学与工程学院,本科,2022,就业,宁波华众塑料制品有限公司,1
工程学部,材料科学与工程学院,本科,2022,就业,东风汽车有限公司常州分公司,1
工程学部,材料科学与工程学院,本科,2022,升学,西北工业大学,1
工程学部,材料科学与工程学院,本科,2022,升学,哈尔滨工业大学,1
工程学部,材料科学与工程学院,本科,2022,就业,二重(德阳)重型装备有限公司,1
工程学部,材料科学与工程学院,本科,2022,就业,宁波博威合金材料股份有限公司,1
工程学部,材料科学与工程学院,本科,2022,就业,一汽解放汽车有限公司无锡柴油机厂,1
工程学部,材料科学与工程学院,本科,2022,升学,深圳大学,1
工程学部,材料科学与工程学院,本科,2022,就业,青岛特殊钢铁有限公司,1
工程学部,材料科学与工程学院,本科,2022,就业,中国航发贵州红林航空动力控制科技有限公司,1
工程学部,材料科学与工程学院,本科,2022,就业,吉利汽车研究院(宁波)有限公司,1
工程学部,材料科学与工程学院,本科,2022,就业,上汽大众汽车有限公司,1
工程学部,材料科学与工程学院,本科,2022,就业,奇瑞新能源汽车股份有限公司,1
工程学部,材料科学与工程学院,本科,2022,就业,锐石创芯(深圳)科技有限公司,1
工程学部,材料科学与工程学院,本科,2022,升学,南京航天航空大学,1
工程学部,材料科学与工程学院,本科,2022,出国(境)留学或工作,香港城市大学,1
工程学部,材料科学与工程学院,本科,2022,就业,重庆长安汽车股份有限公司,1
工程学部,材料科学与工程学院,本科,2022,就业,鞍钢国贸攀枝花有限公司,1
工程学部,材料科学与工程学院,本科,2022,就业,中建-大成建筑有限责任公司,1
工程学部,材料科学与工程学院,本科,2022,就业,中铁五局集团物资实业有限责任公司,1
工程学部,材料科学与工程学院,本科,2022,就业,四川省冶勘设计集团检测有限公司,1
工程学部,材料科学与工程学院,本科,2022,就业,重庆万泰建设(集团)有限公司,1
工程学部,材料科学与工程学院,本科,2022,就业,新疆众和股份有限公司,1
工程学部,材料科学与工程学院,本科,2022,就业,江苏苏博特新材料股份有限公司,1
工程学部,材料科学与工程学院,本科,2022,就业,恺博座椅机械部件有限公司,1
工程学部,材料科学与工程学院,本科,2022,就业,中机中联工程有限公司,1
工程学部,材料科学与工程学院,本科,2022,选调生,中共张家口市委组织部,1
工程学部,材料科学与工程学院,本科,2022,升学,中国科学技术大学材料科学与工程学院,1
工程学部,材料科学与工程学院,本科,2022,就业,上海建筑装饰工程集团有限公司,1
工程学部,材料科学与工程学院,本科,2022,就业,上海中南锦时置业有限责任公司,1
工程学部,材料科学与工程学院,本科,2022,出国(境)留学或工作,谢菲尔德大学,1
工程学部,材料科学与工程学院,本科,2022,就业,西南应用磁学研究所(中国电子科技集团公司第九研究所),1
工程学部,材料科学与工程学院,本科,2022,就业,杭州校史科技有限公司,1
工程学部,材料科学与工程学院,本科,2022,升学,东南大学,1
工程学部,材料科学与工程学院,本科,2022,就业,上海外高桥造船海洋工程有限公司,1
工程学部,材料科学与工程学院,本科,2022,升学,中国传媒大学,1
工程学部,材料科学与工程学院,本科,2022,出国(境)留学或工作,爱丁堡大学,1
工程学部,材料科学与工程学院,本科,2022,出国(境)留学或工作,亚琛工业大学,1
工程学部,材料科学与工程学院,本科,2022,就业,思特沃克软件技术(西安)有限公司,1
工程学部,材料科学与工程学院,本科,2022,出国(境)留学或工作,克劳斯塔尔工业大学,1
工程学部,材料科学与工程学院,本科,2022,就业,中建八局浙江建设有限公司,1
工程学部,材料科学与工程学院,本科,2022,就业,浙江爱旭太阳能科技有限公司,1
工程学部,材料科学与工程学院,本科,2022,就业,奥意建筑工程设计有限公司,1
工程学部,材料科学与工程学院,本科,2022,就业,江苏博睿光电有限公司,1
工程学部,材料科学与工程学院,本科,2022,就业,常州市建筑科学研究院集团股份有限公司,1
工程学部,材料科学与工程学院,本科,2022,就业,成都虹波实业股份有限公司,1
工程学部,材料科学与工程学院,本科,2022,就业,华润微电子(重庆)有限公司,1
工程学部,材料科学与工程学院,本科,2022,升学,中国科学院深圳先进技术研究院,1
工程学部,材料科学与工程学院,本科,2022,就业,无锡先导智能装备股份有限公司,1
工程学部,材料科学与工程学院,本科,2022,就业,重庆重大建设工程质量检测有限公司,1
工程学部,材料科学与工程学院,本科,2022,就业,中国人民解放军第5702工厂,1
工程学部,材料科学与工程学院,本科,2022,就业,中国电信股份有限公司佛山南海区分公司,1
工程学部,材料科学与工程学院,本科,2022,升学,武汉大学,1
工程学部,材料科学与工程学院,本科,2022,升学,中国人民大学,1
工程学部,材料科学与工程学院,本科,2022,升学,北京航空航天大学,1
工程学部,材料科学与工程学院,本科,2022,就业,重庆京东方显示技术有限公司,1
工程学部,材料科学与工程学院,本科,2022,就业,联想信息产品(深圳)有限公司,1
工程学部,材料科学与工程学院,本科,2022,升学,中国科学技术大学苏州纳米所,1
工程学部,材料科学与工程学院,本科,2022,出国(境)留学或工作,曼彻斯特大学,1
工程学部,材料科学与工程学院,本科,2022,就业,广州薇美姿电子商务有限公司,1
工程学部,材料科学与工程学院,本科,2022,升学,中国工程物理研究院,1
工程学部,材料科学与工程学院,本科,2022,就业,重庆有样建筑设计有限公司,1
工程学部,材料科学与工程学院,本科,2022,就业,比亚迪精密制造有限公司,1
工程学部,材料科学与工程学院,本科,2022,升学,中国科学院西安光学精密机械研究所,1
工程学部,材料科学与工程学院,本科,2022,就业,华为技术有限公司,1
工程学部,材料科学与工程学院,本科,2022,就业,宁德时代新能源科技股份有限公司,1
工程学部,材料科学与工程学院,本科,2022,就业,上海电气电站设备有限公司上海汽轮机厂,1
工程学部,材料科学与工程学院,本科,2022,升学,中央财经大学,1
工程学部,材料科学与工程学院,本科,2022,就业,中国邮政储蓄银行股份有限公司重庆分公司,1
工程学部,材料科学与工程学院,本科,2022,升学,中国科学院物理研究所,1
工程学部,材料科学与工程学院,本科,2022,就业,中建西部建设西南有限公司,1
工程学部,材料科学与工程学院,本科,2022,就业,重庆市建科院检验检测有限公司,1
工程学部,材料科学与工程学院,本科,2022,升学,天津大学,1
工程学部,材料科学与工程学院,本科,2022,就业,健研检测集团重庆有限公司,1
工程学部,材料科学与工程学院,本科,2022,升学,中山大学,1
工程学部,材料科学与工程学院,本科,2022,就业,宁波容百新能源科技股份有限公司,1
工程学部,材料科学与工程学院,本科,2022,升学,清华大学深圳研究院,1
工程学部,材料科学与工程学院,本科,2022,升学,太原理工大学,1
工程学部,材料科学与工程学院,本科,2022,出国(境)留学或工作,东北大学,1
工程学部,材料科学与工程学院,本科,2022,升学,苏州大学,1
工程学部,材料科学与工程学院,本科,2022,就业,福达合金材料股份有限公司,1
工程学部,材料科学与工程学院,本科,2022,升学,钢铁研究总院,1
工程学部,材料科学与工程学院,本科,2022,就业,五冶集团上海有限公司,1
工程学部,材料科学与工程学院,本科,2022,就业,深圳市科曼医疗设备有限公司,1
工程学部,材料科学与工程学院,本科,2022,就业,酒泉钢铁(集团)有限责任公司,1
工程学部,材料科学与工程学院,本科,2022,选调生,中国共产党毕节市委员会组织部,1
工程学部,材料科学与工程学院,本科,2022,就业,重庆冠宇电池有限公司,1
工程学部,材料科学与工程学院,本科,2022,就业,昆明北方红外技术股份有限公司,1
工程学部,材料科学与工程学院,本科,2022,就业,惠州亿纬锂能股份有限公司,1
工程学部,材料科学与工程学院,硕士,2022,就业,联合微电子中心有限责任公司,12
工程学部,材料科学与工程学院,硕士,2022,就业,重庆长安汽车股份有限公司,10
工程学部,材料科学与工程学院,硕士,2022,升学,重庆大学,10
工程学部,材料科学与工程学院,硕士,2022,就业,中电科技集团重庆声光电有限公司,7
工程学部,材料科学与工程学院,硕士,2022,就业,重庆长安新能源汽车科技有限公司,6
工程学部,材料科学与工程学院,硕士,2022,就业,中冶赛迪重庆信息技术有限公司,6
工程学部,材料科学与工程学院,硕士,2022,就业,常州建筑科学研究院集团股份有限公司,4
工程学部,材料科学与工程学院,硕士,2022,就业,英特尔产品(成都)有限公司,4
工程学部,材料科学与工程学院,硕士,2022,就业,宁德时代新能源科技股份有限公司,4
工程学部,材料科学与工程学院,硕士,2022,选调生,中国共产党重庆市委员会组织部,4
工程学部,材料科学与工程学院,硕士,2022,就业,比亚迪股份有限公司,3
工程学部,材料科学与工程学院,硕士,2022,就业,华为技术有限公司,3
工程学部,材料科学与工程学院,硕士,2022,就业,武汉新芯集成电路制造有限公司,3
工程学部,材料科学与工程学院,硕士,2022,就业,中车株洲电力机车研究所有限公司,3
工程学部,材料科学与工程学院,硕士,2022,出国(境)留学或工作,香港城市大学,2
工程学部,材料科学与工程学院,硕士,2022,就业,广州小鹏汽车科技有限公司,2
工程学部,材料科学与工程学院,硕士,2022,就业,成都京东方光电科技有限公司,2
工程学部,材料科学与工程学院,硕士,2022,选调生,中共毕节市委组织部,2
工程学部,材料科学与工程学院,硕士,2022,就业,中国航发贵州黎阳航空发动机有限公司,2
工程学部,材料科学与工程学院,硕士,2022,就业,荣耀终端有限公司,2
工程学部,材料科学与工程学院,硕士,2022,就业,重庆赛迪热工环保工程技术有限公司,2
工程学部,材料科学与工程学院,硕士,2022,就业,深信服科技股份有限公司,2
工程学部,材料科学与工程学院,硕士,2022,就业,北京东方雨虹防水技术股份有限公司,2
工程学部,材料科学与工程学院,硕士,2022,就业,上汽大众汽车有限公司,2
工程学部,材料科学与工程学院,硕士,2022,就业,广东美的制冷设备有限公司,2
工程学部,材料科学与工程学院,硕士,2022,就业,上海海思技术有限公司,2
工程学部,材料科学与工程学院,硕士,2022,就业,中冶建工集团有限公司,2
工程学部,材料科学与工程学院,硕士,2022,就业,四川省建筑科学研究院有限公司,2
工程学部,材料科学与工程学院,硕士,2022,升学,上海交通大学,2
工程学部,材料科学与工程学院,硕士,2022,就业,成都飞机工业(集团)有限责任公司,2
工程学部,材料科学与工程学院,硕士,2022,出国(境)留学或工作,新加坡国立大学,2
工程学部,材料科学与工程学院,硕士,2022,选调生,中共乐山市委组织部,1
工程学部,材料科学与工程学院,硕士,2022,选调生,大庆高新技术产业开发区,1
工程学部,材料科学与工程学院,硕士,2022,就业,重庆弗迪锂电池有限公司,1
工程学部,材料科学与工程学院,硕士,2022,就业,中建三局集团有限公司,1
工程学部,材料科学与工程学院,硕士,2022,选调生,中国共产党江苏省委员会组织部,1
工程学部,材料科学与工程学院,硕士,2022,出国(境)留学或工作,东京大学,1
工程学部,材料科学与工程学院,硕士,2022,就业,中国电子科技集团公司第五十五研究所,1
工程学部,材料科学与工程学院,硕士,2022,就业,联合汽车电子有限公司,1
工程学部,材料科学与工程学院,硕士,2022,就业,普联技术有限公司,1
工程学部,材料科学与工程学院,硕士,2022,就业,华润微电子(重庆)有限公司,1
工程学部,材料科学与工程学院,硕士,2022,就业,核工业西南物理研究院,1
工程学部,材料科学与工程学院,硕士,2022,就业,绵阳惠科光电科技有限公司,1
工程学部,材料科学与工程学院,硕士,2022,就业,中国航发贵州黎阳航空动力有限公司,1
工程学部,材料科学与工程学院,硕士,2022,选调生,中共遵义市委组织部,1
工程学部,材料科学与工程学院,硕士,2022,就业,维沃移动通信(深圳)有限公司,1
工程学部,材料科学与工程学院,硕士,2022,选调生,中国共产党泸州市委员会组织部,1
工程学部,材料科学与工程学院,硕士,2022,升学,北京航空航天大学,1
工程学部,材料科学与工程学院,硕士,2022,就业,国能准能集团有限责任公司,1
工程学部,材料科学与工程学院,硕士,2022,就业,上海创蓝云智信息科技股份有限公司,1
工程学部,材料科学与工程学院,硕士,2022,就业,特斯拉(上海)有限公司,1
工程学部,材料科学与工程学院,硕士,2022,就业,成都欧珀通信科技有限公司,1
工程学部,材料科学与工程学院,硕士,2022,就业,中国航空工业集团公司金城南京机电液压工程研究中心,1
工程学部,材料科学与工程学院,硕士,2022,就业,恒玄科技(上海)股份有限公司,1
工程学部,材料科学与工程学院,硕士,2022,选调生,中共江西省委组织部,1
工程学部,材料科学与工程学院,硕士,2022,就业,杭州海康威视数字技术股份有限公司,1
工程学部,材料科学与工程学院,硕士,2022,就业,重庆市建设工程质量检验测试中心有限公司,1
工程学部,材料科学与工程学院,硕士,2022,选调生,中共天津市武清区委组织部(中共天津市武清区非公有制经济组织工作委员会、天津市武清区公务员局),1
工程学部,材料科学与工程学院,硕士,2022,就业,中国电子科技集团公司第五十四研究所,1
工程学部,材料科学与工程学院,硕士,2022,就业,云航时代(重庆)科技有限公司,1
工程学部,材料科学与工程学院,硕士,2022,就业,中国航空工业集团公司西安飞机设计研究所,1
工程学部,材料科学与工程学院,硕士,2022,就业,中国第二重型机械集团德阳万航模锻有限责任公司,1
工程学部,材料科学与工程学院,硕士,2022,选调生,中共成都市委组织部,1
工程学部,材料科学与工程学院,硕士,2022,就业,长江存储科技有限责任公司,1
工程学部,材料科学与工程学院,硕士,2022,就业,重庆嘉陵特种装备有限公司,1
工程学部,材料科学与工程学院,硕士,2022,就业,太原重型机械集团有限公司,1
工程学部,材料科学与工程学院,硕士,2022,就业,万华化学(福建)有限公司,1
工程学部,材料科学与工程学院,硕士,2022,就业,北京航天情报与信息研究所,1
工程学部,材料科学与工程学院,硕士,2022,就业,西部超导材料科技股份有限公司,1
工程学部,材料科学与工程学院,硕士,2022,就业,武汉中兴软件有限责任公司,1
工程学部,材料科学与工程学院,硕士,2022,就业,中国直升机设计研究所,1
工程学部,材料科学与工程学院,硕士,2022,就业,中冶赛迪技术研究中心有限公司,1
工程学部,材料科学与工程学院,硕士,2022,就业,湖北兴发化工集团股份有限公司,1
工程学部,材料科学与工程学院,硕士,2022,就业,杭州海康威视数字技术股份有限公司武汉研发中心,1
工程学部,材料科学与工程学院,硕士,2022,出国(境)留学或工作,亥姆霍兹海荣研究中心,1
工程学部,材料科学与工程学院,硕士,2022,升学,西安交通大学,1
工程学部,材料科学与工程学院,硕士,2022,就业,庆铃汽车(集团)有限公司,1
工程学部,材料科学与工程学院,硕士,2022,就业,东方电气集团东方汽轮机有限公司,1
工程学部,材料科学与工程学院,硕士,2022,就业,常州市建筑科学研究院集团股份有限公司,1
工程学部,材料科学与工程学院,硕士,2022,就业,重庆红宇精密工业集团有限公司,1
工程学部,材料科学与工程学院,硕士,2022,就业,宁夏职业技术学院,1
工程学部,材料科学与工程学院,硕士,2022,就业,新兴河北工程技术有限公司,1
工程学部,材料科学与工程学院,硕士,2022,就业,嘉兴山蒲照明电器有限公司,1
工程学部,材料科学与工程学院,硕士,2022,就业,重庆建设工业(集团)有限责任公司,1
工程学部,材料科学与工程学院,硕士,2022,就业,腾讯科技(深圳)有限公司,1
工程学部,材料科学与工程学院,硕士,2022,就业,中国核电工程有限公司郑州分公司,1
工程学部,材料科学与工程学院,硕士,2022,就业,中国航发贵阳发动机设计研究所,1
工程学部,材料科学与工程学院,硕士,2022,就业,苏州汇川联合动力系统有限公司,1
工程学部,材料科学与工程学院,硕士,2022,就业,中芯国际集成电路制造(北京)有限公司,1
工程学部,材料科学与工程学院,硕士,2022,就业,四川华西绿舍建材有限公司,1
工程学部,材料科学与工程学院,硕士,2022,就业,宁波长阳科技股份有限公司,1
工程学部,材料科学与工程学院,硕士,2022,就业,杭州士兰集成电路有限公司,1
工程学部,材料科学与工程学院,硕士,2022,就业,上海发那科机器人有限公司,1
工程学部,材料科学与工程学院,硕士,2022,就业,厦门金鹭特种合金有限公司,1
工程学部,材料科学与工程学院,硕士,2022,就业,中国葛洲坝集团三峡建设工程有限公司,1
工程学部,材料科学与工程学院,硕士,2022,就业,中车株洲电力机车有限公司,1
工程学部,材料科学与工程学院,硕士,2022,就业,广汽埃安新能源汽车有限公司,1
工程学部,材料科学与工程学院,硕士,2022,就业,思特威(上海)电子科技股份有限公司,1
工程学部,材料科学与工程学院,硕士,2022,选调生,中国共产党遂宁市委员会组织部,1
工程学部,材料科学与工程学院,硕士,2022,就业,长安福特汽车有限公司,1
工程学部,材料科学与工程学院,硕士,2022,就业,成都凯天电子股份有限公司,1
工程学部,材料科学与工程学院,硕士,2022,选调生,中共山西省委宣传部,1
工程学部,材料科学与工程学院,硕士,2022,就业,中海宏洋地产(银川)有限公司,1
工程学部,材料科学与工程学院,硕士,2022,就业,重庆市计量质量检测研究院,1
工程学部,材料科学与工程学院,硕士,2022,就业,招商局重庆交通科研设计院有限公司,1
工程学部,材料科学与工程学院,硕士,2022,就业,北京市立方(武汉)律师事务所,1
工程学部,材料科学与工程学院,硕士,2022,选调生,中共重庆市万州区委组织部,1
工程学部,材料科学与工程学院,硕士,2022,就业,龙湖物业服务集团有限公司,1
工程学部,材料科学与工程学院,硕士,2022,就业,北京算能科技有限公司,1
工程学部,材料科学与工程学院,硕士,2022,就业,重庆小康工业集团股份有限公司,1
工程学部,材料科学与工程学院,硕士,2022,选调生,中共衢州市衢江区委组织部,1
工程学部,材料科学与工程学院,硕士,2022,就业,中建西部建设建材科学研究院有限公司,1
工程学部,材料科学与工程学院,硕士,2022,就业,谱瑞集成电路(重庆)有限公司,1
工程学部,材料科学与工程学院,硕士,2022,选调生,中共南充市委组织部,1
工程学部,材料科学与工程学院,硕士,2022,就业,中核四0四有限公司,1
工程学部,材料科学与工程学院,硕士,2022,就业,北方夜视技术股份有限公司,1
工程学部,材料科学与工程学院,硕士,2022,就业,贵阳航发精密铸造有限公司,1
工程学部,材料科学与工程学院,硕士,2022,选调生,中共黔南州委组织部,1
工程学部,材料科学与工程学院,硕士,2022,就业,重庆两航金属材料有限公司,1
工程学部,材料科学与工程学院,硕士,2022,就业,格林美股份有限公司,1
工程学部,材料科学与工程学院,硕士,2022,就业,株洲冶炼集团股份有限公司,1
工程学部,材料科学与工程学院,硕士,2022,就业,上海宝信软件股份有限公司,1
工程学部,材料科学与工程学院,硕士,2022,就业,中机国际工程设计研究院有限责任公司,1
工程学部,材料科学与工程学院,硕士,2022,就业,三一汽车制造有限公司,1
工程学部,材料科学与工程学院,硕士,2022,升学,北京科技大学,1
工程学部,材料科学与工程学院,硕士,2022,就业,重庆钢铁集团设计院有限公司,1
工程学部,材料科学与工程学院,硕士,2022,就业,广东虹勤通讯技术有限公司,1
工程学部,材料科学与工程学院,硕士,2022,就业,重庆材料研究院有限公司,1
工程学部,材料科学与工程学院,硕士,2022,就业,北京智冶互联科技有限公司,1
工程学部,材料科学与工程学院,硕士,2022,就业,上海航天设备制造总厂有限公司,1
工程学部,材料科学与工程学院,硕士,2022,就业,烽火通信科技股份有限公司,1
工程学部,材料科学与工程学院,硕士,2022,就业,重庆宗申机车工业制造有限公司,1
工程学部,材料科学与工程学院,硕士,2022,就业,重庆钢铁股份有限公司,1
工程学部,材料科学与工程学院,硕士,2022,就业,合肥晶合集成电路股份有限公司,1
工程学部,材料科学与工程学院,硕士,2022,就业,长鑫存储技术有限公司,1
工程学部,材料科学与工程学院,硕士,2022,就业,中国重型汽车集团有限公司,1
工程学部,材料科学与工程学院,硕士,2022,就业,中冶赛迪集团有限公司,1
工程学部,材料科学与工程学院,硕士,2022,升学,哈尔滨工业大学(深圳),1
工程学部,材料科学与工程学院,硕士,2022,就业,延锋汽车饰件系统重庆有限公司,1
工程学部,材料科学与工程学院,硕士,2022,升学,华中科技大学,1
工程学部,材料科学与工程学院,硕士,2022,就业,万科南方区域企业管理(广东)有限公司,1
工程学部,材料科学与工程学院,博士,2022,就业,重庆大学,3
工程学部,材料科学与工程学院,博士,2022,就业,重庆工业职业技术学院,2
工程学部,材料科学与工程学院,博士,2022,就业,江西省科学院应用物理研究所,2
工程学部,材料科学与工程学院,博士,2022,就业,西安稀有金属材料研究院有限公司,2
工程学部,材料科学与工程学院,博士,2022,就业,华北理工大学,2
工程学部,材料科学与工程学院,博士,2022,就业,重庆工商大学,2
工程学部,材料科学与工程学院,博士,2022,就业,重庆航天职业技术学院,2
工程学部,材料科学与工程学院,博士,2022,就业,重庆变望电气(集团)股份有限公司,1
工程学部,材料科学与工程学院,博士,2022,就业,浙江大学杭州国际科创中心,1
工程学部,材料科学与工程学院,博士,2022,就业,中国汽车工程研究院股份有限公司,1
工程学部,材料科学与工程学院,博士,2022,就业,中国工程物理研究院机械制造工艺研究所,1
工程学部,材料科学与工程学院,博士,2022,就业,西部金属材料股份有限公司,1
工程学部,材料科学与工程学院,博士,2022,就业,西南石油大学,1
工程学部,材料科学与工程学院,博士,2022,就业,中南大学,1
工程学部,材料科学与工程学院,博士,2022,就业,河南城建学院,1
工程学部,材料科学与工程学院,博士,2022,就业,中冶赛迪重庆信息技术有限公司,1
工程学部,材料科学与工程学院,博士,2022,就业,西南大学,1
工程学部,材料科学与工程学院,博士,2022,就业,重庆电子工程职业学院,1
工程学部,材料科学与工程学院,博士,2022,就业,昆明理工大学,1
工程学部,材料科学与工程学院,博士,2022,就业,南京工业大学,1
工程学部,材料科学与工程学院,博士,2022,就业,重庆中科超容科技有限公司,1
工程学部,材料科学与工程学院,博士,2022,就业,苏州科技大学,1
工程学部,材料科学与工程学院,博士,2022,就业,海南大学,1
工程学部,材料科学与工程学院,博士,2022,就业,郑州大学,1
工程学部,材料科学与工程学院,博士,2022,就业,重庆工程职业技术学院,1
工程学部,材料科学与工程学院,博士,2022,就业,比亚迪股份有限公司,1
工程学部,材料科学与工程学院,博士,2022,就业,徐州工程学院,1
工程学部,材料科学与工程学院,博士,2022,就业,太原科技大学,1
工程学部,材料科学与工程学院,博士,2022,就业,武汉纺织大学,1
工程学部,材料科学与工程学院,博士,2022,就业,北京动力机械研究所,1
工程学部,材料科学与工程学院,博士,2022,就业,重庆川仪自动化股份有限公司技术中心,1
工程学部,材料科学与工程学院,博士,2022,就业,清华大学,1
工程学部,材料科学与工程学院,博士,2022,就业,中国工程物理研究院核物理与化学研究所,1
工程学部,材料科学与工程学院,博士,2022,就业,上海宝钢新型建材科技有限公司,1
工程学部,材料科学与工程学院,博士,2022,就业,宝钢金属有限公司,1
工程学部,材料科学与工程学院,博士,2022,就业,兰州理工大学,1
工程学部,材料科学与工程学院,博士,2022,就业,滨州学院,1
工程学部,材料科学与工程学院,博士,2022,就业,重庆邮电大学,1
工程学部,材料科学与工程学院,博士,2022,就业,成都信息工程大学,1
工程学部,材料科学与工程学院,博士,2022,就业,中冶赛迪技术研究中心有限公司,1
工程学部,材料科学与工程学院,博士,2022,就业,中国民用航空飞行学院,1
工程学部,材料科学与工程学院,博士,2022,出国(境)留学或工作,新加坡科技研究局,1
工程学部,材料科学与工程学院,博士,2022,就业,钢铁研究总院有限公司,1
工程学部,材料科学与工程学院,博士,2022,就业,济南大学,1
工程学部,材料科学与工程学院,本科,2023,升学,重庆大学,54
工程学部,材料科学与工程学院,本科,2023,升学,西安交通大学,15
工程学部,材料科学与工程学院,本科,2023,升学,同济大学,9
工程学部,材料科学与工程学院,本科,2023,升学,哈尔滨工业大学,7
工程学部,材料科学与工程学院,本科,2023,升学,东南大学,6
工程学部,材料科学与工程学院,本科,2023,升学,北京航空航天大学,6
工程学部,材料科学与工程学院,本科,2023,升学,华中科技大学,5
工程学部,材料科学与工程学院,本科,2023,升学,上海交通大学,5
工程学部,材料科学与工程学院,本科,2023,就业,比亚迪股份有限公司,4
工程学部,材料科学与工程学院,本科,2023,就业,中建八局第二建设有限公司,4
工程学部,材料科学与工程学院,本科,2023,就业,中建八局发展建设有限公司,4
工程学部,材料科学与工程学院,本科,2023,就业,贵州安大航空锻造有限责任公司,3
工程学部,材料科学与工程学院,本科,2023,升学,北京理工大学,3
工程学部,材料科学与工程学院,本科,2023,就业,贵阳安大宇航材料工程有限公司,3
工程学部,材料科学与工程学院,本科,2023,升学,南京大学,3
工程学部,材料科学与工程学院,本科,2023,就业,中车眉山车辆有限公司,3
工程学部,材料科学与工程学院,本科,2023,升学,兰州大学,3
工程学部,材料科学与工程学院,本科,2023,升学,华南理工大学,3
工程学部,材料科学与工程学院,本科,2023,升学,哈尔滨工业大学(深圳),3
工程学部,材料科学与工程学院,本科,2023,升学,南开大学,3
工程学部,材料科学与工程学院,本科,2023,就业,宁德时代新能源科技股份有限公司,2
工程学部,材料科学与工程学院,本科,2023,就业,中国建筑第八工程局有限公司西南分公司,2
工程学部,材料科学与工程学院,本科,2023,就业,中国长安汽车集团有限公司重庆底盘系统分公司,2
工程学部,材料科学与工程学院,本科,2023,就业,西南铝业(集团)有限责任公司,2
工程学部,材料科学与工程学院,本科,2023,就业,中国建筑第八工程局有限公司西北分公司,2
工程学部,材料科学与工程学院,本科,2023,就业,重庆思创汇联科技咨询有限公司,2
工程学部,材料科学与工程学院,本科,2023,就业,中国建筑第八工程局有限公司上海分公司,2
工程学部,材料科学与工程学院,本科,2023,升学,清华大学,2
工程学部,材料科学与工程学院,本科,2023,就业,重庆长安汽车股份有限公司,2
工程学部,材料科学与工程学院,本科,2023,出国(境)留学或工作,新加坡国立大学,2
工程学部,材料科学与工程学院,本科,2023,升学,浙江大学,2
工程学部,材料科学与工程学院,本科,2023,就业,中建-大成建筑有限责任公司,2
工程学部,材料科学与工程学院,本科,2023,就业,中车长春轨道客车股份有限公司,1
工程学部,材料科学与工程学院,本科,2023,就业,庆铃汽车(集团)有限公司,1
工程学部,材料科学与工程学院,本科,2023,就业,中建八局总承包建设有限公司,1
工程学部,材料科学与工程学院,本科,2023,升学,中国工程物理研究院,1
工程学部,材料科学与工程学院,本科,2023,就业,法雷奥舒适驾驶辅助系统(广州)有限公司,1
工程学部,材料科学与工程学院,本科,2023,升学,西北工业大学,1
工程学部,材料科学与工程学院,本科,2023,就业,中国第一汽车股份有限公司,1
工程学部,材料科学与工程学院,本科,2023,就业,重庆万盛福耀玻璃有限公司,1
工程学部,材料科学与工程学院,本科,2023,升学,天津大学,1
工程学部,材料科学与工程学院,本科,2023,升学,兰州理工大学,1
工程学部,材料科学与工程学院,本科,2023,就业,中交路桥建设有限公司,1
工程学部,材料科学与工程学院,本科,2023,就业,珠海市杰理科技股份有限公司,1
工程学部,材料科学与工程学院,本科,2023,选调生,中共张家口市委组织部,1
工程学部,材料科学与工程学院,本科,2023,升学,广西大学,1
工程学部,材料科学与工程学院,本科,2023,就业,中国航发贵州黎阳航空发动机有限公司,1
工程学部,材料科学与工程学院,本科,2023,就业,西安昆仑工业(集团)有限责任公司,1
工程学部,材料科学与工程学院,本科,2023,升学,哈尔滨工业大学(威海),1
工程学部,材料科学与工程学院,本科,2023,选调生,中共彭水苗族土家族自治县委组织部,1
工程学部,材料科学与工程学院,本科,2023,就业,中国航发动力股份有限公司,1
工程学部,材料科学与工程学院,本科,2023,就业,四川德兰航宇科技发展有限责任公司,1
工程学部,材料科学与工程学院,本科,2023,就业,中建八局浙江建设有限公司,1
工程学部,材料科学与工程学院,本科,2023,就业,深圳顺络电子股份有限公司,1
工程学部,材料科学与工程学院,本科,2023,出国(境)留学或工作,南加州大学,1
工程学部,材料科学与工程学院,本科,2023,升学,中国建筑材料科学研究总院,1
工程学部,材料科学与工程学院,本科,2023,升学,中国科学院空天信息创新研究院,1
工程学部,材料科学与工程学院,本科,2023,就业,珠海冠宇电池股份有限公司,1
工程学部,材料科学与工程学院,本科,2023,就业,中共乌当区委机构编制委员会办公室,1
工程学部,材料科学与工程学院,本科,2023,出国(境)留学或工作,英属哥伦毕业大学,1
工程学部,材料科学与工程学院,本科,2023,出国(境)留学或工作,加州大学圣迭戈分校,1
工程学部,材料科学与工程学院,本科,2023,出国(境)留学或工作,英属哥伦比亚大学,1
工程学部,材料科学与工程学院,本科,2023,就业,联通智网科技股份有限公司西南分公司,1
工程学部,材料科学与工程学院,本科,2023,就业,今飞控股集团有限公司,1
工程学部,材料科学与工程学院,本科,2023,就业,青岛特殊钢铁有限公司,1
工程学部,材料科学与工程学院,本科,2023,就业,北京首钢股份有限公司,1
工程学部,材料科学与工程学院,本科,2023,升学,北京有色金属研究总院,1
工程学部,材料科学与工程学院,本科,2023,就业,重庆耐德能源装备集成有限公司,1
工程学部,材料科学与工程学院,本科,2023,出国(境)留学或工作,曼彻斯特大学,1
工程学部,材料科学与工程学院,本科,2023,就业,深圳市龙岗区教育局,1
工程学部,材料科学与工程学院,本科,2023,出国(境)留学或工作,澳洲国立大学,1
工程学部,材料科学与工程学院,本科,2023,就业,中建深圳装饰有限公司,1
工程学部,材料科学与工程学院,本科,2023,就业,中建新疆建工土木工程有限公司,1
工程学部,材料科学与工程学院,本科,2023,就业,重庆长安新能源汽车科技有限公司,1
工程学部,材料科学与工程学院,本科,2023,就业,中建一局集团第一建筑有限公司,1
工程学部,材料科学与工程学院,本科,2023,就业,上海友塔网络科技有限公司,1
工程学部,材料科学与工程学院,本科,2023,就业,中建科工集团有限公司,1
工程学部,材料科学与工程学院,本科,2023,就业,基恩士(中国)有限公司,1
工程学部,材料科学与工程学院,本科,2023,就业,合肥我们方田教育科技有限公司,1
工程学部,材料科学与工程学院,本科,2023,升学,中南大学,1
工程学部,材料科学与工程学院,本科,2023,升学,中国科学院大学,1
工程学部,材料科学与工程学院,本科,2023,就业,中国航发成都发动机有限公司,1
工程学部,材料科学与工程学院,本科,2023,就业,国家电投集团甘肃新能源有限公司,1
工程学部,材料科学与工程学院,本科,2023,就业,苏州德龙激光股份有限公司,1
工程学部,材料科学与工程学院,本科,2023,就业,重庆长安望江工业集团有限公司,1
工程学部,材料科学与工程学院,本科,2023,就业,南京钢铁股份有限公司,1
工程学部,材料科学与工程学院,本科,2023,出国(境)留学或工作,新南威尔士大学,1
工程学部,材料科学与工程学院,本科,2023,就业,钢研纳克成都检测认证有限公司,1
工程学部,材料科学与工程学院,本科,2023,就业,奥迪一汽新能源汽车有限公司,1
工程学部,材料科学与工程学院,本科,2023,升学,电子科技大学,1
工程学部,材料科学与工程学院,本科,2023,就业,大冶特殊钢有限公司,1
工程学部,材料科学与工程学院,本科,2023,升学,山东大学,1
工程学部,材料科学与工程学院,本科,2023,就业,大唐陕西发电有限公司,1
工程学部,材料科学与工程学院,本科,2023,就业,广东风华高新科技股份有限公司,1
工程学部,材料科学与工程学院,本科,2023,升学,合肥工业大学,1
工程学部,材料科学与工程学院,本科,2023,就业,中建国际城市建设有限公司,1
工程学部,材料科学与工程学院,本科,2023,就业,上汽通用五菱汽车股份有限公司重庆分公司,1
工程学部,材料科学与工程学院,本科,2023,就业,浙江万里扬股份有限公司,1
工程学部,材料科学与工程学院,本科,2023,就业,中华人民共和国宁波海关,1
工程学部,材料科学与工程学院,本科,2023,就业,中建八局第一建设有限公司,1
工程学部,材料科学与工程学院,本科,2023,就业,现代汽车研发中心(中国)有限公司,1
工程学部,材料科学与工程学院,本科,2023,就业,中广核工程有限公司,1
工程学部,材料科学与工程学院,本科,2023,就业,厦门海辰储能科技股份有限公司,1
工程学部,材料科学与工程学院,本科,2023,就业,常州市建筑科学研究院集团股份有限公司,1
工程学部,材料科学与工程学院,本科,2023,就业,一汽大众汽车有限公司,1
工程学部,材料科学与工程学院,本科,2023,就业,上汽通用五菱汽车股份有限公司,1
工程学部,材料科学与工程学院,本科,2023,升学,深圳大学,1
工程学部,材料科学与工程学院,本科,2023,就业,重庆鑫景特种玻璃有限公司,1
工程学部,材料科学与工程学院,本科,2023,就业,郑州宇通集团有限公司,1
工程学部,材料科学与工程学院,本科,2023,就业,山西太钢不锈钢股份有限公司,1
工程学部,材料科学与工程学院,本科,2023,升学,昆明理工大学,1
工程学部,材料科学与工程学院,本科,2023,就业,重庆好德译翻译有限公司,1
工程学部,材料科学与工程学院,本科,2023,升学,北京科技大学,1
工程学部,材料科学与工程学院,本科,2023,就业,福建罗源闽光钢铁有限责任公司,1
工程学部,材料科学与工程学院,本科,2023,就业,三棵树涂料股份有限公司,1
工程学部,材料科学与工程学院,本科,2023,就业,宝钢集团新疆八一钢铁有限公司,1
工程学部,材料科学与工程学院,本科,2023,就业,湘潭钢铁集团有限公司,1
工程学部,材料科学与工程学院,本科,2023,就业,重庆钢铁股份有限公司,1
工程学部,材料科学与工程学院,本科,2023,就业,宝武环科重庆资源循环利用有限公司,1
工程学部,材料科学与工程学院,本科,2023,选调生,中共陕西省委组织部,1
工程学部,材料科学与工程学院,本科,2023,出国(境)留学或工作,早稻田大学,1
工程学部,材料科学与工程学院,硕士,2023,就业,比亚迪股份有限公司,22
工程学部,材料科学与工程学院,硕士,2023,就业,重庆长安汽车股份有限公司,20
工程学部,材料科学与工程学院,硕士,2023,升学,重庆大学,14
工程学部,材料科学与工程学院,硕士,2023,就业,中电科技集团重庆声光电有限公司,10
工程学部,材料科学与工程学院,硕士,2023,就业,赛力斯汽车有限公司,5
工程学部,材料科学与工程学院,硕士,2023,选调生,中共重庆市委组织部,5
工程学部,材料科学与工程学院,硕士,2023,就业,深圳市昇维旭技术有限公司,4
工程学部,材料科学与工程学院,硕士,2023,就业,重庆长安新能源汽车科技有限公司,4
工程学部,材料科学与工程学院,硕士,2023,就业,中国航发贵州黎阳航空发动机有限公司,3
工程学部,材料科学与工程学院,硕士,2023,就业,华为技术有限公司,3
工程学部,材料科学与工程学院,硕士,2023,就业,重庆长安望江工业集团有限公司,3
工程学部,材料科学与工程学院,硕士,2023,升学,上海交通大学,3
工程学部,材料科学与工程学院,硕士,2023,就业,远景动力技术(江苏)有限公司,2
工程学部,材料科学与工程学院,硕士,2023,就业,株洲时代新材料科技股份有限公司,2
工程学部,材料科学与工程学院,硕士,2023,就业,深圳市鹏芯微集成电路制造有限公司,2
工程学部,材料科学与工程学院,硕士,2023,就业,湖北三江航天江河化工科技有限公司,2
工程学部,材料科学与工程学院,硕士,2023,就业,重庆国创轻合金研究院有限公司,2
工程学部,材料科学与工程学院,硕士,2023,就业,中电科芯片技术(集团)有限公司,2
工程学部,材料科学与工程学院,硕士,2023,就业,华润微电子(重庆)有限公司,2
工程学部,材料科学与工程学院,硕士,2023,选调生,中共成都市委组织部,2
工程学部,材料科学与工程学院,硕士,2023,就业,中国航发贵州红林航空动力控制科技有限公司,2
工程学部,材料科学与工程学院,硕士,2023,选调生,中共德阳市委组织部,2
工程学部,材料科学与工程学院,硕士,2023,出国(境)留学或工作,东京大学,2
工程学部,材料科学与工程学院,硕士,2023,就业,中芯集成电路制造(绍兴)有限公司,2
工程学部,材料科学与工程学院,硕士,2023,选调生,中共六盘水市委组织部,2
工程学部,材料科学与工程学院,硕士,2023,就业,宁德时代新能源科技股份有限公司,2
工程学部,材料科学与工程学院,硕士,2023,就业,江苏博睿光电股份有限公司,2
工程学部,材料科学与工程学院,硕士,2023,就业,中冶赛迪信息技术(重庆)有限公司,2
工程学部,材料科学与工程学院,硕士,2023,就业,中国铁建重工集团股份有限公司,1
工程学部,材料科学与工程学院,硕士,2023,就业,物产中大化工集团有限公司,1
工程学部,材料科学与工程学院,硕士,2023,选调生,中共通辽市委组织部,1
工程学部,材料科学与工程学院,硕士,2023,就业,哈尔滨飞机工业集团有限责任公司,1
工程学部,材料科学与工程学院,硕士,2023,就业,苏州汇川联合动力系统有限公司,1
工程学部,材料科学与工程学院,硕士,2023,就业,上海电气上重铸锻有限公司,1
工程学部,材料科学与工程学院,硕士,2023,就业,江苏苏博特新材料股份有限公司,1
工程学部,材料科学与工程学院,硕士,2023,就业,中冶赛迪技术研究中心有限公司,1
工程学部,材料科学与工程学院,硕士,2023,就业,珠海方正印刷电路板发展有限公司,1
工程学部,材料科学与工程学院,硕士,2023,就业,郑州机械研究所有限公司,1
工程学部,材料科学与工程学院,硕士,2023,就业,武汉光谷航天三江激光产业技术研究院有限公司,1
工程学部,材料科学与工程学院,硕士,2023,就业,牧原食品股份有限公司,1
工程学部,材料科学与工程学院,硕士,2023,就业,象帝先计算技术(重庆)有限公司,1
工程学部,材料科学与工程学院,硕士,2023,就业,联合汽车电子有限公司,1
工程学部,材料科学与工程学院,硕士,2023,就业,承德建龙特殊钢有限公司,1
工程学部,材料科学与工程学院,硕士,2023,就业,中国石化上海石油化工股份有限公司,1
工程学部,材料科学与工程学院,硕士,2023,就业,襄阳达安汽车检测中心有限公司,1
工程学部,材料科学与工程学院,硕士,2023,选调生,四川省宜宾县财政局,1
工程学部,材料科学与工程学院,硕士,2023,就业,中建西部建设建材科学研究院有限公司,1
工程学部,材料科学与工程学院,硕士,2023,就业,润欣商业投资(深圳)有限公司西南商业管理咨询分公司,1
工程学部,材料科学与工程学院,硕士,2023,就业,上海海思技术有限公司,1
工程学部,材料科学与工程学院,硕士,2023,就业,万华化学集团股份有限公司,1
工程学部,材料科学与工程学院,硕士,2023,就业,中国电子科技集团公司第十研究所,1
工程学部,材料科学与工程学院,硕士,2023,就业,重庆长安凯程汽车科技有限公司,1
工程学部,材料科学与工程学院,硕士,2023,就业,重庆京东方显示技术有限公司,1
工程学部,材料科学与工程学院,硕士,2023,就业,重庆清平机械有限责任公司,1
工程学部,材料科学与工程学院,硕士,2023,就业,上海蔚来汽车有限公司,1
工程学部,材料科学与工程学院,硕士,2023,就业,绵阳京东方光电科技有限公司,1
工程学部,材料科学与工程学院,硕士,2023,就业,西安欧珀通信科技有限公司,1
工程学部,材料科学与工程学院,硕士,2023,选调生,中国共产党简阳市委员会组织部,1
工程学部,材料科学与工程学院,硕士,2023,就业,绵阳巨星永磁材料有限公司,1
工程学部,材料科学与工程学院,硕士,2023,就业,四川省建筑科学研究院有限公司,1
工程学部,材料科学与工程学院,硕士,2023,就业,中国工程物理研究院机械制造工艺研究所,1
工程学部,材料科学与工程学院,硕士,2023,就业,湖北航天技术研究院总体设计所,1
工程学部,材料科学与工程学院,硕士,2023,就业,西部超导材料科技股份有限公司,1
工程学部,材料科学与工程学院,硕士,2023,就业,宝钢集团新疆八一钢铁有限公司,1
工程学部,材料科学与工程学院,硕士,2023,就业,中广核研究院有限公司,1
工程学部,材料科学与工程学院,硕士,2023,就业,中广核苍南核电有限公司,1
工程学部,材料科学与工程学院,硕士,2023,就业,东风汽车集团股份有限公司,1
工程学部,材料科学与工程学院,硕士,2023,就业,泉意光罩光电科技(济南)有限公司,1
工程学部,材料科学与工程学院,硕士,2023,就业,中国航发成都发动机有限公司,1
工程学部,材料科学与工程学院,硕士,2023,就业,长江存储科技有限责任公司,1
工程学部,材料科学与工程学院,硕士,2023,就业,科来思生物科技(重庆)有限公司,1
工程学部,材料科学与工程学院,硕士,2023,就业,常州市建筑科学研究院集团股份有限公司,1
工程学部,材料科学与工程学院,硕士,2023,就业,衡阳华菱钢管有限公司,1
工程学部,材料科学与工程学院,硕士,2023,就业,马钢(集团)控股有限公司,1
工程学部,材料科学与工程学院,硕士,2023,选调生,中共黑龙江省委组织部,1
工程学部,材料科学与工程学院,硕士,2023,就业,浙江省温州市洞头区投资促进服务中心,1
工程学部,材料科学与工程学院,硕士,2023,就业,万华化学(四川)有限公司,1
工程学部,材料科学与工程学院,硕士,2023,就业,上海电气电站设备有限公司上海汽轮机厂,1
工程学部,材料科学与工程学院,硕士,2023,选调生,宜宾三江新区办公室,1
工程学部,材料科学与工程学院,硕士,2023,就业,中国航发贵阳发动机设计研究所,1
工程学部,材料科学与工程学院,硕士,2023,就业,贵州永红航空机械有限责任公司,1
工程学部,材料科学与工程学院,硕士,2023,升学,四川大学,1
工程学部,材料科学与工程学院,硕士,2023,就业,贵阳安大宇航材料工程有限公司,1
工程学部,材料科学与工程学院,硕士,2023,就业,中国工商银行股份有限公司云南省分行,1
工程学部,材料科学与工程学院,硕士,2023,出国(境)留学或工作,亥姆霍兹海荣研究中心,1
工程学部,材料科学与工程学院,硕士,2023,升学,复旦大学,1
工程学部,材料科学与工程学院,硕士,2023,就业,南充三环电子有限公司,1
工程学部,材料科学与工程学院,硕士,2023,就业,中核建中核燃料元件有限公司,1
工程学部,材料科学与工程学院,硕士,2023,就业,西安航天源动力工程有限公司,1
工程学部,材料科学与工程学院,硕士,2023,就业,中冶赛迪集团有限公司,1
工程学部,材料科学与工程学院,硕士,2023,就业,成都佳驰电子科技股份有限公司,1
工程学部,材料科学与工程学院,硕士,2023,就业,贵州梅岭电源有限公司,1
工程学部,材料科学与工程学院,硕士,2023,就业,江西长江化工有限责任公司,1
工程学部,材料科学与工程学院,硕士,2023,选调生,中国共产党宜宾市委员会组织部,1
工程学部,材料科学与工程学院,硕士,2023,就业,北京动力机械研究所,1
工程学部,材料科学与工程学院,硕士,2023,就业,中国航发动力股份有限公司,1
工程学部,材料科学与工程学院,硕士,2023,就业,远景动力技术(鄂尔多斯市)有限公司,1
工程学部,材料科学与工程学院,硕士,2023,就业,江山市应急管理局,1
工程学部,材料科学与工程学院,硕士,2023,就业,中建三局安装工程有限公司,1
工程学部,材料科学与工程学院,硕士,2023,选调生,中共福州市委组织部,1
工程学部,材料科学与工程学院,硕士,2023,就业,青岛海尔人力资源开发有限公司,1
工程学部,材料科学与工程学院,硕士,2023,就业,宝钢金属有限公司,1
工程学部,材料科学与工程学院,硕士,2023,就业,用友网络科技股份有限公司,1
工程学部,材料科学与工程学院,硕士,2023,就业,中冶建工集团有限公司,1
工程学部,材料科学与工程学院,硕士,2023,就业,深圳市欢太科技有限公司,1
工程学部,材料科学与工程学院,硕士,2023,就业,重庆杰博思石膏有限公司,1
工程学部,材料科学与工程学院,硕士,2023,就业,华虹半导体(无锡)有限公司,1
工程学部,材料科学与工程学院,硕士,2023,就业,武汉新芯集成电路制造有限公司,1
工程学部,材料科学与工程学院,硕士,2023,就业,深圳市鹏新旭技术有限公司,1
工程学部,材料科学与工程学院,硕士,2023,就业,深圳市新凯来技术有限公司,1
工程学部,材料科学与工程学院,硕士,2023,就业,广西防城港核电有限公司,1
工程学部,材料科学与工程学院,硕士,2023,就业,重庆长安汽车软件科技有限公司,1
工程学部,材料科学与工程学院,硕士,2023,就业,江西赣锋锂业股份有限公司,1
工程学部,材料科学与工程学院,硕士,2023,就业,浙江晶科新材料有限公司,1
工程学部,材料科学与工程学院,硕士,2023,就业,中国长江电力股份有限公司,1
工程学部,材料科学与工程学院,硕士,2023,就业,康明斯电力(中国)有限公司,1
工程学部,材料科学与工程学院,硕士,2023,就业,四川永祥股份有限公司,1
工程学部,材料科学与工程学院,硕士,2023,就业,深圳麦克韦尔科技有限公司,1
工程学部,材料科学与工程学院,硕士,2023,就业,东方电气集团东方电机有限公司,1
工程学部,材料科学与工程学院,硕士,2023,选调生,中共巴中市委组织部,1
工程学部,材料科学与工程学院,硕士,2023,就业,四川长虹电源有限责任公司,1
工程学部,材料科学与工程学院,硕士,2023,选调生,中共贵阳市委组织部,1
工程学部,材料科学与工程学院,硕士,2023,就业,成都京东方光电科技有限公司,1
工程学部,材料科学与工程学院,硕士,2023,选调生,中共乐山市委组织部,1
工程学部,材料科学与工程学院,硕士,2023,就业,重庆万桥交通科技发展有限公司,1
工程学部,材料科学与工程学院,硕士,2023,选调生,中共重庆市秀山土家族苗族自治县组织部,1
工程学部,材料科学与工程学院,硕士,2023,就业,中航成飞民用飞机有限责任公司,1
工程学部,材料科学与工程学院,硕士,2023,选调生,中共陕西省委组织部,1
工程学部,材料科学与工程学院,硕士,2023,就业,北京市对外服务办公室,1
工程学部,材料科学与工程学院,硕士,2023,升学,东北大学,1
工程学部,材料科学与工程学院,硕士,2023,就业,明阳智慧能源集团股份公司,1
工程学部,材料科学与工程学院,博士,2023,就业,贵州大学,2
工程学部,材料科学与工程学院,博士,2023,就业,比亚迪股份有限公司,2
工程学部,材料科学与工程学院,博士,2023,就业,重庆工业职业技术学院,2
工程学部,材料科学与工程学院,博士,2023,就业,兰溪市金兰创新城开发建设中心,2
工程学部,材料科学与工程学院,博士,2023,就业,西部金属材料股份有限公司,2
工程学部,材料科学与工程学院,博士,2023,就业,重庆师范大学,1
工程学部,材料科学与工程学院,博士,2023,就业,中国兵器工业第五九研究所,1
工程学部,材料科学与工程学院,博士,2023,就业,安徽工业大学,1
工程学部,材料科学与工程学院,博士,2023,就业,重庆文理学院,1
工程学部,材料科学与工程学院,博士,2023,就业,中国科学院重庆绿色智能技术研究院,1
工程学部,材料科学与工程学院,博士,2023,就业,松山湖材料实验室,1
工程学部,材料科学与工程学院,博士,2023,就业,云南省公路科学技术研究院,1
工程学部,材料科学与工程学院,博士,2023,就业,首尔大学,1
工程学部,材料科学与工程学院,博士,2023,就业,复旦大学,1
工程学部,材料科学与工程学院,博士,2023,就业,电子科技大学,1
工程学部,材料科学与工程学院,博士,2023,就业,河南理工大学,1
工程学部,材料科学与工程学院,博士,2023,就业,郑州大学第一附属医院,1
工程学部,材料科学与工程学院,博士,2023,就业,湖北汽车工业学院,1
工程学部,材料科学与工程学院,博士,2023,就业,重庆大学,1
工程学部,材料科学与工程学院,博士,2023,就业,重庆水利电力职业技术学院,1
工程学部,材料科学与工程学院,博士,2023,就业,苏州国家实验室,1
工程学部,材料科学与工程学院,博士,2023,就业,重庆理工大学,1
工程学部,材料科学与工程学院,博士,2023,就业,北京钢研高纳科技股份有限公司,1
工程学部,材料科学与工程学院,博士,2023,就业,攀钢集团研究院有限公司,1
工程学部,材料科学与工程学院,博士,2023,就业,广西大学,1
工程学部,材料科学与工程学院,博士,2023,就业,西安稀有金属材料研究院有限公司,1
工程学部,航空航天学院,本科,2021,升学,重庆大学,20
工程学部,航空航天学院,本科,2021,升学,西安交通大学,8
工程学部,航空航天学院,本科,2021,升学,浙江大学,4
工程学部,航空航天学院,本科,2021,升学,北京航空航天大学,3
工程学部,航空航天学院,本科,2021,升学,南京航空航天大学,3
工程学部,航空航天学院,本科,2021,升学,大连理工大学,2
工程学部,航空航天学院,本科,2021,就业,中国建筑第八工程局有限公司西南分公司,2
工程学部,航空航天学院,本科,2021,升学,中国科学技术大学,2
工程学部,航空航天学院,本科,2021,升学,中国科学院力学研究所,1
工程学部,航空航天学院,本科,2021,就业,深圳智汇创想科技有限责任公司,1
工程学部,航空航天学院,本科,2021,升学,哈尔滨工业大学,1
工程学部,航空航天学院,本科,2021,升学,南京航天航空大学,1
工程学部,航空航天学院,本科,2021,就业,北川羌族自治县经开区管委会,1
工程学部,航空航天学院,本科,2021,就业,中建八局第三建设有限公司,1
工程学部,航空航天学院,本科,2021,就业,中建五局土木工程有限公司,1
工程学部,航空航天学院,本科,2021,就业,重庆新东方教育培训学校有限公司,1
工程学部,航空航天学院,本科,2021,升学,兰州大学,1
工程学部,航空航天学院,本科,2021,就业,天津航空机电有限公司,1
工程学部,航空航天学院,本科,2021,升学,中国工程物理研究院总体工程研究所,1
工程学部,航空航天学院,本科,2021,就业,中国建筑第七工程局有限公司西南分公司,1
工程学部,航空航天学院,本科,2021,升学,上海交通大学,1
工程学部,航空航天学院,本科,2021,就业,中建四局第三建设有限公司,1
工程学部,航空航天学院,本科,2021,就业,中国建筑第七工程局有限公司,1
工程学部,航空航天学院,本科,2021,出国(境)留学或工作,香港科技大学,1
工程学部,航空航天学院,本科,2021,就业,浙江江南工程管理股份有限公司,1
工程学部,航空航天学院,本科,2021,出国(境)留学或工作,东京大学,1
工程学部,航空航天学院,本科,2021,升学,北京大学,1
工程学部,航空航天学院,本科,2021,就业,合肥方了个田教育科技有限责任公司,1
工程学部,航空航天学院,本科,2021,升学,西北工业大学,1
工程学部,航空航天学院,本科,2021,就业,中国航发西安航空发动机有限公司,1
工程学部,航空航天学院,本科,2021,就业,中国人民解放军第5702工厂,1
工程学部,航空航天学院,本科,2021,就业,比亚迪股份有限公司,1
工程学部,航空航天学院,本科,2021,出国(境)留学或工作,香港大学,1
工程学部,航空航天学院,本科,2021,出国(境)留学或工作,新南威尔士大学,1
工程学部,航空航天学院,本科,2021,升学,中山大学,1
工程学部,航空航天学院,本科,2021,就业,中国建筑第八工程局有限公司,1
工程学部,航空航天学院,本科,2021,就业,中国农业银行股份有限公司北京市分行,1
工程学部,航空航天学院,本科,2021,就业,中国航发贵州黎阳航空发动机有限公司,1
工程学部,航空航天学院,本科,2021,就业,信息产业电子第十一设计研究院科技工程股份有限公司无锡分公司,1
工程学部,航空航天学院,本科,2021,升学,中国核动力研究设计院,1
工程学部,航空航天学院,本科,2021,升学,哈尔滨工业大学(深圳),1
工程学部,航空航天学院,硕士,2021,选调生,中共成都市委组织部,2
工程学部,航空航天学院,硕士,2021,就业,中电科技集团重庆声光电有限公司,2
工程学部,航空航天学院,硕士,2021,就业,广州小鹏汽车科技有限公司,1
工程学部,航空航天学院,硕士,2021,就业,昆明北方红外技术股份有限公司,1
工程学部,航空航天学院,硕士,2021,就业,中国核动力研究设计院,1
工程学部,航空航天学院,硕士,2021,就业,九江银行股份有限公司,1
工程学部,航空航天学院,硕士,2021,就业,中国核电工程有限公司郑州分公司,1
工程学部,航空航天学院,硕士,2021,就业,重庆大学,1
工程学部,航空航天学院,硕士,2021,就业,中航飞机股份有限公司,1
工程学部,航空航天学院,硕士,2021,就业,重庆两江卫星移动通信有限公司,1
工程学部,航空航天学院,硕士,2021,就业,中航光电科技股份有限公司,1
工程学部,航空航天学院,硕士,2021,升学,北京航空航天大学,1
工程学部,航空航天学院,硕士,2021,就业,中国航发湖南动力机械研究所,1
工程学部,航空航天学院,硕士,2021,就业,上海飞机设计研究院有限公司,1
工程学部,航空航天学院,硕士,2021,就业,华为技术有限公司武汉研究所,1
工程学部,航空航天学院,硕士,2021,就业,中国电子科技集团公司第二十九研究所,1
工程学部,航空航天学院,硕士,2021,就业,中国电建集团华东勘测设计研究院有限公司,1
工程学部,航空航天学院,硕士,2021,就业,昆明物理研究所,1
工程学部,航空航天学院,硕士,2021,就业,重庆前卫科技集团有限公司,1
工程学部,航空航天学院,硕士,2021,就业,中国重型汽车集团有限公司,1
工程学部,航空航天学院,硕士,2021,就业,宁德时代新能源科技股份有限公司,1
工程学部,航空航天学院,硕士,2021,就业,重庆川仪自动化股份有限公司流量仪表分公司,1
工程学部,航空航天学院,硕士,2021,就业,西安航天发动机有限公司,1
工程学部,航空航天学院,硕士,2021,就业,重庆川仪调节阀有限公司,1
工程学部,航空航天学院,硕士,2021,选调生,中共重庆市委组织部,1
工程学部,航空航天学院,硕士,2021,选调生,中共德阳市委组织部,1
工程学部,航空航天学院,硕士,2021,升学,中国工程物理研究院,1
工程学部,航空航天学院,硕士,2021,选调生,中共泸州市委组织部,1
工程学部,航空航天学院,博士,2021,就业,河北工业大学,2
工程学部,航空航天学院,博士,2021,就业,重庆交通大学,1
工程学部,航空航天学院,博士,2021,就业,重庆工业职业技术学院,1
工程学部,航空航天学院,博士,2021,就业,北京理工大学,1
工程学部,航空航天学院,博士,2021,就业,京都大学,1
工程学部,航空航天学院,博士,2021,就业,北京理工大学重庆创新中心,1
工程学部,航空航天学院,博士,2021,就业,中国人民解放军63837部队,1
工程学部,航空航天学院,本科,2022,升学,重庆大学,24
工程学部,航空航天学院,本科,2022,升学,西安交通大学,9
工程学部,航空航天学院,本科,2022,升学,西北工业大学,7
工程学部,航空航天学院,本科,2022,就业,重庆航空有限责任公司,4
工程学部,航空航天学院,本科,2022,升学,华中科技大学,3
工程学部,航空航天学院,本科,2022,升学,中山大学,3
工程学部,航空航天学院,本科,2022,就业,东风柳州汽车有限公司,2
工程学部,航空航天学院,本科,2022,升学,中国科学技术大学,2
工程学部,航空航天学院,本科,2022,升学,哈尔滨工业大学(深圳),2
工程学部,航空航天学院,本科,2022,升学,南京航空航天大学,2
工程学部,航空航天学院,本科,2022,升学,北京航空航天大学,2
工程学部,航空航天学院,本科,2022,升学,哈尔滨工业大学(深圳校区),1
工程学部,航空航天学院,本科,2022,升学,昆明理工大学,1
工程学部,航空航天学院,本科,2022,就业,四川爱联科技股份有限公司,1
工程学部,航空航天学院,本科,2022,升学,武汉大学,1
工程学部,航空航天学院,本科,2022,升学,西安航天动力技术研究所,1
工程学部,航空航天学院,本科,2022,就业,重庆嘉陵华光光电科技有限公司,1
工程学部,航空航天学院,本科,2022,就业,中国人民解放军第五七一九工厂,1
工程学部,航空航天学院,本科,2022,出国(境)留学或工作,加州大学圣地亚哥分校,1
工程学部,航空航天学院,本科,2022,升学,中国航天科技集团有限公司第六研究院第十一研究所,1
工程学部,航空航天学院,本科,2022,升学,中国科学院力学研究所,1
工程学部,航空航天学院,本科,2022,就业,重庆建设工业(集团)有限责任公司,1
工程学部,航空航天学院,本科,2022,升学,贵州航天天马机电科技有限公司,1
工程学部,航空航天学院,本科,2022,升学,北京理工大学,1
工程学部,航空航天学院,本科,2022,升学,浙江大学,1
工程学部,航空航天学院,本科,2022,出国(境)留学或工作,谢菲尔德大学,1
工程学部,航空航天学院,本科,2022,出国(境)留学或工作,伦敦大学学院,1
工程学部,航空航天学院,本科,2022,升学,中国传媒大学,1
工程学部,航空航天学院,本科,2022,就业,中国建筑西南设计研究院有限公司,1
工程学部,航空航天学院,本科,2022,就业,中国建筑第八工程局有限公司西南分公司,1
工程学部,航空航天学院,本科,2022,升学,华北电力大学,1
工程学部,航空航天学院,本科,2022,就业,中国航发西安航空发动机有限公司,1
工程学部,航空航天学院,本科,2022,升学,中国航天科技集团第六研究院第十一研究所,1
工程学部,航空航天学院,本科,2022,就业,中建八局总承包建设有限公司,1
工程学部,航空航天学院,本科,2022,就业,中建一局集团建设发展有限公司,1
工程学部,航空航天学院,本科,2022,出国(境)留学或工作,香港科技大学,1
工程学部,航空航天学院,本科,2022,就业,重庆小康工业集团股份有限公司,1
工程学部,航空航天学院,本科,2022,就业,广西玉柴机器股份有限公司,1
工程学部,航空航天学院,本科,2022,升学,电子科技大学,1
工程学部,航空航天学院,本科,2022,升学,清华大学,1
工程学部,航空航天学院,本科,2022,出国(境)留学或工作,香港城市大学,1
工程学部,航空航天学院,本科,2022,就业,本田技研科技(中国)有限公司,1
工程学部,航空航天学院,本科,2022,升学,上海交通大学,1
工程学部,航空航天学院,本科,2022,升学,四川大学,1
工程学部,航空航天学院,本科,2022,升学,上海大学,1
工程学部,航空航天学院,本科,2022,就业,武汉市多比特信息科技有限公司,1
工程学部,航空航天学院,本科,2022,就业,贵州航天电器股份有限公司,1
工程学部,航空航天学院,硕士,2022,就业,中电科技集团重庆声光电有限公司,4
工程学部,航空航天学院,硕士,2022,就业,联合微电子中心有限责任公司,3
工程学部,航空航天学院,硕士,2022,就业,重庆长安新能源汽车科技有限公司,3
工程学部,航空航天学院,硕士,2022,就业,成都凯天电子股份有限公司,2
工程学部,航空航天学院,硕士,2022,就业,重庆大学,2
工程学部,航空航天学院,硕士,2022,就业,中国航发贵州红林航空动力控制科技有限公司,2
工程学部,航空航天学院,硕士,2022,就业,首钢京唐钢铁联合有限责任公司,1
工程学部,航空航天学院,硕士,2022,选调生,中共兰州市委组织部,1
工程学部,航空航天学院,硕士,2022,就业,中国船舶集团海装风电股份有限公司,1
工程学部,航空航天学院,硕士,2022,升学,哈尔滨工业大学,1
工程学部,航空航天学院,硕士,2022,就业,中国特种设备检测研究院,1
工程学部,航空航天学院,硕士,2022,就业,西安航天发动机有限公司,1
工程学部,航空航天学院,硕士,2022,就业,中国船舶重工集团海装风电股份有限公司,1
工程学部,航空航天学院,硕士,2022,就业,北京主线科技有限公司,1
工程学部,航空航天学院,硕士,2022,出国(境)留学或工作,澳大利亚国立大学,1
工程学部,航空航天学院,硕士,2022,升学,浙江大学,1
工程学部,航空航天学院,硕士,2022,就业,中国飞机强度研究所,1
工程学部,航空航天学院,硕士,2022,就业,洛阳双瑞风电叶片有限公司,1
工程学部,航空航天学院,硕士,2022,就业,重庆弗迪电池研究院有限公司,1
工程学部,航空航天学院,硕士,2022,就业,中航通飞华南飞机工业有限公司,1
工程学部,航空航天学院,硕士,2022,升学,上海交通大学,1
工程学部,航空航天学院,硕士,2022,就业,成都飞机工业(集团)有限责任公司,1
工程学部,航空航天学院,硕士,2022,就业,成都华为技术有限公司,1
工程学部,航空航天学院,硕士,2022,就业,腾讯科技(深圳)有限公司,1
工程学部,航空航天学院,硕士,2022,就业,湖北三江航天红林探控有限公司,1
工程学部,航空航天学院,硕士,2022,就业,中国电子科技集团公司第十研究所,1
工程学部,航空航天学院,硕士,2022,就业,上海峰飞航空科技有限公司,1
工程学部,航空航天学院,硕士,2022,选调生,中共德阳市委组织部,1
工程学部,航空航天学院,硕士,2022,就业,上海飞机设计研究院有限公司,1
工程学部,航空航天学院,硕士,2022,就业,中国船舶重工集团有限公司第七一〇研究所,1
工程学部,航空航天学院,硕士,2022,就业,西安前沿动力软件开发有限责任公司,1
工程学部,航空航天学院,硕士,2022,升学,华中科技大学,1
工程学部,航空航天学院,硕士,2022,就业,南京玻璃纤维研究设计院有限公司,1
工程学部,航空航天学院,硕士,2022,就业,西安航天动力试验技术研究所,1
工程学部,航空航天学院,硕士,2022,就业,天马微电子股份有限公司,1
工程学部,航空航天学院,硕士,2022,就业,重庆建设汽车系统股份有限公司,1
工程学部,航空航天学院,硕士,2022,就业,四川中锐信息技术有限公司,1
工程学部,航空航天学院,硕士,2022,就业,中冶赛迪重庆信息技术有限公司,1
工程学部,航空航天学院,硕士,2022,就业,重庆红宇精密工业集团有限公司,1
工程学部,航空航天学院,硕士,2022,就业,北京理工大学重庆创新中心,1
工程学部,航空航天学院,博士,2022,就业,重庆理工大学,1
工程学部,航空航天学院,博士,2022,就业,浙江运达风电股份有限公司,1
工程学部,航空航天学院,博士,2022,就业,重庆电子工程职业学院,1
工程学部,航空航天学院,博士,2022,就业,西南科技大学,1
工程学部,航空航天学院,博士,2022,就业,中国船舶集团海装风电股份有限公司,1
工程学部,航空航天学院,博士,2022,就业,湖北汽车工业学院,1
工程学部,航空航天学院,博士,2022,就业,北京大学,1
工程学部,航空航天学院,博士,2022,就业,北京理工大学,1
工程学部,航空航天学院,博士,2022,就业,重庆诺奖二维材料研究院有限公司,1
工程学部,航空航天学院,博士,2022,就业,重庆工商大学,1
工程学部,航空航天学院,博士,2022,就业,西南大学,1
工程学部,航空航天学院,博士,2022,就业,香港理工大学,1
工程学部,航空航天学院,本科,2023,升学,重庆大学,20
工程学部,航空航天学院,本科,2023,升学,西安交通大学,6
工程学部,航空航天学院,本科,2023,升学,北京理工大学,5
工程学部,航空航天学院,本科,2023,升学,西北工业大学,4
工程学部,航空航天学院,本科,2023,升学,大连理工大学,4
工程学部,航空航天学院,本科,2023,就业,重庆航空有限责任公司,4
工程学部,航空航天学院,本科,2023,升学,中国科学技术大学,3
工程学部,航空航天学院,本科,2023,升学,南京理工大学,2
工程学部,航空航天学院,本科,2023,就业,中国航发贵州黎阳航空动力有限公司,2
工程学部,航空航天学院,本科,2023,升学,中国运载火箭技术研究院,2
工程学部,航空航天学院,本科,2023,就业,比亚迪股份有限公司,1
工程学部,航空航天学院,本科,2023,升学,电子科技大学,1
工程学部,航空航天学院,本科,2023,就业,中国南方航空股份有限公司,1
工程学部,航空航天学院,本科,2023,就业,中国航发湖南南方宇航工业有限公司,1
工程学部,航空航天学院,本科,2023,就业,重庆国际复合材料股份有限公司,1
工程学部,航空航天学院,本科,2023,就业,中国人民解放军第五七一九工厂,1
工程学部,航空航天学院,本科,2023,就业,徐州徐工施维英机械有限公司,1
工程学部,航空航天学院,本科,2023,就业,孚洛泰(重庆)科技有限公司,1
工程学部,航空航天学院,本科,2023,升学,中南财经政法大学,1
工程学部,航空航天学院,本科,2023,升学,哈尔滨工业大学,1
工程学部,航空航天学院,本科,2023,就业,中国航发贵州黎阳航空发动机有限公司,1
工程学部,航空航天学院,本科,2023,就业,中建三局第二建设工程有限责任公司,1
工程学部,航空航天学院,本科,2023,升学,北京大学,1
工程学部,航空航天学院,本科,2023,升学,上海大学,1
工程学部,航空航天学院,本科,2023,升学,厦门大学,1
工程学部,航空航天学院,本科,2023,就业,东方电气风电有限公司,1
工程学部,航空航天学院,本科,2023,升学,同济大学,1
工程学部,航空航天学院,本科,2023,就业,云南椰洞餐饮管理有限责任公司,1
工程学部,航空航天学院,本科,2023,就业,重庆长安汽车股份有限公司,1
工程学部,航空航天学院,本科,2023,升学,复旦大学,1
工程学部,航空航天学院,本科,2023,升学,北京航空航天大学,1
工程学部,航空航天学院,本科,2023,就业,凌云科技集团有限责任公司,1
工程学部,航空航天学院,硕士,2023,就业,重庆长安汽车股份有限公司,4
工程学部,航空航天学院,硕士,2023,就业,比亚迪股份有限公司,4
工程学部,航空航天学院,硕士,2023,就业,重庆长安新能源汽车科技有限公司,4
工程学部,航空航天学院,硕士,2023,升学,重庆大学,3
工程学部,航空航天学院,硕士,2023,就业,航天动力技术研究院,2
工程学部,航空航天学院,硕士,2023,就业,宁德时代新能源科技股份有限公司,1
工程学部,航空航天学院,硕士,2023,就业,国家税务总局北京市税务局,1
工程学部,航空航天学院,硕士,2023,就业,南京电子工程研究所(中国电子科技集团公司第二十八研究所),1
工程学部,航空航天学院,硕士,2023,选调生,中共重庆市铜梁区委组织部,1
工程学部,航空航天学院,硕士,2023,选调生,中共黔南州委组织部,1
工程学部,航空航天学院,硕士,2023,就业,中核武汉核电运行技术股份有限公司,1
工程学部,航空航天学院,硕士,2023,出国(境)留学或工作,米兰理工大学,1
工程学部,航空航天学院,硕士,2023,就业,青岛兴仪电子设备有限责任公司,1
工程学部,航空航天学院,硕士,2023,就业,中航西安飞机工业集团股份有限公司,1
工程学部,航空航天学院,硕士,2023,就业,中机中联工程有限公司,1
工程学部,航空航天学院,硕士,2023,就业,长江三峡通航管理局,1
工程学部,航空航天学院,硕士,2023,升学,北京航空航天大学,1
工程学部,航空航天学院,硕士,2023,就业,昆明北方红外技术股份有限公司,1
工程学部,航空航天学院,硕士,2023,就业,中国电子科技集团公司第十研究所,1
工程学部,航空航天学院,硕士,2023,就业,中联重科股份有限公司,1
工程学部,航空航天学院,硕士,2023,就业,重庆长安工业(集团)有限责任公司,1
工程学部,航空航天学院,硕士,2023,就业,中国航空工业集团公司沈阳飞机设计研究所,1
工程学部,航空航天学院,硕士,2023,就业,中核控制系统工程有限公司,1
工程学部,航空航天学院,硕士,2023,就业,重庆长安望江工业集团有限公司,1
工程学部,航空航天学院,硕士,2023,就业,重庆励颐拓软件有限公司,1
工程学部,航空航天学院,硕士,2023,选调生,中共贵阳市委组织部,1
工程学部,航空航天学院,硕士,2023,就业,中国兵器工业第五九研究所,1
工程学部,航空航天学院,硕士,2023,就业,无锡先为科技有限公司,1
工程学部,航空航天学院,硕士,2023,就业,中电科技集团重庆声光电有限公司,1
工程学部,航空航天学院,硕士,2023,升学,华中科技大学,1
工程学部,航空航天学院,硕士,2023,出国(境)留学或工作,波鸿大学,1
工程学部,航空航天学院,硕士,2023,就业,合肥本源量子计算科技有限责任公司,1
工程学部,航空航天学院,硕士,2023,就业,中国工程物理研究院应用电子学研究所,1
工程学部,航空航天学院,硕士,2023,就业,贵州梅岭电源有限公司,1
工程学部,航空航天学院,硕士,2023,升学,哈尔滨工业大学,1
工程学部,航空航天学院,硕士,2023,就业,中广核研究院有限公司,1
工程学部,航空航天学院,硕士,2023,就业,深圳市杉川机器人有限公司,1
工程学部,航空航天学院,硕士,2023,就业,深圳中广核工程设计有限公司,1
工程学部,航空航天学院,硕士,2023,就业,沪渝人工智能研究院,1
工程学部,航空航天学院,博士,2023,就业,河北工业大学,1
工程学部,航空航天学院,博士,2023,就业,比亚迪股份有限公司,1
工程学部,航空航天学院,博士,2023,就业,重庆大学,1
工程学部,航空航天学院,博士,2023,就业,北京大学,1
工程学部,重庆大学–辛辛那提大学联合学院,本科,2021,升学,西安交通大学,7
工程学部,重庆大学–辛辛那提大学联合学院,本科,2021,升学,华中科技大学,7
工程学部,重庆大学–辛辛那提大学联合学院,本科,2021,出国(境)留学或工作,香港科技大学,6
工程学部,重庆大学–辛辛那提大学联合学院,本科,2021,出国(境)留学或工作,哥伦比亚大学,5
工程学部,重庆大学–辛辛那提大学联合学院,本科,2021,升学,浙江大学,5
工程学部,重庆大学–辛辛那提大学联合学院,本科,2021,出国(境)留学或工作,南洋理工大学,4
工程学部,重庆大学–辛辛那提大学联合学院,本科,2021,升学,上海交通大学,4
工程学部,重庆大学–辛辛那提大学联合学院,本科,2021,升学,重庆大学,4
工程学部,重庆大学–辛辛那提大学联合学院,本科,2021,升学,哈尔滨工业大学,3
工程学部,重庆大学–辛辛那提大学联合学院,本科,2021,出国(境)留学或工作,香港大学,2
工程学部,重庆大学–辛辛那提大学联合学院,本科,2021,出国(境)留学或工作,新加坡国立大学,2
工程学部,重庆大学–辛辛那提大学联合学院,本科,2021,就业,三菱电机上海机电电梯有限公司,1
工程学部,重庆大学–辛辛那提大学联合学院,本科,2021,出国(境)留学或工作,约翰霍普金斯大学,1
工程学部,重庆大学–辛辛那提大学联合学院,本科,2021,出国(境)留学或工作,佛罗里达大学,1
工程学部,重庆大学–辛辛那提大学联合学院,本科,2021,就业,中电建建筑集团有限公司,1
工程学部,重庆大学–辛辛那提大学联合学院,本科,2021,就业,中国新兴建设开发有限责任公司,1
工程学部,重庆大学–辛辛那提大学联合学院,本科,2021,出国(境)留学或工作,加州大学欧文分校,1
工程学部,重庆大学–辛辛那提大学联合学院,本科,2021,升学,三峡大学,1
工程学部,重庆大学–辛辛那提大学联合学院,本科,2021,升学,清华大学,1
工程学部,重庆大学–辛辛那提大学联合学院,本科,2021,出国(境)留学或工作,伯明翰大学,1
工程学部,重庆大学–辛辛那提大学联合学院,本科,2021,出国(境)留学或工作,伦敦大学学院,1
工程学部,重庆大学–辛辛那提大学联合学院,本科,2021,就业,重庆长安工业(集团)有限责任公司,1
工程学部,重庆大学–辛辛那提大学联合学院,本科,2021,就业,北京有竹居网络技术有限公司,1
工程学部,重庆大学–辛辛那提大学联合学院,本科,2021,就业,江西省安创科技有限公司,1
工程学部,重庆大学–辛辛那提大学联合学院,本科,2021,出国(境)留学或工作,帝国理工学院,1
工程学部,重庆大学–辛辛那提大学联合学院,本科,2021,升学,湖南大学,1
工程学部,重庆大学–辛辛那提大学联合学院,本科,2021,出国(境)留学或工作,俄亥俄州立大学,1
工程学部,重庆大学–辛辛那提大学联合学院,本科,2021,出国(境)留学或工作,新加坡南洋理工大学,1
工程学部,重庆大学–辛辛那提大学联合学院,本科,2021,出国(境)留学或工作,布里斯托大学,1
工程学部,重庆大学–辛辛那提大学联合学院,本科,2021,升学,同济大学,1
工程学部,重庆大学–辛辛那提大学联合学院,本科,2021,出国(境)留学或工作,佐治亚理工学院(Georgia Institute of Technology),1
工程学部,重庆大学–辛辛那提大学联合学院,本科,2021,就业,上海智能交通有限公司,1
工程学部,重庆大学–辛辛那提大学联合学院,本科,2021,选调生,中共济宁市委组织部(济宁市公务员局),1
工程学部,重庆大学–辛辛那提大学联合学院,本科,2021,升学,昆明理工大学,1
工程学部,重庆大学–辛辛那提大学联合学院,本科,2021,就业,国网浙江省电力有限公司金华供电公司,1
工程学部,重庆大学–辛辛那提大学联合学院,本科,2021,出国(境)留学或工作,多伦多大学,1
工程学部,重庆大学–辛辛那提大学联合学院,本科,2021,出国(境)留学或工作,埃因霍芬理工大学,1
工程学部,重庆大学–辛辛那提大学联合学院,本科,2021,出国(境)留学或工作,伊利诺伊大学厄巴纳-香槟分校,1
工程学部,重庆大学–辛辛那提大学联合学院,本科,2021,出国(境)留学或工作,卡内基梅隆大学,1
工程学部,重庆大学–辛辛那提大学联合学院,本科,2021,出国(境)留学或工作,南加州大学,1
工程学部,重庆大学–辛辛那提大学联合学院,本科,2021,出国(境)留学或工作,凯斯西储大学,1
工程学部,重庆大学–辛辛那提大学联合学院,本科,2021,出国(境)留学或工作,利兹大学,1
工程学部,重庆大学–辛辛那提大学联合学院,本科,2021,出国(境)留学或工作,莫纳什大学,1
工程学部,重庆大学–辛辛那提大学联合学院,本科,2021,就业,中国南方电网有限责任公司超高压输电公司,1
工程学部,重庆大学–辛辛那提大学联合学院,本科,2021,出国(境)留学或工作,西北大学,1
工程学部,重庆大学–辛辛那提大学联合学院,本科,2021,出国(境)留学或工作,加州大学洛杉矶分校,1
工程学部,重庆大学–辛辛那提大学联合学院,本科,2021,出国(境)留学或工作,代尔夫特理工大学,1
工程学部,重庆大学–辛辛那提大学联合学院,本科,2021,出国(境)留学或工作,香港理工大学,1
工程学部,重庆大学–辛辛那提大学联合学院,本科,2021,升学,中国科学院自动化研究所,1
工程学部,重庆大学–辛辛那提大学联合学院,本科,2021,出国(境)留学或工作,格拉斯哥大学,1
工程学部,重庆大学–辛辛那提大学联合学院,本科,2021,出国(境)留学或工作,东京工业大学,1
工程学部,重庆大学–辛辛那提大学联合学院,本科,2021,出国(境)留学或工作,塔弗茨大学,1
工程学部,重庆大学–辛辛那提大学联合学院,本科,2021,升学,清华大学深圳国际研究生院,1
工程学部,重庆大学–辛辛那提大学联合学院,本科,2022,升学,西安交通大学,8
工程学部,重庆大学–辛辛那提大学联合学院,本科,2022,出国(境)留学或工作,南洋理工大学,7
工程学部,重庆大学–辛辛那提大学联合学院,本科,2022,升学,清华大学,5
工程学部,重庆大学–辛辛那提大学联合学院,本科,2022,出国(境)留学或工作,杜克大学,3
工程学部,重庆大学–辛辛那提大学联合学院,本科,2022,出国(境)留学或工作,宾夕法尼亚大学,3
工程学部,重庆大学–辛辛那提大学联合学院,本科,2022,出国(境)留学或工作,约翰霍普金斯大学,3
工程学部,重庆大学–辛辛那提大学联合学院,本科,2022,升学,重庆大学,3
工程学部,重庆大学–辛辛那提大学联合学院,本科,2022,出国(境)留学或工作,康奈尔大学,2
工程学部,重庆大学–辛辛那提大学联合学院,本科,2022,升学,北京理工大学,2
工程学部,重庆大学–辛辛那提大学联合学院,本科,2022,出国(境)留学或工作,早稻田大学,2
工程学部,重庆大学–辛辛那提大学联合学院,本科,2022,出国(境)留学或工作,纽约大学,2
工程学部,重庆大学–辛辛那提大学联合学院,本科,2022,升学,华中科技大学,2
工程学部,重庆大学–辛辛那提大学联合学院,本科,2022,出国(境)留学或工作,伊利诺伊大学香槟分校,1
工程学部,重庆大学–辛辛那提大学联合学院,本科,2022,升学,中国原子能科学研究院,1
工程学部,重庆大学–辛辛那提大学联合学院,本科,2022,出国(境)留学或工作,爱丁堡大学,1
工程学部,重庆大学–辛辛那提大学联合学院,本科,2022,就业,维正知识产权科技有限公司,1
工程学部,重庆大学–辛辛那提大学联合学院,本科,2022,出国(境)留学或工作,香港城市大学,1
工程学部,重庆大学–辛辛那提大学联合学院,本科,2022,出国(境)留学或工作,辛辛那提大学,1
工程学部,重庆大学–辛辛那提大学联合学院,本科,2022,升学,苏州大学,1
工程学部,重庆大学–辛辛那提大学联合学院,本科,2022,就业,国网重庆市电力公司,1
工程学部,重庆大学–辛辛那提大学联合学院,本科,2022,出国(境)留学或工作,布朗大学,1
工程学部,重庆大学–辛辛那提大学联合学院,本科,2022,出国(境)留学或工作,新加坡国立大学,1
工程学部,重庆大学–辛辛那提大学联合学院,本科,2022,出国(境)留学或工作,加州大学欧文分校,1
工程学部,重庆大学–辛辛那提大学联合学院,本科,2022,出国(境)留学或工作,俄亥俄州立大学,1
工程学部,重庆大学–辛辛那提大学联合学院,本科,2022,出国(境)留学或工作,香港科技大学,1
工程学部,重庆大学–辛辛那提大学联合学院,本科,2022,升学,上海交通大学,1
工程学部,重庆大学–辛辛那提大学联合学院,本科,2022,出国(境)留学或工作,佐治亚理工学院,1
工程学部,重庆大学–辛辛那提大学联合学院,本科,2022,出国(境)留学或工作,哥伦比亚大学,1
工程学部,重庆大学–辛辛那提大学联合学院,本科,2022,出国(境)留学或工作,多特蒙德工业大学,1
工程学部,重庆大学–辛辛那提大学联合学院,本科,2022,出国(境)留学或工作,悉尼大学,1
工程学部,重庆大学–辛辛那提大学联合学院,本科,2022,升学,天津大学,1
工程学部,重庆大学–辛辛那提大学联合学院,本科,2022,出国(境)留学或工作,加州大学伯克利分校,1
工程学部,重庆大学–辛辛那提大学联合学院,本科,2022,出国(境)留学或工作,纽约大学工学院,1
工程学部,重庆大学–辛辛那提大学联合学院,本科,2022,升学,西安近代化学研究所,1
工程学部,重庆大学–辛辛那提大学联合学院,本科,2022,出国(境)留学或工作,加州大学洛杉矶分校,1
工程学部,重庆大学–辛辛那提大学联合学院,本科,2022,升学,浙江大学,1
工程学部,重庆大学–辛辛那提大学联合学院,本科,2022,出国(境)留学或工作,乔治亚理工学院,1
工程学部,重庆大学–辛辛那提大学联合学院,本科,2022,就业,广东产品质量监督检验研究院(国家质量技术监督局广州电气安全检验所、广东省试验认证研究院、华安实验室),1
工程学部,重庆大学–辛辛那提大学联合学院,本科,2022,出国(境)留学或工作,迈阿密大学,1
工程学部,重庆大学–辛辛那提大学联合学院,本科,2022,出国(境)留学或工作,帝国理工学院,1
工程学部,重庆大学–辛辛那提大学联合学院,本科,2022,出国(境)留学或工作,澳门大学,1
工程学部,重庆大学–辛辛那提大学联合学院,本科,2022,就业,重庆中科渝芯电子有限公司,1
工程学部,重庆大学–辛辛那提大学联合学院,本科,2022,就业,苏州城市地下综合管廊开发有限公司,1
工程学部,重庆大学–辛辛那提大学联合学院,本科,2022,出国(境)留学或工作,南加州大学,1
工程学部,重庆大学–辛辛那提大学联合学院,本科,2022,出国(境)留学或工作,密歇根大学,1
工程学部,重庆大学–辛辛那提大学联合学院,本科,2022,出国(境)留学或工作,伦敦大学学院,1
工程学部,重庆大学–辛辛那提大学联合学院,本科,2022,就业,小米通讯技术有限公司,1
工程学部,重庆大学–辛辛那提大学联合学院,本科,2023,出国(境)留学或工作,宾夕法尼亚大学,7
工程学部,重庆大学–辛辛那提大学联合学院,本科,2023,出国(境)留学或工作,南洋理工大学,4
工程学部,重庆大学–辛辛那提大学联合学院,本科,2023,出国(境)留学或工作,新加坡国立大学,4
工程学部,重庆大学–辛辛那提大学联合学院,本科,2023,出国(境)留学或工作,约翰霍普金斯大学,4
工程学部,重庆大学–辛辛那提大学联合学院,本科,2023,升学,浙江大学,3
工程学部,重庆大学–辛辛那提大学联合学院,本科,2023,出国(境)留学或工作,卡耐基梅隆大学,3
工程学部,重庆大学–辛辛那提大学联合学院,本科,2023,升学,清华大学,3
工程学部,重庆大学–辛辛那提大学联合学院,本科,2023,升学,重庆大学,3
工程学部,重庆大学–辛辛那提大学联合学院,本科,2023,升学,西安交通大学,3
工程学部,重庆大学–辛辛那提大学联合学院,本科,2023,出国(境)留学或工作,新南威尔士大学,2
工程学部,重庆大学–辛辛那提大学联合学院,本科,2023,出国(境)留学或工作,约翰斯·霍普金斯大学,2
工程学部,重庆大学–辛辛那提大学联合学院,本科,2023,就业,鹰腾信息科技(东莞)有限公司,2
工程学部,重庆大学–辛辛那提大学联合学院,本科,2023,出国(境)留学或工作,加州大学圣地亚哥分校,2
工程学部,重庆大学–辛辛那提大学联合学院,本科,2023,出国(境)留学或工作,杜克大学,2
工程学部,重庆大学–辛辛那提大学联合学院,本科,2023,升学,华中科技大学,2
工程学部,重庆大学–辛辛那提大学联合学院,本科,2023,出国(境)留学或工作,香港科技大学(深圳),1
工程学部,重庆大学–辛辛那提大学联合学院,本科,2023,升学,同济大学,1
工程学部,重庆大学–辛辛那提大学联合学院,本科,2023,出国(境)留学或工作,香港中文大学,1
工程学部,重庆大学–辛辛那提大学联合学院,本科,2023,出国(境)留学或工作,莱斯大学,1
工程学部,重庆大学–辛辛那提大学联合学院,本科,2023,就业,国网浙江省电力有限公司金华供电公司,1
工程学部,重庆大学–辛辛那提大学联合学院,本科,2023,出国(境)留学或工作,代尔夫特理工大学,1
工程学部,重庆大学–辛辛那提大学联合学院,本科,2023,升学,上海交通大学,1
工程学部,重庆大学–辛辛那提大学联合学院,本科,2023,出国(境)留学或工作,香港理工大学,1
工程学部,重庆大学–辛辛那提大学联合学院,本科,2023,出国(境)留学或工作,香港大学,1
工程学部,重庆大学–辛辛那提大学联合学院,本科,2023,升学,山东大学,1
工程学部,重庆大学–辛辛那提大学联合学院,本科,2023,就业,重庆中科渝芯电子有限公司,1
工程学部,重庆大学–辛辛那提大学联合学院,本科,2023,出国(境)留学或工作,加州大学伯克利分校,1
工程学部,重庆大学–辛辛那提大学联合学院,本科,2023,出国(境)留学或工作,帝国理工学院,1
工程学部,重庆大学–辛辛那提大学联合学院,本科,2023,出国(境)留学或工作,佐治亚理工学院,1
工程学部,重庆大学–辛辛那提大学联合学院,本科,2023,出国(境)留学或工作,宾夕法尼亚州立大学,1
工程学部,重庆大学–辛辛那提大学联合学院,本科,2023,升学,复旦大学,1
工程学部,重庆大学–辛辛那提大学联合学院,本科,2023,出国(境)留学或工作,伊利诺伊大学厄本那香槟分校,1
工程学部,重庆大学–辛辛那提大学联合学院,本科,2023,出国(境)留学或工作,香港中文大学(深圳),1
工程学部,重庆大学–辛辛那提大学联合学院,本科,2023,出国(境)留学或工作,东京工业大学,1
工程学部,重庆大学–辛辛那提大学联合学院,本科,2023,就业,成都飞机工业(集团)有限责任公司,1
工程学部,重庆大学–辛辛那提大学联合学院,本科,2023,升学,华南理工大学,1
工程学部,重庆大学–辛辛那提大学联合学院,本科,2023,出国(境)留学或工作,斯坦福大学,1
工程学部,重庆大学–辛辛那提大学联合学院,本科,2023,出国(境)留学或工作,伦敦大学学院,1
工程学部,重庆大学–辛辛那提大学联合学院,本科,2023,出国(境)留学或工作,香港科技大学,1
工程学部,重庆大学–辛辛那提大学联合学院,本科,2023,就业,比亚迪汽车有限公司,1
工程学部,重庆大学–辛辛那提大学联合学院,本科,2023,升学,中国电力科学研究院,1
工程学部,重庆大学–辛辛那提大学联合学院,本科,2023,出国(境)留学或工作,西北大学,1
工程学部,重庆大学–辛辛那提大学联合学院,本科,2023,升学,天津大学,1
工程学部,重庆大学–辛辛那提大学联合学院,本科,2023,出国(境)留学或工作,密歇根大学安娜堡分校,1
工程学部,重庆大学–辛辛那提大学联合学院,本科,2023,出国(境)留学或工作,密西根大学安娜堡分校,1
工程学部,重庆大学–辛辛那提大学联合学院,本科,2023,升学,中国科学院大学,1
建筑学部,建筑城规学院,本科,2021,升学,重庆大学,26
建筑学部,建筑城规学院,本科,2021,升学,同济大学,17
建筑学部,建筑城规学院,本科,2021,升学,东南大学,16
建筑学部,建筑城规学院,本科,2021,就业,中国建筑西南设计研究院有限公司,7
建筑学部,建筑城规学院,本科,2021,出国(境)留学或工作,伦敦大学学院,6
建筑学部,建筑城规学院,本科,2021,升学,华南理工大学,5
建筑学部,建筑城规学院,本科,2021,就业,中机中联工程有限公司,5
建筑学部,建筑城规学院,本科,2021,出国(境)留学或工作,米兰理工大学,3
建筑学部,建筑城规学院,本科,2021,出国(境)留学或工作,代尔夫特理工大学,3
建筑学部,建筑城规学院,本科,2021,就业,香港华艺设计顾问(深圳)有限公司,3
建筑学部,建筑城规学院,本科,2021,升学,天津大学,3
建筑学部,建筑城规学院,本科,2021,出国(境)留学或工作,建筑联盟学院,2
建筑学部,建筑城规学院,本科,2021,就业,中联西北工程设计研究院有限公司,2
建筑学部,建筑城规学院,本科,2021,出国(境)留学或工作,爱丁堡大学,2
建筑学部,建筑城规学院,本科,2021,升学,浙江大学,2
建筑学部,建筑城规学院,本科,2021,出国(境)留学或工作,加州大学洛杉矶分校,2
建筑学部,建筑城规学院,本科,2021,选调生,中共成都市委组织部,2
建筑学部,建筑城规学院,本科,2021,就业,上海联创设计集团股份有限公司重庆分公司,2
建筑学部,建筑城规学院,本科,2021,就业,深圳市城市规划设计研究院有限公司,2
建筑学部,建筑城规学院,本科,2021,出国(境)留学或工作,宾夕法尼亚大学,2
建筑学部,建筑城规学院,本科,2021,出国(境)留学或工作,哈佛大学,2
建筑学部,建筑城规学院,本科,2021,就业,上海建筑设计研究院有限公司,2
建筑学部,建筑城规学院,本科,2021,就业,重庆天华建筑设计有限公司,2
建筑学部,建筑城规学院,本科,2021,就业,重庆市设计院有限公司,2
建筑学部,建筑城规学院,本科,2021,出国(境)留学或工作,卡迪夫大学,2
建筑学部,建筑城规学院,本科,2021,就业,湖南省建筑设计院有限公司,1
建筑学部,建筑城规学院,本科,2021,就业,爱坤(上海)建筑设计有限公司,1
建筑学部,建筑城规学院,本科,2021,就业,中国建筑西南设计研究院有限公司云南分院,1
建筑学部,建筑城规学院,本科,2021,出国(境)留学或工作,香港大学,1
建筑学部,建筑城规学院,本科,2021,就业,广州市城市规划勘测设计研究院,1
建筑学部,建筑城规学院,本科,2021,就业,中建八局发展建设有限公司,1
建筑学部,建筑城规学院,本科,2021,就业,北京市建筑设计研究院有限公司,1
建筑学部,建筑城规学院,本科,2021,出国(境)留学或工作,东京国际语学院,1
建筑学部,建筑城规学院,本科,2021,就业,杭州中联筑境建筑设计有限公司,1
建筑学部,建筑城规学院,本科,2021,就业,上海水石景观环境设计有限公司,1
建筑学部,建筑城规学院,本科,2021,就业,中国建筑第八工程局有限公司西南分公司,1
建筑学部,建筑城规学院,本科,2021,升学,中国人民大学,1
建筑学部,建筑城规学院,本科,2021,就业,中国电建集团华东勘测设计研究院有限公司,1
建筑学部,建筑城规学院,本科,2021,升学,华侨大学,1
建筑学部,建筑城规学院,本科,2021,升学,清华大学,1
建筑学部,建筑城规学院,本科,2021,就业,重庆日清建筑设计有限公司,1
建筑学部,建筑城规学院,本科,2021,就业,厦门拓瑞怡民建筑事务有限公司,1
建筑学部,建筑城规学院,本科,2021,就业,东南大学建筑设计研究院有限公司,1
建筑学部,建筑城规学院,本科,2021,就业,云南开发规划设计院,1
建筑学部,建筑城规学院,本科,2021,就业,华蓝设计(集团)有限公司,1
建筑学部,建筑城规学院,本科,2021,出国(境)留学或工作,不列颠哥伦比亚大学,1
建筑学部,建筑城规学院,本科,2021,就业,国网重庆市电力公司,1
建筑学部,建筑城规学院,本科,2021,就业,中国建筑第七工程局有限公司,1
建筑学部,建筑城规学院,本科,2021,就业,浙江绿创新拓建筑规划设计有限公司,1
建筑学部,建筑城规学院,本科,2021,升学,中国传媒大学,1
建筑学部,建筑城规学院,本科,2021,就业,未嗯(重庆)建筑规划设计有限公司,1
建筑学部,建筑城规学院,本科,2021,就业,青岛市建筑设计研究院集团股份有限公司,1
建筑学部,建筑城规学院,本科,2021,就业,重庆纬图景观设计有限公司,1
建筑学部,建筑城规学院,本科,2021,就业,深圳市华阳国际工程设计股份有限公司广州分公司,1
建筑学部,建筑城规学院,本科,2021,就业,昆明市规划设计研究院有限公司,1
建筑学部,建筑城规学院,本科,2021,就业,昆明天华建筑设计有限公司,1
建筑学部,建筑城规学院,本科,2021,就业,杭州久舍营造建筑设计有限公司,1
建筑学部,建筑城规学院,本科,2021,出国(境)留学或工作,康奈尔大学,1
建筑学部,建筑城规学院,本科,2021,出国(境)留学或工作,加州大学伯克利分校,1
建筑学部,建筑城规学院,本科,2021,出国(境)留学或工作,香港中文大学,1
建筑学部,建筑城规学院,本科,2021,就业,重庆蓝调城市景观规划设计有限公司,1
建筑学部,建筑城规学院,本科,2021,就业,深圳市蕾奥规划设计咨询股份有限公司,1
建筑学部,建筑城规学院,本科,2021,就业,华东建筑设计研究院有限公司,1
建筑学部,建筑城规学院,本科,2021,出国(境)留学或工作,曼彻斯特大学,1
建筑学部,建筑城规学院,本科,2021,出国(境)留学或工作,新加坡国立大学,1
建筑学部,建筑城规学院,本科,2021,出国(境)留学或工作,瑞典皇家理工,1
建筑学部,建筑城规学院,本科,2021,就业,广州怡境景观设计有限公司,1
建筑学部,建筑城规学院,本科,2021,就业,成都基准方中建筑设计有限公司,1
建筑学部,建筑城规学院,本科,2021,出国(境)留学或工作,都灵理工大学,1
建筑学部,建筑城规学院,本科,2021,就业,华东建筑设计研究院有限公司重庆西南中心,1
建筑学部,建筑城规学院,本科,2021,就业,中国建筑设计研究院有限公司,1
建筑学部,建筑城规学院,本科,2021,就业,重庆长厦安基建筑设计有限公司,1
建筑学部,建筑城规学院,本科,2021,就业,筑博设计股份有限公司重庆分公司,1
建筑学部,建筑城规学院,本科,2021,出国(境)留学或工作,密歇根大学,1
建筑学部,建筑城规学院,本科,2021,就业,中煤科工重庆设计研究院(集团)有限公司,1
建筑学部,建筑城规学院,本科,2021,就业,中煤科工集团重庆设计研究院(集团)有限公司,1
建筑学部,建筑城规学院,本科,2021,就业,中建五局装饰幕墙有限公司,1
建筑学部,建筑城规学院,本科,2021,就业,恒大地产集团长沙置业有限公司,1
建筑学部,建筑城规学院,本科,2021,就业,厦门中海地产有限公司,1
建筑学部,建筑城规学院,硕士,2021,就业,中国建筑西南设计研究院有限公司,17
建筑学部,建筑城规学院,硕士,2021,选调生,中共成都市委组织部,13
建筑学部,建筑城规学院,硕士,2021,就业,四川省建筑设计研究院有限公司,8
建筑学部,建筑城规学院,硕士,2021,选调生,中共重庆市委组织部,6
建筑学部,建筑城规学院,硕士,2021,就业,浙江省城乡规划设计研究院,5
建筑学部,建筑城规学院,硕士,2021,就业,中国城市规划设计研究院西部分院,5
建筑学部,建筑城规学院,硕士,2021,就业,四川省国土空间规划研究院,4
建筑学部,建筑城规学院,硕士,2021,就业,深圳市城市规划设计研究院有限公司,4
建筑学部,建筑城规学院,硕士,2021,就业,重庆市设计院有限公司,4
建筑学部,建筑城规学院,硕士,2021,就业,杭州市规划设计研究院,3
建筑学部,建筑城规学院,硕士,2021,就业,昆明市规划设计研究院,3
建筑学部,建筑城规学院,硕士,2021,就业,广州市城市规划勘测设计研究院,3
建筑学部,建筑城规学院,硕士,2021,就业,重庆天华建筑设计有限公司,3
建筑学部,建筑城规学院,硕士,2021,就业,中煤科工集团重庆设计研究院有限公司,3
建筑学部,建筑城规学院,硕士,2021,就业,中国建筑西北设计研究院有限公司,2
建筑学部,建筑城规学院,硕士,2021,就业,重庆市风景园林规划研究院,2
建筑学部,建筑城规学院,硕士,2021,就业,山东省城乡规划设计研究院,2
建筑学部,建筑城规学院,硕士,2021,就业,成都市建筑设计研究院,2
建筑学部,建筑城规学院,硕士,2021,就业,香港华艺设计顾问(深圳)有限公司,2
建筑学部,建筑城规学院,硕士,2021,选调生,中国共产党宜宾市委员会组织部,2
建筑学部,建筑城规学院,硕士,2021,就业,重庆大学,2
建筑学部,建筑城规学院,硕士,2021,就业,成都中南世纪房地产开发有限公司,2
建筑学部,建筑城规学院,硕士,2021,就业,旭辉集团股份有限公司,2
建筑学部,建筑城规学院,硕士,2021,就业,中南建筑设计院股份有限公司,2
建筑学部,建筑城规学院,硕士,2021,就业,华东建筑设计研究院有限公司重庆西南中心,2
建筑学部,建筑城规学院,硕士,2021,就业,深圳市蕾奥规划设计咨询股份有限公司,2
建筑学部,建筑城规学院,硕士,2021,就业,同济大学建筑设计研究院(集团)有限公司重庆分公司,2
建筑学部,建筑城规学院,硕士,2021,选调生,中共江西省委组织部,1
建筑学部,建筑城规学院,硕士,2021,选调生,中共乐山市委组织部,1
建筑学部,建筑城规学院,硕士,2021,就业,贵阳市乌当区城乡“三变”改革办公室,1
建筑学部,建筑城规学院,硕士,2021,就业,云南省发展和改革委员会,1
建筑学部,建筑城规学院,硕士,2021,就业,重庆市荣昌区规划和自然资源局,1
建筑学部,建筑城规学院,硕士,2021,就业,重庆市规划设计研究院四川分院,1
建筑学部,建筑城规学院,硕士,2021,就业,河南省城乡规划设计研究总院股份有限公司,1
建筑学部,建筑城规学院,硕士,2021,就业,南昌市城市规划设计研究总院,1
建筑学部,建筑城规学院,硕士,2021,选调生,中共贵州省委组织部,1
建筑学部,建筑城规学院,硕士,2021,选调生,中共绵阳市委组织部,1
建筑学部,建筑城规学院,硕士,2021,就业,北京新航城开发建设有限公司,1
建筑学部,建筑城规学院,硕士,2021,就业,南昌昌城科技有限公司,1
建筑学部,建筑城规学院,硕士,2021,就业,湖南省建筑设计院有限公司,1
建筑学部,建筑城规学院,硕士,2021,就业,成都市国土规划地籍事务中心,1
建筑学部,建筑城规学院,硕士,2021,就业,重庆市规划设计研究院,1
建筑学部,建筑城规学院,硕士,2021,就业,第一太平戴维斯物业顾问(成都)有限公司,1
建筑学部,建筑城规学院,硕士,2021,就业,北规院弘都规划建筑设计研究院有限公司,1
建筑学部,建筑城规学院,硕士,2021,就业,重庆长厦安基建筑设计有限公司,1
建筑学部,建筑城规学院,硕士,2021,就业,陕西洪亮工程设计咨询有限公司,1
建筑学部,建筑城规学院,硕士,2021,就业,成都市武侯区公园城市建设和城市更新局,1
建筑学部,建筑城规学院,硕士,2021,就业,成都市规划设计研究院,1
建筑学部,建筑城规学院,硕士,2021,就业,韩城市自然资源局,1
建筑学部,建筑城规学院,硕士,2021,就业,艾麦欧(上海)建筑设计咨询有限公司,1
建筑学部,建筑城规学院,硕士,2021,就业,重庆飞驶特人力资源管理有限公司,1
建筑学部,建筑城规学院,硕士,2021,就业,长安大学,1
建筑学部,建筑城规学院,硕士,2021,就业,中国建筑第二工程局有限公司西南分公司,1
建筑学部,建筑城规学院,硕士,2021,就业,林同棪国际工程咨询(中国)有限公司,1
建筑学部,建筑城规学院,硕士,2021,就业,成都绿城致嘉建设管理有限公司,1
建筑学部,建筑城规学院,硕士,2021,就业,爱坤(上海)建筑设计有限公司,1
建筑学部,建筑城规学院,硕士,2021,就业,苏州市吴江区土地储备中心,1
建筑学部,建筑城规学院,硕士,2021,就业,国网安徽省电力有限公司经济技术研究院,1
建筑学部,建筑城规学院,硕士,2021,就业,浙江省建筑设计研究院,1
建筑学部,建筑城规学院,硕士,2021,就业,中煤科工重庆设计研究院(集团)有限公司,1
建筑学部,建筑城规学院,硕士,2021,出国(境)留学或工作,都灵理工大学,1
建筑学部,建筑城规学院,硕士,2021,就业,重庆怡置北郡房地产开发有限公司,1
建筑学部,建筑城规学院,硕士,2021,就业,重庆市渝中区规划和自然资源局,1
建筑学部,建筑城规学院,硕士,2021,就业,重庆阳光城企业管理咨询有限公司,1
建筑学部,建筑城规学院,硕士,2021,就业,中铁城市发展投资集团有限公司,1
建筑学部,建筑城规学院,硕士,2021,出国(境)留学或工作,新南威尔士大学,1
建筑学部,建筑城规学院,硕士,2021,就业,重庆城市科技学院,1
建筑学部,建筑城规学院,硕士,2021,就业,华润置地(武汉)有限公司,1
建筑学部,建筑城规学院,硕士,2021,就业,成都市成华区建设工程质量管理服务中心,1
建筑学部,建筑城规学院,硕士,2021,就业,中铁五局集团置业有限公司,1
建筑学部,建筑城规学院,硕士,2021,选调生,中共遵义市委组织部,1
建筑学部,建筑城规学院,硕士,2021,就业,同济大学建筑设计研究院(集团)有限公司,1
建筑学部,建筑城规学院,硕士,2021,就业,杭州蓝曙置业有限公司,1
建筑学部,建筑城规学院,硕士,2021,就业,上海市园林设计研究总院有限公司,1
建筑学部,建筑城规学院,硕士,2021,就业,中国建筑西南设计研究院有限公司重庆院,1
建筑学部,建筑城规学院,硕士,2021,就业,北京构力科技有限公司,1
建筑学部,建筑城规学院,硕士,2021,就业,中国建筑设计研究院有限公司,1
建筑学部,建筑城规学院,硕士,2021,就业,成都瀚置乾越企业管理咨询有限公司,1
建筑学部,建筑城规学院,硕士,2021,就业,河南碧桂园建设工程有限公司,1
建筑学部,建筑城规学院,硕士,2021,就业,苏州苏高新集团有限公司,1
建筑学部,建筑城规学院,硕士,2021,就业,杭州新希望置业有限公司,1
建筑学部,建筑城规学院,硕士,2021,就业,西北农林科技大学,1
建筑学部,建筑城规学院,硕士,2021,就业,中冶赛迪工程技术股份有限公司,1
建筑学部,建筑城规学院,硕士,2021,就业,成都龙湖辰治置业有限公司,1
建筑学部,建筑城规学院,硕士,2021,就业,北京市通州区住房和城乡建设委员会,1
建筑学部,建筑城规学院,硕士,2021,就业,四川省建筑科学研究院有限公司,1
建筑学部,建筑城规学院,硕士,2021,就业,荣盛房地产发展股份有限公司,1
建筑学部,建筑城规学院,硕士,2021,就业,重庆锦腾房地产开发有限公司,1
建筑学部,建筑城规学院,硕士,2021,就业,成都市市政工程设计研究院,1
建筑学部,建筑城规学院,硕士,2021,就业,重庆华宇集团有限公司,1
建筑学部,建筑城规学院,硕士,2021,就业,西安万科企业有限公司,1
建筑学部,建筑城规学院,硕士,2021,就业,贵州省建筑设计研究院有限责任公司,1
建筑学部,建筑城规学院,硕士,2021,就业,中国建筑西南设计研究院有限公司广东分公司,1
建筑学部,建筑城规学院,硕士,2021,就业,重庆招商依城房地产开发有限公司,1
建筑学部,建筑城规学院,硕士,2021,就业,新疆中海地产有限公司,1
建筑学部,建筑城规学院,硕士,2021,就业,上海天华建筑设计有限公司,1
建筑学部,建筑城规学院,硕士,2021,就业,湖南省建筑设计院集团有限公司,1
建筑学部,建筑城规学院,硕士,2021,就业,成都新希望置业有限公司,1
建筑学部,建筑城规学院,硕士,2021,就业,南宁金万昌企业管理有限公司,1
建筑学部,建筑城规学院,硕士,2021,就业,保利(成都)实业有限公司,1
建筑学部,建筑城规学院,硕士,2021,就业,昆明市建筑设计研究院股份有限公司,1
建筑学部,建筑城规学院,硕士,2021,就业,河北雄安新区党工委管委会党群工作部,1
建筑学部,建筑城规学院,硕士,2021,就业,深圳市龙岗区市政园林工程建设管理中心,1
建筑学部,建筑城规学院,硕士,2021,就业,信息产业电子第十一设计研究院科技工程股份有限公司,1
建筑学部,建筑城规学院,硕士,2021,选调生,怒江傈僳族自治州财政局,1
建筑学部,建筑城规学院,硕士,2021,升学,厦门大学,1
建筑学部,建筑城规学院,硕士,2021,就业,贵州中贵环保科技有限公司,1
建筑学部,建筑城规学院,硕士,2021,就业,北京市城市规划设计研究院,1
建筑学部,建筑城规学院,硕士,2021,就业,中共深圳市南山区委组织部,1
建筑学部,建筑城规学院,硕士,2021,升学,东南大学,1
建筑学部,建筑城规学院,硕士,2021,就业,北方工程设计研究院有限公司,1
建筑学部,建筑城规学院,硕士,2021,就业,绍兴市发展规划研究院,1
建筑学部,建筑城规学院,硕士,2021,就业,武汉市规划研究院,1
建筑学部,建筑城规学院,硕士,2021,就业,北京三快在线科技有限公司,1
建筑学部,建筑城规学院,硕士,2021,就业,涪陵区规划和自然资源局,1
建筑学部,建筑城规学院,硕士,2021,就业,山西省城乡规划设计研究院工程设计中心,1
建筑学部,建筑城规学院,硕士,2021,就业,郑州大学,1
建筑学部,建筑城规学院,硕士,2021,就业,湖北中新人力资源开发有限公司,1
建筑学部,建筑城规学院,硕士,2021,就业,国家税务总局珠海市税务局,1
建筑学部,建筑城规学院,硕士,2021,就业,美的置业集团有限公司,1
建筑学部,建筑城规学院,硕士,2021,就业,广州万科企业有限公司,1
建筑学部,建筑城规学院,硕士,2021,就业,深圳市奥园实业发展有限公司,1
建筑学部,建筑城规学院,硕士,2021,就业,重庆道合园林景观规划设计有限公司,1
建筑学部,建筑城规学院,硕士,2021,就业,重庆市江津区万达房地产开发有限公司,1
建筑学部,建筑城规学院,硕士,2021,就业,重庆龙湖地产发展有限公司,1
建筑学部,建筑城规学院,博士,2021,就业,国药集团重庆医药设计院有限公司,1
建筑学部,建筑城规学院,博士,2021,就业,成都理工大学,1
建筑学部,建筑城规学院,博士,2021,选调生,福建省人民政府办公厅,1
建筑学部,建筑城规学院,博士,2021,就业,重庆交通大学,1
建筑学部,建筑城规学院,博士,2021,升学,重庆大学,1
建筑学部,建筑城规学院,博士,2021,就业,广州美术学院,1
建筑学部,建筑城规学院,博士,2021,就业,四川美术学院,1
建筑学部,建筑城规学院,博士,2021,选调生,中共重庆市委组织部,1
建筑学部,建筑城规学院,博士,2021,就业,成都市市级机关国有资产管理服务中心,1
建筑学部,建筑城规学院,博士,2021,选调生,中共成都市委组织部,1
建筑学部,建筑城规学院,博士,2021,就业,福建工程学院,1
建筑学部,建筑城规学院,本科,2022,升学,重庆大学,33
建筑学部,建筑城规学院,本科,2022,升学,东南大学,22
建筑学部,建筑城规学院,本科,2022,升学,同济大学,15
建筑学部,建筑城规学院,本科,2022,就业,中国建筑西南设计研究院有限公司,14
建筑学部,建筑城规学院,本科,2022,升学,天津大学,8
建筑学部,建筑城规学院,本科,2022,就业,中机中联工程有限公司,4
建筑学部,建筑城规学院,本科,2022,出国(境)留学或工作,伦敦大学学院,4
建筑学部,建筑城规学院,本科,2022,出国(境)留学或工作,新加坡国立大学,3
建筑学部,建筑城规学院,本科,2022,升学,清华大学,3
建筑学部,建筑城规学院,本科,2022,出国(境)留学或工作,代尔夫特理工大学,3
建筑学部,建筑城规学院,本科,2022,出国(境)留学或工作,香港大学,3
建筑学部,建筑城规学院,本科,2022,就业,广州市设计院集团有限公司,2
建筑学部,建筑城规学院,本科,2022,升学,华南理工大学,2
建筑学部,建筑城规学院,本科,2022,升学,上海交通大学,2
建筑学部,建筑城规学院,本科,2022,出国(境)留学或工作,香港中文大学,2
建筑学部,建筑城规学院,本科,2022,就业,浙江绿城建筑设计有限公司重庆分公司,2
建筑学部,建筑城规学院,本科,2022,出国(境)留学或工作,米兰理工大学,2
建筑学部,建筑城规学院,本科,2022,就业,云南省设计院集团有限公司,2
建筑学部,建筑城规学院,本科,2022,就业,湖南省建筑设计院集团股份有限公司,2
建筑学部,建筑城规学院,本科,2022,就业,深圳市城市规划设计研究院有限公司,2
建筑学部,建筑城规学院,本科,2022,出国(境)留学或工作,谢菲尔德大学,2
建筑学部,建筑城规学院,本科,2022,出国(境)留学或工作,宾夕法尼亚大学,2
建筑学部,建筑城规学院,本科,2022,升学,南京大学,2
建筑学部,建筑城规学院,本科,2022,升学,电子科技大学,1
建筑学部,建筑城规学院,本科,2022,选调生,昆明阳宗海风景名胜区管理委员会,1
建筑学部,建筑城规学院,本科,2022,出国(境)留学或工作,曼彻斯特建筑学院,1
建筑学部,建筑城规学院,本科,2022,升学,北京大学,1
建筑学部,建筑城规学院,本科,2022,就业,上海睿风建筑设计咨询有限公司,1
建筑学部,建筑城规学院,本科,2022,选调生,深圳市南山区桃园街道办事处,1
建筑学部,建筑城规学院,本科,2022,就业,石龙镇人民政府,1
建筑学部,建筑城规学院,本科,2022,出国(境)留学或工作,都灵理工大学,1
建筑学部,建筑城规学院,本科,2022,出国(境)留学或工作,东京大学,1
建筑学部,建筑城规学院,本科,2022,就业,上海天华园林景观有限公司,1
建筑学部,建筑城规学院,本科,2022,就业,广西壮族自治区城乡规划设计院,1
建筑学部,建筑城规学院,本科,2022,出国(境)留学或工作,香港城市大学,1
建筑学部,建筑城规学院,本科,2022,就业,中国建筑西南设计研究院有限公司济南分公司,1
建筑学部,建筑城规学院,本科,2022,升学,中国科学院声学研究所,1
建筑学部,建筑城规学院,本科,2022,就业,四川省建筑设计研究院有限公司,1
建筑学部,建筑城规学院,本科,2022,出国(境)留学或工作,弗吉尼亚大学,1
建筑学部,建筑城规学院,本科,2022,就业,深圳市城市规划设计研究院有限公司上海分公司,1
建筑学部,建筑城规学院,本科,2022,选调生,中共重庆市永川区组织部,1
建筑学部,建筑城规学院,本科,2022,升学,中国人民大学,1
建筑学部,建筑城规学院,本科,2022,就业,上海建筑科学研究院有限公司,1
建筑学部,建筑城规学院,本科,2022,就业,中国建筑股份有限公司海拓工程分公司,1
建筑学部,建筑城规学院,本科,2022,出国(境)留学或工作,格拉斯哥美术学院,1
建筑学部,建筑城规学院,本科,2022,就业,华东建筑设计研究院有限公司重庆分公司,1
建筑学部,建筑城规学院,本科,2022,升学,哈尔滨工业大学,1
建筑学部,建筑城规学院,本科,2022,选调生,中国共产党毕节市委员会组织部,1
建筑学部,建筑城规学院,本科,2022,出国(境)留学或工作,墨尔本大学,1
建筑学部,建筑城规学院,本科,2022,升学,西南政法大学,1
建筑学部,建筑城规学院,本科,2022,就业,北京三快在线科技有限公司,1
建筑学部,建筑城规学院,本科,2022,选调生,中共天津市宁河区委组织部,1
建筑学部,建筑城规学院,本科,2022,升学,中国科学技术大学,1
建筑学部,建筑城规学院,本科,2022,出国(境)留学或工作,爱丁堡大学,1
建筑学部,建筑城规学院,本科,2022,出国(境)留学或工作,建筑联盟学院,1
建筑学部,建筑城规学院,本科,2022,升学,浙江大学,1
建筑学部,建筑城规学院,本科,2022,就业,柏涛建筑设计(深圳)有限公司,1
建筑学部,建筑城规学院,本科,2022,志愿服务西部计划,北京立德未来助学公益基金会,1
建筑学部,建筑城规学院,本科,2022,就业,上海联创设计集团股份有限公司,1
建筑学部,建筑城规学院,本科,2022,就业,中国电子系统工程第二建设有限公司,1
建筑学部,建筑城规学院,本科,2022,选调生,元阳县财政局,1
建筑学部,建筑城规学院,本科,2022,选调生,中共青海省委组织部,1
建筑学部,建筑城规学院,本科,2022,出国(境)留学或工作,格拉斯哥大学,1
建筑学部,建筑城规学院,本科,2022,就业,重庆市设计院有限公司,1
建筑学部,建筑城规学院,本科,2022,就业,新疆生产建设兵团建工设计研究院有限责任公司,1
建筑学部,建筑城规学院,本科,2022,就业,中联西北工程设计研究院有限公司,1
建筑学部,建筑城规学院,本科,2022,就业,数字广东网络建设有限公司,1
建筑学部,建筑城规学院,本科,2022,就业,中冶赛迪集团有限公司,1
建筑学部,建筑城规学院,本科,2022,就业,公诚管理咨询有限公司,1
建筑学部,建筑城规学院,本科,2022,就业,大数智城(上海)建筑规划设计咨询有限公司,1
建筑学部,建筑城规学院,本科,2022,出国(境)留学或工作,曼彻斯特大学,1
建筑学部,建筑城规学院,硕士,2022,就业,中国建筑西南设计研究院有限公司,30
建筑学部,建筑城规学院,硕士,2022,选调生,中共成都市委组织部,11
建筑学部,建筑城规学院,硕士,2022,就业,四川省建筑设计研究院有限公司,9
建筑学部,建筑城规学院,硕士,2022,就业,重庆市规划设计研究院,8
建筑学部,建筑城规学院,硕士,2022,升学,重庆大学,6
建筑学部,建筑城规学院,硕士,2022,就业,湖南省建筑设计院集团有限公司,5
建筑学部,建筑城规学院,硕士,2022,就业,中国城市规划设计研究院西部分院,4
建筑学部,建筑城规学院,硕士,2022,就业,成都设计咨询集团有限公司,4
建筑学部,建筑城规学院,硕士,2022,就业,重庆市设计院有限公司,4
建筑学部,建筑城规学院,硕士,2022,就业,江苏省城市规划设计研究院有限公司,3
建筑学部,建筑城规学院,硕士,2022,就业,林同棪国际工程咨询(中国)有限公司,3
建筑学部,建筑城规学院,硕士,2022,就业,中机中联工程有限公司,3
建筑学部,建筑城规学院,硕士,2022,就业,广州市城市规划勘测设计研究院,3
建筑学部,建筑城规学院,硕士,2022,就业,重庆龙湖地产发展有限公司,3
建筑学部,建筑城规学院,硕士,2022,选调生,中共重庆市委组织部,3
建筑学部,建筑城规学院,硕士,2022,选调生,中国共产党重庆市委员会组织部,3
建筑学部,建筑城规学院,硕士,2022,就业,四川省国土空间规划研究院,2
建筑学部,建筑城规学院,硕士,2022,就业,上海市城市建设设计研究总院(集团)有限公司,2
建筑学部,建筑城规学院,硕士,2022,就业,昆明市规划设计研究院有限公司,2
建筑学部,建筑城规学院,硕士,2022,就业,成都市规划设计研究院,2
建筑学部,建筑城规学院,硕士,2022,就业,中国建筑第二工程局有限公司西南分公司,2
建筑学部,建筑城规学院,硕士,2022,就业,深圳市城市规划设计研究院有限公司,2
建筑学部,建筑城规学院,硕士,2022,就业,中共曲靖市委组织部,2
建筑学部,建筑城规学院,硕士,2022,就业,江苏省城市规划设计研究院有限公司成都西部区域总部,2
建筑学部,建筑城规学院,硕士,2022,就业,浙江省建筑设计研究院,2
建筑学部,建筑城规学院,硕士,2022,选调生,中国共产党内江市委员会组织部,1
建筑学部,建筑城规学院,硕士,2022,选调生,中共黔东南州委组织部,1
建筑学部,建筑城规学院,硕士,2022,就业,福建省建筑设计研究院有限公司,1
建筑学部,建筑城规学院,硕士,2022,就业,中建海龙科技有限公司,1
建筑学部,建筑城规学院,硕士,2022,就业,建发房地产集团成都有限公司,1
建筑学部,建筑城规学院,硕士,2022,就业,安徽省建筑设计研究总院股份有限公司,1
建筑学部,建筑城规学院,硕士,2022,选调生,中国共产党扬州市委组织部,1
建筑学部,建筑城规学院,硕士,2022,就业,清华大学建筑建筑设计研究院有限公司广州分公司,1
建筑学部,建筑城规学院,硕士,2022,就业,西南技术物理研究所,1
建筑学部,建筑城规学院,硕士,2022,选调生,中国共产党遂宁市委员会组织部,1
建筑学部,建筑城规学院,硕士,2022,就业,中铁开发投资集团有限公司,1
建筑学部,建筑城规学院,硕士,2022,就业,四川大学,1
建筑学部,建筑城规学院,硕士,2022,就业,中国电子工程设计院有限公司,1
建筑学部,建筑城规学院,硕士,2022,就业,南阳市自然资源和规划局,1
建筑学部,建筑城规学院,硕士,2022,就业,广州快决测信息科技有限公司上海分公司,1
建筑学部,建筑城规学院,硕士,2022,就业,北京市弘都城市规划建筑设计院,1
建筑学部,建筑城规学院,硕士,2022,就业,成都龙湖物业服务有限公司,1
建筑学部,建筑城规学院,硕士,2022,就业,深圳市中兴新云服务有限公司,1
建筑学部,建筑城规学院,硕士,2022,就业,彭水县规划服务中心,1
建筑学部,建筑城规学院,硕士,2022,就业,中建集成建筑有限公司,1
建筑学部,建筑城规学院,硕士,2022,就业,保利(重庆)投资实业有限公司,1
建筑学部,建筑城规学院,硕士,2022,就业,江津区经济信息咨询中心,1
建筑学部,建筑城规学院,硕士,2022,就业,华东建筑设计研究院有限公司,1
建筑学部,建筑城规学院,硕士,2022,就业,中建科技有限公司四川分公司,1
建筑学部,建筑城规学院,硕士,2022,就业,射阳县自然资源和规划局,1
建筑学部,建筑城规学院,硕士,2022,就业,徐州市规划设计院有限公司,1
建筑学部,建筑城规学院,硕士,2022,就业,济南泰瑞房地产开发有限公司,1
建筑学部,建筑城规学院,硕士,2022,选调生,中共贵阳市委组织部,1
建筑学部,建筑城规学院,硕士,2022,就业,重庆市规划和自然资源局,1
建筑学部,建筑城规学院,硕士,2022,就业,中建苏高设计咨询有限公司,1
建筑学部,建筑城规学院,硕士,2022,就业,重庆国际投资咨询集团有限公司,1
建筑学部,建筑城规学院,硕士,2022,就业,浙江江南工程管理股份有限公司,1
建筑学部,建筑城规学院,硕士,2022,就业,浙江绿城建筑设计有限公司重庆分公司,1
建筑学部,建筑城规学院,硕士,2022,就业,綦江区规划和自然资源局,1
建筑学部,建筑城规学院,硕士,2022,就业,成都市金牛区人力资源和社会保障局,1
建筑学部,建筑城规学院,硕士,2022,就业,广东省城乡规划设计研究院有限责任公司,1
建筑学部,建筑城规学院,硕士,2022,就业,湖南湘江新区发展集团有限公司,1
建筑学部,建筑城规学院,硕士,2022,就业,浙江省城乡规划设计研究院,1
建筑学部,建筑城规学院,硕士,2022,就业,中国市政工程西南设计研究总院有限公司,1
建筑学部,建筑城规学院,硕士,2022,就业,愿景明德(北京)控股集团有限公司,1
建筑学部,建筑城规学院,硕士,2022,就业,重庆招商依城房地产开发有限公司,1
建筑学部,建筑城规学院,硕士,2022,就业,同济大学建筑设计研究院(集团)有限公司成都分公司,1
建筑学部,建筑城规学院,硕士,2022,选调生,中国共产党雅安市委员会组织部,1
建筑学部,建筑城规学院,硕士,2022,就业,中国建筑第八工程局有限公司西南分公司,1
建筑学部,建筑城规学院,硕士,2022,选调生,中共黔南州委组织部,1
建筑学部,建筑城规学院,硕士,2022,选调生,屏边苗族自治县统计局,1
建筑学部,建筑城规学院,硕士,2022,就业,同济大学建筑设计研究院(集团)有限公司重庆分公司,1
建筑学部,建筑城规学院,硕士,2022,就业,天津中建国际工程设计有限公司,1
建筑学部,建筑城规学院,硕士,2022,就业,重庆绘聚四方艺术培训有限公司,1
建筑学部,建筑城规学院,硕士,2022,就业,建科环能科技有限公司,1
建筑学部,建筑城规学院,硕士,2022,就业,中南建筑设计院股份有限公司,1
建筑学部,建筑城规学院,硕士,2022,就业,江苏省城镇化和城乡规划研究中心,1
建筑学部,建筑城规学院,硕士,2022,就业,福建连江经济开发区管理委员会,1
建筑学部,建筑城规学院,硕士,2022,就业,复地(集团)股份有限公司,1
建筑学部,建筑城规学院,硕士,2022,就业,武汉市规划研究院,1
建筑学部,建筑城规学院,硕士,2022,就业,北京市通州区发展和改革委员会,1
建筑学部,建筑城规学院,硕士,2022,就业,苏州交通投资集团有限责任公司,1
建筑学部,建筑城规学院,硕士,2022,就业,中铁二院工程集团有限责任公司,1
建筑学部,建筑城规学院,硕士,2022,就业,中铁建设集团北京工程有限公司,1
建筑学部,建筑城规学院,硕士,2022,就业,北京市建筑设计研究院有限公司,1
建筑学部,建筑城规学院,硕士,2022,就业,携程旅游信息技术(上海)有限公司,1
建筑学部,建筑城规学院,硕士,2022,升学,同济大学,1
建筑学部,建筑城规学院,硕士,2022,选调生,中共六盘水市委组织部,1
建筑学部,建筑城规学院,硕士,2022,就业,东莞市城建规划设计院,1
建筑学部,建筑城规学院,硕士,2022,选调生,中国共产党广西壮族自治区委员会组织部,1
建筑学部,建筑城规学院,硕士,2022,选调生,中国共产党广安市委员会组织部,1
建筑学部,建筑城规学院,硕士,2022,选调生,中共江西省委组织部,1
建筑学部,建筑城规学院,硕士,2022,就业,中铁第四勘察设计院集团有限公司,1
建筑学部,建筑城规学院,硕士,2022,就业,北京清控人居光电研究院有限公司,1
建筑学部,建筑城规学院,硕士,2022,就业,远景动力技术(江苏)有限公司,1
建筑学部,建筑城规学院,硕士,2022,就业,保利华南实业有限公司,1
建筑学部,建筑城规学院,硕士,2022,选调生,江苏省委组织部,1
建筑学部,建筑城规学院,硕士,2022,就业,成都天府新区投资集团有限公司,1
建筑学部,建筑城规学院,博士,2022,选调生,中共重庆市委组织部,1
建筑学部,建筑城规学院,博士,2022,就业,内江师范学院,1
建筑学部,建筑城规学院,博士,2022,就业,四川美术学院,1
建筑学部,建筑城规学院,博士,2022,就业,湖南师范大学,1
建筑学部,建筑城规学院,博士,2022,就业,江苏科技大学,1
建筑学部,建筑城规学院,本科,2023,升学,东南大学,29
建筑学部,建筑城规学院,本科,2023,升学,重庆大学,26
建筑学部,建筑城规学院,本科,2023,升学,同济大学,15
建筑学部,建筑城规学院,本科,2023,升学,天津大学,7
建筑学部,建筑城规学院,本科,2023,出国(境)留学或工作,伦敦大学学院,5
建筑学部,建筑城规学院,本科,2023,出国(境)留学或工作,新加坡国立大学,4
建筑学部,建筑城规学院,本科,2023,升学,浙江大学,3
建筑学部,建筑城规学院,本科,2023,出国(境)留学或工作,宾夕法尼亚大学,3
建筑学部,建筑城规学院,本科,2023,出国(境)留学或工作,香港大学,3
建筑学部,建筑城规学院,本科,2023,就业,基准方中建筑设计股份有限公司,2
建筑学部,建筑城规学院,本科,2023,就业,中国建筑西南设计研究院有限公司,2
建筑学部,建筑城规学院,本科,2023,就业,中国建筑西南设计研究院有限公司重庆分院,2
建筑学部,建筑城规学院,本科,2023,升学,华南理工大学,2
建筑学部,建筑城规学院,本科,2023,就业,中建科工集团有限公司,2
建筑学部,建筑城规学院,本科,2023,就业,深圳市华阳国际工程设计股份有限公司,2
建筑学部,建筑城规学院,本科,2023,就业,成都市建筑设计研究院有限公司,2
建筑学部,建筑城规学院,本科,2023,就业,广州市设计院集团有限公司,1
建筑学部,建筑城规学院,本科,2023,就业,中建深圳装饰有限公司,1
建筑学部,建筑城规学院,本科,2023,就业,中机国际工程设计研究院有限责任公司,1
建筑学部,建筑城规学院,本科,2023,选调生,深圳市福田区园岭街道办事处,1
建筑学部,建筑城规学院,本科,2023,就业,巴南区,1
建筑学部,建筑城规学院,本科,2023,就业,比亚迪股份有限公司,1
建筑学部,建筑城规学院,本科,2023,升学,哈尔滨工业大学,1
建筑学部,建筑城规学院,本科,2023,就业,国核电力规划设计研究院有限公司,1
建筑学部,建筑城规学院,本科,2023,出国(境)留学或工作,曼彻斯特建筑学院,1
建筑学部,建筑城规学院,本科,2023,升学,昆明理工大学,1
建筑学部,建筑城规学院,本科,2023,就业,长寿区城乡规划服务中心,1
建筑学部,建筑城规学院,本科,2023,出国(境)留学或工作,哈佛大学,1
建筑学部,建筑城规学院,本科,2023,志愿服务西部计划,西部计划北碚区地方项目,1
建筑学部,建筑城规学院,本科,2023,就业,南昌轨道交通集团有限公司,1
建筑学部,建筑城规学院,本科,2023,就业,南宁市横州市自然资源局,1
建筑学部,建筑城规学院,本科,2023,就业,上海隧道工程有限公司,1
建筑学部,建筑城规学院,本科,2023,就业,上海联创设计集团股份有限公司重庆分公司,1
建筑学部,建筑城规学院,本科,2023,就业,中国民用航空西南地区空中交通管理局,1
建筑学部,建筑城规学院,本科,2023,就业,中国建筑股份有限公司国际工程分公司,1
建筑学部,建筑城规学院,本科,2023,就业,浙江天猫技术有限公司,1
建筑学部,建筑城规学院,本科,2023,志愿服务西部计划,北京立德未来助学公益基金会,1
建筑学部,建筑城规学院,本科,2023,就业,深圳市蕾奥规划设计咨询股份有限公司,1
建筑学部,建筑城规学院,本科,2023,志愿服务西部计划,重庆市江北区人民政府观音桥街道办事处,1
建筑学部,建筑城规学院,本科,2023,就业,四川省建筑科学研究院有限公司,1
建筑学部,建筑城规学院,本科,2023,就业,四川省建筑设计研究院有限公司,1
建筑学部,建筑城规学院,本科,2023,就业,同济大学建筑设计研究院(集团)有限公司,1
建筑学部,建筑城规学院,本科,2023,就业,兰州现代职业学院,1
建筑学部,建筑城规学院,本科,2023,就业,中建三局集团有限公司西南分公司,1
建筑学部,建筑城规学院,本科,2023,就业,中建一局集团建设发展有限公司,1
建筑学部,建筑城规学院,本科,2023,升学,中央美术学院,1
建筑学部,建筑城规学院,本科,2023,就业,中铁城市规划设计研究院有限公司,1
建筑学部,建筑城规学院,本科,2023,出国(境)留学或工作,墨尔本大学,1
建筑学部,建筑城规学院,本科,2023,升学,清华大学,1
建筑学部,建筑城规学院,本科,2023,就业,中国建筑第八工程局有限公司西南分公司,1
建筑学部,建筑城规学院,本科,2023,升学,北京建筑大学,1
建筑学部,建筑城规学院,本科,2023,就业,广西工业设计集团有限公司,1
建筑学部,建筑城规学院,本科,2023,选调生,中共黔东南州委组织部(黔东南州公务员局),1
建筑学部,建筑城规学院,本科,2023,出国(境)留学或工作,哥伦比亚大学,1
建筑学部,建筑城规学院,本科,2023,就业,杭州高新人力资源服务有限公司,1
建筑学部,建筑城规学院,本科,2023,就业,上海奉贤发展(集团)有限公司,1
建筑学部,建筑城规学院,本科,2023,就业,香港华艺设计顾问(深圳)有限公司,1
建筑学部,建筑城规学院,本科,2023,志愿服务西部计划,重庆市北碚区静观镇人民政府,1
建筑学部,建筑城规学院,本科,2023,就业,珠海市规划设计研究院,1
建筑学部,建筑城规学院,本科,2023,升学,北京体育大学,1
建筑学部,建筑城规学院,本科,2023,就业,北京达佳互联信息技术有限公司,1
建筑学部,建筑城规学院,本科,2023,就业,中建国际建设有限公司,1
建筑学部,建筑城规学院,本科,2023,就业,中南建筑设计院股份有限公司,1
建筑学部,建筑城规学院,本科,2023,就业,重庆飞驶特人力资源管理有限公司,1
建筑学部,建筑城规学院,本科,2023,出国(境)留学或工作,香港城市大学,1
建筑学部,建筑城规学院,本科,2023,就业,深圳市城市规划设计研究院股份有限公司,1
建筑学部,建筑城规学院,本科,2023,就业,北碚区城市管理综合行政执法支队,1
建筑学部,建筑城规学院,本科,2023,就业,中建三局集团(深圳)有限公司,1
建筑学部,建筑城规学院,本科,2023,就业,江苏天奇工程设计研究院有限公司,1
建筑学部,建筑城规学院,本科,2023,升学,南京大学,1
建筑学部,建筑城规学院,本科,2023,就业,中信建筑设计研究总院有限公司,1
建筑学部,建筑城规学院,本科,2023,升学,香港中文大学(深圳),1
建筑学部,建筑城规学院,本科,2023,就业,中国建筑西南设计研究院有限公司苏南分院,1
建筑学部,建筑城规学院,本科,2023,就业,同济大学建筑设计研究院(集团)有限公司重庆分公司,1
建筑学部,建筑城规学院,本科,2023,出国(境)留学或工作,代尔夫特理工大学,1
建筑学部,建筑城规学院,本科,2023,就业,中建五局第四建设有限公司,1
建筑学部,建筑城规学院,本科,2023,出国(境)留学或工作,香港中文大学,1
建筑学部,建筑城规学院,本科,2023,就业,上海理想汽车科技有限公司,1
建筑学部,建筑城规学院,本科,2023,出国(境)留学或工作,慕尼黑工业大学,1
建筑学部,建筑城规学院,本科,2023,就业,青田县城市投资发展有限公司,1
建筑学部,建筑城规学院,本科,2023,就业,中国建筑第二工程局有限公司西南分公司,1
建筑学部,建筑城规学院,本科,2023,选调生,中共成都市委组织部,1
建筑学部,建筑城规学院,硕士,2023,就业,中国建筑西南设计研究院有限公司,20
建筑学部,建筑城规学院,硕士,2023,选调生,中共成都市委组织部,8
建筑学部,建筑城规学院,硕士,2023,就业,重庆市规划设计研究院,6
建筑学部,建筑城规学院,硕士,2023,选调生,中共重庆市委组织部,6
建筑学部,建筑城规学院,硕士,2023,就业,四川省建筑设计研究院有限公司,4
建筑学部,建筑城规学院,硕士,2023,就业,中国城市规划设计研究院西部分院,3
建筑学部,建筑城规学院,硕士,2023,就业,江苏省城市规划设计研究院有限公司,3
建筑学部,建筑城规学院,硕士,2023,选调生,中共眉山市委组织部,3
建筑学部,建筑城规学院,硕士,2023,就业,中国建筑西北设计研究院有限公司,3
建筑学部,建筑城规学院,硕士,2023,就业,贵阳市城乡规划设计研究院,2
建筑学部,建筑城规学院,硕士,2023,就业,厦门市城市规划设计研究院有限公司,2
建筑学部,建筑城规学院,硕士,2023,出国(境)留学或工作,东京大学,2
建筑学部,建筑城规学院,硕士,2023,就业,四川省国土空间规划研究院,2
建筑学部,建筑城规学院,硕士,2023,就业,广州市城市规划勘测设计研究院,2
建筑学部,建筑城规学院,硕士,2023,就业,中国市政工程中南设计研究总院有限公司,2
建筑学部,建筑城规学院,硕士,2023,就业,重庆市设计院有限公司,2
建筑学部,建筑城规学院,硕士,2023,升学,同济大学,2
建筑学部,建筑城规学院,硕士,2023,就业,成都市建筑设计研究院有限公司,2
建筑学部,建筑城规学院,硕士,2023,就业,长沙市规划勘测设计研究院,1
建筑学部,建筑城规学院,硕士,2023,就业,宜宾市叙州区住房和城乡建设局,1
建筑学部,建筑城规学院,硕士,2023,选调生,中共遵义市委组织部,1
建筑学部,建筑城规学院,硕士,2023,出国(境)留学或工作,杜伦大学,1
建筑学部,建筑城规学院,硕士,2023,就业,中国共产党青岛市崂山区委员会组织部,1
建筑学部,建筑城规学院,硕士,2023,就业,福州市规划设计研究院集团有限公司,1
建筑学部,建筑城规学院,硕士,2023,就业,青岛市自然资源和规划局市北分局,1
建筑学部,建筑城规学院,硕士,2023,就业,中机十院国际工程有限公司,1
建筑学部,建筑城规学院,硕士,2023,就业,中国市政工程西南设计研究总院有限公司,1
建筑学部,建筑城规学院,硕士,2023,就业,成都市规划设计研究院,1
建筑学部,建筑城规学院,硕士,2023,就业,中国城市规划设计研究院上海分院,1
建筑学部,建筑城规学院,硕士,2023,选调生,中国共产党重庆市委员会组织部,1
建筑学部,建筑城规学院,硕士,2023,就业,浙江雷博人力资源开发有限公司,1
建筑学部,建筑城规学院,硕士,2023,选调生,宜宾市自然资源和规划局,1
建筑学部,建筑城规学院,硕士,2023,选调生,中国共产党广安市委员会组织部,1
建筑学部,建筑城规学院,硕士,2023,就业,云南洱源县邓川工业园区管理委员会,1
建筑学部,建筑城规学院,硕士,2023,选调生,玉溪市自然资源和规划局,1
建筑学部,建筑城规学院,硕士,2023,就业,中建一局集团第二建筑有限公司,1
建筑学部,建筑城规学院,硕士,2023,就业,北规院弘都规划建筑设计研究院有限公司,1
建筑学部,建筑城规学院,硕士,2023,就业,贵州省建筑设计研究院有限责任公司,1
建筑学部,建筑城规学院,硕士,2023,选调生,云南省住房和城乡建设厅,1
建筑学部,建筑城规学院,硕士,2023,就业,重庆市涪陵区规划和自然资源局,1
建筑学部,建筑城规学院,硕士,2023,就业,山西交通科学研究院集团有限公司,1
建筑学部,建筑城规学院,硕士,2023,就业,山东省建筑科学研究院有限公司,1
建筑学部,建筑城规学院,硕士,2023,就业,湖南省建筑设计院集团股份有限公司,1
建筑学部,建筑城规学院,硕士,2023,升学,东南大学,1
建筑学部,建筑城规学院,硕士,2023,就业,nan,1
建筑学部,建筑城规学院,硕士,2023,就业,中国铁路设计集团有限公司,1
建筑学部,建筑城规学院,硕士,2023,就业,远景睿泰动力技术(上海)有限公司,1
建筑学部,建筑城规学院,硕士,2023,升学,重庆大学,1
建筑学部,建筑城规学院,硕士,2023,就业,重庆市北碚区东阳街道办,1
建筑学部,建筑城规学院,硕士,2023,就业,广州中望龙腾软件股份有限公司武汉分公司,1
建筑学部,建筑城规学院,硕士,2023,就业,中国建筑股份有限公司海拓工程分公司,1
建筑学部,建筑城规学院,硕士,2023,就业,成都市工程咨询有限公司,1
建筑学部,建筑城规学院,硕士,2023,就业,中建八局华中建设有限公司,1
建筑学部,建筑城规学院,硕士,2023,就业,中国建筑西南设计研究院有限公司深圳分公司,1
建筑学部,建筑城规学院,硕士,2023,就业,贵州电子信息职业技术学院,1
建筑学部,建筑城规学院,硕士,2023,就业,四川省文物考古研究院,1
建筑学部,建筑城规学院,硕士,2023,就业,广东省城乡规划设计研究院有限责任公司,1
建筑学部,建筑城规学院,硕士,2023,就业,浙江大学建筑设计研究院有限公司,1
建筑学部,建筑城规学院,硕士,2023,选调生,成都市武侯区人民政府,1
建筑学部,建筑城规学院,硕士,2023,就业,华东建筑设计研究院有限公司重庆分公司,1
建筑学部,建筑城规学院,硕士,2023,就业,中建一局集团建设发展有限公司,1
建筑学部,建筑城规学院,硕士,2023,就业,浙江省建筑设计研究院,1
建筑学部,建筑城规学院,硕士,2023,选调生,中国共产党宜宾市委员会组织部,1
建筑学部,建筑城规学院,硕士,2023,就业,中铁四院集团西南勘察设计有限公司,1
建筑学部,建筑城规学院,硕士,2023,选调生,运城市发展和改革委员会(运城市粮食和物资储备局),1
建筑学部,建筑城规学院,硕士,2023,就业,华东建筑设计研究院有限公司,1
建筑学部,建筑城规学院,硕士,2023,就业,中国共产党天津市北辰区委员会组织部,1
建筑学部,建筑城规学院,硕士,2023,就业,清华大学建筑设计研究院有限公司,1
建筑学部,建筑城规学院,硕士,2023,就业,林同棪国际工程咨询(中国)有限公司,1
建筑学部,建筑城规学院,硕士,2023,选调生,中共金华市婺城区委组织部,1
建筑学部,建筑城规学院,硕士,2023,就业,福州市名城古厝设计院有限公司,1
建筑学部,建筑城规学院,硕士,2023,就业,中铁第四勘察设计院集团有限公司,1
建筑学部,建筑城规学院,硕士,2023,就业,湖北联投集团有限公司,1
建筑学部,建筑城规学院,硕士,2023,就业,成都思纳誉联建筑设计有限公司,1
建筑学部,建筑城规学院,硕士,2023,选调生,中国共产党重庆市委组织部,1
建筑学部,建筑城规学院,硕士,2023,就业,广西华景城建筑设计有限公司重庆分公司,1
建筑学部,建筑城规学院,硕士,2023,选调生,中国共产党内江市委员会组织部,1
建筑学部,建筑城规学院,硕士,2023,就业,成都招商天府置业投资有限公司,1
建筑学部,建筑城规学院,硕士,2023,就业,上海英雄互娱网络科技有限公司杭州分公司,1
建筑学部,建筑城规学院,硕士,2023,就业,中国联合工程有限公司,1
建筑学部,建筑城规学院,硕士,2023,就业,中建西南院总承包工程有限公司,1
建筑学部,建筑城规学院,硕士,2023,选调生,中共绵阳市委组织部,1
建筑学部,建筑城规学院,硕士,2023,就业,广东省建筑设计研究院有限公司,1
建筑学部,建筑城规学院,硕士,2023,就业,中铁第一勘察设计院集团有限公司,1
建筑学部,建筑城规学院,硕士,2023,就业,成都国际空港新城城市发展研究院有限公司,1
建筑学部,建筑城规学院,硕士,2023,就业,浙江省水利水电勘测设计院有限责任公司,1
建筑学部,建筑城规学院,硕士,2023,就业,湖北省规划设计研究总院有限责任公司,1
建筑学部,建筑城规学院,硕士,2023,就业,新城控股集团股份有限公司上海第一分公司,1
建筑学部,建筑城规学院,硕士,2023,就业,苏州规划设计研究院股份有限公司,1
建筑学部,建筑城规学院,硕士,2023,就业,漳州市风景园林中心,1
建筑学部,建筑城规学院,硕士,2023,选调生,中共尤溪县委组织部,1
建筑学部,建筑城规学院,硕士,2023,就业,成都龙湖物业服务有限公司,1
建筑学部,建筑城规学院,硕士,2023,就业,湖北建筑规划设计研究所,1
建筑学部,建筑城规学院,硕士,2023,就业,古交市规划和自然资源综合行政执法队,1
建筑学部,建筑城规学院,硕士,2023,选调生,中共桐庐县委组织部,1
建筑学部,建筑城规学院,硕士,2023,选调生,北京市丰台区北宫镇人民政府,1
建筑学部,建筑城规学院,硕士,2023,就业,广西国土资源规划设计集团有限公司,1
建筑学部,建筑城规学院,硕士,2023,就业,重庆长安新能源汽车科技有限公司,1
建筑学部,建筑城规学院,硕士,2023,就业,邛崃市规划和自然资源局,1
建筑学部,建筑城规学院,硕士,2023,就业,贵州省自然资源勘测规划研究院,1
建筑学部,建筑城规学院,硕士,2023,选调生,中共陕西省委组织部,1
建筑学部,建筑城规学院,硕士,2023,就业,成都设计咨询集团有限公司,1
建筑学部,建筑城规学院,硕士,2023,就业,四川省农业规划建设服务中心,1
建筑学部,建筑城规学院,硕士,2023,就业,北京清华同衡规划设计研究院有限公司西北分公司,1
建筑学部,建筑城规学院,硕士,2023,就业,彭州市人才服务中心,1
建筑学部,建筑城规学院,硕士,2023,选调生,黄石市城市管理执法委员会,1
建筑学部,建筑城规学院,硕士,2023,就业,中冶赛迪城市建设(重庆)有限公司,1
建筑学部,建筑城规学院,硕士,2023,就业,中冶赛迪集团有限公司,1
建筑学部,建筑城规学院,硕士,2023,就业,珠海金山办公软件有限公司,1
建筑学部,建筑城规学院,硕士,2023,就业,重庆华地资环科技有限公司,1
建筑学部,建筑城规学院,硕士,2023,就业,四川省建筑设计研究院,1
建筑学部,建筑城规学院,硕士,2023,就业,龙湖物业服务集团有限公司,1
建筑学部,建筑城规学院,硕士,2023,就业,保利和润房地产投资顾问有限公司云南分公司,1
建筑学部,建筑城规学院,博士,2023,就业,重庆建筑工程职业学院,1
建筑学部,建筑城规学院,博士,2023,就业,福建工程学院,1
建筑学部,建筑城规学院,博士,2023,就业,清华大学,1
建筑学部,土木工程学院,本科,2021,就业,重庆大学,118
建筑学部,土木工程学院,本科,2021,升学,同济大学,17
建筑学部,土木工程学院,本科,2021,升学,东南大学,9
建筑学部,土木工程学院,本科,2021,就业,中建三局集团有限公司西南分公司,8
建筑学部,土木工程学院,本科,2021,升学,武汉大学,8
建筑学部,土木工程学院,本科,2021,就业,中建八局第三建设有限公司,7
建筑学部,土木工程学院,本科,2021,就业,中建三局集团有限公司广州分公司,7
建筑学部,土木工程学院,本科,2021,就业,中国建筑第八工程局有限公司西南分公司,7
建筑学部,土木工程学院,本科,2021,就业,中建三局第一建设工程有限责任公司,6
建筑学部,土木工程学院,本科,2021,就业,中建三局集团有限公司成都分公司,6
建筑学部,土木工程学院,本科,2021,升学,上海交通大学,5
建筑学部,土木工程学院,本科,2021,就业,中建八局第一建设有限公司,5
建筑学部,土木工程学院,本科,2021,就业,中建八局发展建设有限公司,4
建筑学部,土木工程学院,本科,2021,就业,中国建筑第五工程局有限公司,4
建筑学部,土木工程学院,本科,2021,就业,中国建筑第八工程局有限公司上海分公司,4
建筑学部,土木工程学院,本科,2021,升学,哈尔滨工业大学,4
建筑学部,土木工程学院,本科,2021,升学,浙江大学,4
建筑学部,土木工程学院,本科,2021,就业,中建三局安装工程有限公司,4
建筑学部,土木工程学院,本科,2021,升学,天津大学,4
建筑学部,土木工程学院,本科,2021,就业,中建三局集团有限公司上海分公司,3
建筑学部,土木工程学院,本科,2021,就业,保利长大工程有限公司,3
建筑学部,土木工程学院,本科,2021,就业,成都基准方中建筑设计有限公司重庆分公司,3
建筑学部,土木工程学院,本科,2021,就业,中建四局第三建设有限公司,3
建筑学部,土木工程学院,本科,2021,升学,哈尔滨工业大学(深圳),3
建筑学部,土木工程学院,本科,2021,就业,重庆万友人才服务有限公司,3
建筑学部,土木工程学院,本科,2021,升学,清华大学,3
建筑学部,土木工程学院,本科,2021,就业,中建一局集团建设发展有限公司,3
建筑学部,土木工程学院,本科,2021,出国(境)留学或工作,伦敦大学学院,3
建筑学部,土木工程学院,本科,2021,就业,中建三局集团有限公司工程总承包公司,3
建筑学部,土木工程学院,本科,2021,就业,四川省城市建筑设计研究院,3
建筑学部,土木工程学院,本科,2021,就业,中国建筑股份有限公司国际工程分公司,2
建筑学部,土木工程学院,本科,2021,就业,重庆中骏和信置业有限公司,2
建筑学部,土木工程学院,本科,2021,就业,中建三局基础设施建设投资有限公司,2
建筑学部,土木工程学院,本科,2021,就业,中交二航局第二工程有限公司,2
建筑学部,土木工程学院,本科,2021,升学,华南理工大学,2
建筑学部,土木工程学院,本科,2021,就业,成都基准方中建筑设计有限公司,2
建筑学部,土木工程学院,本科,2021,升学,北京大学(第二学位),2
建筑学部,土木工程学院,本科,2021,就业,中国工程物理研究院院机关,2
建筑学部,土木工程学院,本科,2021,出国(境)留学或工作,新南威尔士大学,2
建筑学部,土木工程学院,本科,2021,就业,重庆佳兆业房地产开发有限公司,2
建筑学部,土木工程学院,本科,2021,就业,中建三局第二建设工程有限责任公司,2
建筑学部,土木工程学院,本科,2021,出国(境)留学或工作,香港科技大学,2
建筑学部,土木工程学院,本科,2021,就业,中国水利水电第八工程局有限公司,2
建筑学部,土木工程学院,本科,2021,就业,成都华润燃气设计有限公司,2
建筑学部,土木工程学院,本科,2021,就业,中建三局第三建设工程有限责任公司,2
建筑学部,土木工程学院,本科,2021,就业,深圳市奥园实业发展有限公司,1
建筑学部,土木工程学院,本科,2021,就业,中建深圳装饰有限公司,1
建筑学部,土木工程学院,本科,2021,就业,重庆善之源医疗科技有限公司,1
建筑学部,土木工程学院,本科,2021,就业,郑州龙湖一中,1
建筑学部,土木工程学院,本科,2021,就业,常州建筑科学研究院集团股份有限公司,1
建筑学部,土木工程学院,本科,2021,选调生,中共陕西省委组织部,1
建筑学部,土木工程学院,本科,2021,就业,中国建筑土木建设有限公司,1
建筑学部,土木工程学院,本科,2021,出国(境)留学或工作,诺丁汉大学·,1
建筑学部,土木工程学院,本科,2021,升学,东北大学,1
建筑学部,土木工程学院,本科,2021,就业,华蓝设计(集团)有限公司,1
建筑学部,土木工程学院,本科,2021,选调生,中共黔东南州委组织部,1
建筑学部,土木工程学院,本科,2021,就业,苏州福纳影视艺术学校,1
建筑学部,土木工程学院,本科,2021,志愿服务西部计划,重庆市南川区住房与城乡建设委员会,1
建筑学部,土木工程学院,本科,2021,就业,重庆新东方教育培训学校有限公司,1
建筑学部,土木工程学院,本科,2021,就业,中建三局绿色产业投资有限公司,1
建筑学部,土木工程学院,本科,2021,志愿服务西部计划,重庆市璧山区璧城街道办事处,1
建筑学部,土木工程学院,本科,2021,选调生,中国共产党宜宾市委员会组织部,1
建筑学部,土木工程学院,本科,2021,出国(境)留学或工作,西交利物浦大学,1
建筑学部,土木工程学院,本科,2021,出国(境)留学或工作,卡耐基梅隆大学,1
建筑学部,土木工程学院,本科,2021,升学,大连理工大学,1
建筑学部,土木工程学院,本科,2021,就业,中国电建集团重庆工程有限公司,1
建筑学部,土木工程学院,本科,2021,就业,上海中南锦时置业有限责任公司,1
建筑学部,土木工程学院,本科,2021,就业,成都建工第三建筑工程有限公司,1
建筑学部,土木工程学院,本科,2021,就业,云南碧桂园企业管理有限公司,1
建筑学部,土木工程学院,本科,2021,就业,成都市普进通信技术有限公司,1
建筑学部,土木工程学院,本科,2021,就业,攀枝花攀钢集团设计研究院有限公司,1
建筑学部,土木工程学院,本科,2021,就业,正荣地产控股股份有限公司,1
建筑学部,土木工程学院,本科,2021,就业,中建新疆建工(集团)有限公司华东分公司,1
建筑学部,土木工程学院,本科,2021,就业,重庆轨道四号线建设运营有限公司,1
建筑学部,土木工程学院,本科,2021,升学,南京大学,1
建筑学部,土木工程学院,本科,2021,就业,中建八局第二建设有限公司,1
建筑学部,土木工程学院,本科,2021,就业,中国华西企业股份有限公司第十二建筑工程公司,1
建筑学部,土木工程学院,本科,2021,就业,大连万科置业有限公司,1
建筑学部,土木工程学院,本科,2021,就业,深圳市星翔投资有限公司,1
建筑学部,土木工程学院,本科,2021,升学,中国科学技术大学,1
建筑学部,土木工程学院,本科,2021,就业,中建海峡建设发展有限公司,1
建筑学部,土木工程学院,本科,2021,就业,中国海龙建筑科技有限公司,1
建筑学部,土木工程学院,本科,2021,就业,新疆碧桂园房地产开发有限公司,1
建筑学部,土木工程学院,本科,2021,就业,中建三局集团有限公司,1
建筑学部,土木工程学院,本科,2021,就业,中建二局第二建筑工程有限公司,1
建筑学部,土木工程学院,本科,2021,就业,中国建筑第八工程局有限公司西北分公司,1
建筑学部,土木工程学院,本科,2021,就业,上海碧瀛房地产开发有限公司,1
建筑学部,土木工程学院,本科,2021,出国(境)留学或工作,东京外国语学院,1
建筑学部,土木工程学院,本科,2021,就业,上海建工四建集团有限公司,1
建筑学部,土木工程学院,本科,2021,就业,中国二十二冶集团有限公司,1
建筑学部,土木工程学院,本科,2021,就业,中建四局第六建设有限公司,1
建筑学部,土木工程学院,本科,2021,选调生,中国共产党呼和浩特市委员会组织部,1
建筑学部,土木工程学院,本科,2021,就业,广州市市政集团有限公司工程总承包分公司,1
建筑学部,土木工程学院,本科,2021,就业,重庆华硕建设有限公司,1
建筑学部,土木工程学院,本科,2021,就业,中建科技集团有限公司深圳分公司,1
建筑学部,土木工程学院,本科,2021,就业,中国建筑第七工程局有限公司,1
建筑学部,土木工程学院,本科,2021,升学,华中科技大学,1
建筑学部,土木工程学院,本科,2021,就业,上海联创设计集团股份有限公司,1
建筑学部,土木工程学院,本科,2021,就业,中铁八局集团有限公司,1
建筑学部,土木工程学院,本科,2021,升学,中山大学,1
建筑学部,土木工程学院,本科,2021,就业,中建一局集团建设发展有限公司西南分公司,1
建筑学部,土木工程学院,本科,2021,就业,深圳市万科发展有限公司,1
建筑学部,土木工程学院,本科,2021,就业,成都佳兆业房地产开发有限公司,1
建筑学部,土木工程学院,本科,2021,出国(境)留学或工作,曼彻斯特大学,1
建筑学部,土木工程学院,本科,2021,就业,石榴置业集团股份有限公司,1
建筑学部,土木工程学院,本科,2021,就业,中海建筑有限公司,1
建筑学部,土木工程学院,本科,2021,就业,华润雪花啤酒(中国)投资有限公司,1
建筑学部,土木工程学院,本科,2021,就业,中国建筑西南设计研究院有限公司,1
建筑学部,土木工程学院,本科,2021,就业,五冶集团上海有限公司,1
建筑学部,土木工程学院,本科,2021,就业,重庆南碧企业管理有限公司,1
建筑学部,土木工程学院,本科,2021,升学,西安理工大学,1
建筑学部,土木工程学院,本科,2021,就业,中南建筑设计院股份有限公司,1
建筑学部,土木工程学院,本科,2021,出国(境)留学或工作,东京理科大学,1
建筑学部,土木工程学院,本科,2021,就业,云南保利实业有限公司,1
建筑学部,土木工程学院,本科,2021,就业,中国铁塔股份有限公司南宁市分公司,1
建筑学部,土木工程学院,本科,2021,就业,成都惟尚建筑设计有限公司,1
建筑学部,土木工程学院,本科,2021,就业,重庆融创启洋置业有限公司,1
建筑学部,土木工程学院,本科,2021,就业,河南碧桂园置业有限公司,1
建筑学部,土木工程学院,本科,2021,升学,中南大学,1
建筑学部,土木工程学院,本科,2021,就业,深圳铁路投资建设集团有限公司,1
建筑学部,土木工程学院,本科,2021,就业,中冶交投善筑成都装配式建筑科技发展有限公司,1
建筑学部,土木工程学院,本科,2021,就业,北京建工土木工程有限公司,1
建筑学部,土木工程学院,本科,2021,升学,厦门大学,1
建筑学部,土木工程学院,本科,2021,升学,南京航空航天大学,1
建筑学部,土木工程学院,本科,2021,就业,上海市建筑建材业市场管理总站,1
建筑学部,土木工程学院,本科,2021,就业,重庆港务物流集团有限公司,1
建筑学部,土木工程学院,本科,2021,就业,重庆市给水工程设计有限公司,1
建筑学部,土木工程学院,本科,2021,升学,北京科技大学,1
建筑学部,土木工程学院,本科,2021,就业,重庆燃气集团股份有限公司,1
建筑学部,土木工程学院,本科,2021,就业,南方电网调峰调频发电有限公司,1
建筑学部,土木工程学院,本科,2021,出国(境)留学或工作,香港中文大学(深圳),1
建筑学部,土木工程学院,本科,2021,升学,兰州大学,1
建筑学部,土木工程学院,本科,2021,就业,中国建筑第八工程局有限公司,1
建筑学部,土木工程学院,本科,2021,就业,涪陵区移民工程管理中心,1
建筑学部,土木工程学院,本科,2021,出国(境)留学或工作,谢菲尔德大学,1
建筑学部,土木工程学院,本科,2021,升学,军事科学院,1
建筑学部,土木工程学院,本科,2021,升学,合肥工业大学,1
建筑学部,土木工程学院,本科,2021,就业,厦门特房嘉湾房地产有限公司,1
建筑学部,土木工程学院,本科,2021,就业,深圳市燃气集团股份有限公司,1
建筑学部,土木工程学院,本科,2021,就业,西藏鹏程矿业有限责任公司,1
建筑学部,土木工程学院,本科,2021,就业,北京市政路桥股份有限公司工程总承包二部,1
建筑学部,土木工程学院,本科,2021,就业,重庆金永机电设备有限公司,1
建筑学部,土木工程学院,本科,2021,就业,北京市政建设集团有限责任公司,1
建筑学部,土木工程学院,本科,2021,就业,中建三局集团华南有限公司,1
建筑学部,土木工程学院,本科,2021,就业,四川长虹置业有限公司,1
建筑学部,土木工程学院,本科,2021,出国(境)留学或工作,贝尔法斯特女王大学,1
建筑学部,土木工程学院,本科,2021,就业,中建铁路投资建设集团有限公司,1
建筑学部,土木工程学院,本科,2021,就业,河北建筑设计研究院有限责任公司,1
建筑学部,土木工程学院,本科,2021,升学,西安建筑科技大学,1
建筑学部,土木工程学院,本科,2021,升学,上海应用技术大学,1
建筑学部,土木工程学院,本科,2021,出国(境)留学或工作,新加坡国立大学,1
建筑学部,土木工程学院,本科,2021,就业,上海随训通电子科技有限公司,1
建筑学部,土木工程学院,本科,2021,就业,重庆雅恒房地产开发有限公司,1
建筑学部,土木工程学院,本科,2021,选调生,中共黑龙江省委组织部,1
建筑学部,土木工程学院,本科,2021,就业,佛山市自然资源局南海分局,1
建筑学部,土木工程学院,本科,2021,就业,重庆凯竣房地产开发有限公司,1
建筑学部,土木工程学院,本科,2021,就业,萨迦县供电有限公司,1
建筑学部,土木工程学院,本科,2021,就业,重庆广益中学,1
建筑学部,土木工程学院,本科,2021,就业,安徽富力房地产开发有限公司,1
建筑学部,土木工程学院,本科,2021,就业,贵州乌江水电开发有限责任公司,1
建筑学部,土木工程学院,本科,2021,升学,中国测绘科学研究院,1
建筑学部,土木工程学院,本科,2021,就业,广州市市政工程机械施工有限公司,1
建筑学部,土木工程学院,本科,2021,就业,中国银行股份有限公司西藏自治区分行,1
建筑学部,土木工程学院,本科,2021,就业,云南金科宏图置业有限公司,1
建筑学部,土木工程学院,本科,2021,升学,北京师范大学,1
建筑学部,土木工程学院,本科,2021,就业,双江自治县保障性住房管理中心,1
建筑学部,土木工程学院,本科,2021,就业,铜仁市城乡规划勘测设计研究院有限公司,1
建筑学部,土木工程学院,硕士,2021,升学,重庆大学,9
建筑学部,土木工程学院,硕士,2021,就业,中国建筑西南设计研究院有限公司,8
建筑学部,土木工程学院,硕士,2021,选调生,中共重庆市委组织部,7
建筑学部,土木工程学院,硕士,2021,就业,中机中联工程有限公司,6
建筑学部,土木工程学院,硕士,2021,选调生,中共成都市委组织部,6
建筑学部,土木工程学院,硕士,2021,选调生,中共德阳市委组织部,5
建筑学部,土木工程学院,硕士,2021,就业,中国建筑第五工程局有限公司,4
建筑学部,土木工程学院,硕士,2021,就业,中国建筑第七工程局有限公司,4
建筑学部,土木工程学院,硕士,2021,就业,中冶赛迪工程技术股份有限公司,4
建筑学部,土木工程学院,硕士,2021,就业,中南建筑设计院股份有限公司,4
建筑学部,土木工程学院,硕士,2021,就业,中海建筑有限公司,4
建筑学部,土木工程学院,硕士,2021,就业,重庆市设计院有限公司,3
建筑学部,土木工程学院,硕士,2021,选调生,中国共产党广安市委员会组织部,3
建筑学部,土木工程学院,硕士,2021,就业,重庆龙湖地产发展有限公司,3
建筑学部,土木工程学院,硕士,2021,就业,重庆绿城致臻房地产开发有限公司,3
建筑学部,土木工程学院,硕士,2021,就业,中建信和地产有限公司,3
建筑学部,土木工程学院,硕士,2021,就业,中国建筑西南设计研究院有限公司重庆分院,3
建筑学部,土木工程学院,硕士,2021,就业,四川省建筑科学研究院有限公司,3
建筑学部,土木工程学院,硕士,2021,就业,奥雅纳工程咨询(上海)有限公司,3
建筑学部,土木工程学院,硕士,2021,就业,国药集团重庆医药设计院有限公司,3
建筑学部,土木工程学院,硕士,2021,就业,信息产业电子第十一设计研究院科技工程股份有限公司,3
建筑学部,土木工程学院,硕士,2021,出国(境)留学或工作,巴黎萨克雷大学,2
建筑学部,土木工程学院,硕士,2021,就业,上海市政工程设计研究总院(集团)有限公司,2
建筑学部,土木工程学院,硕士,2021,就业,重庆华地资环科技有限公司,2
建筑学部,土木工程学院,硕士,2021,就业,中铁二院工程集团有限责任公司,2
建筑学部,土木工程学院,硕士,2021,就业,成都世茂新城房地产开发有限公司,2
建筑学部,土木工程学院,硕士,2021,就业,华为技术有限公司,2
建筑学部,土木工程学院,硕士,2021,选调生,广西壮族自治区党委组织部干部规划办,2
建筑学部,土木工程学院,硕士,2021,就业,江苏金科天宸房地产有限公司,2
建筑学部,土木工程学院,硕士,2021,就业,中信建筑设计研究总院有限公司,2
建筑学部,土木工程学院,硕士,2021,就业,重庆金科房地产开发有限公司,2
建筑学部,土木工程学院,硕士,2021,就业,中国能源建设集团安徽省电力设计院有限公司,2
建筑学部,土木工程学院,硕士,2021,就业,中国建筑第二工程局有限公司西南分公司,2
建筑学部,土木工程学院,硕士,2021,选调生,中共贵阳市委组织部,2
建筑学部,土木工程学院,硕士,2021,就业,上海金融期货信息技术有限公司,2
建筑学部,土木工程学院,硕士,2021,就业,金茂西南企业管理(重庆)有限公司,2
建筑学部,土木工程学院,硕士,2021,就业,华东建筑设计研究院有限公司重庆西南中心,2
建筑学部,土木工程学院,硕士,2021,就业,重庆市碧桂园房地产开发有限公司,2
建筑学部,土木工程学院,硕士,2021,就业,华东建筑设计研究院有限公司,2
建筑学部,土木工程学院,硕士,2021,就业,浙江绿城房地产投资有限公司,2
建筑学部,土木工程学院,硕士,2021,就业,重庆赛迪工程咨询有限公司,1
建筑学部,土木工程学院,硕士,2021,就业,中建海峡建设发展有限公司,1
建筑学部,土木工程学院,硕士,2021,就业,中国港湾工程有限责任公司,1
建筑学部,土木工程学院,硕士,2021,选调生,中共江西省委组织部,1
建筑学部,土木工程学院,硕士,2021,就业,国网江西省电力有限公司赣州供电分公司,1
建筑学部,土木工程学院,硕士,2021,就业,广州市城市建设开发有限公司,1
建筑学部,土木工程学院,硕士,2021,就业,深圳中海地产有限公司,1
建筑学部,土木工程学院,硕士,2021,就业,重庆中海海盛房地产开发有限公司,1
建筑学部,土木工程学院,硕士,2021,就业,中铁开发投资集团有限公司,1
建筑学部,土木工程学院,硕士,2021,就业,中国建筑西南设计研究院有限公司重庆院,1
建筑学部,土木工程学院,硕士,2021,就业,重庆阳光城企业管理咨询有限公司,1
建筑学部,土木工程学院,硕士,2021,选调生,中共绵阳市委组织部,1
建筑学部,土木工程学院,硕士,2021,就业,国家开发银行重庆市分行,1
建筑学部,土木工程学院,硕士,2021,就业,中建三局西部投资有限公司,1
建筑学部,土木工程学院,硕士,2021,选调生,中共资阳市委组织部,1
建筑学部,土木工程学院,硕士,2021,就业,中国建筑西北设计研究院有限公司,1
建筑学部,土木工程学院,硕士,2021,就业,中国天辰工程有限公司,1
建筑学部,土木工程学院,硕士,2021,就业,国网江西省电力有限公司景德镇供电分公司,1
建筑学部,土木工程学院,硕士,2021,就业,天津市宝坻区住房和建设委员会,1
建筑学部,土木工程学院,硕士,2021,升学,贵州大学,1
建筑学部,土木工程学院,硕士,2021,就业,北京市公用工程质量监督站,1
建筑学部,土木工程学院,硕士,2021,就业,中铁文化旅游投资集团有限公司,1
建筑学部,土木工程学院,硕士,2021,就业,中建三局集团有限公司成都分公司,1
建筑学部,土木工程学院,硕士,2021,就业,林同棪国际工程咨询(中国)有限公司,1
建筑学部,土木工程学院,硕士,2021,就业,湖北省招标股份有限公司,1
建筑学部,土木工程学院,硕士,2021,就业,佛山市万科投资有限公司,1
建筑学部,土木工程学院,硕士,2021,选调生,中共石家庄市组织部,1
建筑学部,土木工程学院,硕士,2021,就业,中国能源建设集团云南省电力设计院有限公司,1
建筑学部,土木工程学院,硕士,2021,就业,淮安经济技术开发区企业发展服务促进中心,1
建筑学部,土木工程学院,硕士,2021,就业,苏州市姑苏区建设工程质量安全监督站,1
建筑学部,土木工程学院,硕士,2021,就业,上海碧瀛房地产开发有限公司,1
建筑学部,土木工程学院,硕士,2021,就业,江苏百俊房地产开发有限公司,1
建筑学部,土木工程学院,硕士,2021,就业,江西赣能股份有限公司,1
建筑学部,土木工程学院,硕士,2021,就业,苏州新城投资发展有限公司,1
建筑学部,土木工程学院,硕士,2021,就业,浙江省建筑设计研究院,1
建筑学部,土木工程学院,硕士,2021,就业,苏交科集团股份有限公司,1
建筑学部,土木工程学院,硕士,2021,就业,西南大学,1
建筑学部,土木工程学院,硕士,2021,就业,上海基础设施建设发展(集团)有限公司,1
建筑学部,土木工程学院,硕士,2021,就业,广州市设计院,1
建筑学部,土木工程学院,硕士,2021,就业,珠海市规划设计研究院,1
建筑学部,土木工程学院,硕士,2021,就业,美的置业集团有限公司,1
建筑学部,土木工程学院,硕士,2021,选调生,中共黑龙江省委组织部,1
建筑学部,土木工程学院,硕士,2021,就业,淄博市住房和城乡建设保障服务中心,1
建筑学部,土木工程学院,硕士,2021,就业,重庆市江北区玉带山小学校,1
建筑学部,土木工程学院,硕士,2021,就业,阳光城集团广西有限公司,1
建筑学部,土木工程学院,硕士,2021,就业,杭州龙湖房地产开发有限公司,1
建筑学部,土木工程学院,硕士,2021,就业,南宁中海宏洋置业有限公司,1
建筑学部,土木工程学院,硕士,2021,就业,湖北龙湖企业管理有限公司,1
建筑学部,土木工程学院,硕士,2021,就业,浙江江南工程管理股份有限公司,1
建筑学部,土木工程学院,硕士,2021,就业,广州市增城区派潭镇综合服务中心,1
建筑学部,土木工程学院,硕士,2021,就业,成都旭辉企业管理有限公司,1
建筑学部,土木工程学院,硕士,2021,选调生,中共长沙市委组织部,1
建筑学部,土木工程学院,硕士,2021,就业,深圳市交通工程试验检测中心有限公司,1
建筑学部,土木工程学院,硕士,2021,就业,浙江绿城建筑设计有限公司重庆分公司,1
建筑学部,土木工程学院,硕士,2021,就业,石榴置业集团股份有限公司,1
建筑学部,土木工程学院,硕士,2021,就业,成都大华智联信息技术有限公司,1
建筑学部,土木工程学院,硕士,2021,就业,西安金地置业投资有限公司,1
建筑学部,土木工程学院,硕士,2021,就业,重庆招商依城房地产开发有限公司,1
建筑学部,土木工程学院,硕士,2021,就业,中国联合工程有限公司,1
建筑学部,土木工程学院,硕士,2021,就业,重庆物康科技有限公司,1
建筑学部,土木工程学院,硕士,2021,就业,浙江精工钢结构集团有限公司,1
建筑学部,土木工程学院,硕士,2021,就业,中建三局房地产开发有限公司,1
建筑学部,土木工程学院,硕士,2021,选调生,中共乐山市委组织部,1
建筑学部,土木工程学院,硕士,2021,就业,保利(重庆)投资实业有限公司,1
建筑学部,土木工程学院,硕士,2021,就业,重庆南碧企业管理有限公司,1
建筑学部,土木工程学院,硕士,2021,就业,陕西秦关碧桂园置业有限公司,1
建筑学部,土木工程学院,硕士,2021,就业,中建八局第二建设有限公司,1
建筑学部,土木工程学院,硕士,2021,就业,天津睿瀛置业有限公司,1
建筑学部,土木工程学院,硕士,2021,就业,阿里巴巴(中国)有限公司余杭分公司,1
建筑学部,土木工程学院,硕士,2021,就业,中铁第四勘察设计院集团有限公司,1
建筑学部,土木工程学院,硕士,2021,就业,中国医药集团联合工程有限公司,1
建筑学部,土木工程学院,硕士,2021,就业,重庆怡置北郡房地产开发有限公司,1
建筑学部,土木工程学院,硕士,2021,就业,钉钉(中国)信息技术有限公司,1
建筑学部,土木工程学院,硕士,2021,就业,珠海兴业绿色建筑科技有限公司,1
建筑学部,土木工程学院,硕士,2021,就业,中通服咨询设计研究院有限公司,1
建筑学部,土木工程学院,硕士,2021,就业,南昌城市建设投资发展有限公司,1
建筑学部,土木工程学院,硕士,2021,就业,华润置地(烟台)有限公司,1
建筑学部,土木工程学院,硕士,2021,就业,中冶南方都市环保工程技术股份有限公司,1
建筑学部,土木工程学院,硕士,2021,就业,中冶南方工程技术有限公司,1
建筑学部,土木工程学院,硕士,2021,就业,宜宾鲁能开发(集团)有限公司,1
建筑学部,土木工程学院,硕士,2021,就业,龙湖物业服务集团有限公司,1
建筑学部,土木工程学院,硕士,2021,选调生,中共温州市鹿城区委组织部,1
建筑学部,土木工程学院,硕士,2021,就业,东南大学建筑设计研究院有限公司,1
建筑学部,土木工程学院,硕士,2021,就业,重庆市江津区万达房地产开发有限公司,1
建筑学部,土木工程学院,硕士,2021,就业,广东省建筑设计研究院有限公司,1
建筑学部,土木工程学院,硕士,2021,就业,成都招商房地产有限公司,1
建筑学部,土木工程学院,硕士,2021,就业,铜仁市人力资源和社会保障局,1
建筑学部,土木工程学院,硕士,2021,就业,中建科工集团有限公司,1
建筑学部,土木工程学院,硕士,2021,选调生,北京市大兴区住房与城乡建设委员会,1
建筑学部,土木工程学院,硕士,2021,就业,重庆市建筑科学研究院有限公司,1
建筑学部,土木工程学院,硕士,2021,就业,佳兆业集团(深圳)有限公司,1
建筑学部,土木工程学院,硕士,2021,就业,招商局地产(苏州)有限公司,1
建筑学部,土木工程学院,硕士,2021,就业,中国建筑股份有限公司,1
建筑学部,土木工程学院,硕士,2021,就业,招商局地产(南京)有限公司,1
建筑学部,土木工程学院,硕士,2021,选调生,海南省住房和城乡建设厅,1
建筑学部,土木工程学院,硕士,2021,就业,上海青浦吾悦商业管理有限公司,1
建筑学部,土木工程学院,硕士,2021,就业,中建三局城市投资运营有限公司,1
建筑学部,土木工程学院,硕士,2021,就业,中交武汉港湾工程设计研究院有限公司,1
建筑学部,土木工程学院,硕士,2021,就业,湖北省烟草公司恩施州公司,1
建筑学部,土木工程学院,硕士,2021,就业,广东省建筑科学研究院集团股份有限公司,1
建筑学部,土木工程学院,硕士,2021,就业,重庆市市政设计研究院有限公司,1
建筑学部,土木工程学院,硕士,2021,就业,云南万科企业有限公司,1
建筑学部,土木工程学院,硕士,2021,就业,贵州省遵义市红花区建筑业服务中心,1
建筑学部,土木工程学院,硕士,2021,就业,重庆柏炜锦瑞房地产开发有限公司,1
建筑学部,土木工程学院,硕士,2021,就业,俊发集团有限公司,1
建筑学部,土木工程学院,硕士,2021,就业,东原房地产开发集团有限公司,1
建筑学部,土木工程学院,硕士,2021,就业,中国电建集团成都勘测设计研究院有限公司,1
建筑学部,土木工程学院,硕士,2021,就业,中铁大桥勘测设计院集团有限公司,1
建筑学部,土木工程学院,硕士,2021,就业,中国电建集团昆明勘测设计研究院有限公司,1
建筑学部,土木工程学院,硕士,2021,就业,华陆工程科技有限责任公司,1
建筑学部,土木工程学院,硕士,2021,就业,北京中海地产有限公司,1
建筑学部,土木工程学院,硕士,2021,就业,中国市政工程西南设计研究总院有限公司,1
建筑学部,土木工程学院,硕士,2021,选调生,中国共产党内江市委员会组织部,1
建筑学部,土木工程学院,硕士,2021,就业,北京外企人力资源服务江苏有限公司无锡分公司,1
建筑学部,土木工程学院,硕士,2021,升学,东南大学,1
建筑学部,土木工程学院,硕士,2021,就业,国家烟草专卖局,1
建筑学部,土木工程学院,硕士,2021,就业,杭州佰城结构设计事务所有限公司,1
建筑学部,土木工程学院,硕士,2021,选调生,楚雄彝族自治州住房和城乡建设局,1
建筑学部,土木工程学院,硕士,2021,就业,绿城华南投资发展有限公司,1
建筑学部,土木工程学院,硕士,2021,就业,中铁第六勘察设计院集团有限公司隧道设计分公司,1
建筑学部,土木工程学院,硕士,2021,就业,中国电力工程顾问集团西南电力设计院有限公司,1
建筑学部,土木工程学院,硕士,2021,就业,中建科技集团有限公司深圳分公司,1
建筑学部,土木工程学院,硕士,2021,就业,中国人民解放军92690部队,1
建筑学部,土木工程学院,硕士,2021,就业,苏州交投规划设计建设管理有限公司,1
建筑学部,土木工程学院,硕士,2021,就业,重庆融创启洋置业有限公司,1
建筑学部,土木工程学院,硕士,2021,就业,上海水石建筑规划设计股份有限公司重庆分公司,1
建筑学部,土木工程学院,硕士,2021,就业,安徽省建筑设计研究总院股份有限公司,1
建筑学部,土木工程学院,硕士,2021,就业,重庆市知朗咨询有限责任公司,1
建筑学部,土木工程学院,硕士,2021,就业,建研科技股份有限公司,1
建筑学部,土木工程学院,硕士,2021,升学,同济大学,1
建筑学部,土木工程学院,硕士,2021,升学,武汉大学,1
建筑学部,土木工程学院,硕士,2021,就业,山东省烟台市科学技术宣传馆,1
建筑学部,土木工程学院,硕士,2021,就业,中国建筑第六工程局有限公司,1
建筑学部,土木工程学院,硕士,2021,就业,招商局重庆交通科研设计院有限公司,1
建筑学部,土木工程学院,硕士,2021,就业,中国建筑第七工程局有限公司西南分公司,1
建筑学部,土木工程学院,硕士,2021,就业,四川电力设计咨询有限责任公司,1
建筑学部,土木工程学院,硕士,2021,就业,重庆佳兆业房地产开发有限公司,1
建筑学部,土木工程学院,硕士,2021,就业,保利(海南)旅游发展有限公司,1
建筑学部,土木工程学院,硕士,2021,就业,重庆凯竣房地产开发有限公司,1
建筑学部,土木工程学院,硕士,2021,就业,重庆电力高等专科学校,1
建筑学部,土木工程学院,硕士,2021,就业,成都市金牛区人力资源和社会保障局,1
建筑学部,土木工程学院,硕士,2021,就业,奥意建筑工程设计有限公司,1
建筑学部,土木工程学院,硕士,2021,就业,安康学院,1
建筑学部,土木工程学院,硕士,2021,就业,西安中交土木科技有限公司,1
建筑学部,土木工程学院,硕士,2021,就业,中国银联股份有限公司,1
建筑学部,土木工程学院,硕士,2021,就业,重庆市沙坪坝区住房和城乡建设委员会,1
建筑学部,土木工程学院,硕士,2021,就业,山东省建筑设计研究院有限公司,1
建筑学部,土木工程学院,硕士,2021,就业,南京市建筑设计研究院有限责任公司,1
建筑学部,土木工程学院,硕士,2021,升学,华中科技大学,1
建筑学部,土木工程学院,硕士,2021,就业,南京中南新锦城房地产开发有限公司,1
建筑学部,土木工程学院,硕士,2021,出国(境)留学或工作,香港理工大学,1
建筑学部,土木工程学院,硕士,2021,就业,福建省建筑设计研究院,1
建筑学部,土木工程学院,硕士,2021,就业,郑州英集动力科技有限公司,1
建筑学部,土木工程学院,硕士,2021,就业,陆军勤务学院,1
建筑学部,土木工程学院,硕士,2021,就业,东方电气集团东方锅炉股份有限公司,1
建筑学部,土木工程学院,硕士,2021,就业,佛山市质量计量监督检测中心,1
建筑学部,土木工程学院,硕士,2021,选调生,中共达州市委组织部,1
建筑学部,土木工程学院,硕士,2021,就业,杭州市第一人民医院(浙江大学医学院附属杭州市第一人民医院),1
建筑学部,土木工程学院,硕士,2021,就业,招商局地产(杭州)有限公司,1
建筑学部,土木工程学院,硕士,2021,出国(境)留学或工作,曼彻斯特大学,1
建筑学部,土木工程学院,硕士,2021,就业,广州地铁集团有限公司,1
建筑学部,土木工程学院,硕士,2021,就业,中国建筑科学研究院有限公司西南分院,1
建筑学部,土木工程学院,硕士,2021,就业,中信银行股份有限公司广州分行,1
建筑学部,土木工程学院,硕士,2021,就业,四川轻化工大学,1
建筑学部,土木工程学院,硕士,2021,就业,南宁龙湖金耀置业有限公司,1
建筑学部,土木工程学院,硕士,2021,就业,中国科学院空天信息创新研究院齐鲁研究院,1
建筑学部,土木工程学院,硕士,2021,就业,东方红卫星移动通信有限公司,1
建筑学部,土木工程学院,硕士,2021,就业,中钢集团郑州金属制品研究院有限公司,1
建筑学部,土木工程学院,博士,2021,就业,清华大学,4
建筑学部,土木工程学院,博士,2021,就业,重庆科技学院,3
建筑学部,土木工程学院,博士,2021,出国(境)留学或工作,香港理工大学,2
建筑学部,土木工程学院,博士,2021,就业,重庆交通大学,2
建筑学部,土木工程学院,博士,2021,就业,绍兴文理学院,2
建筑学部,土木工程学院,博士,2021,就业,南昌工程学院,1
建筑学部,土木工程学院,博士,2021,就业,太原理工大学,1
建筑学部,土木工程学院,博士,2021,选调生,中共重庆市云阳县委组织部,1
建筑学部,土木工程学院,博士,2021,就业,仲恺农业工程学院,1
建筑学部,土木工程学院,博士,2021,就业,安徽建筑大学,1
建筑学部,土木工程学院,博士,2021,就业,长沙学院,1
建筑学部,土木工程学院,博士,2021,就业,常州大学,1
建筑学部,土木工程学院,博士,2021,就业,湖南工程学院,1
建筑学部,土木工程学院,博士,2021,就业,杭州云之鼎数据科技有限公司,1
建筑学部,土木工程学院,博士,2021,就业,重庆大学,1
建筑学部,土木工程学院,博士,2021,就业,湖南大学,1
建筑学部,土木工程学院,博士,2021,就业,北京集智数字科技有限公司,1
建筑学部,土木工程学院,博士,2021,就业,浙江理工大学,1
建筑学部,土木工程学院,博士,2021,选调生,中共绵阳市委组织部,1
建筑学部,土木工程学院,博士,2021,就业,哈尔滨工业大学(深圳),1
建筑学部,土木工程学院,博士,2021,就业,重庆大学溧阳智慧城市研究院,1
建筑学部,土木工程学院,博士,2021,选调生,中共重庆市委组织部,1
建筑学部,土木工程学院,博士,2021,就业,海南大学,1
建筑学部,土木工程学院,博士,2021,选调生,中共成都市委组织部,1
建筑学部,土木工程学院,博士,2021,就业,重庆大学产业技术研究院,1
建筑学部,土木工程学院,博士,2021,就业,山西交通科学研究院集团有限公司,1
建筑学部,土木工程学院,博士,2021,就业,重庆市建筑科学研究院有限公司,1
建筑学部,土木工程学院,博士,2021,就业,郑州大学,1
建筑学部,土木工程学院,博士,2021,就业,成都市龙泉驿区人力资源和社会保障局,1
建筑学部,土木工程学院,博士,2021,就业,安徽工业大学,1
建筑学部,土木工程学院,博士,2021,就业,吉首大学,1
建筑学部,土木工程学院,博士,2021,选调生,中共德阳市委组织部,1
建筑学部,土木工程学院,博士,2021,就业,深圳大学,1
建筑学部,土木工程学院,本科,2022,升学,重庆大学,107
建筑学部,土木工程学院,本科,2022,升学,同济大学,19
建筑学部,土木工程学院,本科,2022,就业,中国建筑第八工程局有限公司西南分公司,18
建筑学部,土木工程学院,本科,2022,就业,中建三局第一建设工程有限责任公司,17
建筑学部,土木工程学院,本科,2022,升学,东南大学,16
建筑学部,土木工程学院,本科,2022,就业,中建三局集团有限公司,13
建筑学部,土木工程学院,本科,2022,就业,中建一局集团建设发展有限公司,11
建筑学部,土木工程学院,本科,2022,就业,中建八局第一建设有限公司,7
建筑学部,土木工程学院,本科,2022,升学,浙江大学,7
建筑学部,土木工程学院,本科,2022,就业,中建八局发展建设有限公司,7
建筑学部,土木工程学院,本科,2022,就业,中冶建工集团有限公司,5
建筑学部,土木工程学院,本科,2022,升学,哈尔滨工业大学,5
建筑学部,土木工程学院,本科,2022,就业,中建三局安装工程有限公司,5
建筑学部,土木工程学院,本科,2022,就业,中建八局第二建设有限公司,4
建筑学部,土木工程学院,本科,2022,升学,清华大学,4
建筑学部,土木工程学院,本科,2022,升学,中国科学院大学,4
建筑学部,土木工程学院,本科,2022,就业,中建三局集团有限公司西南分公司,3
建筑学部,土木工程学院,本科,2022,就业,中建三局集团有限公司工程总承包公司,3
建筑学部,土木工程学院,本科,2022,就业,中国建筑第五工程局有限公司,3
建筑学部,土木工程学院,本科,2022,就业,国核电力规划设计研究院重庆有限公司,2
建筑学部,土木工程学院,本科,2022,就业,中国建筑第五工程局有限公司河南分公司,2
建筑学部,土木工程学院,本科,2022,就业,上海建工一建集团有限公司成都分公司,2
建筑学部,土木工程学院,本科,2022,就业,浙江琪景建筑科技有限公司,2
建筑学部,土木工程学院,本科,2022,就业,中铁北京工程局集团城市轨道交通工程有限公司,2
建筑学部,土木工程学院,本科,2022,就业,紫金矿业集团股份有限公司,2
建筑学部,土木工程学院,本科,2022,就业,中建一局集团第三建筑有限公司,2
建筑学部,土木工程学院,本科,2022,出国(境)留学或工作,香港城市大学,2
建筑学部,土木工程学院,本科,2022,就业,常州市建筑科学研究院集团股份有限公司,2
建筑学部,土木工程学院,本科,2022,就业,中建八局第三建设有限公司,2
建筑学部,土木工程学院,本科,2022,出国(境)留学或工作,南洋理工大学,2
建筑学部,土木工程学院,本科,2022,就业,中建西南咨询顾问有限公司,2
建筑学部,土木工程学院,本科,2022,就业,中建一局集团建设发展有限公司西南分公司,2
建筑学部,土木工程学院,本科,2022,就业,国网重庆市电力公司,2
建筑学部,土木工程学院,本科,2022,就业,中国建筑第二工程局有限公司西南分公司,2
建筑学部,土木工程学院,本科,2022,就业,中建-大成建筑有限责任公司,2
建筑学部,土木工程学院,本科,2022,就业,上海建工一建集团有限公司,2
建筑学部,土木工程学院,本科,2022,就业,广州燃气集团有限公司,2
建筑学部,土木工程学院,本科,2022,就业,中建五局第三建设有限公司,2
建筑学部,土木工程学院,本科,2022,就业,成都市美的房地产开发有限公司,2
建筑学部,土木工程学院,本科,2022,就业,中国建筑第六工程局有限公司,2
建筑学部,土木工程学院,本科,2022,升学,云南大学,2
建筑学部,土木工程学院,本科,2022,就业,中电系统建设工程有限公司,2
建筑学部,土木工程学院,本科,2022,就业,中国建筑第八工程局有限公司城市发展分公司,1
建筑学部,土木工程学院,本科,2022,就业,中铁二十局集团第三工程有限公司,1
建筑学部,土木工程学院,本科,2022,就业,交通银行股份有限公司上海市分行,1
建筑学部,土木工程学院,本科,2022,就业,中国建筑第八工程局有限公司华北分公司,1
建筑学部,土木工程学院,本科,2022,就业,保利长大工程有限公司,1
建筑学部,土木工程学院,本科,2022,升学,西南石油大学,1
建筑学部,土木工程学院,本科,2022,升学,清华大学深圳研究生院,1
建筑学部,土木工程学院,本科,2022,就业,中建三局集团华南有限公司,1
建筑学部,土木工程学院,本科,2022,就业,上海昇澄置业有限公司,1
建筑学部,土木工程学院,本科,2022,就业,成都万华投资集团有限公司,1
建筑学部,土木工程学院,本科,2022,就业,福建保利投资发展有限公司,1
建筑学部,土木工程学院,本科,2022,就业,中交城市投资控股有限公司,1
建筑学部,土木工程学院,本科,2022,就业,中建八局总承包建设有限公司,1
建筑学部,土木工程学院,本科,2022,升学,中国科学院武汉岩土力学研究所,1
建筑学部,土木工程学院,本科,2022,升学,东北大学,1
建筑学部,土木工程学院,本科,2022,就业,中国华水水电开发有限公司,1
建筑学部,土木工程学院,本科,2022,升学,河海大学,1
建筑学部,土木工程学院,本科,2022,就业,中国新兴建设开发有限责任公司,1
建筑学部,土木工程学院,本科,2022,就业,西藏自治区森林消防总队,1
建筑学部,土木工程学院,本科,2022,升学,中央财经大学,1
建筑学部,土木工程学院,本科,2022,升学,中国科学院力学研究所,1
建筑学部,土木工程学院,本科,2022,就业,云南碧桂园房地产开发有限公司,1
建筑学部,土木工程学院,本科,2022,就业,中建一局集团第一建筑有限公司,1
建筑学部,土木工程学院,本科,2022,就业,长江精工钢结构(集团)股份有限公司,1
建筑学部,土木工程学院,本科,2022,出国(境)留学或工作,新南威尔士大学,1
建筑学部,土木工程学院,本科,2022,就业,中建五局土木工程有限公司,1
建筑学部,土木工程学院,本科,2022,升学,太原理工大学,1
建筑学部,土木工程学院,本科,2022,就业,中国建筑一局(集团)有限公司北京施工总承包分公司,1
建筑学部,土木工程学院,本科,2022,就业,厦门厦钨新能源材料股份有限公司,1
建筑学部,土木工程学院,本科,2022,志愿服务西部计划,广阳镇人民政府,1
建筑学部,土木工程学院,本科,2022,升学,湘潭大学,1
建筑学部,土木工程学院,本科,2022,就业,江苏东交工程设计顾问有限公司,1
建筑学部,土木工程学院,本科,2022,就业,南宁市政工程集团有限公司,1
建筑学部,土木工程学院,本科,2022,就业,中国人民解放军32090部队,1
建筑学部,土木工程学院,本科,2022,就业,重庆兆晟捷房地产开发有限公司,1
建筑学部,土木工程学院,本科,2022,就业,中国邮政储蓄银行股份有限公司重庆分行,1
建筑学部,土木工程学院,本科,2022,出国(境)留学或工作,昆士兰大学,1
建筑学部,土木工程学院,本科,2022,出国(境)留学或工作,悉尼大学,1
建筑学部,土木工程学院,本科,2022,就业,中海建筑有限公司,1
建筑学部,土木工程学院,本科,2022,升学,中国石油大学(华东),1
建筑学部,土木工程学院,本科,2022,出国(境)留学或工作,墨尔本大学,1
建筑学部,土木工程学院,本科,2022,出国(境)留学或工作,香港科技大学,1
建筑学部,土木工程学院,本科,2022,就业,震安科技股份有限公司,1
建筑学部,土木工程学院,本科,2022,出国(境)留学或工作,格拉斯哥大学,1
建筑学部,土木工程学院,本科,2022,升学,昆明理工大学,1
建筑学部,土木工程学院,本科,2022,升学,哈尔滨工程大学,1
建筑学部,土木工程学院,本科,2022,就业,中建一局集团安装工程有限公司,1
建筑学部,土木工程学院,本科,2022,升学,中国科学院成都山地所,1
建筑学部,土木工程学院,本科,2022,就业,云南省设计集团有限公司,1
建筑学部,土木工程学院,本科,2022,出国(境)留学或工作,杜伦大学,1
建筑学部,土木工程学院,本科,2022,就业,中建四局土木工程有限公司,1
建筑学部,土木工程学院,本科,2022,升学,北京大学,1
建筑学部,土木工程学院,本科,2022,就业,比亚迪汽车工业有限公司,1
建筑学部,土木工程学院,本科,2022,就业,中建一局集团建设发展有限公司广州分公司,1
建筑学部,土木工程学院,本科,2022,就业,万科企业股份有限公司,1
建筑学部,土木工程学院,本科,2022,就业,青岛特殊钢铁有限公司,1
建筑学部,土木工程学院,本科,2022,升学,中国科学院成都山地灾害与环境研究所,1
建筑学部,土木工程学院,本科,2022,升学,哈尔滨工业大学深圳校区,1
建筑学部,土木工程学院,本科,2022,就业,重庆药友制药有限责任公司,1
建筑学部,土木工程学院,本科,2022,出国(境)留学或工作,伊利诺伊大学香槟分校,1
建筑学部,土木工程学院,本科,2022,就业,中国邮政集团有限公司西藏自治区分公司,1
建筑学部,土木工程学院,本科,2022,就业,成都建工第三建筑工程有限公司,1
建筑学部,土木工程学院,本科,2022,就业,广东华隧建设集团股份有限公司,1
建筑学部,土木工程学院,本科,2022,就业,重庆市碧桂园房地产开发有限公司,1
建筑学部,土木工程学院,本科,2022,就业,中国建筑第八工程局有限公司上海分公司,1
建筑学部,土木工程学院,本科,2022,就业,中建桥梁有限公司,1
建筑学部,土木工程学院,本科,2022,出国(境)留学或工作,南加州大学,1
建筑学部,土木工程学院,本科,2022,就业,江苏环亚医用科技集团股份有限公司,1
建筑学部,土木工程学院,本科,2022,就业,中国五冶集团有限公司,1
建筑学部,土木工程学院,本科,2022,就业,广州市设计院集团有限公司,1
建筑学部,土木工程学院,本科,2022,升学,山东大学,1
建筑学部,土木工程学院,本科,2022,升学,华南理工大学,1
建筑学部,土木工程学院,本科,2022,就业,成都华润燃气设计有限公司,1
建筑学部,土木工程学院,本科,2022,就业,深圳市裕展精密科技有限公司,1
建筑学部,土木工程学院,本科,2022,就业,重庆万友人才服务有限公司,1
建筑学部,土木工程学院,本科,2022,升学,中国农业大学,1
建筑学部,土木工程学院,本科,2022,就业,广西华蓝工程管理有限公司,1
建筑学部,土木工程学院,本科,2022,升学,陕西师范大学,1
建筑学部,土木工程学院,本科,2022,升学,兰州大学,1
建筑学部,土木工程学院,本科,2022,就业,中建海峡建设发展有限公司,1
建筑学部,土木工程学院,本科,2022,就业,中国建筑一局(集团)有限公司深圳分公司,1
建筑学部,土木工程学院,本科,2022,就业,林同棪国际工程咨询(中国)有限公司,1
建筑学部,土木工程学院,本科,2022,就业,中国三峡新能源(集团)股份有限公司浙江分公司,1
建筑学部,土木工程学院,本科,2022,就业,上海禹璨信息技术有限公司,1
建筑学部,土木工程学院,本科,2022,升学,南京航空航天大学,1
建筑学部,土木工程学院,本科,2022,出国(境)留学或工作,卡内基梅隆大学,1
建筑学部,土木工程学院,本科,2022,志愿服务西部计划,重庆市璧山区河边中学,1
建筑学部,土木工程学院,本科,2022,就业,中建科工集团有限公司,1
建筑学部,土木工程学院,本科,2022,就业,长治市人力资源和社会保障局,1
建筑学部,土木工程学院,本科,2022,升学,江苏科技大学,1
建筑学部,土木工程学院,本科,2022,就业,中国建筑股份有限公司国际工程分公司,1
建筑学部,土木工程学院,本科,2022,就业,重庆燃气集团股份有限公司,1
建筑学部,土木工程学院,本科,2022,就业,上海建工一建集团有限公司重庆分公司,1
建筑学部,土木工程学院,本科,2022,就业,中国电子系统工程第二建设有限公司,1
建筑学部,土木工程学院,本科,2022,升学,天津大学,1
建筑学部,土木工程学院,本科,2022,就业,中国农业银行股份有限公司新疆维吾尔自治区分行,1
建筑学部,土木工程学院,本科,2022,升学,武汉大学,1
建筑学部,土木工程学院,硕士,2022,升学,重庆大学,16
建筑学部,土木工程学院,硕士,2022,选调生,中国共产党重庆市委员会组织部,12
建筑学部,土木工程学院,硕士,2022,就业,中国建筑西南设计研究院有限公司,10
建筑学部,土木工程学院,硕士,2022,就业,重庆赛迪热工环保工程技术有限公司,8
建筑学部,土木工程学院,硕士,2022,就业,中南建筑设计院股份有限公司,7
建筑学部,土木工程学院,硕士,2022,就业,中海建筑有限公司,6
建筑学部,土木工程学院,硕士,2022,就业,中国电力工程顾问集团中南电力设计院有限公司,4
建筑学部,土木工程学院,硕士,2022,就业,中国建筑第五工程局有限公司,4
建筑学部,土木工程学院,硕士,2022,选调生,中共重庆市委组织部,3
建筑学部,土木工程学院,硕士,2022,就业,中建西南咨询顾问有限公司,3
建筑学部,土木工程学院,硕士,2022,就业,重庆长安汽车股份有限公司,3
建筑学部,土木工程学院,硕士,2022,就业,重庆市城市建设投资(集团)有限公司,3
建筑学部,土木工程学院,硕士,2022,就业,中国船舶集团海装风电股份有限公司,3
建筑学部,土木工程学院,硕士,2022,就业,中国电力工程顾问集团西南电力设计院有限公司,3
建筑学部,土木工程学院,硕士,2022,就业,华为技术有限公司,3
建筑学部,土木工程学院,硕士,2022,选调生,中国共产党内江市委员会组织部,3
建筑学部,土木工程学院,硕士,2022,就业,中机中联工程有限公司,3
建筑学部,土木工程学院,硕士,2022,选调生,中国共产党成都市委员会组织部,3
建筑学部,土木工程学院,硕士,2022,就业,中国建筑西南勘察设计研究院有限公司,2
建筑学部,土木工程学院,硕士,2022,选调生,中共江西省委组织部,2
建筑学部,土木工程学院,硕士,2022,选调生,中共乐山市委组织部,2
建筑学部,土木工程学院,硕士,2022,就业,华东建筑设计研究院有限公司重庆分公司,2
建筑学部,土木工程学院,硕士,2022,就业,中国电建集团贵阳勘测设计研究院有限公司,2
建筑学部,土木工程学院,硕士,2022,就业,四川电力设计咨询有限责任公司,2
建筑学部,土木工程学院,硕士,2022,就业,东原房地产开发集团有限公司,2
建筑学部,土木工程学院,硕士,2022,就业,重庆招商依城房地产开发有限公司,2
建筑学部,土木工程学院,硕士,2022,就业,中铁大桥勘测设计院集团有限公司,2
建筑学部,土木工程学院,硕士,2022,就业,中国瑞林工程技术股份有限公司,2
建筑学部,土木工程学院,硕士,2022,就业,北京构力科技有限公司武汉研发中心,2
建筑学部,土木工程学院,硕士,2022,选调生,中国共产党广安市委员会组织部,2
建筑学部,土木工程学院,硕士,2022,就业,重庆龙湖地产发展有限公司,2
建筑学部,土木工程学院,硕士,2022,就业,重庆市市政设计研究院有限公司,2
建筑学部,土木工程学院,硕士,2022,就业,上汽大众汽车有限公司,2
建筑学部,土木工程学院,硕士,2022,就业,成都辰遥置业有限公司,2
建筑学部,土木工程学院,硕士,2022,就业,阿里巴巴(中国)有限公司,2
建筑学部,土木工程学院,硕士,2022,就业,重庆小康工业集团股份有限公司,2
建筑学部,土木工程学院,硕士,2022,就业,中国建筑第八工程局有限公司,2
建筑学部,土木工程学院,硕士,2022,升学,东南大学,2
建筑学部,土木工程学院,硕士,2022,就业,中信建筑设计研究总院有限公司,2
建筑学部,土木工程学院,硕士,2022,就业,中国建筑西北设计研究院有限公司,2
建筑学部,土木工程学院,硕士,2022,就业,珠海格力电器股份有限公司,2
建筑学部,土木工程学院,硕士,2022,就业,交通银行股份有限公司,2
建筑学部,土木工程学院,硕士,2022,就业,成都新威标远房地产开发有限公司,1
建筑学部,土木工程学院,硕士,2022,就业,上海航空电器有限公司,1
建筑学部,土木工程学院,硕士,2022,就业,荣耀终端有限公司,1
建筑学部,土木工程学院,硕士,2022,就业,广东省建筑设计研究院有限公司深圳份公司,1
建筑学部,土木工程学院,硕士,2022,就业,江苏省建筑工程质量检测中心有限公司,1
建筑学部,土木工程学院,硕士,2022,就业,重庆市渝北区建设工程质量检测所,1
建筑学部,土木工程学院,硕士,2022,就业,信息产业电子第十一设计研究院科技工程股份有限公司重庆分公司,1
建筑学部,土木工程学院,硕士,2022,就业,中铁长江交通设计集团有限公司,1
建筑学部,土木工程学院,硕士,2022,就业,中国建筑西南设计研究院有限公司江苏分院,1
建筑学部,土木工程学院,硕士,2022,就业,国家开发银行江苏省分行,1
建筑学部,土木工程学院,硕士,2022,就业,中国电建集团华东勘测设计研究院有限公司,1
建筑学部,土木工程学院,硕士,2022,就业,杭州龙湖房地产开发有限公司,1
建筑学部,土木工程学院,硕士,2022,就业,江西铜业股份有限公司,1
建筑学部,土木工程学院,硕士,2022,就业,增城市碧桂园物业发展有限公司,1
建筑学部,土木工程学院,硕士,2022,就业,国网江西省电力有限公司宜春供电分公司,1
建筑学部,土木工程学院,硕士,2022,选调生,中共杭州市西湖区委组织部,1
建筑学部,土木工程学院,硕士,2022,就业,中国建筑一局(集团)有限公司北京朝阳分公司,1
建筑学部,土木工程学院,硕士,2022,就业,深圳市龙华中学,1
建筑学部,土木工程学院,硕士,2022,就业,广东省建筑设计研究院有限公司,1
建筑学部,土木工程学院,硕士,2022,就业,国核电力规划设计研究院重庆有限公司,1
建筑学部,土木工程学院,硕士,2022,就业,中建八局第一建设有限公司,1
建筑学部,土木工程学院,硕士,2022,选调生,中国共产党内江市委员会组织部(待分配),1
建筑学部,土木工程学院,硕士,2022,就业,重庆赛迪工程咨询有限公司,1
建筑学部,土木工程学院,硕士,2022,就业,绵阳市涪城区住房和城乡建设局,1
建筑学部,土木工程学院,硕士,2022,选调生,中共贵阳市委组织部,1
建筑学部,土木工程学院,硕士,2022,就业,中国建筑股份有限公司国际工程分公司,1
建筑学部,土木工程学院,硕士,2022,选调生,中国共产党泸州市委员会组织部,1
建筑学部,土木工程学院,硕士,2022,就业,中国市政工程西南设计研究总院有限公司,1
建筑学部,土木工程学院,硕士,2022,就业,西南技术物理研究所,1
建筑学部,土木工程学院,硕士,2022,就业,重庆市设计院有限公司,1
建筑学部,土木工程学院,硕士,2022,就业,中国电建集团成都勘测设计研究院有限公司,1
建筑学部,土木工程学院,硕士,2022,就业,奥雅纳工程咨询(上海)有限公司,1
建筑学部,土木工程学院,硕士,2022,就业,广州市城市规划勘测设计研究院,1
建筑学部,土木工程学院,硕士,2022,就业,上海申隧建设工程咨询有限公司,1
建筑学部,土木工程学院,硕士,2022,就业,成都设计咨询集团有限公司,1
建筑学部,土木工程学院,硕士,2022,就业,上海骏泰房地产开发有限公司,1
建筑学部,土木工程学院,硕士,2022,选调生,中国共产党遂宁市委员会组织部,1
建筑学部,土木工程学院,硕士,2022,就业,湖北交通投资集团有限公司,1
建筑学部,土木工程学院,硕士,2022,出国(境)留学或工作,巴黎高科路桥学院,1
建筑学部,土木工程学院,硕士,2022,就业,江苏方洋集团有限公司,1
建筑学部,土木工程学院,硕士,2022,就业,极氪汽车(宁波杭州湾新区)有限公司,1
建筑学部,土木工程学院,硕士,2022,出国(境)留学或工作,巴黎萨克雷大学,1
建筑学部,土木工程学院,硕士,2022,就业,中海宏洋地产(合肥)有限公司,1
建筑学部,土木工程学院,硕士,2022,选调生,中共安顺市委组织部,1
建筑学部,土木工程学院,硕士,2022,就业,中国建筑第八工程局有限公司西南分公司,1
建筑学部,土木工程学院,硕士,2022,就业,中建信和地产有限公司,1
建筑学部,土木工程学院,硕士,2022,就业,深圳市龙岗区南湾街道市政管理中心,1
建筑学部,土木工程学院,硕士,2022,出国(境)留学或工作,香港理工大学,1
建筑学部,土木工程学院,硕士,2022,就业,中建科技集团有限公司深圳分公司,1
建筑学部,土木工程学院,硕士,2022,就业,南方鼎元资产运营有限责任公司,1
建筑学部,土木工程学院,硕士,2022,就业,武汉市汉阳市政建设集团有限公司,1
建筑学部,土木工程学院,硕士,2022,就业,北京金茂产城科技发展有限公司,1
建筑学部,土木工程学院,硕士,2022,就业,金地房地产建设管理有限公司,1
建筑学部,土木工程学院,硕士,2022,就业,湖南省建筑设计院集团有限公司,1
建筑学部,土木工程学院,硕士,2022,就业,中国市政工程中南设计研究总院有限公司,1
建筑学部,土木工程学院,硕士,2022,就业,广州交通投资集团有限公司营运分公司,1
建筑学部,土木工程学院,硕士,2022,就业,深圳市建筑工务署教育工程管理中心,1
建筑学部,土木工程学院,硕士,2022,就业,中广核惠州核电有限公司,1
建筑学部,土木工程学院,硕士,2022,就业,广西交通职业技术学院,1
建筑学部,土木工程学院,硕士,2022,就业,广西建设职业技术学院,1
建筑学部,土木工程学院,硕士,2022,就业,重庆交通大学,1
建筑学部,土木工程学院,硕士,2022,就业,中铁大桥局集团第八工程有限公司,1
建筑学部,土木工程学院,硕士,2022,就业,重庆市建筑科学研究院有限公司,1
建筑学部,土木工程学院,硕士,2022,就业,万科企业股份有限公司,1
建筑学部,土木工程学院,硕士,2022,就业,重庆龙湖企业拓展有限公司,1
建筑学部,土木工程学院,硕士,2022,出国(境)留学或工作,佛罗里达大学,1
建筑学部,土木工程学院,硕士,2022,就业,重庆万桥交通科技发展有限公司,1
建筑学部,土木工程学院,硕士,2022,选调生,中共南充市委组织部,1
建筑学部,土木工程学院,硕士,2022,就业,四川省建筑科学研究院有限公司,1
建筑学部,土木工程学院,硕士,2022,选调生,中共重庆市垫江县委组织部,1
建筑学部,土木工程学院,硕士,2022,就业,重庆市沙坪坝区住房和城乡建设委员会,1
建筑学部,土木工程学院,硕士,2022,就业,深圳市润投咨询有限公司,1
建筑学部,土木工程学院,硕士,2022,选调生,中共自贡市委组织部,1
建筑学部,土木工程学院,硕士,2022,就业,中国船舶重工集团海装风电股份有限公司,1
建筑学部,土木工程学院,硕士,2022,就业,比亚迪股份有限公司,1
建筑学部,土木工程学院,硕士,2022,就业,四川爱德中创建设工程有限公司,1
建筑学部,土木工程学院,硕士,2022,就业,信息产业电子第十一设计研究院科技工程股份有限公司,1
建筑学部,土木工程学院,硕士,2022,选调生,中共遵义市委组织部,1
建筑学部,土木工程学院,硕士,2022,就业,中国建筑西南设计研究院有限公司云南分院,1
建筑学部,土木工程学院,硕士,2022,就业,深圳铁路投资建设集团有限公司,1
建筑学部,土木工程学院,硕士,2022,就业,中国电力工程顾问集团西北电力设计院有限公司,1
建筑学部,土木工程学院,硕士,2022,就业,中建三局城市投资运营有限公司,1
建筑学部,土木工程学院,硕士,2022,就业,长虹美菱股份有限公司,1
建筑学部,土木工程学院,硕士,2022,就业,宁德时代新能源科技股份有限公司,1
建筑学部,土木工程学院,硕士,2022,就业,深圳市水务(集团)有限公司,1
建筑学部,土木工程学院,硕士,2022,就业,重庆燃气集团股份有限公司,1
建筑学部,土木工程学院,硕士,2022,就业,重庆前卫表业有限公司,1
建筑学部,土木工程学院,硕士,2022,就业,广东美的厨卫电器制造有限公司,1
建筑学部,土木工程学院,硕士,2022,就业,中铁第四勘察设计院集团有限公司,1
建筑学部,土木工程学院,硕士,2022,就业,成方金融信息技术服务有限公司,1
建筑学部,土木工程学院,硕士,2022,就业,中通服建设有限公司,1
建筑学部,土木工程学院,硕士,2022,就业,世源科技工程有限公司,1
建筑学部,土木工程学院,硕士,2022,就业,广东省住房和城乡建设厅,1
建筑学部,土木工程学院,硕士,2022,就业,中国移动通信集团浙江有限公司宁波分公司,1
建筑学部,土木工程学院,硕士,2022,就业,合肥国轩高科动力能源有限公司,1
建筑学部,土木工程学院,硕士,2022,就业,卓汇(江苏)能源工程技术有限公司,1
建筑学部,土木工程学院,硕士,2022,就业,广州小鹏汽车科技有限公司,1
建筑学部,土木工程学院,硕士,2022,就业,郑州华润燃气股份有限公司,1
建筑学部,土木工程学院,硕士,2022,就业,浙江启尔机电技术有限公司,1
建筑学部,土木工程学院,硕士,2022,就业,中国建筑股份有限公司,1
建筑学部,土木工程学院,硕士,2022,就业,华东建筑设计研究院有限公司深圳分公司,1
建筑学部,土木工程学院,硕士,2022,选调生,中共陕西省委组织部,1
建筑学部,土木工程学院,硕士,2022,就业,浙江三花绿能实业集团有限公司,1
建筑学部,土木工程学院,硕士,2022,就业,中国长江电力股份有限公司,1
建筑学部,土木工程学院,硕士,2022,就业,浙江省建筑设计研究院,1
建筑学部,土木工程学院,硕士,2022,就业,重庆机场集团有限公司,1
建筑学部,土木工程学院,硕士,2022,就业,中铁西南科学研究院有限公司,1
建筑学部,土木工程学院,硕士,2022,选调生,中共鄂尔多斯市委员会组织部,1
建筑学部,土木工程学院,硕士,2022,就业,南通招通置业有限公司,1
建筑学部,土木工程学院,硕士,2022,就业,西安传化盛世地产开发有限公司,1
建筑学部,土木工程学院,硕士,2022,就业,山东电力工程咨询院有限公司,1
建筑学部,土木工程学院,硕士,2022,就业,深圳虾皮信息科技有限公司,1
建筑学部,土木工程学院,硕士,2022,出国(境)留学或工作,渥太华大学,1
建筑学部,土木工程学院,硕士,2022,就业,长沙市万科企业有限公司,1
建筑学部,土木工程学院,硕士,2022,选调生,中山市水务局,1
建筑学部,土木工程学院,硕士,2022,就业,中瑞方胜人力资源科技(北京)有限公司,1
建筑学部,土木工程学院,硕士,2022,就业,中冶赛迪信息技术(重庆)有限公司,1
建筑学部,土木工程学院,硕士,2022,升学,大连理工大学,1
建筑学部,土木工程学院,硕士,2022,就业,三峡珠江发电有限公司,1
建筑学部,土木工程学院,硕士,2022,就业,华润置地(重庆)有限公司,1
建筑学部,土木工程学院,硕士,2022,就业,广州市城市建设开发有限公司,1
建筑学部,土木工程学院,硕士,2022,就业,重庆城市科技学院,1
建筑学部,土木工程学院,硕士,2022,选调生,自贡市委组织部,1
建筑学部,土木工程学院,硕士,2022,升学,同济大学,1
建筑学部,土木工程学院,硕士,2022,就业,重庆城投基础设施建设有限公司,1
建筑学部,土木工程学院,硕士,2022,就业,震安科技股份有限公司,1
建筑学部,土木工程学院,硕士,2022,就业,重庆怡置房地产开发有限公司,1
建筑学部,土木工程学院,硕士,2022,就业,合肥锦湖房地产开发有限公司,1
建筑学部,土木工程学院,硕士,2022,就业,龙湖物业服务集团有限公司,1
建筑学部,土木工程学院,硕士,2022,就业,中国能源建设集团山西省电力勘测设计院有限公司,1
建筑学部,土木工程学院,硕士,2022,就业,重庆和彰企业管理咨询有限公司,1
建筑学部,土木工程学院,硕士,2022,就业,深圳市宝安区新桥街道办,1
建筑学部,土木工程学院,硕士,2022,就业,宁波市鄞州区人力资源和社会保障局,1
建筑学部,土木工程学院,硕士,2022,就业,安徽省建筑设计研究总院股份有限公司,1
建筑学部,土木工程学院,硕士,2022,就业,杭州兆欣房地产有限公司,1
建筑学部,土木工程学院,硕士,2022,就业,中建科技有限公司四川分公司,1
建筑学部,土木工程学院,硕士,2022,就业,华能江西清洁能源有限责任公司,1
建筑学部,土木工程学院,硕士,2022,就业,广州地铁设计研究院股份有限公司,1
建筑学部,土木工程学院,硕士,2022,出国(境)留学或工作,根特大学,1
建筑学部,土木工程学院,硕士,2022,升学,浙江大学,1
建筑学部,土木工程学院,硕士,2022,就业,宁波均胜智能汽车技术研究院有限公司,1
建筑学部,土木工程学院,硕士,2022,就业,国家电投集团江西电力有限公司新能源发电分公司,1
建筑学部,土木工程学院,硕士,2022,就业,中国葛洲坝集团国际工程有限公司,1
建筑学部,土木工程学院,硕士,2022,就业,云南保利恒泰实业有限公司,1
建筑学部,土木工程学院,硕士,2022,就业,南方科技大学,1
建筑学部,土木工程学院,硕士,2022,就业,招商(东莞)投资发展有限公司,1
建筑学部,土木工程学院,硕士,2022,就业,成都华润置地驿都房地产有限公司,1
建筑学部,土木工程学院,硕士,2022,选调生,中共上海市徐汇区委组织部,1
建筑学部,土木工程学院,硕士,2022,就业,广州地铁集团有限公司,1
建筑学部,土木工程学院,硕士,2022,就业,重庆市武隆区公路事务中心,1
建筑学部,土木工程学院,硕士,2022,就业,玉溪市公路工程质量监督站,1
建筑学部,土木工程学院,硕士,2022,就业,中电建路桥集团有限公司,1
建筑学部,土木工程学院,硕士,2022,就业,广联达数字科技(重庆)有限公司,1
建筑学部,土木工程学院,硕士,2022,就业,四川省建筑设计研究院有限公司,1
建筑学部,土木工程学院,硕士,2022,就业,中国电子科技集团公司第二十九研究所,1
建筑学部,土木工程学院,硕士,2022,升学,清华大学,1
建筑学部,土木工程学院,硕士,2022,就业,中国电建集团青海省电力设计院有限公司,1
建筑学部,土木工程学院,硕士,2022,就业,东方电气风电有限公司,1
建筑学部,土木工程学院,硕士,2022,就业,常熟市人民政府琴川街道办事处,1
建筑学部,土木工程学院,硕士,2022,就业,岳阳市财政局,1
建筑学部,土木工程学院,硕士,2022,就业,龙湖物业服务集团有限公司杭州分公司,1
建筑学部,土木工程学院,硕士,2022,就业,上海理想汽车科技有限公司,1
建筑学部,土木工程学院,硕士,2022,选调生,鹤山市雅瑶镇人民政府,1
建筑学部,土木工程学院,硕士,2022,就业,浙江零跑科技股份有限公司,1
建筑学部,土木工程学院,硕士,2022,就业,普洛斯企业发展(上海)有限公司,1
建筑学部,土木工程学院,硕士,2022,就业,德州仪器半导体制造(成都)有限公司,1
建筑学部,土木工程学院,硕士,2022,就业,深圳华为云计算技术有限公司,1
建筑学部,土木工程学院,硕士,2022,就业,中国建筑科学研究院有限公司西南分院,1
建筑学部,土木工程学院,硕士,2022,选调生,中国共产党巧家县委员会组织部,1
建筑学部,土木工程学院,硕士,2022,就业,山西省交通运输厅,1
建筑学部,土木工程学院,硕士,2022,就业,洛阳机械工业第四设计研究院有限公司,1
建筑学部,土木工程学院,硕士,2022,就业,抖音视界(北京)有限公司,1
建筑学部,土木工程学院,硕士,2022,就业,宁波绿城浙凡置业有限公司,1
建筑学部,土木工程学院,硕士,2022,就业,思特沃克软件技术(成都)有限公司,1
建筑学部,土木工程学院,硕士,2022,就业,中建三局集团有限公司,1
建筑学部,土木工程学院,硕士,2022,就业,自然资源部重庆测绘院,1
建筑学部,土木工程学院,硕士,2022,就业,中国船舶重工集团有限公司第七一〇研究所,1
建筑学部,土木工程学院,硕士,2022,就业,重庆交通职业学院,1
建筑学部,土木工程学院,硕士,2022,就业,中联西北工程设计研究院有限公司,1
建筑学部,土木工程学院,硕士,2022,就业,中冶赛迪工程技术股份有限公司,1
建筑学部,土木工程学院,博士,2022,就业,重庆交通大学,3
建筑学部,土木工程学院,博士,2022,就业,中国人民解放军陆军勤务学院,2
建筑学部,土木工程学院,博士,2022,就业,华东交通大学,2
建筑学部,土木工程学院,博士,2022,就业,重庆科技学院,2
建筑学部,土木工程学院,博士,2022,出国(境)留学或工作,卧龙岗大学,1
建筑学部,土木工程学院,博士,2022,就业,清华大学,1
建筑学部,土木工程学院,博士,2022,就业,重庆大学溧阳智慧城市研究院,1
建筑学部,土木工程学院,博士,2022,就业,中建海龙科技有限公司,1
建筑学部,土木工程学院,博士,2022,就业,中国科学院上海光学精密机械研究所,1
建筑学部,土木工程学院,博士,2022,就业,重庆文理学院,1
建筑学部,土木工程学院,博士,2022,就业,哈尔滨工业大学,1
建筑学部,土木工程学院,博士,2022,就业,中铁十一局集团有限公司,1
建筑学部,土木工程学院,博士,2022,就业,重庆城投基础设施建设有限公司,1
建筑学部,土木工程学院,博士,2022,就业,中国铁道科学研究院集团有限公司,1
建筑学部,土木工程学院,博士,2022,就业,苏州科技大学,1
建筑学部,土木工程学院,博士,2022,出国(境)留学或工作,新加坡理工大学,1
建筑学部,土木工程学院,博士,2022,就业,重庆大学,1
建筑学部,土木工程学院,博士,2022,就业,中国人民解放军空军工程大学,1
建筑学部,土木工程学院,博士,2022,就业,昆明理工大学,1
建筑学部,土木工程学院,博士,2022,就业,河南城建学院,1
建筑学部,土木工程学院,博士,2022,就业,太原理工大学,1
建筑学部,土木工程学院,博士,2022,就业,河南科技大学,1
建筑学部,土木工程学院,博士,2022,就业,贵州大学,1
建筑学部,土木工程学院,博士,2022,就业,中国建设基础设施有限公司,1
建筑学部,土木工程学院,博士,2022,就业,山西大学,1
建筑学部,土木工程学院,博士,2022,就业,重庆工业职业技术学院,1
建筑学部,土木工程学院,博士,2022,就业,浙江大学,1
建筑学部,土木工程学院,博士,2022,就业,深圳大学,1
建筑学部,土木工程学院,博士,2022,就业,重庆市地质矿产勘查开发局南江水文地质工程地质队,1
建筑学部,土木工程学院,博士,2022,就业,中建二局第二建筑工程有限公司,1
建筑学部,土木工程学院,博士,2022,就业,中国人民解放军军事科学院,1
建筑学部,土木工程学院,博士,2022,就业,美的集团(上海)有限公司,1
建筑学部,土木工程学院,博士,2022,就业,河北建筑工程学院,1
建筑学部,土木工程学院,博士,2022,就业,福州大学,1
建筑学部,土木工程学院,博士,2022,就业,香港理工大学,1
建筑学部,土木工程学院,博士,2022,就业,西北农林科技大学,1
建筑学部,土木工程学院,博士,2022,就业,福建农林大学,1
建筑学部,土木工程学院,博士,2022,就业,中国电建集团华东勘测设计研究院有限公司,1
建筑学部,土木工程学院,博士,2022,就业,常州大学,1
建筑学部,土木工程学院,博士,2022,选调生,泉州市审计局,1
建筑学部,土木工程学院,博士,2022,就业,安徽工业大学,1
建筑学部,土木工程学院,博士,2022,就业,重庆渝富产城运营建设发展有限公司,1
建筑学部,土木工程学院,博士,2022,就业,中铁二院重庆勘察设计研究院有限责任公司,1
建筑学部,土木工程学院,博士,2022,就业,湖南城市学院,1
建筑学部,土木工程学院,博士,2022,就业,河北工程大学,1
建筑学部,土木工程学院,博士,2022,就业,重庆第二师范学院,1
建筑学部,土木工程学院,博士,2022,就业,浙江工业大学,1
建筑学部,土木工程学院,博士,2022,就业,广东海洋大学,1
建筑学部,土木工程学院,博士,2022,就业,河南理工大学,1
建筑学部,土木工程学院,博士,2022,就业,中建三局集团有限公司,1
建筑学部,土木工程学院,博士,2022,就业,山东建筑大学,1
建筑学部,土木工程学院,本科,2023,升学,重庆大学,79
建筑学部,土木工程学院,本科,2023,升学,同济大学,27
建筑学部,土木工程学院,本科,2023,就业,中建三局第一建设工程有限责任公司,14
建筑学部,土木工程学院,本科,2023,就业,中建三局集团有限公司,9
建筑学部,土木工程学院,本科,2023,升学,东南大学,9
建筑学部,土木工程学院,本科,2023,升学,浙江大学,8
建筑学部,土木工程学院,本科,2023,就业,中建八局第一建设有限公司,7
建筑学部,土木工程学院,本科,2023,就业,中建八局总承包建设有限公司,7
建筑学部,土木工程学院,本科,2023,就业,中建三局集团有限公司西南分公司,7
建筑学部,土木工程学院,本科,2023,就业,中建三局集团(深圳)有限公司,7
建筑学部,土木工程学院,本科,2023,就业,中国建筑第八工程局有限公司西南分公司,7
建筑学部,土木工程学院,本科,2023,就业,中建一局集团建设发展有限公司,7
建筑学部,土木工程学院,本科,2023,就业,中建科工集团有限公司,6
建筑学部,土木工程学院,本科,2023,就业,中国建筑第八工程局有限公司上海分公司,5
建筑学部,土木工程学院,本科,2023,出国(境)留学或工作,香港科技大学,3
建筑学部,土木工程学院,本科,2023,升学,哈尔滨工业大学,3
建筑学部,土木工程学院,本科,2023,就业,中国铁路成都局集团有限公司,2
建筑学部,土木工程学院,本科,2023,就业,深圳桃李未来控股有限公司,2
建筑学部,土木工程学院,本科,2023,升学,哈尔滨工业大学(深圳),2
建筑学部,土木工程学院,本科,2023,就业,中建三局集团有限公司上海分公司,2
建筑学部,土木工程学院,本科,2023,升学,天津大学,2
建筑学部,土木工程学院,本科,2023,就业,中国土木工程集团有限公司,2
建筑学部,土木工程学院,本科,2023,就业,中建八局发展建设有限公司,2
建筑学部,土木工程学院,本科,2023,就业,中建一局华江建设有限公司,2
建筑学部,土木工程学院,本科,2023,就业,中建一局集团第三建筑有限公司,2
建筑学部,土木工程学院,本科,2023,出国(境)留学或工作,新加坡国立大学,2
建筑学部,土木工程学院,本科,2023,就业,中建三局第二建设工程有限责任公司,2
建筑学部,土木工程学院,本科,2023,就业,中建-大成建筑有限责任公司,2
建筑学部,土木工程学院,本科,2023,就业,中建八局第三建设有限公司,2
建筑学部,土木工程学院,本科,2023,就业,中冶建工集团有限公司,2
建筑学部,土木工程学院,本科,2023,升学,西安交通大学,2
建筑学部,土木工程学院,本科,2023,升学,华南理工大学,2
建筑学部,土木工程学院,本科,2023,就业,中建三局安装工程有限公司,2
建筑学部,土木工程学院,本科,2023,就业,广州燃气集团有限公司,2
建筑学部,土木工程学院,本科,2023,出国(境)留学或工作,谢菲尔德大学,2
建筑学部,土木工程学院,本科,2023,升学,武汉大学,2
建筑学部,土木工程学院,本科,2023,就业,厦门兆澄垚投资有限公司,1
建筑学部,土木工程学院,本科,2023,就业,重庆赛迪工程咨询有限公司,1
建筑学部,土木工程学院,本科,2023,升学,中国建筑科学研究院,1
建筑学部,土木工程学院,本科,2023,出国(境)留学或工作,利兹大学,1
建筑学部,土木工程学院,本科,2023,升学,香港中文大学(深圳),1
建筑学部,土木工程学院,本科,2023,就业,成都建工集团有限公司,1
建筑学部,土木工程学院,本科,2023,就业,深圳市共创合不动产管理有限公司,1
建筑学部,土木工程学院,本科,2023,升学,中国农业大学,1
建筑学部,土木工程学院,本科,2023,就业,中国建筑一局(集团)有限公司西南分公司,1
建筑学部,土木工程学院,本科,2023,就业,广西防城港核电有限公司,1
建筑学部,土木工程学院,本科,2023,选调生,云南省住房和城乡建设厅,1
建筑学部,土木工程学院,本科,2023,升学,国防科学技术大学,1
建筑学部,土木工程学院,本科,2023,升学,兰州大学,1
建筑学部,土木工程学院,本科,2023,就业,中国建设银行股份有限公司重庆市分行,1
建筑学部,土木工程学院,本科,2023,就业,中建四局第一建设有限公司,1
建筑学部,土木工程学院,本科,2023,就业,中交一航局第三工程有限公司,1
建筑学部,土木工程学院,本科,2023,就业,重庆蔚电能源有限公司,1
建筑学部,土木工程学院,本科,2023,就业,雅江清洁能源开发有限公司,1
建筑学部,土木工程学院,本科,2023,出国(境)留学或工作,西澳大学,1
建筑学部,土木工程学院,本科,2023,出国(境)留学或工作,九州大学,1
建筑学部,土木工程学院,本科,2023,就业,上海中建申拓投资发展有限公司,1
建筑学部,土木工程学院,本科,2023,就业,中建八局第四建设有限公司,1
建筑学部,土木工程学院,本科,2023,就业,上海建工四建集团有限公司,1
建筑学部,土木工程学院,本科,2023,出国(境)留学或工作,纽卡斯尔大学,1
建筑学部,土木工程学院,本科,2023,就业,中国农业银行股份有限公司西藏自治区分行,1
建筑学部,土木工程学院,本科,2023,就业,中国建筑第八工程局有限公司广州分公司,1
建筑学部,土木工程学院,本科,2023,就业,中建三局第三建设工程有限责任公司,1
建筑学部,土木工程学院,本科,2023,就业,南宁市泰展工程技术有限责任公司,1
建筑学部,土木工程学院,本科,2023,升学,北京师范大学,1
建筑学部,土木工程学院,本科,2023,就业,中国银行股份有限公司西藏自治区分行,1
建筑学部,土木工程学院,本科,2023,就业,中建八局浙江建设有限公司,1
建筑学部,土木工程学院,本科,2023,升学,西安建筑科技大学,1
建筑学部,土木工程学院,本科,2023,就业,枣庄市青年人才储备中心,1
建筑学部,土木工程学院,本科,2023,就业,山西省侯马市住房和城乡建设管理局,1
建筑学部,土木工程学院,本科,2023,升学,湖南大学,1
建筑学部,土木工程学院,本科,2023,就业,中铁三局集团华东建设有限公司,1
建筑学部,土木工程学院,本科,2023,升学,石家庄铁道大学,1
建筑学部,土木工程学院,本科,2023,就业,宜都市水利和湖泊局,1
建筑学部,土木工程学院,本科,2023,就业,中建四局第六建设有限公司,1
建筑学部,土木工程学院,本科,2023,就业,广西路建工程集团有限公司,1
建筑学部,土木工程学院,本科,2023,就业,基恩士(中国)有限公司,1
建筑学部,土木工程学院,本科,2023,升学,中国石油大学(北京),1
建筑学部,土木工程学院,本科,2023,升学,上海交通大学,1
建筑学部,土木工程学院,本科,2023,就业,中国烟草总公司重庆市公司丰都分公司,1
建筑学部,土木工程学院,本科,2023,就业,中建八局第二建设有限公司,1
建筑学部,土木工程学院,本科,2023,就业,中建隧道建设有限公司,1
建筑学部,土木工程学院,本科,2023,升学,福州大学,1
建筑学部,土木工程学院,本科,2023,出国(境)留学或工作,德累斯顿工业大学,1
建筑学部,土木工程学院,本科,2023,就业,广州凡尘之上科技有限公司,1
建筑学部,土木工程学院,本科,2023,升学,中国科学院大学,1
建筑学部,土木工程学院,本科,2023,选调生,中共六盘水市委组织部,1
建筑学部,土木工程学院,本科,2023,就业,中国人民解放军63810部队,1
建筑学部,土木工程学院,本科,2023,升学,中山大学,1
建筑学部,土木工程学院,本科,2023,就业,中建五局安装工程有限公司,1
建筑学部,土木工程学院,本科,2023,就业,泸州华润兴泸燃气有限公司,1
建筑学部,土木工程学院,本科,2023,升学,中国石油大学(华东),1
建筑学部,土木工程学院,本科,2023,就业,合肥方田教育培训学校,1
建筑学部,土木工程学院,本科,2023,升学,厦门大学,1
建筑学部,土木工程学院,本科,2023,出国(境)留学或工作,悉尼大学,1
建筑学部,土木工程学院,本科,2023,就业,中国建筑第五工程局有限公司,1
建筑学部,土木工程学院,本科,2023,升学,中南大学,1
建筑学部,土木工程学院,本科,2023,升学,清华大学深圳国际研究生院,1
建筑学部,土木工程学院,本科,2023,就业,中建新疆安装工程有限公司,1
建筑学部,土木工程学院,本科,2023,就业,苏州港华燃气有限公司,1
建筑学部,土木工程学院,本科,2023,选调生,中国共产党唐山市委员会组织部,1
建筑学部,土木工程学院,本科,2023,就业,中建一局集团第一建筑有限公司,1
建筑学部,土木工程学院,本科,2023,升学,北京航空航天大学,1
建筑学部,土木工程学院,本科,2023,选调生,中共青海省委组织部,1
建筑学部,土木工程学院,本科,2023,就业,浙江华友钴业股份有限公司,1
建筑学部,土木工程学院,本科,2023,就业,重庆康迪工程技术咨询有限公司,1
建筑学部,土木工程学院,本科,2023,出国(境)留学或工作,香港城市大学,1
建筑学部,土木工程学院,本科,2023,就业,中机国际工程设计研究院有限责任公司,1
建筑学部,土木工程学院,本科,2023,就业,中车株洲电力机车有限公司,1
建筑学部,土木工程学院,本科,2023,就业,绵阳燃气集团有限公司,1
建筑学部,土木工程学院,本科,2023,就业,中建铁路投资建设集团有限公司,1
建筑学部,土木工程学院,本科,2023,就业,成都华润燃气设计有限公司,1
建筑学部,土木工程学院,本科,2023,就业,东风汽车有限公司东风日产乘用车公司,1
建筑学部,土木工程学院,本科,2023,就业,湖州燃气股份有限公司,1
建筑学部,土木工程学院,本科,2023,就业,紫金矿业集团股份有限公司,1
建筑学部,土木工程学院,本科,2023,升学,中国科学院地理科学与资源研究所,1
建筑学部,土木工程学院,本科,2023,升学,中国科学院大学空天信息创新研究院,1
建筑学部,土木工程学院,硕士,2023,升学,重庆大学,14
建筑学部,土木工程学院,硕士,2023,就业,中海建筑有限公司,8
建筑学部,土木工程学院,硕士,2023,就业,明阳智慧能源集团股份公司,8
建筑学部,土木工程学院,硕士,2023,就业,中国建筑西南设计研究院有限公司,7
建筑学部,土木工程学院,硕士,2023,就业,中国市政工程中南设计研究总院有限公司,6
建筑学部,土木工程学院,硕士,2023,选调生,中国共产党重庆市委员会组织部,5
建筑学部,土木工程学院,硕士,2023,就业,华为技术有限公司,5
建筑学部,土木工程学院,硕士,2023,选调生,中共重庆市委组织部,5
建筑学部,土木工程学院,硕士,2023,就业,比亚迪股份有限公司,5
建筑学部,土木工程学院,硕士,2023,选调生,中国共产党南充市委员会组织部,4
建筑学部,土木工程学院,硕士,2023,就业,赛力斯汽车有限公司,4
建筑学部,土木工程学院,硕士,2023,选调生,中共成都市委组织部,3
建筑学部,土木工程学院,硕士,2023,就业,中国成达工程有限公司,3
建筑学部,土木工程学院,硕士,2023,就业,中机中联工程有限公司,3
建筑学部,土木工程学院,硕士,2023,就业,中国建筑第四工程局有限公司,3
建筑学部,土木工程学院,硕士,2023,就业,中国建筑西南设计研究院有限公司重庆分院,3
建筑学部,土木工程学院,硕士,2023,就业,重庆长安新能源汽车科技有限公司,3
建筑学部,土木工程学院,硕士,2023,就业,中国电力工程顾问集团西南电力设计院有限公司,3
建筑学部,土木工程学院,硕士,2023,就业,中铁工程装备集团有限公司,3
建筑学部,土木工程学院,硕士,2023,就业,中冶赛迪信息技术(重庆)有限公司,2
建筑学部,土木工程学院,硕士,2023,就业,中国建筑第八工程局有限公司,2
建筑学部,土木工程学院,硕士,2023,就业,中国联合工程有限公司,2
建筑学部,土木工程学院,硕士,2023,就业,中国建筑第五工程局有限公司,2
建筑学部,土木工程学院,硕士,2023,就业,中国船舶重工集团海装风电股份有限公司,2
建筑学部,土木工程学院,硕士,2023,就业,中铁第一勘察设计院集团有限公司,2
建筑学部,土木工程学院,硕士,2023,升学,哈尔滨工业大学(深圳),2
建筑学部,土木工程学院,硕士,2023,就业,重庆燃气集团股份有限公司,2
建筑学部,土木工程学院,硕士,2023,就业,中建西南咨询顾问有限公司,2
建筑学部,土木工程学院,硕士,2023,选调生,中国共产党宜宾市委员会组织部,2
建筑学部,土木工程学院,硕士,2023,就业,中国电力工程顾问集团西北电力设计院有限公司,2
建筑学部,土木工程学院,硕士,2023,就业,中国能源建设集团广东省电力设计研究院有限公司,2
建筑学部,土木工程学院,硕士,2023,就业,东方电气集团东方锅炉股份有限公司,2
建筑学部,土木工程学院,硕士,2023,就业,隆基绿能科技股份有限公司,2
建筑学部,土木工程学院,硕士,2023,就业,重庆市建设工程质量检验测试中心有限公司,2
建筑学部,土木工程学院,硕士,2023,就业,中国建筑股份有限公司,2
建筑学部,土木工程学院,硕士,2023,就业,中冶赛迪集团有限公司,2
建筑学部,土木工程学院,硕士,2023,就业,宁德时代新能源科技股份有限公司,2
建筑学部,土木工程学院,硕士,2023,就业,广东粤海水务股份有限公司,2
建筑学部,土木工程学院,硕士,2023,就业,青岛海尔人力资源开发有限公司,2
建筑学部,土木工程学院,硕士,2023,选调生,中国共产党重庆市合川区委员会组织部,2
建筑学部,土木工程学院,硕士,2023,就业,重庆赛迪工程咨询有限公司,2
建筑学部,土木工程学院,硕士,2023,就业,重庆市铁路(集团)有限公司,2
建筑学部,土木工程学院,硕士,2023,就业,中国电建集团成都勘测设计研究院有限公司,2
建筑学部,土木工程学院,硕士,2023,就业,广联达科技股份有限公司安徽分公司,1
建筑学部,土木工程学院,硕士,2023,就业,中建八局发展建设有限公司,1
建筑学部,土木工程学院,硕士,2023,就业,成都建工集团有限公司,1
建筑学部,土木工程学院,硕士,2023,就业,重庆市铜梁区平滩镇人民政府,1
建筑学部,土木工程学院,硕士,2023,就业,华润置地(东莞)有限公司,1
建筑学部,土木工程学院,硕士,2023,选调生,运城市人民政府发展研究中心,1
建筑学部,土木工程学院,硕士,2023,就业,重庆兆祥房地产开发有限公司,1
建筑学部,土木工程学院,硕士,2023,就业,江苏金风软件技术有限公司,1
建筑学部,土木工程学院,硕士,2023,就业,绍兴市轨道交通集团有限公司,1
建筑学部,土木工程学院,硕士,2023,就业,安徽华电工程咨询设计有限公司,1
建筑学部,土木工程学院,硕士,2023,选调生,中国共产党重庆市璧山区委员会组织部,1
建筑学部,土木工程学院,硕士,2023,就业,中共扬州市委组织部,1
建筑学部,土木工程学院,硕士,2023,就业,中国能源建设集团安徽省电力设计院有限公司,1
建筑学部,土木工程学院,硕士,2023,出国(境)留学或工作,巴黎萨克雷大学,1
建筑学部,土木工程学院,硕士,2023,就业,赣东学院,1
建筑学部,土木工程学院,硕士,2023,就业,中建交通建设集团有限公司,1
建筑学部,土木工程学院,硕士,2023,就业,中国农业发展银行江西省分行,1
建筑学部,土木工程学院,硕士,2023,就业,中铁工程设计咨询集团有限公司济南设计院,1
建筑学部,土木工程学院,硕士,2023,选调生,深圳市交通运输局,1
建筑学部,土木工程学院,硕士,2023,就业,同圆设计集团股份有限公司,1
建筑学部,土木工程学院,硕士,2023,就业,中国共产党青岛市城阳区委员会组织部,1
建筑学部,土木工程学院,硕士,2023,出国(境)留学或工作,代尔夫特理工大学,1
建筑学部,土木工程学院,硕士,2023,就业,中国电建集团华中电力设计研究院有限公司,1
建筑学部,土木工程学院,硕士,2023,就业,中建七局建筑装饰工程有限公司,1
建筑学部,土木工程学院,硕士,2023,就业,中国五环工程有限公司,1
建筑学部,土木工程学院,硕士,2023,就业,中建七局地产集团有限公司,1
建筑学部,土木工程学院,硕士,2023,就业,重庆市涪陵区住房城乡建设委员会,1
建筑学部,土木工程学院,硕士,2023,就业,华润置地(重庆)有限公司,1
建筑学部,土木工程学院,硕士,2023,就业,林同棪国际工程咨询(中国)有限公司,1
建筑学部,土木工程学院,硕士,2023,就业,中交城市投资控股有限公司,1
建筑学部,土木工程学院,硕士,2023,就业,中国建筑第八工程局有限公司西南分公司,1
建筑学部,土木工程学院,硕士,2023,就业,长江三峡技术经济发展有限公司,1
建筑学部,土木工程学院,硕士,2023,选调生,中国共产党重庆市梁平区委员会组织部,1
建筑学部,土木工程学院,硕士,2023,就业,中铁五局集团机械化工程有限责任公司,1
建筑学部,土木工程学院,硕士,2023,就业,重庆城市职业学院,1
建筑学部,土木工程学院,硕士,2023,就业,国家开发银行四川省分行,1
建筑学部,土木工程学院,硕士,2023,就业,上海海思技术有限公司,1
建筑学部,土木工程学院,硕士,2023,选调生,中共眉山市委组织部,1
建筑学部,土木工程学院,硕士,2023,就业,中建八局第一建设有限公司,1
建筑学部,土木工程学院,硕士,2023,就业,中国核电工程有限公司郑州分公司,1
建筑学部,土木工程学院,硕士,2023,就业,云南电网有限责任公司昆明供电局,1
建筑学部,土木工程学院,硕士,2023,就业,陕西飞机工业有限责任公司,1
建筑学部,土木工程学院,硕士,2023,选调生,中共陕西省委组织部,1
建筑学部,土木工程学院,硕士,2023,就业,国网甘肃省电力公司建设分公司,1
建筑学部,土木工程学院,硕士,2023,就业,隆基乐叶光伏科技有限公司,1
建筑学部,土木工程学院,硕士,2023,就业,苏州市吴中区水务局,1
建筑学部,土木工程学院,硕士,2023,就业,深信服科技股份有限公司,1
建筑学部,土木工程学院,硕士,2023,就业,北京趣拿软件科技有限公司,1
建筑学部,土木工程学院,硕士,2023,选调生,中国共产党昆明市西山区委员会组织部,1
建筑学部,土木工程学院,硕士,2023,选调生,鄂尔多斯市住建局,1
建筑学部,土木工程学院,硕士,2023,就业,重庆物康科技有限公司,1
建筑学部,土木工程学院,硕士,2023,就业,中国石油天然气股份有限公司西南油气田分公司,1
建筑学部,土木工程学院,硕士,2023,就业,北京华石纳固科技有限公司,1
建筑学部,土木工程学院,硕士,2023,就业,成都市锦江区人民政府政务服务中心,1
建筑学部,土木工程学院,硕士,2023,就业,福建省水利水电勘测设计研究院有限公司,1
建筑学部,土木工程学院,硕士,2023,选调生,中共昆明市西山区委组织部,1
建筑学部,土木工程学院,硕士,2023,就业,深圳平安综合金融服务有限公司,1
建筑学部,土木工程学院,硕士,2023,就业,忠县人民政府忠州街道办事处,1
建筑学部,土木工程学院,硕士,2023,就业,中海地产(杭州)有限公司,1
建筑学部,土木工程学院,硕士,2023,就业,花旗金融信息服务(中国)有限公司,1
建筑学部,土木工程学院,硕士,2023,就业,四川爱德中创建设工程有限公司,1
建筑学部,土木工程学院,硕士,2023,就业,香港智能建造研发中心,1
建筑学部,土木工程学院,硕士,2023,就业,国网重庆市电力公司,1
建筑学部,土木工程学院,硕士,2023,就业,苏州雄立科技有限公司,1
建筑学部,土木工程学院,硕士,2023,就业,中国土木工程集团有限公司,1
建筑学部,土木工程学院,硕士,2023,就业,广州地铁集团有限公司,1
建筑学部,土木工程学院,硕士,2023,就业,国核电力规划设计研究院重庆有限公司,1
建筑学部,土木工程学院,硕士,2023,就业,吉利汽车研究院(宁波)有限公司,1
建筑学部,土木工程学院,硕士,2023,就业,上海核工程研究设计院有限公司,1
建筑学部,土木工程学院,硕士,2023,就业,浙江三花汽车零部件有限公司,1
建筑学部,土木工程学院,硕士,2023,选调生,江西省委组织部,1
建筑学部,土木工程学院,硕士,2023,就业,浪潮集团有限公司,1
建筑学部,土木工程学院,硕士,2023,出国(境)留学或工作,香港理工大学,1
建筑学部,土木工程学院,硕士,2023,就业,中广核研究院有限公司,1
建筑学部,土木工程学院,硕士,2023,就业,珠海金山办公软件有限公司,1
建筑学部,土木工程学院,硕士,2023,就业,德州仪器半导体制造(成都)有限公司,1
建筑学部,土木工程学院,硕士,2023,就业,华润燃气(郑州)市政设计研究院有限公司,1
建筑学部,土木工程学院,硕士,2023,就业,深圳市燃气集团股份有限公司,1
建筑学部,土木工程学院,硕士,2023,就业,科华数据股份有限公司,1
建筑学部,土木工程学院,硕士,2023,就业,峰米(重庆)创新科技有限公司,1
建筑学部,土木工程学院,硕士,2023,就业,中兴通讯股份有限公司,1
建筑学部,土木工程学院,硕士,2023,就业,广州市维腾网络科技有限公司,1
建筑学部,土木工程学院,硕士,2023,就业,重庆市巴南区住房和城乡建设行政执法支队,1
建筑学部,土木工程学院,硕士,2023,就业,中国建设银行股份有限公司湖北省分行,1
建筑学部,土木工程学院,硕士,2023,就业,绵阳市建设工程技术服务中心,1
建筑学部,土木工程学院,硕士,2023,选调生,中国共产主义青年团山西省委员会,1
建筑学部,土木工程学院,硕士,2023,就业,江西水利职业学院,1
建筑学部,土木工程学院,硕士,2023,就业,中国建筑西南设计研究院有限公司福建分公司,1
建筑学部,土木工程学院,硕士,2023,就业,华能彭州热电有限责任公司,1
建筑学部,土木工程学院,硕士,2023,选调生,中共重庆市涪陵区委组织部,1
建筑学部,土木工程学院,硕士,2023,就业,重庆慧达天街商业管理有限公司,1
建筑学部,土木工程学院,硕士,2023,就业,江西洪都航空工业集团有限责任公司,1
建筑学部,土木工程学院,硕士,2023,就业,广元市住房保障和房地产事务中心,1
建筑学部,土木工程学院,硕士,2023,就业,湖南省水利水电勘测设计规划研究总院有限公司,1
建筑学部,土木工程学院,硕士,2023,就业,广西中烟工业有限责任公司,1
建筑学部,土木工程学院,硕士,2023,选调生,中共贵阳市委组织部,1
建筑学部,土木工程学院,硕士,2023,就业,成都市联洲国际技术有限公司,1
建筑学部,土木工程学院,硕士,2023,就业,中电建路桥集团有限公司,1
建筑学部,土木工程学院,硕士,2023,就业,润欣商业投资(深圳)有限公司西南商业管理咨询分公司,1
建筑学部,土木工程学院,硕士,2023,就业,武汉达梦数据库股份有限公司,1
建筑学部,土木工程学院,硕士,2023,就业,重庆市铜梁区公路事务中心,1
建筑学部,土木工程学院,硕士,2023,就业,中建丝路建设投资有限公司,1
建筑学部,土木工程学院,硕士,2023,就业,中电建华东勘测设计研究院(郑州)有限公司,1
建筑学部,土木工程学院,硕士,2023,就业,国家税务总局礼泉县税务局,1
建筑学部,土木工程学院,硕士,2023,就业,比亚迪汽车工业有限公司,1
建筑学部,土木工程学院,硕士,2023,就业,浙江天猫技术有限公司,1
建筑学部,土木工程学院,硕士,2023,就业,中石化新星(北京)新能源研究院有限公司,1
建筑学部,土木工程学院,硕士,2023,就业,中国科学院力学研究所,1
建筑学部,土木工程学院,硕士,2023,升学,南京大学,1
建筑学部,土木工程学院,硕士,2023,就业,重庆长安汽车股份有限公司,1
建筑学部,土木工程学院,硕士,2023,就业,赛鼎工程有限公司,1
建筑学部,土木工程学院,硕士,2023,就业,招商局地产(重庆)花园城有限公司,1
建筑学部,土木工程学院,硕士,2023,就业,阿里云计算有限公司,1
建筑学部,土木工程学院,硕士,2023,就业,中铁交通投资集团有限公司,1
建筑学部,土木工程学院,硕士,2023,就业,连云港市通榆河北延送水工程管理处,1
建筑学部,土木工程学院,硕士,2023,就业,中建八局文旅博览投资发展有限公司,1
建筑学部,土木工程学院,硕士,2023,就业,文达信息工程学院,1
建筑学部,土木工程学院,硕士,2023,就业,上海中建申拓投资发展有限公司,1
建筑学部,土木工程学院,硕士,2023,就业,宁德时代润智软件科技有限公司,1
建筑学部,土木工程学院,硕士,2023,就业,远景动力技术(江苏)有限公司,1
建筑学部,土木工程学院,硕士,2023,就业,中国核动力研究设计院,1
建筑学部,土木工程学院,硕士,2023,就业,深圳中广核工程设计有限公司,1
建筑学部,土木工程学院,硕士,2023,就业,中广核苍南核电有限公司,1
建筑学部,土木工程学院,硕士,2023,就业,珠海格力电器股份有限公司,1
建筑学部,土木工程学院,硕士,2023,就业,中国建筑科学研究院有限公司,1
建筑学部,土木工程学院,硕士,2023,就业,临沂兰山区教育和体育局,1
建筑学部,土木工程学院,硕士,2023,就业,重庆红宇精密工业集团有限公司,1
建筑学部,土木工程学院,硕士,2023,就业,万国数据(成都)实业有限公司,1
建筑学部,土木工程学院,硕士,2023,就业,杭州海康威视数字技术股份有限公司重庆分公司,1
建筑学部,土木工程学院,硕士,2023,就业,深圳市建筑工务署教育工程管理中心,1
建筑学部,土木工程学院,硕士,2023,就业,中南建筑设计院股份有限公司,1
建筑学部,土木工程学院,硕士,2023,就业,苏州市轨道交通集团有限公司,1
建筑学部,土木工程学院,硕士,2023,就业,中国港湾工程有限责任公司,1
建筑学部,土木工程学院,硕士,2023,就业,重庆励颐拓软件有限公司,1
建筑学部,土木工程学院,硕士,2023,就业,重庆双高实业有限公司,1
建筑学部,土木工程学院,硕士,2023,就业,中国农业银行股份有限公司上海市分行,1
建筑学部,土木工程学院,硕士,2023,就业,中建科技集团有限公司深圳分公司,1
建筑学部,土木工程学院,硕士,2023,就业,国家税务总局邵阳市大祥区税务局,1
建筑学部,土木工程学院,硕士,2023,就业,中冶长天国际工程有限责任公司,1
建筑学部,土木工程学院,硕士,2023,就业,中冶南方都市环保工程技术股份有限公司,1
建筑学部,土木工程学院,硕士,2023,选调生,中共重庆市大足区委组织部,1
建筑学部,土木工程学院,硕士,2023,就业,中国电建集团贵阳勘测设计研究院有限公司,1
建筑学部,土木工程学院,硕士,2023,就业,广东美的暖通设备有限公司,1
建筑学部,土木工程学院,硕士,2023,选调生,中共重庆市组织部,1
建筑学部,土木工程学院,硕士,2023,就业,长江精工钢结构(集团)股份有限公司,1
建筑学部,土木工程学院,硕士,2023,就业,重庆大学建筑规划设计研究总院有限公司,1
建筑学部,土木工程学院,硕士,2023,就业,上海建科工程咨询有限公司,1
建筑学部,土木工程学院,硕士,2023,就业,东方电气集团东方汽轮机有限公司,1
建筑学部,土木工程学院,硕士,2023,就业,重庆市北碚区公路事务中心,1
建筑学部,土木工程学院,硕士,2023,就业,nan,1
建筑学部,土木工程学院,硕士,2023,选调生,中共攀枝花市委组织部,1
建筑学部,土木工程学院,硕士,2023,就业,中交二航局第二工程有限公司,1
建筑学部,土木工程学院,硕士,2023,选调生,中共德阳市委组织部,1
建筑学部,土木工程学院,硕士,2023,就业,雅砻江流域水电开发有限公司,1
建筑学部,土木工程学院,硕士,2023,就业,巫溪县交通运输综合行政执法支队,1
建筑学部,土木工程学院,硕士,2023,选调生,宜宾市叙州区交通运输局,1
建筑学部,土木工程学院,硕士,2023,就业,中国长江电力股份有限公司,1
建筑学部,土木工程学院,硕士,2023,就业,中国铁路成都局集团有限公司,1
建筑学部,土木工程学院,硕士,2023,就业,中铁第六勘察设计院集团有限公司,1
建筑学部,土木工程学院,硕士,2023,就业,贵州蒙江流域开发有限公司,1
建筑学部,土木工程学院,硕士,2023,选调生,中共安顺市委组织部,1
建筑学部,土木工程学院,硕士,2023,就业,中铁第四勘察设计院集团有限公司,1
建筑学部,土木工程学院,硕士,2023,就业,北京达佳互联信息技术有限公司,1
建筑学部,土木工程学院,硕士,2023,选调生,玉溪市自然资源和规划局,1
建筑学部,土木工程学院,硕士,2023,就业,华能澜沧江水电股份有限公司,1
建筑学部,土木工程学院,硕士,2023,选调生,陕西省渭南市白水县政府,1
建筑学部,土木工程学院,硕士,2023,就业,中华人民共和国审计署驻西安特派员办事处,1
建筑学部,土木工程学院,博士,2023,选调生,中共重庆市委组织部,3
建筑学部,土木工程学院,博士,2023,就业,重庆交通大学,2
建筑学部,土木工程学院,博士,2023,就业,重庆科技学院,2
建筑学部,土木工程学院,博士,2023,就业,深圳大学,1
建筑学部,土木工程学院,博士,2023,选调生,中共重庆市江北区委组织部,1
建筑学部,土木工程学院,博士,2023,出国(境)留学或工作,香港理工大学,1
建筑学部,土木工程学院,博士,2023,就业,重庆大学,1
建筑学部,土木工程学院,博士,2023,就业,广州大学,1
建筑学部,土木工程学院,博士,2023,就业,黄河水利委员会河南黄河河务局,1
建筑学部,土木工程学院,博士,2023,就业,郑州轻工业大学,1
建筑学部,土木工程学院,博士,2023,就业,四川大学,1
建筑学部,土木工程学院,博士,2023,就业,中国科学院武汉岩土力学研究所,1
建筑学部,土木工程学院,博士,2023,就业,青岛理工大学,1
建筑学部,土木工程学院,博士,2023,就业,四川蜀道铁路投资集团有限责任公司,1
建筑学部,土木工程学院,博士,2023,就业,三峡大学,1
建筑学部,土木工程学院,博士,2023,就业,北京科技大学,1
建筑学部,土木工程学院,博士,2023,就业,ARUP香港公司,1
建筑学部,土木工程学院,博士,2023,就业,苏州科技大学,1
建筑学部,土木工程学院,博士,2023,选调生,江西省委组织部,1
建筑学部,土木工程学院,博士,2023,就业,广西科技大学,1
建筑学部,土木工程学院,博士,2023,就业,中国建筑第七工程局有限公司,1
建筑学部,土木工程学院,博士,2023,就业,重庆大学溧阳智慧城市研究院,1
建筑学部,土木工程学院,博士,2023,就业,长沙理工大学,1
建筑学部,土木工程学院,博士,2023,就业,广东美的制冷设备有限公司,1
建筑学部,环境与生态学院,本科,2021,就业,重庆大学,48
建筑学部,环境与生态学院,本科,2021,升学,同济大学,7
建筑学部,环境与生态学院,本科,2021,升学,浙江大学,6
建筑学部,环境与生态学院,本科,2021,升学,哈尔滨工业大学,5
建筑学部,环境与生态学院,本科,2021,升学,哈尔滨工业大学(深圳),5
建筑学部,环境与生态学院,本科,2021,升学,南京大学,5
建筑学部,环境与生态学院,本科,2021,升学,中山大学,4
建筑学部,环境与生态学院,本科,2021,就业,中国建筑第八工程局有限公司西南分公司,3
建筑学部,环境与生态学院,本科,2021,升学,北京师范大学,3
建筑学部,环境与生态学院,本科,2021,升学,清华大学,3
建筑学部,环境与生态学院,本科,2021,升学,上海交通大学,3
建筑学部,环境与生态学院,本科,2021,就业,中建新疆建工土木工程有限公司,2
建筑学部,环境与生态学院,本科,2021,出国(境)留学或工作,代尔夫特理工大学,2
建筑学部,环境与生态学院,本科,2021,升学,大连理工大学,2
建筑学部,环境与生态学院,本科,2021,升学,天津大学,2
建筑学部,环境与生态学院,本科,2021,升学,华南理工大学,2
建筑学部,环境与生态学院,本科,2021,出国(境)留学或工作,利兹大学,2
建筑学部,环境与生态学院,本科,2021,升学,中国科学院生态环境研究中心,2
建筑学部,环境与生态学院,本科,2021,升学,复旦大学,2
建筑学部,环境与生态学院,本科,2021,就业,华能重庆珞璜发电有限责任公司,2
建筑学部,环境与生态学院,本科,2021,就业,中建五局第三建设有限公司,2
建筑学部,环境与生态学院,本科,2021,升学,武汉大学,2
建筑学部,环境与生态学院,本科,2021,就业,中建一局集团建设发展有限公司西南分公司,2
建筑学部,环境与生态学院,本科,2021,升学,华东师范大学,2
建筑学部,环境与生态学院,本科,2021,升学,厦门大学,2
建筑学部,环境与生态学院,本科,2021,出国(境)留学或工作,萨塞克斯大学,2
建筑学部,环境与生态学院,本科,2021,升学,南开大学,1
建筑学部,环境与生态学院,本科,2021,升学,中国科学院广州地球化学研究所,1
建筑学部,环境与生态学院,本科,2021,就业,重庆万友人才服务有限公司,1
建筑学部,环境与生态学院,本科,2021,就业,重庆优税猫科技有限责任公司,1
建筑学部,环境与生态学院,本科,2021,就业,重庆唐美房地产开发有限公司,1
建筑学部,环境与生态学院,本科,2021,升学,中南财经政法大学(第二学位),1
建筑学部,环境与生态学院,本科,2021,就业,华源园艺用品(南京)有限公司,1
建筑学部,环境与生态学院,本科,2021,就业,四川国恒建筑设计有限公司,1
建筑学部,环境与生态学院,本科,2021,就业,华润建筑有限公司,1
建筑学部,环境与生态学院,本科,2021,升学,兰州大学,1
建筑学部,环境与生态学院,本科,2021,出国(境)留学或工作,香港理工大学,1
建筑学部,环境与生态学院,本科,2021,升学,西安交通大学,1
建筑学部,环境与生态学院,本科,2021,就业,北京市政建设集团有限责任公司,1
建筑学部,环境与生态学院,本科,2021,升学,中国科学技术大学,1
建筑学部,环境与生态学院,本科,2021,就业,重庆市永川区板桥镇通明村村民委员会,1
建筑学部,环境与生态学院,本科,2021,就业,东原房地产开发集团有限公司,1
建筑学部,环境与生态学院,本科,2021,就业,中铁十四局集团有限公司,1
建筑学部,环境与生态学院,本科,2021,出国(境)留学或工作,卡耐基梅隆大学,1
建筑学部,环境与生态学院,本科,2021,升学,四川大学,1
建筑学部,环境与生态学院,本科,2021,出国(境)留学或工作,伯明翰大学,1
建筑学部,环境与生态学院,本科,2021,就业,中国建筑西南设计研究院有限公司云南分院,1
建筑学部,环境与生态学院,本科,2021,就业,西藏自治区经济和信息化厅,1
建筑学部,环境与生态学院,本科,2021,就业,重庆新东方教育培训学校有限公司,1
建筑学部,环境与生态学院,本科,2021,就业,中国建筑第八工程局有限公司上海分公司,1
建筑学部,环境与生态学院,本科,2021,出国(境)留学或工作,南安普顿大学,1
建筑学部,环境与生态学院,本科,2021,就业,桂林银行股份有限公司,1
建筑学部,环境与生态学院,本科,2021,升学,中国科学院大气物理研究所,1
建筑学部,环境与生态学院,本科,2021,就业,重庆药友制药有限责任公司,1
建筑学部,环境与生态学院,本科,2021,出国(境)留学或工作,英国南安普顿大学,1
建筑学部,环境与生态学院,本科,2021,就业,北京世纪好未来教育科技有限公司,1
建筑学部,环境与生态学院,本科,2021,就业,成都基准方中建筑设计有限公司,1
建筑学部,环境与生态学院,本科,2021,升学,东南大学,1
建筑学部,环境与生态学院,本科,2021,升学,清华大学深圳国际研究生院,1
建筑学部,环境与生态学院,本科,2021,就业,中国建筑西南设计研究院有限公司,1
建筑学部,环境与生态学院,本科,2021,就业,中国葛洲坝集团水务运营有限公司,1
建筑学部,环境与生态学院,本科,2021,就业,三峡绿色发展有限公司,1
建筑学部,环境与生态学院,本科,2021,出国(境)留学或工作,昆士兰大学,1
建筑学部,环境与生态学院,本科,2021,升学,云南大学,1
建筑学部,环境与生态学院,本科,2021,就业,株洲高新区董家塅高科园产业发展有限责任公司,1
建筑学部,环境与生态学院,本科,2021,升学,湖南大学,1
建筑学部,环境与生态学院,本科,2021,就业,中建三局第二建设工程有限责任公司,1
建筑学部,环境与生态学院,本科,2021,就业,中建三局集团有限公司,1
建筑学部,环境与生态学院,本科,2021,就业,重庆新鸥鹏地产(集团)有限公司,1
建筑学部,环境与生态学院,本科,2021,就业,沐联环境科技(重庆)股份有限公司,1
建筑学部,环境与生态学院,本科,2021,就业,四川中烟工业有限责任公司,1
建筑学部,环境与生态学院,本科,2021,出国(境)留学或工作,墨尔本大学,1
建筑学部,环境与生态学院,本科,2021,就业,中建三局第三建设工程有限责任公司,1
建筑学部,环境与生态学院,本科,2021,选调生,中共重庆市委组织部,1
建筑学部,环境与生态学院,本科,2021,升学,北京大学,1
建筑学部,环境与生态学院,本科,2021,就业,普洱东陆建安有限公司,1
建筑学部,环境与生态学院,本科,2021,出国(境)留学或工作,佐治亚理工学院,1
建筑学部,环境与生态学院,本科,2021,就业,中建三局集团有限公司工程总承包公司,1
建筑学部,环境与生态学院,本科,2021,就业,西藏地勘局第二地质大队,1
建筑学部,环境与生态学院,本科,2021,就业,新城控股集团股份有限公司上海第一分公司,1
建筑学部,环境与生态学院,本科,2021,就业,重庆中元汇吉生物技术有限公司,1
建筑学部,环境与生态学院,本科,2021,就业,中建八局第三建设有限公司,1
建筑学部,环境与生态学院,本科,2021,升学,昆明理工大学,1
建筑学部,环境与生态学院,硕士,2021,就业,重庆市市政设计研究院有限公司,6
建筑学部,环境与生态学院,硕士,2021,就业,中机中联工程有限公司,5
建筑学部,环境与生态学院,硕士,2021,选调生,中共重庆市委组织部,5
建筑学部,环境与生态学院,硕士,2021,就业,成都环境投资集团有限公司,4
建筑学部,环境与生态学院,硕士,2021,选调生,中国共产党宜宾市委员会组织部,3
建筑学部,环境与生态学院,硕士,2021,升学,重庆大学,3
建筑学部,环境与生态学院,硕士,2021,选调生,中共成都市委组织部,3
建筑学部,环境与生态学院,硕士,2021,就业,武汉市政工程设计研究院有限责任公司,3
建筑学部,环境与生态学院,硕士,2021,选调生,江苏省委组织部规划办,2
建筑学部,环境与生态学院,硕士,2021,选调生,中共德阳市委组织部,2
建筑学部,环境与生态学院,硕士,2021,就业,中南建筑设计院股份有限公司,2
建筑学部,环境与生态学院,硕士,2021,就业,广东省建筑设计研究院有限公司,2
建筑学部,环境与生态学院,硕士,2021,就业,重庆华地资环科技有限公司,2
建筑学部,环境与生态学院,硕士,2021,就业,广西北投环保水务集团有限公司,2
建筑学部,环境与生态学院,硕士,2021,选调生,中共眉山市委组织部,2
建筑学部,环境与生态学院,硕士,2021,就业,中国建筑西南设计研究院有限公司,2
建筑学部,环境与生态学院,硕士,2021,升学,同济大学,2
建筑学部,环境与生态学院,硕士,2021,就业,南昌昌城科技有限公司,2
建筑学部,环境与生态学院,硕士,2021,就业,奥雅纳工程咨询(上海)有限公司,2
建筑学部,环境与生态学院,硕士,2021,出国(境)留学或工作,昆士兰大学,2
建筑学部,环境与生态学院,硕士,2021,就业,南京市市政设计研究院有限责任公司,1
建筑学部,环境与生态学院,硕士,2021,就业,中冶南方工程技术有限公司深圳分公司,1
建筑学部,环境与生态学院,硕士,2021,就业,环境监测类,1
建筑学部,环境与生态学院,硕士,2021,选调生,中国共产党洛阳市委员会组织部,1
建筑学部,环境与生态学院,硕士,2021,就业,浙江绿城建筑设计有限公司重庆分公司,1
建筑学部,环境与生态学院,硕士,2021,就业,国家税务总局彭水苗族土家族自治县税务局,1
建筑学部,环境与生态学院,硕士,2021,就业,深圳市龙岗区水务局,1
建筑学部,环境与生态学院,硕士,2021,就业,上海市城市建设设计研究总院(集团)有限公司,1
建筑学部,环境与生态学院,硕士,2021,就业,南京大学环境规划设计研究院集团股份公司,1
建筑学部,环境与生态学院,硕士,2021,就业,上海杰地建筑设计有限公司,1
建筑学部,环境与生态学院,硕士,2021,就业,西南兵工重庆环境保护研究所有限公司,1
建筑学部,环境与生态学院,硕士,2021,就业,中海地产(杭州)有限公司,1
建筑学部,环境与生态学院,硕士,2021,就业,曼迪匹艾(武汉)科技服务有限公司,1
建筑学部,环境与生态学院,硕士,2021,就业,合肥保利房地产开发有限公司,1
建筑学部,环境与生态学院,硕士,2021,就业,东华工程科技股份有限公司,1
建筑学部,环境与生态学院,硕士,2021,就业,武汉天源环保股份有限公司,1
建筑学部,环境与生态学院,硕士,2021,选调生,中共曲靖市沾益区委组织部,1
建筑学部,环境与生态学院,硕士,2021,就业,楚雄州生态环境局,1
建筑学部,环境与生态学院,硕士,2021,就业,三峡绿色发展有限公司,1
建筑学部,环境与生态学院,硕士,2021,就业,青岛市地铁规划设计院有限公司,1
建筑学部,环境与生态学院,硕士,2021,就业,海南天街商业管理有限公司,1
建筑学部,环境与生态学院,硕士,2021,就业,山东省淄博市生态环境局,1
建筑学部,环境与生态学院,硕士,2021,就业,中讯邮电咨询设计院有限公司,1
建筑学部,环境与生态学院,硕士,2021,就业,保利(重庆)投资实业有限公司,1
建筑学部,环境与生态学院,硕士,2021,就业,中国建筑西南设计研究院有限公司河南分公司,1
建筑学部,环境与生态学院,硕士,2021,选调生,恩施土家族苗族自治州住房和城乡建设局,1
建筑学部,环境与生态学院,硕士,2021,选调生,中共铜仁市委组织部,1
建筑学部,环境与生态学院,硕士,2021,就业,中铁第四勘察设计院集团有限公司,1
建筑学部,环境与生态学院,硕士,2021,就业,重庆大学建筑规划设计研究总院有限公司,1
建筑学部,环境与生态学院,硕士,2021,就业,重庆药友制药有限责任公司,1
建筑学部,环境与生态学院,硕士,2021,就业,中国电建集团华东勘测设计研究院有限公司,1
建筑学部,环境与生态学院,硕士,2021,就业,四川省城乡建设研究院,1
建筑学部,环境与生态学院,硕士,2021,就业,中建三局绿色产业投资有限公司,1
建筑学部,环境与生态学院,硕士,2021,就业,中粮地产(西安)有限公司,1
建筑学部,环境与生态学院,硕士,2021,就业,重庆三峰科技有限公司,1
建筑学部,环境与生态学院,硕士,2021,就业,中海宏洋(盐城)房地产开发有限公司,1
建筑学部,环境与生态学院,硕士,2021,就业,信息产业电子第十一设计研究院科技工程股份有限公司,1
建筑学部,环境与生态学院,硕士,2021,就业,重庆市渝地西部开发投资有限公司,1
建筑学部,环境与生态学院,硕士,2021,选调生,中共绵阳市委组织部,1
建筑学部,环境与生态学院,硕士,2021,就业,希雯环境工作室,1
建筑学部,环境与生态学院,硕士,2021,选调生,四川省达州市达川区石梯镇政府,1
建筑学部,环境与生态学院,硕士,2021,选调生,中国共产党南充市委员会组织部,1
建筑学部,环境与生态学院,硕士,2021,就业,重庆龙湖地产发展有限公司,1
建筑学部,环境与生态学院,硕士,2021,就业,金川集团工程建设有限公司,1
建筑学部,环境与生态学院,硕士,2021,就业,国家税务总局武汉市青山区税务局,1
建筑学部,环境与生态学院,硕士,2021,就业,重庆图强工程技术咨询有限公司,1
建筑学部,环境与生态学院,硕士,2021,就业,中国电子系统工程第四建设有限公司,1
建筑学部,环境与生态学院,硕士,2021,就业,重庆市三峡水务有限责任公司,1
建筑学部,环境与生态学院,硕士,2021,就业,中国五冶集团有限公司,1
建筑学部,环境与生态学院,硕士,2021,升学,南开大学,1
建筑学部,环境与生态学院,硕士,2021,就业,国家税务总局中山市税务局,1
建筑学部,环境与生态学院,硕士,2021,就业,重庆市碧桂园房地产开发有限公司,1
建筑学部,环境与生态学院,硕士,2021,就业,中国市政工程中南设计研究总院有限公司,1
建筑学部,环境与生态学院,硕士,2021,就业,中国人民银行重庆营业管理部,1
建筑学部,环境与生态学院,硕士,2021,就业,东方电气集团东方锅炉股份有限公司,1
建筑学部,环境与生态学院,硕士,2021,就业,龙湖物业服务集团有限公司,1
建筑学部,环境与生态学院,硕士,2021,就业,中联西北工程设计研究院有限公司,1
建筑学部,环境与生态学院,硕士,2021,升学,南京大学,1
建筑学部,环境与生态学院,硕士,2021,就业,广东粤港供水有限公司,1
建筑学部,环境与生态学院,硕士,2021,选调生,中共开封市委组织部,1
建筑学部,环境与生态学院,硕士,2021,就业,浙江省城乡规划设计研究院,1
建筑学部,环境与生态学院,硕士,2021,就业,中国三峡建工(集团)有限公司,1
建筑学部,环境与生态学院,硕士,2021,就业,福州市规划设计研究院集团有限公司,1
建筑学部,环境与生态学院,硕士,2021,就业,北京外企服务集团有限责任公司(北京三快在线科技有限公司),1
建筑学部,环境与生态学院,硕士,2021,就业,华夏幸福基业股份有限公司,1
建筑学部,环境与生态学院,硕士,2021,就业,上海市政工程设计研究总院(集团)有限公司,1
建筑学部,环境与生态学院,硕士,2021,升学,西安建筑科技大学,1
建筑学部,环境与生态学院,硕士,2021,选调生,中国共产党内江市委员会组织部,1
建筑学部,环境与生态学院,硕士,2021,就业,广州地铁设计研究院股份有限公司,1
建筑学部,环境与生态学院,硕士,2021,出国(境)留学或工作,代尔夫特理工大学,1
建筑学部,环境与生态学院,硕士,2021,就业,杭州高新技术产业开发区(滨江)城市管理局,1
建筑学部,环境与生态学院,硕士,2021,就业,中国市政工程西北设计研究院有限公司陕西分公司,1
建筑学部,环境与生态学院,硕士,2021,选调生,中共江西省委组织部,1
建筑学部,环境与生态学院,硕士,2021,就业,济南市市政工程设计研究院(集团)有限责任公司,1
建筑学部,环境与生态学院,硕士,2021,就业,中国电建集团中南勘测设计研究院有限公司,1
建筑学部,环境与生态学院,硕士,2021,就业,浙江大学建筑设计研究院有限公司,1
建筑学部,环境与生态学院,硕士,2021,升学,清华大学,1
建筑学部,环境与生态学院,硕士,2021,就业,厦门市市政工程设计院有限公司,1
建筑学部,环境与生态学院,硕士,2021,就业,中石油华东设计院有限公司,1
建筑学部,环境与生态学院,硕士,2021,就业,中国能源建设集团广东省电力设计研究院有限公司,1
建筑学部,环境与生态学院,硕士,2021,就业,四川省国土空间规划研究院,1
建筑学部,环境与生态学院,硕士,2021,就业,中国城市规划设计研究院西部分院,1
建筑学部,环境与生态学院,硕士,2021,就业,上海市政工程设计研究总院(集团)有限公司深圳分公司,1
建筑学部,环境与生态学院,硕士,2021,就业,安徽省建筑设计研究总院股份有限公司,1
建筑学部,环境与生态学院,硕士,2021,选调生,中共龙岩市委组织部,1
建筑学部,环境与生态学院,硕士,2021,就业,中煤科工重庆设计研究院(集团)有限公司,1
建筑学部,环境与生态学院,硕士,2021,就业,重庆凯竣房地产开发有限公司,1
建筑学部,环境与生态学院,硕士,2021,就业,中国电建集团贵阳勘测设计研究院有限公司,1
建筑学部,环境与生态学院,硕士,2021,就业,贵阳中海房地产有限公司,1
建筑学部,环境与生态学院,硕士,2021,就业,重庆市规划设计研究院,1
建筑学部,环境与生态学院,硕士,2021,就业,同济大学建筑设计研究院(集团)有限公司,1
建筑学部,环境与生态学院,硕士,2021,就业,中建信和地产有限公司,1
建筑学部,环境与生态学院,硕士,2021,就业,中国工商银行股份有限公司贵州省分行,1
建筑学部,环境与生态学院,硕士,2021,就业,厦门水务集团有限公司,1
建筑学部,环境与生态学院,硕士,2021,就业,江苏省城市规划设计研究院成都西部区域总部,1
建筑学部,环境与生态学院,硕士,2021,选调生,中国共产党广安市委员会组织部,1
建筑学部,环境与生态学院,硕士,2021,就业,宁波市甬环苑环保工程科技有限公司,1
建筑学部,环境与生态学院,硕士,2021,就业,重庆市设计院有限公司,1
建筑学部,环境与生态学院,硕士,2021,就业,中国电建集团昆明勘测设计研究院有限公司,1
建筑学部,环境与生态学院,硕士,2021,出国(境)留学或工作,柏林自由大学,1
建筑学部,环境与生态学院,硕士,2021,就业,四川省核工业地质局,1
建筑学部,环境与生态学院,硕士,2021,升学,内蒙古大学,1
建筑学部,环境与生态学院,硕士,2021,就业,深圳市源清环境技术服务有限公司,1
建筑学部,环境与生态学院,硕士,2021,就业,合肥市规划设计研究院,1
建筑学部,环境与生态学院,硕士,2021,就业,国家税务总局重庆市沙坪坝区税务局,1
建筑学部,环境与生态学院,硕士,2021,选调生,中共娄底市委组织部,1
建筑学部,环境与生态学院,硕士,2021,就业,国家税务总局重庆两江新区税务局,1
建筑学部,环境与生态学院,硕士,2021,就业,中国葛洲坝集团水务运营有限公司,1
建筑学部,环境与生态学院,硕士,2021,选调生,中国共产党遂宁市委员会组织部,1
建筑学部,环境与生态学院,硕士,2021,就业,中建三局安装工程有限公司,1
建筑学部,环境与生态学院,硕士,2021,就业,中冶赛迪重庆环境咨询有限公司,1
建筑学部,环境与生态学院,硕士,2021,就业,新郑市教育局,1
建筑学部,环境与生态学院,硕士,2021,选调生,中共贵州省委组织部,1
建筑学部,环境与生态学院,硕士,2021,就业,七岭生态环保工作室,1
建筑学部,环境与生态学院,硕士,2021,出国(境)留学或工作,法兰克福大学,1
建筑学部,环境与生态学院,硕士,2021,出国(境)留学或工作,南丹麦大学,1
建筑学部,环境与生态学院,硕士,2021,选调生,中国共产党自贡市委员会组织部,1
建筑学部,环境与生态学院,硕士,2021,就业,深圳市可飞科技有限公司,1
建筑学部,环境与生态学院,硕士,2021,就业,雅居乐地产置业有限公司,1
建筑学部,环境与生态学院,博士,2021,就业,重庆交通大学,2
建筑学部,环境与生态学院,博士,2021,就业,重庆大学,2
建筑学部,环境与生态学院,博士,2021,就业,北京大学,2
建筑学部,环境与生态学院,博士,2021,就业,延安大学,1
建筑学部,环境与生态学院,博士,2021,就业,湖南科技大学,1
建筑学部,环境与生态学院,博士,2021,就业,南京工业大学,1
建筑学部,环境与生态学院,博士,2021,就业,合肥工业大学,1
建筑学部,环境与生态学院,博士,2021,就业,重庆电子工程职业学院,1
建筑学部,环境与生态学院,博士,2021,就业,沈阳工业大学,1
建筑学部,环境与生态学院,博士,2021,就业,苏州科技大学,1
建筑学部,环境与生态学院,博士,2021,就业,南京林业大学,1
建筑学部,环境与生态学院,博士,2021,就业,重庆科技学院,1
建筑学部,环境与生态学院,博士,2021,就业,西华大学,1
建筑学部,环境与生态学院,博士,2021,就业,河南师范大学,1
建筑学部,环境与生态学院,博士,2021,就业,长江勘测规划设计研究院,1
建筑学部,环境与生态学院,博士,2021,就业,香港科技大学,1
建筑学部,环境与生态学院,博士,2021,就业,中国科学院生态环境研究中心,1
建筑学部,环境与生态学院,博士,2021,选调生,北京市通州区建设工程质量监督站,1
建筑学部,环境与生态学院,博士,2021,就业,重庆工业职业技术学院,1
建筑学部,环境与生态学院,博士,2021,就业,太原师范学院,1
建筑学部,环境与生态学院,本科,2022,就业,重庆大学,54
建筑学部,环境与生态学院,本科,2022,升学,哈尔滨工业大学,12
建筑学部,环境与生态学院,本科,2022,升学,同济大学,11
建筑学部,环境与生态学院,本科,2022,升学,哈尔滨工业大学(深圳),7
建筑学部,环境与生态学院,本科,2022,升学,复旦大学,6
建筑学部,环境与生态学院,本科,2022,升学,浙江大学,4
建筑学部,环境与生态学院,本科,2022,升学,中山大学,4
建筑学部,环境与生态学院,本科,2022,升学,北京师范大学,3
建筑学部,环境与生态学院,本科,2022,升学,南开大学,3
建筑学部,环境与生态学院,本科,2022,升学,清华大学,3
建筑学部,环境与生态学院,本科,2022,升学,兰州大学,3
建筑学部,环境与生态学院,本科,2022,升学,东南大学,3
建筑学部,环境与生态学院,本科,2022,出国(境)留学或工作,新加坡国立大学,2
建筑学部,环境与生态学院,本科,2022,升学,中国科学院大学,2
建筑学部,环境与生态学院,本科,2022,升学,武汉大学,2
建筑学部,环境与生态学院,本科,2022,升学,中国科学院生态环境研究中心,2
建筑学部,环境与生态学院,本科,2022,升学,广西大学,2
建筑学部,环境与生态学院,本科,2022,升学,厦门大学,2
建筑学部,环境与生态学院,本科,2022,就业,重庆钢铁股份有限公司,2
建筑学部,环境与生态学院,本科,2022,就业,中丝路建设投资集团有限公司,1
建筑学部,环境与生态学院,本科,2022,就业,彝良驰宏矿业有限公司,1
建筑学部,环境与生态学院,本科,2022,选调生,巍山彝族回族自治县人民政府办公室,1
建筑学部,环境与生态学院,本科,2022,就业,中国农业发展银行西藏自治区分行,1
建筑学部,环境与生态学院,本科,2022,就业,中国建筑西南设计研究院有限公司,1
建筑学部,环境与生态学院,本科,2022,升学,上海戏剧学院,1
建筑学部,环境与生态学院,本科,2022,升学,中国科学技术大学,1
建筑学部,环境与生态学院,本科,2022,就业,重庆工业设备安装集团有限公司,1
建筑学部,环境与生态学院,本科,2022,出国(境)留学或工作,代尔夫特理工大学,1
建筑学部,环境与生态学院,本科,2022,升学,清华大学深圳国际研究生院,1
建筑学部,环境与生态学院,本科,2022,就业,中国航空油料有限责任公司山东分公司,1
建筑学部,环境与生态学院,本科,2022,就业,中建八局第一建设有限公司,1
建筑学部,环境与生态学院,本科,2022,就业,中建一局集团第五建筑有限公司,1
建筑学部,环境与生态学院,本科,2022,就业,北方化学工业股份有限公司,1
建筑学部,环境与生态学院,本科,2022,就业,中建八局发展建设有限公司,1
建筑学部,环境与生态学院,本科,2022,就业,招商局生态环保科技有限公司,1
建筑学部,环境与生态学院,本科,2022,升学,四川大学,1
建筑学部,环境与生态学院,本科,2022,升学,深圳大学,1
建筑学部,环境与生态学院,本科,2022,升学,华中科技大学,1
建筑学部,环境与生态学院,本科,2022,就业,布尔津县水资源管理局,1
建筑学部,环境与生态学院,本科,2022,出国(境)留学或工作,康奈尔大学,1
建筑学部,环境与生态学院,本科,2022,升学,南京大学,1
建筑学部,环境与生态学院,本科,2022,就业,上海华力集成电路制造有限公司,1
建筑学部,环境与生态学院,本科,2022,就业,中建一局集团建设发展有限公司,1
建筑学部,环境与生态学院,本科,2022,升学,南方科技大学,1
建筑学部,环境与生态学院,本科,2022,就业,碧桂园生活服务集团股份有限公司,1
建筑学部,环境与生态学院,本科,2022,就业,浙江省电力建设有限公司,1
建筑学部,环境与生态学院,本科,2022,升学,中国农业大学,1
建筑学部,环境与生态学院,本科,2022,就业,中国共产党青岛市即墨区委员会组织部,1
建筑学部,环境与生态学院,本科,2022,出国(境)留学或工作,香港科技大学,1
建筑学部,环境与生态学院,本科,2022,就业,上海建工一建集团有限公司,1
建筑学部,环境与生态学院,本科,2022,就业,中国建筑第八工程局有限公司上海分公司,1
建筑学部,环境与生态学院,本科,2022,就业,山东省环科院环境检测有限公司,1
建筑学部,环境与生态学院,本科,2022,升学,西北农林科技大学,1
建筑学部,环境与生态学院,本科,2022,就业,广西绿城水务股份有限公司,1
建筑学部,环境与生态学院,本科,2022,就业,中建三局集团有限公司工程总承包公司,1
建筑学部,环境与生态学院,本科,2022,出国(境)留学或工作,曼彻斯特大学,1
建筑学部,环境与生态学院,本科,2022,选调生,中国共产党雅安市委员会组织部,1
建筑学部,环境与生态学院,本科,2022,就业,中建科工集团有限公司,1
建筑学部,环境与生态学院,本科,2022,就业,惠州梦之谷商业运营管理有限公司,1
建筑学部,环境与生态学院,本科,2022,就业,西藏巨龙铜业有限公司,1
建筑学部,环境与生态学院,本科,2022,升学,中国人民大学,1
建筑学部,环境与生态学院,本科,2022,就业,深圳市人才安居集团有限公司,1
建筑学部,环境与生态学院,本科,2022,就业,中国建筑第八工程局有限公司西北分公司,1
建筑学部,环境与生态学院,本科,2022,升学,上海交通大学,1
建筑学部,环境与生态学院,硕士,2022,选调生,中国共产党重庆市委员会组织部,7
建筑学部,环境与生态学院,硕士,2022,升学,重庆大学,7
建筑学部,环境与生态学院,硕士,2022,就业,中国市政工程中南设计研究总院有限公司,6
建筑学部,环境与生态学院,硕士,2022,就业,重庆市市政设计研究院有限公司,4
建筑学部,环境与生态学院,硕士,2022,就业,中国建筑西南设计研究院有限公司,4
建筑学部,环境与生态学院,硕士,2022,就业,湖南省建筑设计院集团有限公司,4
建筑学部,环境与生态学院,硕士,2022,就业,长江生态环保集团有限公司,3
建筑学部,环境与生态学院,硕士,2022,就业,龙湖物业服务集团有限公司,3
建筑学部,环境与生态学院,硕士,2022,就业,重庆三峰环境集团股份有限公司,3
建筑学部,环境与生态学院,硕士,2022,就业,四川发展国润水务投资有限公司,2
建筑学部,环境与生态学院,硕士,2022,就业,广东省建筑设计研究院有限公司,2
建筑学部,环境与生态学院,硕士,2022,就业,中国市政工程西南设计研究总院有限公司,2
建筑学部,环境与生态学院,硕士,2022,就业,黄河勘测规划设计研究院有限公司,2
建筑学部,环境与生态学院,硕士,2022,升学,哈尔滨工业大学,2
建筑学部,环境与生态学院,硕士,2022,就业,广州地铁设计研究院股份有限公司,2
建筑学部,环境与生态学院,硕士,2022,就业,重庆赛迪热工环保工程技术有限公司,2
建筑学部,环境与生态学院,硕士,2022,选调生,中国共产党广西壮族自治区委员会组织部,2
建筑学部,环境与生态学院,硕士,2022,就业,林同棪国际工程咨询(中国)有限公司,2
建筑学部,环境与生态学院,硕士,2022,就业,武汉市青山区人民政府,1
建筑学部,环境与生态学院,硕士,2022,就业,重庆水务集团股份有限公司,1
建筑学部,环境与生态学院,硕士,2022,就业,长江勘测规划设计研究有限责任公司,1
建筑学部,环境与生态学院,硕士,2022,就业,中铁第五勘察设计院集团有限公司,1
建筑学部,环境与生态学院,硕士,2022,就业,普洱市思茅区住房保障管理中心,1
建筑学部,环境与生态学院,硕士,2022,就业,湖北省生态环境监测中心站,1
建筑学部,环境与生态学院,硕士,2022,就业,重庆桐轩环保工程有限责任公司,1
建筑学部,环境与生态学院,硕士,2022,就业,重庆分质供水有限公司,1
建筑学部,环境与生态学院,硕士,2022,就业,苏州学而思文化培训中心,1
建筑学部,环境与生态学院,硕士,2022,就业,厦门市政水务集团有限公司,1
建筑学部,环境与生态学院,硕士,2022,就业,联合利华(中国)有限公司,1
建筑学部,环境与生态学院,硕士,2022,就业,中国人民武装警察部队湖南总队,1
建筑学部,环境与生态学院,硕士,2022,就业,哈尔滨工业大学重庆研究院,1
建筑学部,环境与生态学院,硕士,2022,就业,合江县机构编制信息中心,1
建筑学部,环境与生态学院,硕士,2022,就业,东方电气集团东方电机有限公司,1
建筑学部,环境与生态学院,硕士,2022,就业,四川久远投资控股集团有限公司,1
建筑学部,环境与生态学院,硕士,2022,升学,四川大学,1
建筑学部,环境与生态学院,硕士,2022,就业,重庆市生态环境工程评估中心,1
建筑学部,环境与生态学院,硕士,2022,就业,上海环翼环境科技有限公司,1
建筑学部,环境与生态学院,硕士,2022,出国(境)留学或工作,亚琛工业大学,1
建筑学部,环境与生态学院,硕士,2022,就业,深信服科技股份有限公司,1
建筑学部,环境与生态学院,硕士,2022,就业,山东宝来利来生物工程股份有限公司,1
建筑学部,环境与生态学院,硕士,2022,就业,广州一博环保科技有限公司,1
建筑学部,环境与生态学院,硕士,2022,就业,北京建工资源循环利用投资有限公司,1
建筑学部,环境与生态学院,硕士,2022,就业,国药集团重庆医药设计院有限公司,1
建筑学部,环境与生态学院,硕士,2022,就业,重庆渝泓土地开发有限公司,1
建筑学部,环境与生态学院,硕士,2022,就业,重庆药友制药有限责任公司,1
建筑学部,环境与生态学院,硕士,2022,就业,苏州市交通运输综合行政执法支队,1
建筑学部,环境与生态学院,硕士,2022,就业,广州邦城信息技术有限公司,1
建筑学部,环境与生态学院,硕士,2022,就业,无锡市锡山区农业农村局,1
建筑学部,环境与生态学院,硕士,2022,就业,贵州省水利水电勘测设计研究院有限公司,1
建筑学部,环境与生态学院,硕士,2022,就业,重庆电力高等专科学校,1
建筑学部,环境与生态学院,硕士,2022,就业,重庆青山工业有限责任公司,1
建筑学部,环境与生态学院,硕士,2022,就业,重庆京东方光电科技有限公司,1
建筑学部,环境与生态学院,硕士,2022,就业,重庆兆晟捷房地产开发有限公司,1
建筑学部,环境与生态学院,硕士,2022,就业,四川新川航空仪器有限责任公司,1
建筑学部,环境与生态学院,硕士,2022,就业,重庆华地资环科技有限公司,1
建筑学部,环境与生态学院,硕士,2022,就业,西安电子科技大学,1
建筑学部,环境与生态学院,硕士,2022,就业,中国市政工程西北设计研究院有限公司陕西分公司,1
建筑学部,环境与生态学院,硕士,2022,就业,重庆长江电工工业集团有限公司,1
建筑学部,环境与生态学院,硕士,2022,就业,中冶赛迪重庆环境咨询有限公司,1
建筑学部,环境与生态学院,硕士,2022,选调生,黄冈市发展和改革委员会,1
建筑学部,环境与生态学院,硕士,2022,就业,重庆川东南工程勘察设计院有限公司,1
建筑学部,环境与生态学院,硕士,2022,选调生,中国共产党宜宾市委员会组织部,1
建筑学部,环境与生态学院,硕士,2022,就业,国电投核安科技(重庆)有限公司,1
建筑学部,环境与生态学院,硕士,2022,就业,重庆精准生物技术有限公司,1
建筑学部,环境与生态学院,硕士,2022,就业,杭州税务工程建设有限公司,1
建筑学部,环境与生态学院,硕士,2022,就业,阜宁县城市发展投资集团有限公司,1
建筑学部,环境与生态学院,硕士,2022,选调生,山西省住房和城乡建设厅,1
建筑学部,环境与生态学院,硕士,2022,出国(境)留学或工作,香港理工大学,1
建筑学部,环境与生态学院,硕士,2022,就业,中冶赛迪集团有限公司,1
建筑学部,环境与生态学院,硕士,2022,就业,重庆绿城致臻房地产开发有限公司,1
建筑学部,环境与生态学院,硕士,2022,就业,北京某部队火箭军(文职),1
建筑学部,环境与生态学院,硕士,2022,选调生,中共成都市委组织部,1
建筑学部,环境与生态学院,硕士,2022,选调生,中共重庆市忠县县委组织部,1
建筑学部,环境与生态学院,硕士,2022,就业,上海市政工程设计研究总院(集团)有限公司,1
建筑学部,环境与生态学院,硕士,2022,就业,济南城建集团有限公司,1
建筑学部,环境与生态学院,硕士,2022,选调生,中共常州市委组织部,1
建筑学部,环境与生态学院,硕士,2022,就业,中南建筑设计院股份有限公司,1
建筑学部,环境与生态学院,硕士,2022,就业,上海市城市建设设计研究总院(集团)有限公司四川分公司,1
建筑学部,环境与生态学院,硕士,2022,选调生,中共重庆市委组织部,1
建筑学部,环境与生态学院,硕士,2022,出国(境)留学或工作,阿德莱德大学,1
建筑学部,环境与生态学院,硕士,2022,就业,重庆中法环保研发中心有限公司,1
建筑学部,环境与生态学院,硕士,2022,就业,重庆市规划设计研究院,1
建筑学部,环境与生态学院,硕士,2022,就业,四川省水利厅,1
建筑学部,环境与生态学院,硕士,2022,就业,蜀道城乡投资集团有限公司,1
建筑学部,环境与生态学院,硕士,2022,就业,长江三峡技术经济发展有限公司,1
建筑学部,环境与生态学院,硕士,2022,就业,中国电建集团贵阳勘测设计研究院有限公司,1
建筑学部,环境与生态学院,硕士,2022,就业,浙江华友钴业股份有限公司,1
建筑学部,环境与生态学院,硕士,2022,就业,重庆市巴南区生态环境保护综合行政执法支队,1
建筑学部,环境与生态学院,硕士,2022,就业,中建海峡建设发展有限公司,1
建筑学部,环境与生态学院,硕士,2022,就业,中国城市规划设计研究院深圳分院,1
建筑学部,环境与生态学院,硕士,2022,选调生,中共黑龙江省委组织部,1
建筑学部,环境与生态学院,硕士,2022,就业,浙江省城乡规划设计研究院,1
建筑学部,环境与生态学院,硕士,2022,升学,清华大学,1
建筑学部,环境与生态学院,硕士,2022,就业,万盛经开区建设工程质量服务中心,1
建筑学部,环境与生态学院,硕士,2022,就业,国网四川省电力公司天府新区供电公司,1
建筑学部,环境与生态学院,硕士,2022,选调生,住房和城乡建设部,1
建筑学部,环境与生态学院,硕士,2022,就业,四川省国土空间规划研究院,1
建筑学部,环境与生态学院,硕士,2022,就业,南京市市政设计研究院有限责任公司,1
建筑学部,环境与生态学院,硕士,2022,选调生,中共池州市委组织部,1
建筑学部,环境与生态学院,硕士,2022,就业,宁德时代新能源科技股份有限公司,1
建筑学部,环境与生态学院,硕士,2022,就业,易门县交通运输局,1
建筑学部,环境与生态学院,硕士,2022,就业,菏泽市住房和城乡建设局,1
建筑学部,环境与生态学院,硕士,2022,就业,河南省交通规划设计研究院股份有限公司,1
建筑学部,环境与生态学院,硕士,2022,就业,中国市政工程西北设计研究院有限公司,1
建筑学部,环境与生态学院,硕士,2022,就业,沙坪坝区建设行政执法大队,1
建筑学部,环境与生态学院,硕士,2022,就业,江苏东华市政工程设计有限公司,1
建筑学部,环境与生态学院,硕士,2022,就业,厦门市城市规划设计研究院有限公司,1
建筑学部,环境与生态学院,硕士,2022,就业,武汉市政工程设计研究院有限责任公司,1
建筑学部,环境与生态学院,硕士,2022,就业,四川顺丰速运有限公司,1
建筑学部,环境与生态学院,硕士,2022,就业,思特沃克软件技术(西安)有限公司,1
建筑学部,环境与生态学院,硕士,2022,就业,众一伍德工程有限公司,1
建筑学部,环境与生态学院,硕士,2022,就业,淮河能源控股集团有限责任公司,1
建筑学部,环境与生态学院,硕士,2022,就业,中国建设银行股份有限公司苏州分行,1
建筑学部,环境与生态学院,硕士,2022,就业,四川明星电力股份有限公司,1
建筑学部,环境与生态学院,硕士,2022,就业,兰州市生态环境局城关分局,1
建筑学部,环境与生态学院,硕士,2022,就业,中机中联工程有限公司,1
建筑学部,环境与生态学院,硕士,2022,就业,成都设计咨询集团有限公司,1
建筑学部,环境与生态学院,硕士,2022,就业,重庆市黔江区林业局,1
建筑学部,环境与生态学院,硕士,2022,升学,浙江大学,1
建筑学部,环境与生态学院,硕士,2022,就业,四川郎酒股份有限公司,1
建筑学部,环境与生态学院,硕士,2022,就业,重庆京东方显示技术有限公司,1
建筑学部,环境与生态学院,硕士,2022,就业,嘉士伯啤酒企业管理(重庆)有限公司,1
建筑学部,环境与生态学院,硕士,2022,就业,重庆京东方显示技术有限公司(环境能源科技有限公司),1
建筑学部,环境与生态学院,硕士,2022,就业,湖北兴发化工集团股份有限公司,1
建筑学部,环境与生态学院,硕士,2022,就业,重庆新天地环境检测技术有限公司,1
建筑学部,环境与生态学院,硕士,2022,就业,重庆远达烟气治理特许经营有限公司科技分公司,1
建筑学部,环境与生态学院,硕士,2022,就业,重庆三峰科技有限公司,1
建筑学部,环境与生态学院,硕士,2022,志愿服务西部计划,重庆市大渡口区发展和改革委员会,1
建筑学部,环境与生态学院,硕士,2022,就业,湖北亿纬动力有限公司,1
建筑学部,环境与生态学院,硕士,2022,就业,中建环能科技股份有限公司,1
建筑学部,环境与生态学院,硕士,2022,升学,北京师范大学,1
建筑学部,环境与生态学院,硕士,2022,就业,深圳市晨北科技有限公司,1
建筑学部,环境与生态学院,硕士,2022,就业,西安电炉研究所有限公司,1
建筑学部,环境与生态学院,硕士,2022,选调生,中国共产党泸州市委员会组织部,1
建筑学部,环境与生态学院,硕士,2022,选调生,中共重庆市云阳县委组织部,1
建筑学部,环境与生态学院,硕士,2022,就业,中国建设银行股份有限公司重庆市分行,1
建筑学部,环境与生态学院,硕士,2022,出国(境)留学或工作,莱顿大学,1
建筑学部,环境与生态学院,硕士,2022,就业,中国工商银行股份有限公司重庆市分行,1
建筑学部,环境与生态学院,硕士,2022,升学,国科大杭州高等研究院,1
建筑学部,环境与生态学院,博士,2022,就业,重庆工商大学,5
建筑学部,环境与生态学院,博士,2022,就业,湖南科技大学,2
建筑学部,环境与生态学院,博士,2022,就业,东华理工大学,1
建筑学部,环境与生态学院,博士,2022,就业,新疆大学,1
建筑学部,环境与生态学院,博士,2022,就业,重庆大学,1
建筑学部,环境与生态学院,博士,2022,就业,中国科学院重庆绿色智能技术研究院,1
建筑学部,环境与生态学院,博士,2022,就业,重庆城市管理职业学院,1
建筑学部,环境与生态学院,博士,2022,就业,浙江大学,1
建筑学部,环境与生态学院,博士,2022,就业,石河子大学,1
建筑学部,环境与生态学院,博士,2022,就业,四川农业大学,1
建筑学部,环境与生态学院,博士,2022,就业,长江生态环保集团有限公司,1
建筑学部,环境与生态学院,博士,2022,选调生,中国共产党重庆市委员会组织部,1
建筑学部,环境与生态学院,博士,2022,就业,广西大学,1
建筑学部,环境与生态学院,博士,2022,就业,苏州科技大学,1
建筑学部,环境与生态学院,博士,2022,就业,山东建筑大学,1
建筑学部,环境与生态学院,博士,2022,就业,南方科技大学,1
建筑学部,环境与生态学院,博士,2022,就业,重庆华地资环科技有限公司,1
建筑学部,环境与生态学院,博士,2022,就业,中机中联工程有限公司,1
建筑学部,环境与生态学院,博士,2022,就业,中冶赛迪集团有限公司,1
建筑学部,环境与生态学院,本科,2023,升学,重庆大学,43
建筑学部,环境与生态学院,本科,2023,升学,哈尔滨工业大学,14
建筑学部,环境与生态学院,本科,2023,升学,同济大学,8
建筑学部,环境与生态学院,本科,2023,升学,浙江大学,6
建筑学部,环境与生态学院,本科,2023,升学,清华大学,5
建筑学部,环境与生态学院,本科,2023,升学,南京大学,4
建筑学部,环境与生态学院,本科,2023,升学,哈尔滨工业大学(深圳),3
建筑学部,环境与生态学院,本科,2023,升学,南方科技大学,3
建筑学部,环境与生态学院,本科,2023,升学,厦门大学,3
建筑学部,环境与生态学院,本科,2023,升学,东南大学,3
建筑学部,环境与生态学院,本科,2023,升学,中山大学,3
建筑学部,环境与生态学院,本科,2023,就业,中建科工集团有限公司,2
建筑学部,环境与生态学院,本科,2023,出国(境)留学或工作,悉尼大学,2
建筑学部,环境与生态学院,本科,2023,升学,新疆大学,2
建筑学部,环境与生态学院,本科,2023,就业,中建三局安装工程有限公司,2
建筑学部,环境与生态学院,本科,2023,升学,复旦大学,2
建筑学部,环境与生态学院,本科,2023,就业,比亚迪股份有限公司,2
建筑学部,环境与生态学院,本科,2023,出国(境)留学或工作,名古屋大学,2
建筑学部,环境与生态学院,本科,2023,升学,华东师范大学,2
建筑学部,环境与生态学院,本科,2023,升学,武汉大学,2
建筑学部,环境与生态学院,本科,2023,就业,重庆新东方教育培训学校有限公司,2
建筑学部,环境与生态学院,本科,2023,升学,北京林业大学,2
建筑学部,环境与生态学院,本科,2023,出国(境)留学或工作,墨尔本大学,2
建筑学部,环境与生态学院,本科,2023,就业,中建三局绿色产业投资有限公司,2
建筑学部,环境与生态学院,本科,2023,就业,中国建筑西南设计研究院有限公司,2
建筑学部,环境与生态学院,本科,2023,就业,中国建筑第二工程局有限公司西南分公司,1
建筑学部,环境与生态学院,本科,2023,升学,兰州大学,1
建筑学部,环境与生态学院,本科,2023,就业,广东省建筑设计研究院有限公司,1
建筑学部,环境与生态学院,本科,2023,升学,广东工业大学,1
建筑学部,环境与生态学院,本科,2023,就业,库车市财运货运信息服务部,1
建筑学部,环境与生态学院,本科,2023,就业,蓝标环保技术服务有限公司,1
建筑学部,环境与生态学院,本科,2023,升学,中国地质大学,1
建筑学部,环境与生态学院,本科,2023,就业,重庆和弘建筑劳务有限公司,1
建筑学部,环境与生态学院,本科,2023,就业,中国建筑第八工程局有限公司西南分公司,1
建筑学部,环境与生态学院,本科,2023,就业,中建五局第三建设有限公司,1
建筑学部,环境与生态学院,本科,2023,就业,浙江海庆龙装饰工程有限公司,1
建筑学部,环境与生态学院,本科,2023,升学,中科院重庆绿色智能科技研究院,1
建筑学部,环境与生态学院,本科,2023,升学,中国地质大学(武汉),1
建筑学部,环境与生态学院,本科,2023,升学,上海财经大学,1
建筑学部,环境与生态学院,本科,2023,就业,东风本田汽车有限公司,1
建筑学部,环境与生态学院,本科,2023,升学,天津大学,1
建筑学部,环境与生态学院,本科,2023,升学,西安交通大学,1
建筑学部,环境与生态学院,本科,2023,出国(境)留学或工作,新加坡国立大学,1
建筑学部,环境与生态学院,本科,2023,就业,中建三局第一建设工程有限责任公司,1
建筑学部,环境与生态学院,本科,2023,选调生,中共邯郸市委组织部,1
建筑学部,环境与生态学院,本科,2023,就业,灵川县博阳双语学校,1
建筑学部,环境与生态学院,本科,2023,出国(境)留学或工作,利物浦大学,1
建筑学部,环境与生态学院,本科,2023,就业,重庆飞驶特人力资源管理有限公司,1
建筑学部,环境与生态学院,本科,2023,出国(境)留学或工作,曼彻斯特大学,1
建筑学部,环境与生态学院,本科,2023,升学,中国农业大学,1
建筑学部,环境与生态学院,本科,2023,就业,厦门市政水务集团有限公司,1
建筑学部,环境与生态学院,本科,2023,升学,华南理工大学,1
建筑学部,环境与生态学院,本科,2023,就业,四川爱德中创建设工程有限公司,1
建筑学部,环境与生态学院,本科,2023,升学,中国科学院大学,1
建筑学部,环境与生态学院,本科,2023,就业,安徽省招标集团股份有限公司,1
建筑学部,环境与生态学院,本科,2023,出国(境)留学或工作,都柏林圣三一学院,1
建筑学部,环境与生态学院,本科,2023,就业,珠海水务环境控股集团有限公司,1
建筑学部,环境与生态学院,本科,2023,就业,中铁八局集团第一工程有限公司,1
建筑学部,环境与生态学院,本科,2023,就业,中国建筑第八工程局有限公司华南分公司,1
建筑学部,环境与生态学院,本科,2023,选调生,云龙县漕涧镇人民政府,1
建筑学部,环境与生态学院,本科,2023,就业,深圳市善德环境(集团)有限公司,1
建筑学部,环境与生态学院,本科,2023,就业,新疆特变电工集团有限公司,1
建筑学部,环境与生态学院,本科,2023,升学,中国科学院生态环境研究中心,1
建筑学部,环境与生态学院,本科,2023,升学,云南大学,1
建筑学部,环境与生态学院,本科,2023,就业,海信集团控股股份有限公司,1
建筑学部,环境与生态学院,本科,2023,升学,中国科学院大学地球化学研究所,1
建筑学部,环境与生态学院,本科,2023,就业,东莞市造迪智能有限公司,1
建筑学部,环境与生态学院,本科,2023,升学,清华大学深圳国际研究生院,1
建筑学部,环境与生态学院,本科,2023,就业,泰晶科技股份有限公司,1
建筑学部,环境与生态学院,本科,2023,就业,重庆阁林环保科技有限公司,1
建筑学部,环境与生态学院,本科,2023,升学,太原理工大学,1
建筑学部,环境与生态学院,本科,2023,升学,上海交通大学,1
建筑学部,环境与生态学院,本科,2023,升学,电子科技大学,1
建筑学部,环境与生态学院,本科,2023,就业,福建海西金融租赁有限责任公司,1
建筑学部,环境与生态学院,硕士,2023,就业,中国市政工程中南设计研究总院有限公司,6
建筑学部,环境与生态学院,硕士,2023,就业,比亚迪股份有限公司,5
建筑学部,环境与生态学院,硕士,2023,选调生,中共重庆市委组织部,4
建筑学部,环境与生态学院,硕士,2023,升学,重庆大学,3
建筑学部,环境与生态学院,硕士,2023,就业,重庆长安汽车股份有限公司,3
建筑学部,环境与生态学院,硕士,2023,就业,成都环境投资集团有限公司,2
建筑学部,环境与生态学院,硕士,2023,就业,上海市政工程设计研究总院(集团)有限公司深圳分公司,2
建筑学部,环境与生态学院,硕士,2023,选调生,中共贵阳市委组织部,2
建筑学部,环境与生态学院,硕士,2023,就业,中国城市规划设计研究院西部分院,2
建筑学部,环境与生态学院,硕士,2023,就业,林同棪国际工程咨询(中国)有限公司,2
建筑学部,环境与生态学院,硕士,2023,选调生,中共德阳市委组织部,2
建筑学部,环境与生态学院,硕士,2023,就业,重庆阁林环保科技有限公司,2
建筑学部,环境与生态学院,硕士,2023,出国(境)留学或工作,昆士兰大学,2
建筑学部,环境与生态学院,硕士,2023,升学,四川大学,2
建筑学部,环境与生态学院,硕士,2023,就业,青羊区向鑫饰品店,1
建筑学部,环境与生态学院,硕士,2023,就业,南京掌控网络科技有限公司,1
建筑学部,环境与生态学院,硕士,2023,选调生,中共重庆市渝北区委组织部,1
建筑学部,环境与生态学院,硕士,2023,选调生,中国共产主义青年团中央委员会,1
建筑学部,环境与生态学院,硕士,2023,就业,江阴鹿铖医疗器械有限公司,1
建筑学部,环境与生态学院,硕士,2023,就业,长三角(嘉兴)生态发展有限公司,1
建筑学部,环境与生态学院,硕士,2023,就业,长江三峡集团实业发展(北京)有限公司,1
建筑学部,环境与生态学院,硕士,2023,选调生,德州市文化和旅游局,1
建筑学部,环境与生态学院,硕士,2023,出国(境)留学或工作,图宾根大学,1
建筑学部,环境与生态学院,硕士,2023,就业,湖北省城建设计院股份有限公司,1
建筑学部,环境与生态学院,硕士,2023,选调生,中共邵阳市委组织部,1
建筑学部,环境与生态学院,硕士,2023,选调生,重庆市潼南区,1
建筑学部,环境与生态学院,硕士,2023,就业,中交第一航务工程勘察设计院有限公司,1
建筑学部,环境与生态学院,硕士,2023,就业,信息产业电子第十一设计研究院科技工程股份有限公司,1
建筑学部,环境与生态学院,硕士,2023,就业,广东省建筑设计研究院有限公司,1
建筑学部,环境与生态学院,硕士,2023,就业,苏州中材非金属矿工业设计研究院有限公司,1
建筑学部,环境与生态学院,硕士,2023,就业,中铁二院工程集团有限责任公司,1
建筑学部,环境与生态学院,硕士,2023,就业,中国航空规划设计研究总院有限公司,1
建筑学部,环境与生态学院,硕士,2023,就业,江苏省城市规划设计研究院有限公司,1
建筑学部,环境与生态学院,硕士,2023,就业,中广核惠州核电有限公司,1
建筑学部,环境与生态学院,硕士,2023,就业,合肥市规划设计研究院,1
建筑学部,环境与生态学院,硕士,2023,就业,广州市城市规划勘测设计研究院,1
建筑学部,环境与生态学院,硕士,2023,选调生,中共天津市东丽区委组织部,1
建筑学部,环境与生态学院,硕士,2023,就业,涪陵区生态环境监测站,1
建筑学部,环境与生态学院,硕士,2023,就业,中钢集团马鞍山矿山研究总院股份有限公司,1
建筑学部,环境与生态学院,硕士,2023,升学,上海交通大学,1
建筑学部,环境与生态学院,硕士,2023,就业,山东新达环境保护技术咨询有限责任公司,1
建筑学部,环境与生态学院,硕士,2023,升学,华中科技大学,1
建筑学部,环境与生态学院,硕士,2023,就业,中南安全环境技术研究院股份有限公司,1
建筑学部,环境与生态学院,硕士,2023,就业,中国建筑第二工程局西南分公司,1
建筑学部,环境与生态学院,硕士,2023,就业,重庆资源与环境保护职业学院,1
建筑学部,环境与生态学院,硕士,2023,就业,马钢(集团)控股有限公司,1
建筑学部,环境与生态学院,硕士,2023,就业,重庆飞驶特人力资源管理有限公司,1
建筑学部,环境与生态学院,硕士,2023,就业,华为技术有限公司,1
建筑学部,环境与生态学院,硕士,2023,就业,重庆再升科技股份有限公司,1
建筑学部,环境与生态学院,硕士,2023,选调生,中共重庆市潼南区委组织部,1
建筑学部,环境与生态学院,硕士,2023,就业,重庆市市政设计研究院有限公司,1
建筑学部,环境与生态学院,硕士,2023,就业,成都理工大学,1
建筑学部,环境与生态学院,硕士,2023,就业,北京市百瑞(重庆)律师事务所,1
建筑学部,环境与生态学院,硕士,2023,出国(境)留学或工作,香港城市大学,1
建筑学部,环境与生态学院,硕士,2023,就业,昆明冶金研究院有限公司,1
建筑学部,环境与生态学院,硕士,2023,就业,隆基绿能科技股份有限公司,1
建筑学部,环境与生态学院,硕士,2023,选调生,中共攀枝花市委组织部,1
建筑学部,环境与生态学院,硕士,2023,升学,吉林大学,1
建筑学部,环境与生态学院,硕士,2023,就业,中核四0四有限公司,1
建筑学部,环境与生态学院,硕士,2023,就业,浙江极氪智能科技有限公司,1
建筑学部,环境与生态学院,硕士,2023,升学,华东师范大学,1
建筑学部,环境与生态学院,硕士,2023,就业,生态环境部西南核与辐射安全监督站,1
建筑学部,环境与生态学院,硕士,2023,就业,成都市市政工程设计研究院有限公司,1
建筑学部,环境与生态学院,硕士,2023,选调生,中共重庆市璧山区委组织部,1
建筑学部,环境与生态学院,硕士,2023,选调生,中共凉山彝族自治州委组织部,1
建筑学部,环境与生态学院,硕士,2023,就业,重庆南江工程勘察设计集团有限公司,1
建筑学部,环境与生态学院,硕士,2023,就业,四川锦美环保(集团)股份有限公司,1
建筑学部,环境与生态学院,硕士,2023,就业,重庆港力环保股份有限公司,1
建筑学部,环境与生态学院,硕士,2023,就业,重庆赛宝工业技术研究院有限公司,1
建筑学部,环境与生态学院,硕士,2023,就业,中信银行股份有限公司重庆分行,1
建筑学部,环境与生态学院,硕士,2023,就业,中共成都市新津区委组织部,1
建筑学部,环境与生态学院,硕士,2023,就业,中国建筑股份有限公司,1
建筑学部,环境与生态学院,硕士,2023,就业,贵州习酒股份有限公司,1
建筑学部,环境与生态学院,硕士,2023,就业,中国工商银行股份有限公司重庆市分行,1
建筑学部,环境与生态学院,硕士,2023,就业,深圳市环境水务集团有限公司,1
建筑学部,环境与生态学院,硕士,2023,出国(境)留学或工作,波茨坦大学,1
建筑学部,环境与生态学院,硕士,2023,就业,贵州省水利投资(集团)有限责任公司,1
建筑学部,环境与生态学院,硕士,2023,就业,江西铜业股份有限公司,1
建筑学部,环境与生态学院,硕士,2023,就业,菏泽交通投资发展集团有限公司,1
建筑学部,环境与生态学院,硕士,2023,就业,中国电力工程顾问集团西北电力设计院有限公司,1
建筑学部,环境与生态学院,硕士,2023,就业,湖南第一工业设计研究院有限公司,1
建筑学部,环境与生态学院,硕士,2023,就业,广西电网有限责任公司河池供电局,1
建筑学部,环境与生态学院,硕士,2023,就业,中国电建集团成都勘测设计研究院有限公司,1
建筑学部,环境与生态学院,硕士,2023,就业,中电建生态环境集团有限公司,1
建筑学部,环境与生态学院,硕士,2023,选调生,中共贵州省委组织部,1
建筑学部,环境与生态学院,硕士,2023,就业,重庆长安望江工业集团有限公司,1
建筑学部,环境与生态学院,硕士,2023,就业,重庆中法环保研发中心有限公司,1
建筑学部,环境与生态学院,硕士,2023,就业,重庆两江新区人才发展集团有限公司,1
建筑学部,环境与生态学院,硕士,2023,就业,宝武环科重庆资源循环利用有限公司,1
建筑学部,环境与生态学院,硕士,2023,就业,成都建工第八建筑工程有限公司,1
建筑学部,环境与生态学院,硕士,2023,就业,中海建筑有限公司,1
建筑学部,环境与生态学院,硕士,2023,选调生,攀枝花市乡村振兴局,1
建筑学部,环境与生态学院,硕士,2023,选调生,中共绵阳市委组织部,1
建筑学部,环境与生态学院,硕士,2023,选调生,江西省委组织部,1
建筑学部,环境与生态学院,硕士,2023,选调生,中国共产党泸州市委员会组织部,1
建筑学部,环境与生态学院,硕士,2023,就业,玉林市生态环境应急与技术服务中心,1
建筑学部,环境与生态学院,硕士,2023,就业,国家税务总局重庆市沙坪坝区税务局,1
建筑学部,环境与生态学院,硕士,2023,就业,攀钢集团(攀枝花)钛金属材料有限公司,1
建筑学部,环境与生态学院,硕士,2023,就业,贵阳铝镁设计研究院有限公司,1
建筑学部,环境与生态学院,硕士,2023,就业,重庆市高新技术产业开发区管理委员会,1
建筑学部,环境与生态学院,硕士,2023,就业,重庆德菲环境科技有限公司,1
建筑学部,环境与生态学院,硕士,2023,选调生,墨江哈尼族自治县发展和改革局,1
建筑学部,环境与生态学院,硕士,2023,就业,宝鸡市生态环境局,1
建筑学部,环境与生态学院,硕士,2023,就业,西安隆基乐叶光伏科技有限公司,1
建筑学部,环境与生态学院,硕士,2023,就业,国家税务总局西安经济技术开发区税务局,1
建筑学部,环境与生态学院,硕士,2023,升学,同济大学,1
建筑学部,环境与生态学院,硕士,2023,就业,广州市市政工程设计研究总院有限公司南沙分院,1
建筑学部,环境与生态学院,硕士,2023,就业,廊坊市住房和城乡建设局,1
建筑学部,环境与生态学院,硕士,2023,就业,中建桥梁有限公司,1
建筑学部,环境与生态学院,硕士,2023,选调生,山西省供销合作社联合社,1
建筑学部,环境与生态学院,硕士,2023,选调生,中国共产党烟台市委员会组织部,1
建筑学部,环境与生态学院,硕士,2023,选调生,广西壮族自治区水利工程与河道管理中心,1
建筑学部,环境与生态学院,硕士,2023,就业,宁波市鄞州区人力资源和社会保障局,1
建筑学部,环境与生态学院,硕士,2023,就业,中国南水北调集团水网水务投资有限公司,1
建筑学部,环境与生态学院,硕士,2023,就业,中国城市规划设计研究院深圳分院,1
建筑学部,环境与生态学院,硕士,2023,就业,中国建筑西南设计研究院有限公司重庆分院,1
建筑学部,环境与生态学院,硕士,2023,就业,中铁上海设计院集团有限公司,1
建筑学部,环境与生态学院,硕士,2023,就业,国家税务总局运城市税务局第二税务分局,1
建筑学部,环境与生态学院,硕士,2023,就业,安徽芯纪元科技有限公司,1
建筑学部,环境与生态学院,硕士,2023,就业,漳州市项目策划服务中心,1
建筑学部,环境与生态学院,硕士,2023,就业,中建五局第三建设有限公司,1
建筑学部,环境与生态学院,硕士,2023,就业,中共青岛市黄岛区委员会组织部,1
建筑学部,环境与生态学院,硕士,2023,就业,中国能源建设集团浙江省电力设计院有限公司,1
建筑学部,环境与生态学院,硕士,2023,就业,中国轻工业长沙工程有限公司,1
建筑学部,环境与生态学院,硕士,2023,就业,中国电建集团中南勘测设计研究院有限公司,1
建筑学部,环境与生态学院,硕士,2023,就业,国家知识产权局专利局专利审查协作四川中心,1
建筑学部,环境与生态学院,硕士,2023,选调生,中国共产党重庆市委员会组织部,1
建筑学部,环境与生态学院,硕士,2023,就业,深圳市城市规划设计研究院有限公司,1
建筑学部,环境与生态学院,硕士,2023,就业,重庆市设计院有限公司,1
建筑学部,环境与生态学院,硕士,2023,就业,兴业银行股份有限公司重庆分行,1
建筑学部,环境与生态学院,硕士,2023,就业,中国电力工程顾问集团西南电力设计院有限公司,1
建筑学部,环境与生态学院,硕士,2023,就业,成都龙湖聚生物业服务有限公司,1
建筑学部,环境与生态学院,硕士,2023,就业,四川电力设计咨询有限责任公司,1
建筑学部,环境与生态学院,硕士,2023,选调生,中共安顺市委组织部,1
建筑学部,环境与生态学院,硕士,2023,选调生,富源县自然资源局,1
建筑学部,环境与生态学院,硕士,2023,选调生,中国共产党屏边苗族自治县委员会机构编制委员会办公室,1
建筑学部,环境与生态学院,博士,2023,就业,重庆交通大学,2
建筑学部,环境与生态学院,博士,2023,就业,中国科学技术大学,1
建筑学部,环境与生态学院,博士,2023,就业,西南大学,1
建筑学部,环境与生态学院,博士,2023,就业,西南交通大学,1
建筑学部,环境与生态学院,博士,2023,就业,重庆市排水有限公司,1
建筑学部,环境与生态学院,博士,2023,就业,昆明理工大学,1
建筑学部,环境与生态学院,博士,2023,选调生,中国共产党烟台市委员会组织部,1
建筑学部,环境与生态学院,博士,2023,就业,茅台学院,1
建筑学部,环境与生态学院,博士,2023,就业,南阳师范学院,1
建筑学部,环境与生态学院,博士,2023,就业,重庆环卫集团有限公司,1
建筑学部,管理科学与房地产学院,本科,2021,升学,重庆大学,84
建筑学部,管理科学与房地产学院,本科,2021,就业,中建三局第一建设工程有限责任公司,7
建筑学部,管理科学与房地产学院,本科,2021,就业,中建八局第三建设有限公司,6
建筑学部,管理科学与房地产学院,本科,2021,就业,中国建筑第八工程局有限公司上海分公司,5
建筑学部,管理科学与房地产学院,本科,2021,升学,同济大学,5
建筑学部,管理科学与房地产学院,本科,2021,出国(境)留学或工作,曼彻斯特大学,4
建筑学部,管理科学与房地产学院,本科,2021,就业,中建西南咨询顾问有限公司,4
建筑学部,管理科学与房地产学院,本科,2021,就业,中国建筑第八工程局有限公司西南分公司,4
建筑学部,管理科学与房地产学院,本科,2021,出国(境)留学或工作,南洋理工大学,3
建筑学部,管理科学与房地产学院,本科,2021,就业,中建一局集团建设发展有限公司西南分公司,3
建筑学部,管理科学与房地产学院,本科,2021,就业,中建一局集团建设发展有限公司,3
建筑学部,管理科学与房地产学院,本科,2021,升学,浙江大学,3
建筑学部,管理科学与房地产学院,本科,2021,升学,武汉大学,3
建筑学部,管理科学与房地产学院,本科,2021,出国(境)留学或工作,伦敦大学学院,3
建筑学部,管理科学与房地产学院,本科,2021,升学,中国人民大学,3
建筑学部,管理科学与房地产学院,本科,2021,就业,中建三局第三建设工程有限责任公司,3
建筑学部,管理科学与房地产学院,本科,2021,就业,中建新疆建工土木工程有限公司,2
建筑学部,管理科学与房地产学院,本科,2021,升学,东南大学,2
建筑学部,管理科学与房地产学院,本科,2021,就业,重庆南碧企业管理有限公司,2
建筑学部,管理科学与房地产学院,本科,2021,就业,中建海峡建设发展有限公司,2
建筑学部,管理科学与房地产学院,本科,2021,就业,杭州博仕信企业管理咨询有限公司,2
建筑学部,管理科学与房地产学院,本科,2021,就业,中国建筑股份有限公司国际工程分公司,2
建筑学部,管理科学与房地产学院,本科,2021,就业,中广核惠州核电有限公司,2
建筑学部,管理科学与房地产学院,本科,2021,升学,天津大学,2
建筑学部,管理科学与房地产学院,本科,2021,出国(境)留学或工作,格拉斯哥大学,2
建筑学部,管理科学与房地产学院,本科,2021,就业,重庆碧桂园顺碧企业管理有限公司,2
建筑学部,管理科学与房地产学院,本科,2021,升学,上海财经大学,2
建筑学部,管理科学与房地产学院,本科,2021,就业,中国建筑第二工程局有限公司西南分公司,2
建筑学部,管理科学与房地产学院,本科,2021,就业,重庆金辉长江房地产有限公司,1
建筑学部,管理科学与房地产学院,本科,2021,就业,成都绿城致嘉建设管理有限公司,1
建筑学部,管理科学与房地产学院,本科,2021,就业,重庆中骏和信置业有限公司,1
建筑学部,管理科学与房地产学院,本科,2021,就业,重庆荣盛鑫煜房地产开发有限公司,1
建筑学部,管理科学与房地产学院,本科,2021,志愿服务西部计划,沙坪坝区住房和城乡建委,1
建筑学部,管理科学与房地产学院,本科,2021,选调生,中国共产党遂宁市委员会组织部,1
建筑学部,管理科学与房地产学院,本科,2021,出国(境)留学或工作,格罗宁根大学,1
建筑学部,管理科学与房地产学院,本科,2021,就业,合肥水泥研究设计院有限公司,1
建筑学部,管理科学与房地产学院,本科,2021,就业,中铁文化旅游投资集团有限公司,1
建筑学部,管理科学与房地产学院,本科,2021,就业,联发集团重庆房地产开发有限公司,1
建筑学部,管理科学与房地产学院,本科,2021,就业,贵州新碧乾胜企业管理有限公司,1
建筑学部,管理科学与房地产学院,本科,2021,就业,广州市兆昌房地产开发有限公司,1
建筑学部,管理科学与房地产学院,本科,2021,就业,北京中建地产有限责任公司,1
建筑学部,管理科学与房地产学院,本科,2021,就业,临沧市临翔区发展和改革局(临翔区粮食局),1
建筑学部,管理科学与房地产学院,本科,2021,出国(境)留学或工作,伦敦大学,1
建筑学部,管理科学与房地产学院,本科,2021,升学,中国政法大学,1
建筑学部,管理科学与房地产学院,本科,2021,升学,大连理工大学,1
建筑学部,管理科学与房地产学院,本科,2021,就业,中建三局集团有限公司西北分公司,1
建筑学部,管理科学与房地产学院,本科,2021,出国(境)留学或工作,香港大学,1
建筑学部,管理科学与房地产学院,本科,2021,就业,信泊尔人力资源(上海)有限公司,1
建筑学部,管理科学与房地产学院,本科,2021,就业,中建八局第一建设有限公司,1
建筑学部,管理科学与房地产学院,本科,2021,就业,北京城乡房屋建设开发有限责任公司,1
建筑学部,管理科学与房地产学院,本科,2021,就业,利比建设咨询(上海)有限公司重庆分公司,1
建筑学部,管理科学与房地产学院,本科,2021,出国(境)留学或工作,德累斯顿工业大学,1
建筑学部,管理科学与房地产学院,本科,2021,就业,重庆燃气集团股份有限公司,1
建筑学部,管理科学与房地产学院,本科,2021,选调生,中山市三乡镇人民政府,1
建筑学部,管理科学与房地产学院,本科,2021,选调生,江门市新会区投资评审中心,1
建筑学部,管理科学与房地产学院,本科,2021,就业,中海建筑有限公司,1
建筑学部,管理科学与房地产学院,本科,2021,升学,华南理工大学,1
建筑学部,管理科学与房地产学院,本科,2021,就业,中冶(上海)钢结构科技有限公司华南分公司,1
建筑学部,管理科学与房地产学院,本科,2021,就业,上海建工四建集团有限公司,1
建筑学部,管理科学与房地产学院,本科,2021,就业,四川铁投城乡投资建设集团有限责任公司,1
建筑学部,管理科学与房地产学院,本科,2021,就业,中冶(上海)钢结构科技有限公司,1
建筑学部,管理科学与房地产学院,本科,2021,志愿服务西部计划,昌都市农村农业局,1
建筑学部,管理科学与房地产学院,本科,2021,就业,中建五局第三建设有限公司,1
建筑学部,管理科学与房地产学院,本科,2021,就业,杭州交通投资建设管理集团有限公司,1
建筑学部,管理科学与房地产学院,本科,2021,就业,广州天力建筑工程有限公司,1
建筑学部,管理科学与房地产学院,本科,2021,就业,仁恒发展(天津)有限公司,1
建筑学部,管理科学与房地产学院,本科,2021,就业,中建八局第二建设有限公司,1
建筑学部,管理科学与房地产学院,本科,2021,就业,成都市龙西建筑工程有限公司,1
建筑学部,管理科学与房地产学院,本科,2021,就业,中国建筑一局(集团)有限公司北京朝阳分公司,1
建筑学部,管理科学与房地产学院,本科,2021,就业,广西路桥工程集团有限公司,1
建筑学部,管理科学与房地产学院,本科,2021,出国(境)留学或工作,布里斯托大学,1
建筑学部,管理科学与房地产学院,本科,2021,出国(境)留学或工作,墨尔本大学,1
建筑学部,管理科学与房地产学院,本科,2021,就业,广州市时代控股集团有限公司,1
建筑学部,管理科学与房地产学院,本科,2021,就业,山东百俊房地产开发有限公司,1
建筑学部,管理科学与房地产学院,本科,2021,就业,云南碧桂园企业管理有限公司,1
建筑学部,管理科学与房地产学院,本科,2021,出国(境)留学或工作,卡耐基梅隆,1
建筑学部,管理科学与房地产学院,本科,2021,就业,重庆瀚丰精密机械有限公司,1
建筑学部,管理科学与房地产学院,本科,2021,出国(境)留学或工作,美国东北大学,1
建筑学部,管理科学与房地产学院,本科,2021,选调生,中共衡水市委组织部,1
建筑学部,管理科学与房地产学院,本科,2021,升学,中央财经大学,1
建筑学部,管理科学与房地产学院,本科,2021,出国(境)留学或工作,波士顿大学,1
建筑学部,管理科学与房地产学院,本科,2021,就业,中国农业银行股份有限公司贵州省分行,1
建筑学部,管理科学与房地产学院,本科,2021,就业,中国烟草总公司重庆市公司荣昌分公司,1
建筑学部,管理科学与房地产学院,本科,2021,升学,复旦大学,1
建筑学部,管理科学与房地产学院,本科,2021,出国(境)留学或工作,布兰迪斯大学,1
建筑学部,管理科学与房地产学院,本科,2021,就业,中建四局第三建设有限公司,1
建筑学部,管理科学与房地产学院,本科,2021,就业,重庆四联测控技术有限公司,1
建筑学部,管理科学与房地产学院,本科,2021,就业,上海禹璨信息技术有限公司,1
建筑学部,管理科学与房地产学院,本科,2021,升学,哈尔滨工业大学(深圳),1
建筑学部,管理科学与房地产学院,本科,2021,就业,上海中建东孚投资发展有限公司,1
建筑学部,管理科学与房地产学院,本科,2021,就业,中国建筑第八工程局有限公司南方分公司,1
建筑学部,管理科学与房地产学院,本科,2021,就业,重庆雅恒房地产开发有限公司,1
建筑学部,管理科学与房地产学院,本科,2021,就业,中国铁塔股份有限公司广东省分公司,1
建筑学部,管理科学与房地产学院,本科,2021,就业,中建交通建设集团有限公司,1
建筑学部,管理科学与房地产学院,本科,2021,就业,天方药业有限公司,1
建筑学部,管理科学与房地产学院,本科,2021,出国(境)留学或工作,香港城市大学,1
建筑学部,管理科学与房地产学院,本科,2021,就业,四川省川建勘察设计院有限公司,1
建筑学部,管理科学与房地产学院,本科,2021,就业,中建五局装饰幕墙有限公司,1
建筑学部,管理科学与房地产学院,本科,2021,就业,成都佳兆业房地产开发有限公司,1
建筑学部,管理科学与房地产学院,本科,2021,就业,俊发集团有限公司,1
建筑学部,管理科学与房地产学院,本科,2021,就业,中建一局集团第二建筑有限公司,1
建筑学部,管理科学与房地产学院,本科,2021,就业,新城控股集团股份有限公司上海第一分公司,1
建筑学部,管理科学与房地产学院,本科,2021,就业,南昌万达城投资有限公司,1
建筑学部,管理科学与房地产学院,本科,2021,就业,应征入伍,1
建筑学部,管理科学与房地产学院,本科,2021,就业,江山市贺村镇政务服务中心,1
建筑学部,管理科学与房地产学院,本科,2021,就业,中建三局集团有限公司成都分公司,1
建筑学部,管理科学与房地产学院,本科,2021,升学,上海交通大学,1
建筑学部,管理科学与房地产学院,本科,2021,就业,中国建筑第五工程局有限公司河南分公司,1
建筑学部,管理科学与房地产学院,本科,2021,就业,中国建筑一局(集团)有限公司西南分公司,1
建筑学部,管理科学与房地产学院,本科,2021,就业,中建三局集团有限公司西南分公司,1
建筑学部,管理科学与房地产学院,本科,2021,就业,中铁置业集团有限公司,1
建筑学部,管理科学与房地产学院,本科,2021,就业,厦门兆琮隆房地产开发有限公司,1
建筑学部,管理科学与房地产学院,本科,2021,就业,中国铁塔股份有限公司西安市分公司,1
建筑学部,管理科学与房地产学院,本科,2021,就业,中国港湾工程有限责任公司,1
建筑学部,管理科学与房地产学院,本科,2021,就业,台州市万维置业有限公司,1
建筑学部,管理科学与房地产学院,本科,2021,出国(境)留学或工作,杜克大学,1
建筑学部,管理科学与房地产学院,本科,2021,就业,上海建工四建集团有限公司华南市政分公司,1
建筑学部,管理科学与房地产学院,本科,2021,就业,重庆新鸥鹏地产(集团)有限公司,1
建筑学部,管理科学与房地产学院,本科,2021,出国(境)留学或工作,新加坡国立大学,1
建筑学部,管理科学与房地产学院,硕士,2021,就业,重庆金科房地产开发有限公司,3
建筑学部,管理科学与房地产学院,硕士,2021,升学,重庆大学,3
建筑学部,管理科学与房地产学院,硕士,2021,就业,重庆龙湖地产发展有限公司,3
建筑学部,管理科学与房地产学院,硕士,2021,就业,重庆招商依城房地产开发有限公司,2
建筑学部,管理科学与房地产学院,硕士,2021,就业,四川省城乡建设研究院,2
建筑学部,管理科学与房地产学院,硕士,2021,选调生,中共重庆市委组织部,2
建筑学部,管理科学与房地产学院,硕士,2021,就业,中国长江电力股份有限公司,2
建筑学部,管理科学与房地产学院,硕士,2021,就业,厦门兆琮隆房地产开发有限公司,2
建筑学部,管理科学与房地产学院,硕士,2021,升学,东南大学,2
建筑学部,管理科学与房地产学院,硕士,2021,选调生,中共成都市委组织部,2
建筑学部,管理科学与房地产学院,硕士,2021,就业,中城投集团第三工程局有限公司,2
建筑学部,管理科学与房地产学院,硕士,2021,就业,重庆锦腾房地产开发有限公司,2
建筑学部,管理科学与房地产学院,硕士,2021,就业,北京外企人力资源服务青岛有限公司,2
建筑学部,管理科学与房地产学院,硕士,2021,就业,湖北龙湖企业管理有限公司,2
建筑学部,管理科学与房地产学院,硕士,2021,就业,重庆南碧企业管理有限公司,2
建筑学部,管理科学与房地产学院,硕士,2021,就业,重庆凯竣房地产开发有限公司,2
建筑学部,管理科学与房地产学院,硕士,2021,选调生,中国共产党宜宾市委员会组织部,2
建筑学部,管理科学与房地产学院,硕士,2021,就业,成都画邦文化传播有限公司,1
建筑学部,管理科学与房地产学院,硕士,2021,选调生,中共乐清市委组织部,1
建筑学部,管理科学与房地产学院,硕士,2021,就业,中海宏洋地产(合肥)有限公司,1
建筑学部,管理科学与房地产学院,硕士,2021,就业,中建三局城市投资运营有限公司,1
建筑学部,管理科学与房地产学院,硕士,2021,就业,广西保利置业集团有限公司,1
建筑学部,管理科学与房地产学院,硕士,2021,就业,机械工业第六设计研究院有限公司,1
建筑学部,管理科学与房地产学院,硕士,2021,就业,武汉市江夏区财务总监管理办公室,1
建筑学部,管理科学与房地产学院,硕士,2021,就业,成都力玺房地产开发有限公司,1
建筑学部,管理科学与房地产学院,硕士,2021,就业,成都龙湖辰治置业有限公司,1
建筑学部,管理科学与房地产学院,硕士,2021,就业,保利(江西)房地产开发有限公司,1
建筑学部,管理科学与房地产学院,硕士,2021,选调生,中国共产党广州市纪律检查委员会,1
建筑学部,管理科学与房地产学院,硕士,2021,升学,浙江大学,1
建筑学部,管理科学与房地产学院,硕士,2021,就业,中国核动力研究设计院,1
建筑学部,管理科学与房地产学院,硕士,2021,就业,苏州信息职业技术学院,1
建筑学部,管理科学与房地产学院,硕士,2021,就业,广东中大管理咨询集团股份有限公司,1
建筑学部,管理科学与房地产学院,硕士,2021,就业,重庆绿城致臻房地产开发有限公司,1
建筑学部,管理科学与房地产学院,硕士,2021,就业,中国建筑西南设计研究院有限公司,1
建筑学部,管理科学与房地产学院,硕士,2021,就业,成都环境投资集团有限公司,1
建筑学部,管理科学与房地产学院,硕士,2021,就业,重庆市九龙坡区石板坡镇人民政府,1
建筑学部,管理科学与房地产学院,硕士,2021,就业,重庆一力建筑设备工程有限公司,1
建筑学部,管理科学与房地产学院,硕士,2021,就业,安徽家饰界投资有限公司,1
建筑学部,管理科学与房地产学院,硕士,2021,就业,中共桃江县委组织部,1
建筑学部,管理科学与房地产学院,硕士,2021,就业,林同棪国际工程咨询(中国)有限公司,1
建筑学部,管理科学与房地产学院,硕士,2021,就业,伟历信工料测量管理咨询(重庆)有限公司,1
建筑学部,管理科学与房地产学院,硕士,2021,就业,重庆市永川区审计局,1
建筑学部,管理科学与房地产学院,硕士,2021,就业,中国核工业二三建设有限公司,1
建筑学部,管理科学与房地产学院,硕士,2021,就业,美的集团股份有限公司,1
建筑学部,管理科学与房地产学院,硕士,2021,就业,深圳市前海开发投资控股有限公司,1
建筑学部,管理科学与房地产学院,硕士,2021,就业,广州市金融街地产,1
建筑学部,管理科学与房地产学院,硕士,2021,就业,广东电网有限责任公司中山供电局,1
建筑学部,管理科学与房地产学院,硕士,2021,就业,深圳市前海信息通信发展有限公司,1
建筑学部,管理科学与房地产学院,硕士,2021,就业,重庆大观园园林有限公司,1
建筑学部,管理科学与房地产学院,硕士,2021,就业,重庆化工职业学院,1
建筑学部,管理科学与房地产学院,硕士,2021,就业,重庆长安民生物流股份有限公司,1
建筑学部,管理科学与房地产学院,硕士,2021,就业,南方英特空调有限公司,1
建筑学部,管理科学与房地产学院,硕士,2021,就业,重庆曼诚科技有限公司,1
建筑学部,管理科学与房地产学院,硕士,2021,就业,融创中国重庆公司,1
建筑学部,管理科学与房地产学院,硕士,2021,就业,重庆新齐装饰工程有限公司,1
建筑学部,管理科学与房地产学院,硕士,2021,就业,重庆市建设工程质量检验测试中心,1
建筑学部,管理科学与房地产学院,硕士,2021,就业,重庆市西站投资发展有限公司,1
建筑学部,管理科学与房地产学院,硕士,2021,就业,重庆城市科技学院,1
建筑学部,管理科学与房地产学院,硕士,2021,就业,中海地产集团有限公司(西部区),1
建筑学部,管理科学与房地产学院,硕士,2021,就业,重庆庆鸿房地产开发有限公司,1
建筑学部,管理科学与房地产学院,硕士,2021,就业,西南医科大学,1
建筑学部,管理科学与房地产学院,硕士,2021,就业,隆昌华润燃气有限公司,1
建筑学部,管理科学与房地产学院,硕士,2021,就业,贵州生态环境工程运营管理有限公司,1
建筑学部,管理科学与房地产学院,硕士,2021,就业,广州市设计院工程建设总承包公司,1
建筑学部,管理科学与房地产学院,硕士,2021,就业,北京互联立方技术服务有限公司,1
建筑学部,管理科学与房地产学院,硕士,2021,就业,中建五局第三建设有限公司,1
建筑学部,管理科学与房地产学院,硕士,2021,就业,南京市消防工程有限公司重庆分公司,1
建筑学部,管理科学与房地产学院,硕士,2021,就业,重庆对外建设(集团)有限公司,1
建筑学部,管理科学与房地产学院,硕士,2021,就业,重庆环友建材有限公司,1
建筑学部,管理科学与房地产学院,硕士,2021,就业,中国移动通信集团重庆有限公司,1
建筑学部,管理科学与房地产学院,硕士,2021,就业,重庆飞驶特人力资源管理有限公司,1
建筑学部,管理科学与房地产学院,硕士,2021,就业,重庆交通建设(集团)有限责任公司,1
建筑学部,管理科学与房地产学院,硕士,2021,就业,斯丹达(重庆)能源有限公司,1
建筑学部,管理科学与房地产学院,硕士,2021,就业,重庆诚谌装卸服务有限公司,1
建筑学部,管理科学与房地产学院,硕士,2021,就业,重庆泽京房地产开发有限公司,1
建筑学部,管理科学与房地产学院,硕士,2021,就业,重庆康翔实业集团有限公司,1
建筑学部,管理科学与房地产学院,硕士,2021,就业,重庆恒佳工程技术咨询有限公司,1
建筑学部,管理科学与房地产学院,硕士,2021,就业,交通银行股份有限公司重庆市分行,1
建筑学部,管理科学与房地产学院,硕士,2021,就业,重庆三峰科技有限公司,1
建筑学部,管理科学与房地产学院,硕士,2021,就业,重庆工聚来网络技术有限公司,1
建筑学部,管理科学与房地产学院,硕士,2021,就业,重庆耀祥实业有限公司,1
建筑学部,管理科学与房地产学院,硕士,2021,就业,重庆远澜房地产开发有限公司,1
建筑学部,管理科学与房地产学院,硕士,2021,就业,重庆市高等职业技术教育城实业发展有限公司,1
建筑学部,管理科学与房地产学院,硕士,2021,就业,重庆坤基科技有限公司,1
建筑学部,管理科学与房地产学院,硕士,2021,就业,成都世联君汇商业管理有限公司,1
建筑学部,管理科学与房地产学院,硕士,2021,就业,中国农业银行广安市分行广安区支行,1
建筑学部,管理科学与房地产学院,硕士,2021,就业,中海建筑有限公司,1
建筑学部,管理科学与房地产学院,硕士,2021,就业,成都杭派德信置业有限公司,1
建筑学部,管理科学与房地产学院,硕士,2021,就业,中国工商银行股份有限公司河北省分行,1
建筑学部,管理科学与房地产学院,硕士,2021,就业,雄安雄商发展有限公司,1
建筑学部,管理科学与房地产学院,硕士,2021,就业,中国雄安集团数字城市科技有限公司,1
建筑学部,管理科学与房地产学院,硕士,2021,就业,山西万国商业广场开发有限公司,1
建筑学部,管理科学与房地产学院,硕士,2021,就业,太原中海仲兴房地产开发有限公司,1
建筑学部,管理科学与房地产学院,硕士,2021,就业,内蒙古电力(集团)有限责任公司,1
建筑学部,管理科学与房地产学院,硕士,2021,就业,上海新碧房地产开发有限公司,1
建筑学部,管理科学与房地产学院,硕士,2021,选调生,中共扬州市委组织部,1
建筑学部,管理科学与房地产学院,硕士,2021,就业,浙江绿城房地产投资有限公司,1
建筑学部,管理科学与房地产学院,硕士,2021,就业,唐山市中海宏洋房地产开发有限公司,1
建筑学部,管理科学与房地产学院,硕士,2021,就业,厦门保利实业有限公司,1
建筑学部,管理科学与房地产学院,硕士,2021,升学,同济大学,1
建筑学部,管理科学与房地产学院,硕士,2021,选调生,中共济宁市委组织部(济宁市公务员局),1
建筑学部,管理科学与房地产学院,硕士,2021,就业,保利海南旅游发展有限公司,1
建筑学部,管理科学与房地产学院,硕士,2021,就业,金茂西南企业管理(重庆)有限公司,1
建筑学部,管理科学与房地产学院,硕士,2021,就业,国家开发银行湖南省分行,1
建筑学部,管理科学与房地产学院,硕士,2021,就业,南宁景信置业有限公司,1
建筑学部,管理科学与房地产学院,硕士,2021,就业,中建西南院总承包工程有限公司,1
建筑学部,管理科学与房地产学院,硕士,2021,就业,正荣地产控股股份有限公司,1
建筑学部,管理科学与房地产学院,硕士,2021,就业,重庆赛迪工程咨询有限公司,1
建筑学部,管理科学与房地产学院,硕士,2021,出国(境)留学或工作,香港大学,1
建筑学部,管理科学与房地产学院,硕士,2021,就业,陕西科悦房地产开发有限公司,1
建筑学部,管理科学与房地产学院,硕士,2021,就业,中国建筑西北设计研究院有限公司,1
建筑学部,管理科学与房地产学院,硕士,2021,就业,中国铁建房地产集团有限公司,1
建筑学部,管理科学与房地产学院,硕士,2021,就业,北京碧桂园晟龙置业发展有限公司,1
建筑学部,管理科学与房地产学院,硕士,2021,出国(境)留学或工作,科廷大学,1
建筑学部,管理科学与房地产学院,硕士,2021,就业,成都金万丰企业管理有限公司,1
建筑学部,管理科学与房地产学院,硕士,2021,就业,金茂苏皖企业管理(天津)有限公司,1
建筑学部,管理科学与房地产学院,硕士,2021,就业,杭州兴语企业管理有限公司,1
建筑学部,管理科学与房地产学院,硕士,2021,就业,合肥旭辉企业管理有限公司,1
建筑学部,管理科学与房地产学院,硕士,2021,就业,合肥锦东房地产开发有限公司,1
建筑学部,管理科学与房地产学院,硕士,2021,就业,北京中建地产有限责任公司,1
建筑学部,管理科学与房地产学院,硕士,2021,就业,重庆市规划和自然资源调查监测院,1
建筑学部,管理科学与房地产学院,硕士,2021,选调生,中共江西省委组织部,1
建筑学部,管理科学与房地产学院,硕士,2021,就业,成都中梁置业有限公司,1
建筑学部,管理科学与房地产学院,硕士,2021,就业,北京金茂产城科技发展有限公司,1
建筑学部,管理科学与房地产学院,硕士,2021,就业,郑州康桥房地产开发有限责任公司,1
建筑学部,管理科学与房地产学院,硕士,2021,就业,南阳鸿远置业有限公司,1
建筑学部,管理科学与房地产学院,硕士,2021,就业,中铁文化旅游投资集团有限公司,1
建筑学部,管理科学与房地产学院,硕士,2021,选调生,中共海宁市委组织部,1
建筑学部,管理科学与房地产学院,硕士,2021,就业,武汉市建筑工程质量监督站,1
建筑学部,管理科学与房地产学院,硕士,2021,就业,重庆融创启洋置业有限公司,1
建筑学部,管理科学与房地产学院,硕士,2021,就业,河南正弘置业有限公司,1
建筑学部,管理科学与房地产学院,硕士,2021,就业,中交城市投资控股有限公司,1
建筑学部,管理科学与房地产学院,硕士,2021,就业,广州市花都区农业农村局,1
建筑学部,管理科学与房地产学院,硕士,2021,升学,中国科学院地理科学与资源研究所,1
建筑学部,管理科学与房地产学院,硕士,2021,就业,金科地产集团股份有限公司,1
建筑学部,管理科学与房地产学院,硕士,2021,就业,成都招商房地产有限公司,1
建筑学部,管理科学与房地产学院,硕士,2021,选调生,中共南充市委组织部,1
建筑学部,管理科学与房地产学院,硕士,2021,就业,长沙启顺房地产开发有限公司,1
建筑学部,管理科学与房地产学院,硕士,2021,就业,重庆市江津区万达房地产开发有限公司,1
建筑学部,管理科学与房地产学院,硕士,2021,就业,成都融创天府影都文化产业有限公司,1
建筑学部,管理科学与房地产学院,硕士,2021,就业,成都三盛房地产开发有限公司,1
建筑学部,管理科学与房地产学院,硕士,2021,选调生,中共雅安市委组织部,1
建筑学部,管理科学与房地产学院,硕士,2021,选调生,中共德阳市委组织部,1
建筑学部,管理科学与房地产学院,硕士,2021,就业,中海宏洋地产(扬州)有限公司,1
建筑学部,管理科学与房地产学院,硕士,2021,就业,上海筑成房地产有限公司,1
建筑学部,管理科学与房地产学院,硕士,2021,选调生,晋中市应急管理局,1
建筑学部,管理科学与房地产学院,硕士,2021,就业,山东绿城投资置业有限公司,1
建筑学部,管理科学与房地产学院,硕士,2021,就业,绿城中国控股有限公司,1
建筑学部,管理科学与房地产学院,硕士,2021,就业,重庆华宇集团有限公司,1
建筑学部,管理科学与房地产学院,硕士,2021,出国(境)留学或工作,香港理工大学,1
建筑学部,管理科学与房地产学院,硕士,2021,就业,成都绿城致嘉建设管理有限公司,1
建筑学部,管理科学与房地产学院,硕士,2021,就业,中国东方资产管理股份有限公司重庆市分公司,1
建筑学部,管理科学与房地产学院,硕士,2021,就业,融创西南房地产开发(集团)有限公司,1
建筑学部,管理科学与房地产学院,硕士,2021,就业,深圳市中集产城发展集团有限公司,1
建筑学部,管理科学与房地产学院,硕士,2021,就业,维沃移动通信(深圳)有限公司,1
建筑学部,管理科学与房地产学院,硕士,2021,升学,清华大学,1
建筑学部,管理科学与房地产学院,硕士,2021,就业,中铁房地产集团西南有限公司,1
建筑学部,管理科学与房地产学院,硕士,2021,就业,中建科技集团有限公司四川分公司,1
建筑学部,管理科学与房地产学院,硕士,2021,就业,深圳市中兴新云服务有限公司,1
建筑学部,管理科学与房地产学院,硕士,2021,选调生,中共包头市委员会组织部,1
建筑学部,管理科学与房地产学院,硕士,2021,升学,复旦大学,1
建筑学部,管理科学与房地产学院,硕士,2021,就业,湖州城信房地产开发建设有限公司,1
建筑学部,管理科学与房地产学院,硕士,2021,就业,国家开发银行贵州省分行,1
建筑学部,管理科学与房地产学院,硕士,2021,就业,重庆新鸥鹏地产(集团)有限公司,1
建筑学部,管理科学与房地产学院,硕士,2021,就业,华夏幸福基业股份有限公司,1
建筑学部,管理科学与房地产学院,硕士,2021,就业,成都嘉昱房地产有限责任公司,1
建筑学部,管理科学与房地产学院,硕士,2021,就业,当代节能置业股份有限公司,1
建筑学部,管理科学与房地产学院,硕士,2021,就业,中国农业发展银行山西省分行,1
建筑学部,管理科学与房地产学院,硕士,2021,就业,重庆市碧桂园房地产开发有限公司,1
建筑学部,管理科学与房地产学院,硕士,2021,就业,建业住宅集团(中国)有限公司,1
建筑学部,管理科学与房地产学院,硕士,2021,就业,南京交通职业技术学院,1
建筑学部,管理科学与房地产学院,硕士,2021,就业,深圳招商房地产有限公司,1
建筑学部,管理科学与房地产学院,硕士,2021,就业,中冶赛迪工程技术股份有限公司,1
建筑学部,管理科学与房地产学院,硕士,2021,就业,漯河碧桂园置业有限公司,1
建筑学部,管理科学与房地产学院,硕士,2021,选调生,中共温岭市委组织部,1
建筑学部,管理科学与房地产学院,硕士,2021,选调生,广西壮族自治区党委组织部干部规划办,1
建筑学部,管理科学与房地产学院,硕士,2021,就业,招商银行股份有限公司福州分行,1
建筑学部,管理科学与房地产学院,博士,2021,就业,西南大学,1
建筑学部,管理科学与房地产学院,博士,2021,就业,重庆科技学院,1
建筑学部,管理科学与房地产学院,博士,2021,就业,西安建筑科技大学,1
建筑学部,管理科学与房地产学院,博士,2021,就业,中建丝路建设投资有限公司,1
建筑学部,管理科学与房地产学院,博士,2021,就业,西华大学,1
建筑学部,管理科学与房地产学院,博士,2021,就业,安徽工业大学,1
建筑学部,管理科学与房地产学院,博士,2021,就业,东莞理工学院,1
建筑学部,管理科学与房地产学院,本科,2022,升学,重庆大学,80
建筑学部,管理科学与房地产学院,本科,2022,就业,中国建筑第八工程局有限公司西南分公司,8
建筑学部,管理科学与房地产学院,本科,2022,就业,中国建筑第八工程局有限公司上海分公司,7
建筑学部,管理科学与房地产学院,本科,2022,就业,中建海龙科技有限公司,7
建筑学部,管理科学与房地产学院,本科,2022,就业,中建三局集团有限公司西南分公司,6
建筑学部,管理科学与房地产学院,本科,2022,就业,中建三局第一建设工程有限责任公司,5
建筑学部,管理科学与房地产学院,本科,2022,升学,南京大学,3
建筑学部,管理科学与房地产学院,本科,2022,就业,中建五局第三建设有限公司,3
建筑学部,管理科学与房地产学院,本科,2022,出国(境)留学或工作,华威大学,3
建筑学部,管理科学与房地产学院,本科,2022,就业,中建西南咨询顾问有限公司,2
建筑学部,管理科学与房地产学院,本科,2022,就业,浙江江南工程管理股份有限公司,2
建筑学部,管理科学与房地产学院,本科,2022,升学,东南大学,2
建筑学部,管理科学与房地产学院,本科,2022,就业,中建东方装饰有限公司,2
建筑学部,管理科学与房地产学院,本科,2022,升学,北京师范大学,2
建筑学部,管理科学与房地产学院,本科,2022,升学,浙江大学,2
建筑学部,管理科学与房地产学院,本科,2022,就业,中建八局第一建设有限公司,2
建筑学部,管理科学与房地产学院,本科,2022,升学,清华大学,2
建筑学部,管理科学与房地产学院,本科,2022,升学,西安交通大学,2
建筑学部,管理科学与房地产学院,本科,2022,出国(境)留学或工作,墨尔本大学,2
建筑学部,管理科学与房地产学院,本科,2022,就业,中建四局第三建设有限公司,2
建筑学部,管理科学与房地产学院,本科,2022,就业,中海建筑有限公司,2
建筑学部,管理科学与房地产学院,本科,2022,就业,比亚迪股份有限公司,2
建筑学部,管理科学与房地产学院,本科,2022,出国(境)留学或工作,香港城市大学,2
建筑学部,管理科学与房地产学院,本科,2022,升学,同济大学,2
建筑学部,管理科学与房地产学院,本科,2022,出国(境)留学或工作,南洋理工大学,2
建筑学部,管理科学与房地产学院,本科,2022,选调生,中共绵阳市委组织部,1
建筑学部,管理科学与房地产学院,本科,2022,就业,保顾(重庆)房地产信息咨询有限公司,1
建筑学部,管理科学与房地产学院,本科,2022,选调生,中共贵阳市委组织部,1
建筑学部,管理科学与房地产学院,本科,2022,升学,华中科技大学,1
建筑学部,管理科学与房地产学院,本科,2022,升学,深圳大学,1
建筑学部,管理科学与房地产学院,本科,2022,就业,中国建筑第八工程局有限公司西北分公司,1
建筑学部,管理科学与房地产学院,本科,2022,就业,珠海格力电器股份有限公司,1
建筑学部,管理科学与房地产学院,本科,2022,志愿服务西部计划,十堰市竹山县城关镇人民政府,1
建筑学部,管理科学与房地产学院,本科,2022,升学,大连理工大学,1
建筑学部,管理科学与房地产学院,本科,2022,就业,中建四局华南建设有限公司,1
建筑学部,管理科学与房地产学院,本科,2022,升学,陕西师范大学,1
建筑学部,管理科学与房地产学院,本科,2022,就业,中建三局集团有限公司,1
建筑学部,管理科学与房地产学院,本科,2022,升学,哈尔滨工业大学,1
建筑学部,管理科学与房地产学院,本科,2022,就业,景德镇市劳动监察支队,1
建筑学部,管理科学与房地产学院,本科,2022,就业,潼南区住房城乡建设行政执法支队,1
建筑学部,管理科学与房地产学院,本科,2022,志愿服务西部计划,北京立德未来助学公益基金会,1
建筑学部,管理科学与房地产学院,本科,2022,就业,深业沙河(集团)有限公司,1
建筑学部,管理科学与房地产学院,本科,2022,升学,合肥工业大学,1
建筑学部,管理科学与房地产学院,本科,2022,就业,中建铁路投资建设集团有限公司,1
建筑学部,管理科学与房地产学院,本科,2022,升学,上海交通大学,1
建筑学部,管理科学与房地产学院,本科,2022,出国(境)留学或工作,新加坡国立大学,1
建筑学部,管理科学与房地产学院,本科,2022,出国(境)留学或工作,北海道大学,1
建筑学部,管理科学与房地产学院,本科,2022,就业,中国国际航空股份有限公司重庆分公司,1
建筑学部,管理科学与房地产学院,本科,2022,升学,湖南大学,1
建筑学部,管理科学与房地产学院,本科,2022,就业,国网青海省电力公司西宁供电公司,1
建筑学部,管理科学与房地产学院,本科,2022,就业,上海建工四建集团有限公司,1
建筑学部,管理科学与房地产学院,本科,2022,就业,苏宁易购集团股份有限公司,1
建筑学部,管理科学与房地产学院,本科,2022,就业,国家税务总局西藏自治区税务局,1
建筑学部,管理科学与房地产学院,本科,2022,升学,南京理工大学,1
建筑学部,管理科学与房地产学院,本科,2022,就业,中国联合工程有限公司,1
建筑学部,管理科学与房地产学院,本科,2022,就业,福建省建筑设计研究院,1
建筑学部,管理科学与房地产学院,本科,2022,就业,广东省工业设备安装有限公司,1
建筑学部,管理科学与房地产学院,本科,2022,升学,复旦大学,1
建筑学部,管理科学与房地产学院,本科,2022,就业,广州市越秀区建设工程招投标管理中心,1
建筑学部,管理科学与房地产学院,本科,2022,就业,常州市建筑科学研究院集团股份有限公司,1
建筑学部,管理科学与房地产学院,本科,2022,出国(境)留学或工作,曼彻斯特大学,1
建筑学部,管理科学与房地产学院,本科,2022,就业,中建一局集团第五建筑有限公司,1
建筑学部,管理科学与房地产学院,本科,2022,就业,明基电通科技(上海)有限公司苏州第一分公司,1
建筑学部,管理科学与房地产学院,本科,2022,就业,中建六局华南建设有限公司,1
建筑学部,管理科学与房地产学院,本科,2022,就业,中建四局第五建筑工程有限公司,1
建筑学部,管理科学与房地产学院,本科,2022,就业,深圳市优博讯科技股份有限公司,1
建筑学部,管理科学与房地产学院,本科,2022,出国(境)留学或工作,香港科技大学,1
建筑学部,管理科学与房地产学院,本科,2022,出国(境)留学或工作,香港大学,1
建筑学部,管理科学与房地产学院,本科,2022,就业,中建八局第二建设有限公司,1
建筑学部,管理科学与房地产学院,本科,2022,就业,新城悦(成都)物业服务有限公司成华分公司,1
建筑学部,管理科学与房地产学院,本科,2022,出国(境)留学或工作,格拉斯哥大学,1
建筑学部,管理科学与房地产学院,本科,2022,就业,中国建筑(南洋)发展有限公司,1
建筑学部,管理科学与房地产学院,本科,2022,就业,深圳农村商业银行股份有限公司,1
建筑学部,管理科学与房地产学院,本科,2022,就业,深圳市海目星激光智能装备股份有限公司,1
建筑学部,管理科学与房地产学院,本科,2022,升学,中国政法大学,1
建筑学部,管理科学与房地产学院,本科,2022,升学,天津大学,1
建筑学部,管理科学与房地产学院,本科,2022,升学,北京理工大学,1
建筑学部,管理科学与房地产学院,本科,2022,就业,中建-大成建筑有限责任公司,1
建筑学部,管理科学与房地产学院,本科,2022,就业,重庆京东方显示技术有限公司,1
建筑学部,管理科学与房地产学院,本科,2022,就业,中国一冶集团有限公司,1
建筑学部,管理科学与房地产学院,本科,2022,志愿服务西部计划,重庆高新技术产业开发区财政局,1
建筑学部,管理科学与房地产学院,本科,2022,就业,国家税务总局重庆市万州区税务局,1
建筑学部,管理科学与房地产学院,本科,2022,就业,奉节县纪委监委机关,1
建筑学部,管理科学与房地产学院,本科,2022,就业,中建壹品投资发展有限公司,1
建筑学部,管理科学与房地产学院,本科,2022,出国(境)留学或工作,皇家墨尔本理工大学,1
建筑学部,管理科学与房地产学院,本科,2022,就业,中铁十四局集团有限公司,1
建筑学部,管理科学与房地产学院,本科,2022,出国(境)留学或工作,伦敦国王学院,1
建筑学部,管理科学与房地产学院,本科,2022,升学,上海财经大学,1
建筑学部,管理科学与房地产学院,本科,2022,就业,四川泸州川南发电有限责任公司,1
建筑学部,管理科学与房地产学院,本科,2022,就业,国家税务总局重庆市潼南区税务局,1
建筑学部,管理科学与房地产学院,本科,2022,就业,中国三峡建工(中国)有限公司,1
建筑学部,管理科学与房地产学院,本科,2022,就业,四川省第六建筑有限公司,1
建筑学部,管理科学与房地产学院,本科,2022,就业,云南省烟草公司红河州公司,1
建筑学部,管理科学与房地产学院,本科,2022,出国(境)留学或工作,哥伦比亚大学,1
建筑学部,管理科学与房地产学院,本科,2022,出国(境)留学或工作,爱尔兰国立高威大学,1
建筑学部,管理科学与房地产学院,本科,2022,就业,四川省建筑设计研究院有限公司,1
建筑学部,管理科学与房地产学院,本科,2022,就业,东方电气集团东方锅炉股份有限公司,1
建筑学部,管理科学与房地产学院,本科,2022,出国(境)留学或工作,香港理工大学,1
建筑学部,管理科学与房地产学院,本科,2022,就业,中建一局集团建设发展有限公司,1
建筑学部,管理科学与房地产学院,本科,2022,就业,中建三局第三建设工程有限责任公司,1
建筑学部,管理科学与房地产学院,本科,2022,出国(境)留学或工作,代尔夫特理工大学,1
建筑学部,管理科学与房地产学院,本科,2022,就业,重庆水务集团股份有限公司,1
建筑学部,管理科学与房地产学院,本科,2022,出国(境)留学或工作,伦敦大学学院,1
建筑学部,管理科学与房地产学院,本科,2022,就业,中建科工集团有限公司,1
建筑学部,管理科学与房地产学院,硕士,2022,选调生,中国共产党重庆市委员会组织部,6
建筑学部,管理科学与房地产学院,硕士,2022,就业,重庆房地产职业学院,5
建筑学部,管理科学与房地产学院,硕士,2022,就业,中建西南咨询顾问有限公司,4
建筑学部,管理科学与房地产学院,硕士,2022,就业,广州市城市建设开发有限公司,3
建筑学部,管理科学与房地产学院,硕士,2022,就业,中冶赛迪集团有限公司,3
建筑学部,管理科学与房地产学院,硕士,2022,就业,重庆大学,3
建筑学部,管理科学与房地产学院,硕士,2022,就业,中海建筑有限公司,3
建筑学部,管理科学与房地产学院,硕士,2022,就业,中建五局第三建设有限公司,3
建筑学部,管理科学与房地产学院,硕士,2022,就业,重庆长安新能源汽车科技有限公司,3
建筑学部,管理科学与房地产学院,硕士,2022,就业,中国电建集团华东勘测设计研究院有限公司,2
建筑学部,管理科学与房地产学院,硕士,2022,就业,华夏航空股份有限公司,2
建筑学部,管理科学与房地产学院,硕士,2022,就业,林同棪国际工程咨询(中国)有限公司,2
建筑学部,管理科学与房地产学院,硕士,2022,就业,重庆市水利局,2
建筑学部,管理科学与房地产学院,硕士,2022,就业,重庆两江新区置业发展有限公司,2
建筑学部,管理科学与房地产学院,硕士,2022,就业,山东电力工程咨询院有限公司,2
建筑学部,管理科学与房地产学院,硕士,2022,就业,北京三快在线科技有限公司,2
建筑学部,管理科学与房地产学院,硕士,2022,就业,重庆龙湖地产发展有限公司,2
建筑学部,管理科学与房地产学院,硕士,2022,就业,保利(四川)投资发展有限公司,2
建筑学部,管理科学与房地产学院,硕士,2022,就业,马钢(集团)控股有限公司,1
建筑学部,管理科学与房地产学院,硕士,2022,就业,盛景国信(北京)生态园林有限公司,1
建筑学部,管理科学与房地产学院,硕士,2022,就业,中国邮政集团有限公司重庆市分公司,1
建筑学部,管理科学与房地产学院,硕士,2022,就业,苏州新区高新技术产业股份有限公司,1
建筑学部,管理科学与房地产学院,硕士,2022,就业,中交第四航务工程勘察设计院有限公司,1
建筑学部,管理科学与房地产学院,硕士,2022,就业,济南历下控股集团有限公司,1
建筑学部,管理科学与房地产学院,硕士,2022,就业,重庆龙湖企业拓展有限公司,1
建筑学部,管理科学与房地产学院,硕士,2022,就业,中铁城市发展投资集团有限公司,1
建筑学部,管理科学与房地产学院,硕士,2022,选调生,中国共产党自贡市委员会组织部,1
建筑学部,管理科学与房地产学院,硕士,2022,就业,中国长江电力股份有限公司,1
建筑学部,管理科学与房地产学院,硕士,2022,就业,国家税务总局重庆两江新区税务局,1
建筑学部,管理科学与房地产学院,硕士,2022,升学,同济大学,1
建筑学部,管理科学与房地产学院,硕士,2022,出国(境)留学或工作,香港理工大学,1
建筑学部,管理科学与房地产学院,硕士,2022,就业,重庆鲁能物业服务有限公司,1
建筑学部,管理科学与房地产学院,硕士,2022,升学,复旦大学,1
建筑学部,管理科学与房地产学院,硕士,2022,就业,杭州萧山交通投资集团有限公司,1
建筑学部,管理科学与房地产学院,硕士,2022,出国(境)留学或工作,香港城市大学,1
建筑学部,管理科学与房地产学院,硕士,2022,就业,厦门兆澄垚投资有限公司,1
建筑学部,管理科学与房地产学院,硕士,2022,就业,长沙市麓山梅溪湖实验中学,1
建筑学部,管理科学与房地产学院,硕士,2022,就业,华为技术有限公司,1
建筑学部,管理科学与房地产学院,硕士,2022,就业,重庆市设计院有限公司,1
建筑学部,管理科学与房地产学院,硕士,2022,就业,重庆赛迪工程咨询有限公司,1
建筑学部,管理科学与房地产学院,硕士,2022,就业,中建交通建设集团有限公司,1
建筑学部,管理科学与房地产学院,硕士,2022,就业,北京傲天动联技术有限公司,1
建筑学部,管理科学与房地产学院,硕士,2022,就业,北京都润空调有限公司,1
建筑学部,管理科学与房地产学院,硕士,2022,就业,安徽正平建筑工程有限公司,1
建筑学部,管理科学与房地产学院,硕士,2022,就业,中国水利水电第十一工程局有限公司第六分局,1
建筑学部,管理科学与房地产学院,硕士,2022,就业,广东思绿环保工程有限公司,1
建筑学部,管理科学与房地产学院,硕士,2022,就业,广东省基础工程集团有限公司,1
建筑学部,管理科学与房地产学院,硕士,2022,就业,珠海格力海岛投资有限公司,1
建筑学部,管理科学与房地产学院,硕士,2022,就业,深圳市粤地建设工程有限公司,1
建筑学部,管理科学与房地产学院,硕士,2022,就业,中海宏洋地产集团有限公司,1
建筑学部,管理科学与房地产学院,硕士,2022,就业,国网重庆市电力公司信息通信分公司,1
建筑学部,管理科学与房地产学院,硕士,2022,就业,重庆金辉长江房地产有限公司,1
建筑学部,管理科学与房地产学院,硕士,2022,就业,重庆联合产权交易所集团股份有限公司,1
建筑学部,管理科学与房地产学院,硕士,2022,就业,重庆市农业机械化学校,1
建筑学部,管理科学与房地产学院,硕士,2022,就业,重庆市圣祥规划设计咨询有限公司,1
建筑学部,管理科学与房地产学院,硕士,2022,就业,重庆坤基科技有限公司,1
建筑学部,管理科学与房地产学院,硕士,2022,就业,重庆传承医疗器械有限公司,1
建筑学部,管理科学与房地产学院,硕士,2022,就业,重庆美荣房地产开发有限公司,1
建筑学部,管理科学与房地产学院,硕士,2022,就业,阶梯项目咨询有限公司重庆分公司,1
建筑学部,管理科学与房地产学院,硕士,2022,就业,四川省资阳市安岳县共和乡人民政府,1
建筑学部,管理科学与房地产学院,硕士,2022,就业,重庆横河川仪有限公司,1
建筑学部,管理科学与房地产学院,硕士,2022,就业,重庆市筑云科技有限责任公司,1
建筑学部,管理科学与房地产学院,硕士,2022,就业,东方证券股份有限公司重庆时代天街证券营业部,1
建筑学部,管理科学与房地产学院,硕士,2022,就业,西部航空有限责任公司,1
建筑学部,管理科学与房地产学院,硕士,2022,就业,中国人民解放军6905工厂(重庆华伟工业集团),1
建筑学部,管理科学与房地产学院,硕士,2022,就业,重庆麦根乡科技有限公司,1
建筑学部,管理科学与房地产学院,硕士,2022,就业,江苏天雨铸造股份有限公司,1
建筑学部,管理科学与房地产学院,硕士,2022,就业,重庆城市科技学院,1
建筑学部,管理科学与房地产学院,硕士,2022,就业,中国华冶科工集团有限公司,1
建筑学部,管理科学与房地产学院,硕士,2022,就业,中国邮政集团公司重庆市石柱土家族自治县分公司,1
建筑学部,管理科学与房地产学院,硕士,2022,就业,中国农工民主党重庆市委员会,1
建筑学部,管理科学与房地产学院,硕士,2022,就业,重庆市黔江区城市管理局,1
建筑学部,管理科学与房地产学院,硕士,2022,就业,重庆帕克建筑劳务有限公司,1
建筑学部,管理科学与房地产学院,硕士,2022,就业,重庆建工市政交通工程有限责任公司,1
建筑学部,管理科学与房地产学院,硕士,2022,就业,重庆通力高速公路养护工程有限公司,1
建筑学部,管理科学与房地产学院,硕士,2022,就业,重庆英利房地产开发有限公司,1
建筑学部,管理科学与房地产学院,硕士,2022,就业,四川省第六建筑有限公司,1
建筑学部,管理科学与房地产学院,硕士,2022,就业,重庆瑞生医疗用品有限公司,1
建筑学部,管理科学与房地产学院,硕士,2022,就业,重庆潜硕财务管理咨询有限公司,1
建筑学部,管理科学与房地产学院,硕士,2022,就业,海天水务集团股份公司,1
建筑学部,管理科学与房地产学院,硕士,2022,就业,四川省嘉陵监狱,1
建筑学部,管理科学与房地产学院,硕士,2022,就业,国家税务总局广州市税务局第一税务分局,1
建筑学部,管理科学与房地产学院,硕士,2022,就业,广东省安全生产技术中心有限公司,1
建筑学部,管理科学与房地产学院,硕士,2022,就业,广州供电局有限公司荔湾供电局,1
建筑学部,管理科学与房地产学院,硕士,2022,就业,法能(中国)能源技术有限公司重庆分公司,1
建筑学部,管理科学与房地产学院,硕士,2022,就业,中国安能建设集团有限公司第三工程局第八分公司(原武警水电第八支队),1
建筑学部,管理科学与房地产学院,硕士,2022,就业,重庆中车长客车辆有限公司,1
建筑学部,管理科学与房地产学院,硕士,2022,就业,重庆建工第九建设有限公司,1
建筑学部,管理科学与房地产学院,硕士,2022,就业,重庆牛大哥食品有限公司,1
建筑学部,管理科学与房地产学院,硕士,2022,就业,中冶建工集团有限公司勘察设计研究总院,1
建筑学部,管理科学与房地产学院,硕士,2022,就业,重庆上书房建筑设计顾问有限公司,1
建筑学部,管理科学与房地产学院,硕士,2022,就业,成都云摄科技有限责任公司,1
建筑学部,管理科学与房地产学院,硕士,2022,就业,重庆粮食集团沙坪坝区粮食有限责任公司,1
建筑学部,管理科学与房地产学院,硕士,2022,就业,重庆市沙坪坝区公路养护中心,1
建筑学部,管理科学与房地产学院,硕士,2022,就业,北京科华消防工程有限公司重庆分公司,1
建筑学部,管理科学与房地产学院,硕士,2022,就业,重庆万合工程造价咨询有限公司,1
建筑学部,管理科学与房地产学院,硕士,2022,就业,招商局重庆交通科研设计院有限公司,1
建筑学部,管理科学与房地产学院,硕士,2022,就业,珠海纵横创新软件有限公司,1
建筑学部,管理科学与房地产学院,硕士,2022,就业,重庆雅凯斯凯建筑设计有限公司,1
建筑学部,管理科学与房地产学院,硕士,2022,就业,重庆通洋公路工程有限公司,1
建筑学部,管理科学与房地产学院,硕士,2022,就业,重庆市通信产业服务有限公司渝南分公司,1
建筑学部,管理科学与房地产学院,硕士,2022,就业,重庆两山建设投资有限公司,1
建筑学部,管理科学与房地产学院,硕士,2022,就业,中冶建工集团有限公司市政工程分公司,1
建筑学部,管理科学与房地产学院,硕士,2022,就业,中建八局第二建设有限公司,1
建筑学部,管理科学与房地产学院,硕士,2022,就业,中铁十一局集团第五工程有限公司,1
建筑学部,管理科学与房地产学院,硕士,2022,就业,重庆邮电大学移通学院,1
建筑学部,管理科学与房地产学院,硕士,2022,就业,贵州众信源智慧管理咨询有限公司,1
建筑学部,管理科学与房地产学院,硕士,2022,就业,重庆大唐国际彭水水电开发有限公司,1
建筑学部,管理科学与房地产学院,硕士,2022,就业,四川大学工程设计研究院重庆分院,1
建筑学部,管理科学与房地产学院,硕士,2022,就业,重庆宏西吉投资控股有限公司,1
建筑学部,管理科学与房地产学院,硕士,2022,就业,中国水利水电第七工程局有限公司,1
建筑学部,管理科学与房地产学院,硕士,2022,就业,中国华西企业股份有限公司第十二公司,1
建筑学部,管理科学与房地产学院,硕士,2022,就业,凉山州自然资源局,1
建筑学部,管理科学与房地产学院,硕士,2022,就业,中国水利水电第五工程局有限公司,1
建筑学部,管理科学与房地产学院,硕士,2022,就业,四川易付达科技有限公司,1
建筑学部,管理科学与房地产学院,硕士,2022,就业,重庆万达城投资有限公司,1
建筑学部,管理科学与房地产学院,硕士,2022,就业,卓远地产(成都)有限公司,1
建筑学部,管理科学与房地产学院,硕士,2022,就业,成都芯软科技股份公司,1
建筑学部,管理科学与房地产学院,硕士,2022,就业,四川高速公路房地产开发有限公司,1
建筑学部,管理科学与房地产学院,硕士,2022,就业,贵阳市城市绿化管理处,1
建筑学部,管理科学与房地产学院,硕士,2022,就业,贵州汇诚劳务派遣有限公司,1
建筑学部,管理科学与房地产学院,硕士,2022,就业,黔东南州住房和城乡建设局,1
建筑学部,管理科学与房地产学院,硕士,2022,就业,重庆渝中区自来水有限公司,1
建筑学部,管理科学与房地产学院,硕士,2022,就业,广州富力地产股份有限公司,1
建筑学部,管理科学与房地产学院,硕士,2022,就业,重庆蕴丰建设工程有限责任公司,1
建筑学部,管理科学与房地产学院,硕士,2022,就业,重庆市大坪中学校,1
建筑学部,管理科学与房地产学院,硕士,2022,就业,中国核工业第二二建设有限公司,1
建筑学部,管理科学与房地产学院,硕士,2022,就业,重庆望江工业有限公司,1
建筑学部,管理科学与房地产学院,硕士,2022,就业,湛江市建筑工程质量监督站,1
建筑学部,管理科学与房地产学院,硕士,2022,就业,中国中原对外工程有限公司,1
建筑学部,管理科学与房地产学院,硕士,2022,就业,重庆金鹏物业集团有限公司,1
建筑学部,管理科学与房地产学院,硕士,2022,就业,重庆市万州区城乡规划建设监察支队,1
建筑学部,管理科学与房地产学院,硕士,2022,就业,成都艺术职业学院,1
建筑学部,管理科学与房地产学院,硕士,2022,选调生,中共石家庄市委组织部,1
建筑学部,管理科学与房地产学院,硕士,2022,就业,重庆工业职业技术学院,1
建筑学部,管理科学与房地产学院,硕士,2022,就业,宝洁(中国)营销有限公司广州分公司,1
建筑学部,管理科学与房地产学院,硕士,2022,就业,中国南水北调集团中线有限公司河北分公司,1
建筑学部,管理科学与房地产学院,硕士,2022,就业,中国核动力研究设计院,1
建筑学部,管理科学与房地产学院,硕士,2022,就业,汕头市中海宏洋地产有限公司,1
建筑学部,管理科学与房地产学院,硕士,2022,就业,北京外企人力资源服务江苏有限公司无锡分公司,1
建筑学部,管理科学与房地产学院,硕士,2022,就业,滨海县城镇建设发展有限公司,1
建筑学部,管理科学与房地产学院,硕士,2022,就业,宁波泓道房地产开发有限公司,1
建筑学部,管理科学与房地产学院,硕士,2022,就业,浙江省一建建设集团有限公司,1
建筑学部,管理科学与房地产学院,硕士,2022,就业,厦门保利实业有限公司,1
建筑学部,管理科学与房地产学院,硕士,2022,就业,宁波市镇海区房地产管理中心,1
建筑学部,管理科学与房地产学院,硕士,2022,选调生,中国共产党洛阳市委员会组织部,1
建筑学部,管理科学与房地产学院,硕士,2022,就业,佛山市顺德区碧桂园物业发展有限公司,1
建筑学部,管理科学与房地产学院,硕士,2022,就业,武汉丝路领航半导体有限公司,1
建筑学部,管理科学与房地产学院,硕士,2022,就业,中国建设基础设施有限公司,1
建筑学部,管理科学与房地产学院,硕士,2022,就业,雅砻江流域水电开发有限公司,1
建筑学部,管理科学与房地产学院,硕士,2022,选调生,中共武汉市硚口区委员会组织部,1
建筑学部,管理科学与房地产学院,硕士,2022,就业,广西盛享碧桂园地产有限公司,1
建筑学部,管理科学与房地产学院,硕士,2022,就业,建发房地产集团南宁有限公司,1
建筑学部,管理科学与房地产学院,硕士,2022,出国(境)留学或工作,香港大学,1
建筑学部,管理科学与房地产学院,硕士,2022,就业,成都辰遥置业有限公司,1
建筑学部,管理科学与房地产学院,硕士,2022,选调生,中国共产党内江市委员会组织部,1
建筑学部,管理科学与房地产学院,硕士,2022,就业,中国工程物理研究院激光聚变研究中心,1
建筑学部,管理科学与房地产学院,硕士,2022,选调生,中共眉山市委组织部,1
建筑学部,管理科学与房地产学院,硕士,2022,就业,云南电网有限责任公司楚雄供电局,1
建筑学部,管理科学与房地产学院,硕士,2022,就业,云南昆船智能装备有限公司,1
建筑学部,管理科学与房地产学院,硕士,2022,选调生,曲靖市地方公路管理处,1
建筑学部,管理科学与房地产学院,硕士,2022,升学,北京大学,1
建筑学部,管理科学与房地产学院,硕士,2022,就业,保利(重庆)投资实业有限公司,1
建筑学部,管理科学与房地产学院,硕士,2022,选调生,中共重庆市委组织部,1
建筑学部,管理科学与房地产学院,硕士,2022,就业,重庆招商依城房地产开发有限公司,1
建筑学部,管理科学与房地产学院,硕士,2022,就业,安徽省投资集团控股有限公司,1
建筑学部,管理科学与房地产学院,硕士,2022,就业,温州市洞头区投资审计服务中心,1
建筑学部,管理科学与房地产学院,硕士,2022,就业,中建信和地产有限公司,1
建筑学部,管理科学与房地产学院,硕士,2022,就业,深圳市建筑工务署文体工程管理中心,1
建筑学部,管理科学与房地产学院,硕士,2022,就业,昆山市紧缺专业人才储备中心,1
建筑学部,管理科学与房地产学院,硕士,2022,就业,长沙龙湖房地产开发有限公司,1
建筑学部,管理科学与房地产学院,硕士,2022,就业,万华化学集团股份有限公司,1
建筑学部,管理科学与房地产学院,硕士,2022,就业,中国烟草总公司河南省公司,1
建筑学部,管理科学与房地产学院,硕士,2022,选调生,中共株洲市委组织部,1
建筑学部,管理科学与房地产学院,硕士,2022,就业,建湖县高新区综合服务中心,1
建筑学部,管理科学与房地产学院,硕士,2022,选调生,新疆维吾尔自治区建设工程安全总站,1
建筑学部,管理科学与房地产学院,硕士,2022,就业,网银在线(北京)科技有限公司,1
建筑学部,管理科学与房地产学院,硕士,2022,就业,旭辉集团股份有限公司,1
建筑学部,管理科学与房地产学院,硕士,2022,就业,上海建科造价咨询有限公司,1
建筑学部,管理科学与房地产学院,硕士,2022,就业,国网中兴有限公司,1
建筑学部,管理科学与房地产学院,硕士,2022,就业,厦门绿发投资有限公司,1
建筑学部,管理科学与房地产学院,硕士,2022,就业,中共杭州市上城区委全面深化改革委员会办公室,1
建筑学部,管理科学与房地产学院,硕士,2022,就业,重庆新希望实业有限公司,1
建筑学部,管理科学与房地产学院,硕士,2022,选调生,中共益阳市资阳区区委组织部,1
建筑学部,管理科学与房地产学院,硕士,2022,选调生,中共滨州市委组织部,1
建筑学部,管理科学与房地产学院,硕士,2022,就业,上海市政工程设计研究总院(集团)有限公司,1
建筑学部,管理科学与房地产学院,硕士,2022,就业,华润置地(武汉)有限公司,1
建筑学部,管理科学与房地产学院,硕士,2022,选调生,中共重庆市万州区委组织部,1
建筑学部,管理科学与房地产学院,硕士,2022,就业,国网四川省电力公司经济技术研究院,1
建筑学部,管理科学与房地产学院,硕士,2022,就业,招商局置地(深圳)有限公司,1
建筑学部,管理科学与房地产学院,硕士,2022,出国(境)留学或工作,香港中文大学,1
建筑学部,管理科学与房地产学院,硕士,2022,选调生,中共成都市委组织部,1
建筑学部,管理科学与房地产学院,硕士,2022,就业,重庆兆晟捷房地产开发有限公司,1
建筑学部,管理科学与房地产学院,硕士,2022,就业,重庆南碧企业管理有限公司,1
建筑学部,管理科学与房地产学院,硕士,2022,就业,陕西省建筑工程干部学校(陕西省建筑职工大学),1
建筑学部,管理科学与房地产学院,硕士,2022,就业,合肥旭辉企业管理有限公司,1
建筑学部,管理科学与房地产学院,硕士,2022,就业,曼迪匹艾(南京)科技服务有限公司,1
建筑学部,管理科学与房地产学院,硕士,2022,就业,绍兴凯曜置业有限公司,1
建筑学部,管理科学与房地产学院,硕士,2022,就业,菏泽市住房和城乡建设局,1
建筑学部,管理科学与房地产学院,硕士,2022,就业,中建科技集团有限公司,1
建筑学部,管理科学与房地产学院,硕士,2022,就业,中国烟草总公司重庆市公司荣昌分公司,1
建筑学部,管理科学与房地产学院,硕士,2022,就业,云南省设计院集团有限公司,1
建筑学部,管理科学与房地产学院,硕士,2022,就业,中国建筑西南勘察设计研究院有限公司,1
建筑学部,管理科学与房地产学院,硕士,2022,选调生,中国共产党成都市委员会组织部,1
建筑学部,管理科学与房地产学院,硕士,2022,就业,贵阳黔茂房地产开发有限公司,1
建筑学部,管理科学与房地产学院,硕士,2022,就业,携程旅游网络技术(上海)有限公司,1
建筑学部,管理科学与房地产学院,硕士,2022,选调生,郑州市人民政府办公厅,1
建筑学部,管理科学与房地产学院,硕士,2022,就业,上海晨曦股权投资基金管理有限公司,1
建筑学部,管理科学与房地产学院,硕士,2022,就业,上海城建城市运营(集团)有限公司,1
建筑学部,管理科学与房地产学院,硕士,2022,升学,中山大学,1
建筑学部,管理科学与房地产学院,硕士,2022,就业,招商蛇口数字城市科技有限公司,1
建筑学部,管理科学与房地产学院,硕士,2022,就业,重庆长安汽车股份有限公司,1
建筑学部,管理科学与房地产学院,硕士,2022,选调生,中共绵阳市委组织部,1
建筑学部,管理科学与房地产学院,硕士,2022,就业,新华人寿保险股份有限公司杭州中心支公司,1
建筑学部,管理科学与房地产学院,硕士,2022,就业,中国电子科技集团公司第十研究所,1
建筑学部,管理科学与房地产学院,硕士,2022,就业,中国建筑第八工程局有限公司,1
建筑学部,管理科学与房地产学院,硕士,2022,选调生,吕梁市财政局,1
建筑学部,管理科学与房地产学院,硕士,2022,就业,太平洋建设集团有限公司,1
建筑学部,管理科学与房地产学院,博士,2022,就业,重庆科技学院,1
建筑学部,管理科学与房地产学院,博士,2022,就业,中国融通农业发展集团有限公司,1
建筑学部,管理科学与房地产学院,博士,2022,就业,山东建筑大学,1
建筑学部,管理科学与房地产学院,博士,2022,就业,西南大学,1
建筑学部,管理科学与房地产学院,博士,2022,就业,重庆建筑工程职业学院,1
建筑学部,管理科学与房地产学院,博士,2022,就业,香港理工大学,1
建筑学部,管理科学与房地产学院,博士,2022,就业,中共重庆市委党校,1
建筑学部,管理科学与房地产学院,博士,2022,就业,北京建筑大学,1
建筑学部,管理科学与房地产学院,博士,2022,就业,浙江大学,1
建筑学部,管理科学与房地产学院,博士,2022,就业,重庆交通大学,1
建筑学部,管理科学与房地产学院,博士,2022,就业,华侨大学,1
建筑学部,管理科学与房地产学院,博士,2022,出国(境)留学或工作,西北大学,1
建筑学部,管理科学与房地产学院,博士,2022,就业,河南财经政法大学,1
建筑学部,管理科学与房地产学院,博士,2022,就业,北方工业大学,1
建筑学部,管理科学与房地产学院,博士,2022,就业,福建工程学院,1
建筑学部,管理科学与房地产学院,博士,2022,就业,盐城工学院,1
建筑学部,管理科学与房地产学院,博士,2022,就业,中关村科学城城市大脑股份有限公司,1
建筑学部,管理科学与房地产学院,博士,2022,就业,郑州大学,1
建筑学部,管理科学与房地产学院,本科,2023,升学,重庆大学,70
建筑学部,管理科学与房地产学院,本科,2023,就业,中建三局集团有限公司上海分公司,6
建筑学部,管理科学与房地产学院,本科,2023,就业,中建西南咨询顾问有限公司,4
建筑学部,管理科学与房地产学院,本科,2023,升学,天津大学,4
建筑学部,管理科学与房地产学院,本科,2023,出国(境)留学或工作,香港大学,4
建筑学部,管理科学与房地产学院,本科,2023,就业,中国建筑第八工程局有限公司上海分公司,4
建筑学部,管理科学与房地产学院,本科,2023,升学,西安交通大学,4
建筑学部,管理科学与房地产学院,本科,2023,就业,中国建筑第八工程局有限公司西南分公司,4
建筑学部,管理科学与房地产学院,本科,2023,就业,中建一局集团建设发展有限公司,4
建筑学部,管理科学与房地产学院,本科,2023,升学,南京大学,3
建筑学部,管理科学与房地产学院,本科,2023,就业,比亚迪股份有限公司,3
建筑学部,管理科学与房地产学院,本科,2023,就业,中建三局集团有限公司,3
建筑学部,管理科学与房地产学院,本科,2023,升学,上海财经大学,3
建筑学部,管理科学与房地产学院,本科,2023,出国(境)留学或工作,伦敦大学学院,3
建筑学部,管理科学与房地产学院,本科,2023,升学,武汉大学,2
建筑学部,管理科学与房地产学院,本科,2023,就业,中建三局第一建设工程有限责任公司,2
建筑学部,管理科学与房地产学院,本科,2023,升学,同济大学,2
建筑学部,管理科学与房地产学院,本科,2023,升学,哈尔滨工业大学,2
建筑学部,管理科学与房地产学院,本科,2023,就业,中国建筑一局集团天津有限公司,2
建筑学部,管理科学与房地产学院,本科,2023,就业,中建八局浙江建设有限公司,2
建筑学部,管理科学与房地产学院,本科,2023,出国(境)留学或工作,香港科技大学,2
建筑学部,管理科学与房地产学院,本科,2023,就业,中建科工集团有限公司,2
建筑学部,管理科学与房地产学院,本科,2023,出国(境)留学或工作,新加坡国立大学,2
建筑学部,管理科学与房地产学院,本科,2023,就业,中建八局第二建设有限公司,2
建筑学部,管理科学与房地产学院,本科,2023,升学,清华大学,2
建筑学部,管理科学与房地产学院,本科,2023,就业,中铁五局集团建筑工程有限责任公司,2
建筑学部,管理科学与房地产学院,本科,2023,升学,厦门大学,2
建筑学部,管理科学与房地产学院,本科,2023,升学,中国科学技术大学,2
建筑学部,管理科学与房地产学院,本科,2023,就业,中建海龙科技有限公司,2
建筑学部,管理科学与房地产学院,本科,2023,就业,云梦县投资评审中心,1
建筑学部,管理科学与房地产学院,本科,2023,就业,万联证券股份有限公司,1
建筑学部,管理科学与房地产学院,本科,2023,就业,招商银行股份有限公司温州分行,1
建筑学部,管理科学与房地产学院,本科,2023,就业,中共新疆生产建设兵团第二师,1
建筑学部,管理科学与房地产学院,本科,2023,就业,国网西藏电力有限公司拉萨供电公司,1
建筑学部,管理科学与房地产学院,本科,2023,就业,国家税务总局河北雄安新区税务局,1
建筑学部,管理科学与房地产学院,本科,2023,就业,中建八局装饰工程有限公司,1
建筑学部,管理科学与房地产学院,本科,2023,就业,中国电建集团贵州工程有限公司,1
建筑学部,管理科学与房地产学院,本科,2023,志愿服务西部计划,四川省绵阳市三台县永明镇人民政府,1
建筑学部,管理科学与房地产学院,本科,2023,就业,中建-大成有限责任公司,1
建筑学部,管理科学与房地产学院,本科,2023,就业,中国民主同盟南宁市委员会,1
建筑学部,管理科学与房地产学院,本科,2023,就业,南昌轨道交通集团有限公司,1
建筑学部,管理科学与房地产学院,本科,2023,就业,桂林银行股份有限公司,1
建筑学部,管理科学与房地产学院,本科,2023,升学,华中科技大学,1
建筑学部,管理科学与房地产学院,本科,2023,出国(境)留学或工作,格拉斯哥大学,1
建筑学部,管理科学与房地产学院,本科,2023,出国(境)留学或工作,香港城市大学,1
建筑学部,管理科学与房地产学院,本科,2023,就业,中国铁路南昌局集团有限公司,1
建筑学部,管理科学与房地产学院,本科,2023,就业,中广核工程有限公司,1
建筑学部,管理科学与房地产学院,本科,2023,升学,中国政法大学,1
建筑学部,管理科学与房地产学院,本科,2023,就业,中国邮政集团有限公司浙江省义乌市分公司,1
建筑学部,管理科学与房地产学院,本科,2023,出国(境)留学或工作,墨尔本大学,1
建筑学部,管理科学与房地产学院,本科,2023,就业,中国电信集团有限公司那曲分公司,1
建筑学部,管理科学与房地产学院,本科,2023,选调生,中共遵义市委组织部,1
建筑学部,管理科学与房地产学院,本科,2023,选调生,中共彭水苗族土家族自治县委组织部,1
建筑学部,管理科学与房地产学院,本科,2023,就业,国家税务总局邢台市税务局,1
建筑学部,管理科学与房地产学院,本科,2023,就业,国家税务总局昆明市税务局,1
建筑学部,管理科学与房地产学院,本科,2023,就业,中建三局第三建设工程有限责任公司,1
建筑学部,管理科学与房地产学院,本科,2023,就业,国网重庆市电力公司,1
建筑学部,管理科学与房地产学院,本科,2023,就业,江东控股集团有限责任公司,1
建筑学部,管理科学与房地产学院,本科,2023,就业,凤凰桥控股(北京)有限公司,1
建筑学部,管理科学与房地产学院,本科,2023,志愿服务西部计划,重庆市北碚区人民政府办公室,1
建筑学部,管理科学与房地产学院,本科,2023,出国(境)留学或工作,澳洲国立大学,1
建筑学部,管理科学与房地产学院,本科,2023,就业,中建地产广州有限公司,1
建筑学部,管理科学与房地产学院,本科,2023,出国(境)留学或工作,阿姆斯特丹大学,1
建筑学部,管理科学与房地产学院,本科,2023,升学,电子科技大学,1
建筑学部,管理科学与房地产学院,本科,2023,就业,中建一局集团第三建筑有限公司,1
建筑学部,管理科学与房地产学院,本科,2023,出国(境)留学或工作,香港理工大学,1
建筑学部,管理科学与房地产学院,本科,2023,就业,安徽省烟草公司六安市公司,1
建筑学部,管理科学与房地产学院,本科,2023,就业,中建西南院总承包工程有限公司,1
建筑学部,管理科学与房地产学院,本科,2023,就业,中国建筑第二工程局有限公司华东分公司,1
建筑学部,管理科学与房地产学院,本科,2023,升学,东北财经大学,1
建筑学部,管理科学与房地产学院,本科,2023,就业,国家税务总局重庆市江津区税务局,1
建筑学部,管理科学与房地产学院,本科,2023,就业,重庆大唐国际武隆兴顺风电有限责任公司,1
建筑学部,管理科学与房地产学院,本科,2023,就业,中建八局总承包建设有限公司,1
建筑学部,管理科学与房地产学院,本科,2023,就业,中海建筑有限公司,1
建筑学部,管理科学与房地产学院,本科,2023,出国(境)留学或工作,华威大学,1
建筑学部,管理科学与房地产学院,本科,2023,就业,北京车和家信息技术有限公司,1
建筑学部,管理科学与房地产学院,本科,2023,就业,招商银行股份有限公司北京分行,1
建筑学部,管理科学与房地产学院,本科,2023,就业,河北临空集团有限公司,1
建筑学部,管理科学与房地产学院,本科,2023,就业,华为技术有限公司,1
建筑学部,管理科学与房地产学院,本科,2023,就业,中铁隧道集团一处有限公司,1
建筑学部,管理科学与房地产学院,本科,2023,就业,中招国际招标有限公司重庆分公司,1
建筑学部,管理科学与房地产学院,本科,2023,就业,中铁一局集团桥梁工程有限公司,1
建筑学部,管理科学与房地产学院,本科,2023,出国(境)留学或工作,纽约市哥伦比亚大学,1
建筑学部,管理科学与房地产学院,本科,2023,就业,中国建筑第八工程局有限公司西北分公司,1
建筑学部,管理科学与房地产学院,本科,2023,出国(境)留学或工作,伦敦国王学院,1
建筑学部,管理科学与房地产学院,本科,2023,就业,中国工商银行股份有限公司西藏自治区分行,1
建筑学部,管理科学与房地产学院,本科,2023,就业,深圳市物业发展(集团)股份有限公司,1
建筑学部,管理科学与房地产学院,本科,2023,升学,北京师范大学,1
建筑学部,管理科学与房地产学院,本科,2023,志愿服务西部计划,国家税务总局左贡县税务局,1
建筑学部,管理科学与房地产学院,本科,2023,就业,中汽院新能源科技有限公司,1
建筑学部,管理科学与房地产学院,本科,2023,就业,国网新疆电力有限公司巴州供电公司,1
建筑学部,管理科学与房地产学院,本科,2023,就业,中建-大成建筑有限责任公司,1
建筑学部,管理科学与房地产学院,本科,2023,就业,中国建筑股份有限公司海拓工程分公司,1
建筑学部,管理科学与房地产学院,本科,2023,就业,云南省昆明市呈贡区财政局,1
建筑学部,管理科学与房地产学院,本科,2023,就业,中国建筑第二工程局有限公司西南分公司,1
建筑学部,管理科学与房地产学院,本科,2023,升学,清华大学深圳国际研究生院,1
建筑学部,管理科学与房地产学院,硕士,2023,就业,中海建筑有限公司,8
建筑学部,管理科学与房地产学院,硕士,2023,选调生,中共重庆市委组织部,5
建筑学部,管理科学与房地产学院,硕士,2023,就业,广联达西安科技有限公司,3
建筑学部,管理科学与房地产学院,硕士,2023,升学,重庆大学,3
建筑学部,管理科学与房地产学院,硕士,2023,就业,赛力斯汽车有限公司,3
建筑学部,管理科学与房地产学院,硕士,2023,就业,中铁十一局集团第五工程有限公司,2
建筑学部,管理科学与房地产学院,硕士,2023,就业,锐捷网络股份有限公司,2
建筑学部,管理科学与房地产学院,硕士,2023,就业,中冶赛迪集团有限公司,2
建筑学部,管理科学与房地产学院,硕士,2023,就业,中建二局第三建筑工程有限公司,2
建筑学部,管理科学与房地产学院,硕士,2023,选调生,中国共产党重庆市委员会组织部,1
建筑学部,管理科学与房地产学院,硕士,2023,就业,雅砻江流域水电开发有限公司,1
建筑学部,管理科学与房地产学院,硕士,2023,选调生,中共濮阳市委组织部,1
建筑学部,管理科学与房地产学院,硕士,2023,就业,中冶京诚工程技术有限公司,1
建筑学部,管理科学与房地产学院,硕士,2023,选调生,中共重庆市南川区委组织部干部科,1
建筑学部,管理科学与房地产学院,硕士,2023,就业,福建省投资开发集团有限责任公司,1
建筑学部,管理科学与房地产学院,硕士,2023,就业,中国核动力研究设计院,1
建筑学部,管理科学与房地产学院,硕士,2023,就业,中国工商银行股份有限公司广东省分行,1
建筑学部,管理科学与房地产学院,硕士,2023,就业,中建交通建设集团有限公司,1
建筑学部,管理科学与房地产学院,硕士,2023,就业,中建八局第二建设有限公司,1
建筑学部,管理科学与房地产学院,硕士,2023,就业,重庆轨道交通(集团)有限公司,1
建筑学部,管理科学与房地产学院,硕士,2023,就业,兰州红光物业管理有限公司,1
建筑学部,管理科学与房地产学院,硕士,2023,就业,重庆经开区开发建设有限公司,1
建筑学部,管理科学与房地产学院,硕士,2023,就业,重庆三峡环保(集团)有限公司,1
建筑学部,管理科学与房地产学院,硕士,2023,就业,重庆朕域科技有限公司,1
建筑学部,管理科学与房地产学院,硕士,2023,就业,重庆市地质矿产勘查开发局南江水文地质工程地质队,1
建筑学部,管理科学与房地产学院,硕士,2023,就业,中机中联工程有限公司,1
建筑学部,管理科学与房地产学院,硕士,2023,就业,重庆市九龙坡区市政设施维护管理处,1
建筑学部,管理科学与房地产学院,硕士,2023,就业,重庆协信信之尚物业服务有限公司,1
建筑学部,管理科学与房地产学院,硕士,2023,就业,重庆应用技术职业学院,1
建筑学部,管理科学与房地产学院,硕士,2023,就业,重庆天翔合成材料有限公司,1
建筑学部,管理科学与房地产学院,硕士,2023,就业,重庆市渝中区教育委员会,1
建筑学部,管理科学与房地产学院,硕士,2023,就业,重庆市巴南区国土资源管理分局,1
建筑学部,管理科学与房地产学院,硕士,2023,就业,中国农业发展银行金堂县支行,1
建筑学部,管理科学与房地产学院,硕士,2023,就业,林同棪(重庆)国际工程技术有限公司,1
建筑学部,管理科学与房地产学院,硕士,2023,就业,重庆市梁平区规划和自然资源局,1
建筑学部,管理科学与房地产学院,硕士,2023,就业,重庆欣美晟商贸有限公司,1
建筑学部,管理科学与房地产学院,硕士,2023,就业,国网重庆市电力公司信息通信分公司,1
建筑学部,管理科学与房地产学院,硕士,2023,就业,重庆市渝中区市政设施维护管理中心(重庆市渝中区水文监测站),1
建筑学部,管理科学与房地产学院,硕士,2023,就业,北京润华源天生物科技有限公司重庆分公司,1
建筑学部,管理科学与房地产学院,硕士,2023,就业,重庆诚业建筑工程有限公司,1
建筑学部,管理科学与房地产学院,硕士,2023,就业,重庆万泰电力科技有限公司,1
建筑学部,管理科学与房地产学院,硕士,2023,就业,重庆锐升置业有限公司,1
建筑学部,管理科学与房地产学院,硕士,2023,就业,重庆公用工程建设监理有限责任公司,1
建筑学部,管理科学与房地产学院,硕士,2023,就业,重庆神州燃气工程设计有限公司,1
建筑学部,管理科学与房地产学院,硕士,2023,就业,中建电子信息技术有限公司重庆分公司,1
建筑学部,管理科学与房地产学院,硕士,2023,就业,重庆凯德古渝雄关置业有限公司,1
建筑学部,管理科学与房地产学院,硕士,2023,就业,中建成都轨道交通投资建设有限公司,1
建筑学部,管理科学与房地产学院,硕士,2023,就业,重庆中治旅游产业发展有限公司,1
建筑学部,管理科学与房地产学院,硕士,2023,就业,绵阳应程机电设备安装有限公司,1
建筑学部,管理科学与房地产学院,硕士,2023,就业,达州市建设工程质量安全监督站,1
建筑学部,管理科学与房地产学院,硕士,2023,就业,中国电建集团贵阳勘测设计研究院有限公司,1
建筑学部,管理科学与房地产学院,硕士,2023,就业,重庆赛迪工程咨询有限公司,1
建筑学部,管理科学与房地产学院,硕士,2023,就业,重庆江千建筑劳务有限公司,1
建筑学部,管理科学与房地产学院,硕士,2023,就业,中电建路桥集团有限公司,1
建筑学部,管理科学与房地产学院,硕士,2023,就业,恒大地产集团郑州有限公司,1
建筑学部,管理科学与房地产学院,硕士,2023,就业,重庆央鼎置业有限公司,1
建筑学部,管理科学与房地产学院,硕士,2023,就业,重庆市送变电工程有限公司,1
建筑学部,管理科学与房地产学院,硕士,2023,就业,富利建设集团有限公司重庆分公司,1
建筑学部,管理科学与房地产学院,硕士,2023,就业,重庆市大渡口区住房和城乡建设委员会,1
建筑学部,管理科学与房地产学院,硕士,2023,就业,广州市荔湾区建设工程项目代建中心,1
建筑学部,管理科学与房地产学院,硕士,2023,就业,重庆市住房和城乡建设委员会,1
建筑学部,管理科学与房地产学院,硕士,2023,就业,重庆笠程热能设备有限公司,1
建筑学部,管理科学与房地产学院,硕士,2023,就业,中国安能集团第三工程局有限公司,1
建筑学部,管理科学与房地产学院,硕士,2023,就业,綦江长风齿轮(集团)有限公司,1
建筑学部,管理科学与房地产学院,硕士,2023,就业,重庆市豪洋房地产开发有限公司,1
建筑学部,管理科学与房地产学院,硕士,2023,就业,重庆城市科技学院,1
建筑学部,管理科学与房地产学院,硕士,2023,就业,重庆大桂建筑工程有限公司,1
建筑学部,管理科学与房地产学院,硕士,2023,就业,国网重庆市电力公司璧山供电分公司,1
建筑学部,管理科学与房地产学院,硕士,2023,就业,重庆弘嘉实业有限公司,1
建筑学部,管理科学与房地产学院,硕士,2023,就业,重庆首灏置业有限公司,1
建筑学部,管理科学与房地产学院,硕士,2023,就业,重庆市九龙坡区监察委员会派出第三监察室,1
建筑学部,管理科学与房地产学院,硕士,2023,就业,重庆武地洺悦房地产开发有限公司,1
建筑学部,管理科学与房地产学院,硕士,2023,就业,深圳广田集团股份有限公司,1
建筑学部,管理科学与房地产学院,硕士,2023,就业,富顺县顺通公路投资建设有限责任公司,1
建筑学部,管理科学与房地产学院,硕士,2023,就业,成都市建筑设计研究院,1
建筑学部,管理科学与房地产学院,硕士,2023,就业,重庆人才服务股份有限公司,1
建筑学部,管理科学与房地产学院,硕士,2023,就业,内江市欢畅娱乐有限公司,1
建筑学部,管理科学与房地产学院,硕士,2023,就业,成都碧城建筑设计有限公司,1
建筑学部,管理科学与房地产学院,硕士,2023,就业,重庆高新区开发投资集团有限公司,1
建筑学部,管理科学与房地产学院,硕士,2023,就业,中铁一局集团第四工程有限公司,1
建筑学部,管理科学与房地产学院,硕士,2023,就业,四川中测天翔遥感技术有限责任公司,1
建筑学部,管理科学与房地产学院,硕士,2023,就业,枝江市箭冠汽配经营部,1
建筑学部,管理科学与房地产学院,硕士,2023,就业,成都壹坊空间室内设计有限公司,1
建筑学部,管理科学与房地产学院,硕士,2023,就业,重庆西部国际涉农物流加工区建设发展有限公司,1
建筑学部,管理科学与房地产学院,硕士,2023,就业,内江市市中区国有资产经营管理中心,1
建筑学部,管理科学与房地产学院,硕士,2023,就业,隆基绿能科技股份有限公司,1
建筑学部,管理科学与房地产学院,硕士,2023,选调生,中共金华市金东区委组织部,1
建筑学部,管理科学与房地产学院,硕士,2023,就业,中建三局集团有限公司,1
建筑学部,管理科学与房地产学院,硕士,2023,就业,中核第四研究设计工程有限公司,1
建筑学部,管理科学与房地产学院,硕士,2023,选调生,中共天津市蓟州区委组织部,1
建筑学部,管理科学与房地产学院,硕士,2023,就业,开封国有资产投资经营集团有限公司,1
建筑学部,管理科学与房地产学院,硕士,2023,就业,中国技术进出口集团有限公司,1
建筑学部,管理科学与房地产学院,硕士,2023,就业,国家税务总局重庆市江北区税务局,1
建筑学部,管理科学与房地产学院,硕士,2023,就业,中国联合网络通信有限公司成都市分公司,1
建筑学部,管理科学与房地产学院,硕士,2023,就业,深蓝汽车科技有限公司,1
建筑学部,管理科学与房地产学院,硕士,2023,选调生,海南省儋州市人民政府政府服务中心,1
建筑学部,管理科学与房地产学院,硕士,2023,就业,西南大学,1
建筑学部,管理科学与房地产学院,硕士,2023,就业,富联国基(上海)电子有限公司,1
建筑学部,管理科学与房地产学院,硕士,2023,出国(境)留学或工作,香港理工大学,1
建筑学部,管理科学与房地产学院,硕士,2023,就业,国家税务总局重庆市渝北区税务局,1
建筑学部,管理科学与房地产学院,硕士,2023,就业,四川华西集团有限公司,1
建筑学部,管理科学与房地产学院,硕士,2023,升学,南京大学,1
建筑学部,管理科学与房地产学院,硕士,2023,就业,国网天津市电力公司,1
建筑学部,管理科学与房地产学院,硕士,2023,就业,中国船舶集团风电发展有限公司,1
建筑学部,管理科学与房地产学院,硕士,2023,就业,孝感市建设工程造价服务中心,1
建筑学部,管理科学与房地产学院,硕士,2023,就业,上海金蝶网络科技有限公司,1
建筑学部,管理科学与房地产学院,硕士,2023,就业,重庆长安新能源汽车科技有限公司,1
建筑学部,管理科学与房地产学院,硕士,2023,就业,贵州桥梁建设集团有限责任公司,1
建筑学部,管理科学与房地产学院,硕士,2023,就业,国家税务总局重庆市税务局第八稽查局,1
建筑学部,管理科学与房地产学院,硕士,2023,就业,重庆长安望江工业集团有限公司,1
建筑学部,管理科学与房地产学院,硕士,2023,就业,天健会计师事务所(特殊普通合伙),1
建筑学部,管理科学与房地产学院,硕士,2023,就业,重庆梧桐车联科技有限公司,1
建筑学部,管理科学与房地产学院,硕士,2023,就业,普华永道管理咨询(上海)有限公司深圳分公司,1
建筑学部,管理科学与房地产学院,硕士,2023,就业,新桥医院,1
建筑学部,管理科学与房地产学院,硕士,2023,就业,国家税务总局资中县税务局,1
建筑学部,管理科学与房地产学院,硕士,2023,就业,湖南城市学院,1
建筑学部,管理科学与房地产学院,硕士,2023,就业,华为技术有限公司,1
建筑学部,管理科学与房地产学院,硕士,2023,就业,南京电子工程研究所(中国电子科技集团公司第二十八研究所),1
建筑学部,管理科学与房地产学院,硕士,2023,就业,荣耀终端有限公司,1
建筑学部,管理科学与房地产学院,硕士,2023,就业,深圳市龙岗区建筑工务署,1
建筑学部,管理科学与房地产学院,硕士,2023,就业,中国电建集团成都勘测设计研究院有限公司,1
建筑学部,管理科学与房地产学院,硕士,2023,出国(境)留学或工作,阿德莱德大学,1
建筑学部,管理科学与房地产学院,硕士,2023,出国(境)留学或工作,香港科技大学,1
建筑学部,管理科学与房地产学院,硕士,2023,就业,杭州今日头条科技有限公司,1
建筑学部,管理科学与房地产学院,硕士,2023,就业,成都智达天街商业运营管理有限公司,1
建筑学部,管理科学与房地产学院,硕士,2023,就业,丽水市委组织部,1
建筑学部,管理科学与房地产学院,硕士,2023,就业,厦门海辰储能科技股份有限公司,1
建筑学部,管理科学与房地产学院,硕士,2023,就业,北京三快在线科技有限公司,1
建筑学部,管理科学与房地产学院,硕士,2023,就业,中电建安徽勘测设计有限公司,1
建筑学部,管理科学与房地产学院,硕士,2023,选调生,宁波市鄞州区委组织部,1
建筑学部,管理科学与房地产学院,硕士,2023,就业,深圳市建筑工务署文体工程管理中心,1
建筑学部,管理科学与房地产学院,硕士,2023,就业,招商(东莞)投资发展有限公司,1
建筑学部,管理科学与房地产学院,硕士,2023,就业,兴业银行股份有限公司太原分行,1
建筑学部,管理科学与房地产学院,硕士,2023,就业,中国人民解放军32088部队,1
建筑学部,管理科学与房地产学院,硕士,2023,就业,华润置地(苏州)开发有限公司,1
建筑学部,管理科学与房地产学院,硕士,2023,就业,华润置地(重庆)有限公司,1
建筑学部,管理科学与房地产学院,硕士,2023,选调生,自贡市住房和城乡建设局,1
建筑学部,管理科学与房地产学院,硕士,2023,就业,明阳智慧能源集团股份公司,1
建筑学部,管理科学与房地产学院,硕士,2023,就业,中国建筑第八工程局有限公司,1
建筑学部,管理科学与房地产学院,硕士,2023,选调生,中国共产党南充市委员会组织部,1
建筑学部,管理科学与房地产学院,硕士,2023,就业,中国能源建设集团云南省电力设计院有限公司,1
建筑学部,管理科学与房地产学院,硕士,2023,就业,天津市滨海新区自然资源调查与登记中心,1
建筑学部,管理科学与房地产学院,硕士,2023,就业,上海寻梦信息技术有限公司,1
建筑学部,管理科学与房地产学院,硕士,2023,就业,无锡先导智能装备股份有限公司,1
建筑学部,管理科学与房地产学院,硕士,2023,升学,山东大学,1
建筑学部,管理科学与房地产学院,硕士,2023,就业,重庆长安汽车股份有限公司,1
建筑学部,管理科学与房地产学院,硕士,2023,选调生,中共温州市鹿城区委组织部,1
建筑学部,管理科学与房地产学院,硕士,2023,就业,浙江银泰百货有限公司,1
建筑学部,管理科学与房地产学院,硕士,2023,选调生,吕梁市工业和信息化局,1
建筑学部,管理科学与房地产学院,硕士,2023,就业,重庆市涪陵区住房保障中心,1
建筑学部,管理科学与房地产学院,硕士,2023,就业,比亚迪股份有限公司,1
建筑学部,管理科学与房地产学院,硕士,2023,就业,镇江新区水利站,1
建筑学部,管理科学与房地产学院,硕士,2023,就业,中广核工程有限公司,1
建筑学部,管理科学与房地产学院,硕士,2023,就业,绿城华南投资发展有限公司,1
建筑学部,管理科学与房地产学院,硕士,2023,就业,华润新鸿基房地产(无锡)有限公司,1
建筑学部,管理科学与房地产学院,硕士,2023,选调生,大理市农业农村局,1
建筑学部,管理科学与房地产学院,硕士,2023,就业,云南建设基础设施投资股份有限公司,1
建筑学部,管理科学与房地产学院,硕士,2023,选调生,中国共产党长治市委员会办公室,1
建筑学部,管理科学与房地产学院,硕士,2023,选调生,中国共产党达州市委员会组织部,1
建筑学部,管理科学与房地产学院,硕士,2023,就业,中共南通市委组织部,1
建筑学部,管理科学与房地产学院,硕士,2023,就业,芯原科技(上海)有限公司,1
建筑学部,管理科学与房地产学院,硕士,2023,就业,苏州交投建设管理有限公司,1
建筑学部,管理科学与房地产学院,硕士,2023,就业,深圳能源集团股份有限公司东部电厂,1
建筑学部,管理科学与房地产学院,硕士,2023,就业,江苏城乡建设职业学院,1
建筑学部,管理科学与房地产学院,硕士,2023,就业,珠海金山办公软件有限公司,1
建筑学部,管理科学与房地产学院,硕士,2023,就业,福建中旅饭店管理集团有限公司,1
建筑学部,管理科学与房地产学院,硕士,2023,就业,中建海峡建设发展有限公司,1
建筑学部,管理科学与房地产学院,硕士,2023,选调生,中国共产党宁波市江北区委员会组织部,1
建筑学部,管理科学与房地产学院,硕士,2023,就业,中电投融和资产管理有限公司,1
建筑学部,管理科学与房地产学院,硕士,2023,就业,中建铁路投资建设集团有限公司,1
建筑学部,管理科学与房地产学院,硕士,2023,就业,深圳市燃气集团股份有限公司,1
建筑学部,管理科学与房地产学院,硕士,2023,就业,郴州市建设工程质量安全监督站,1
建筑学部,管理科学与房地产学院,硕士,2023,就业,民航机场建设集团西南设计研究院有限公司,1
建筑学部,管理科学与房地产学院,硕士,2023,选调生,自贡市委组织部,1
建筑学部,管理科学与房地产学院,硕士,2023,就业,浙江冠宇电池有限公司,1
建筑学部,管理科学与房地产学院,硕士,2023,就业,中国建设银行股份有限公司重庆市分行,1
建筑学部,管理科学与房地产学院,硕士,2023,选调生,中国共产党内江市委员会组织部(待分配),1
建筑学部,管理科学与房地产学院,硕士,2023,就业,三峡集团四川能源投资有限公司,1
建筑学部,管理科学与房地产学院,硕士,2023,选调生,中共南充市委组织部,1
建筑学部,管理科学与房地产学院,硕士,2023,升学,中国人民大学,1
建筑学部,管理科学与房地产学院,硕士,2023,就业,深圳市龙岗区教育局,1
建筑学部,管理科学与房地产学院,硕士,2023,就业,深圳市建筑工务署教育工程管理中心,1
建筑学部,管理科学与房地产学院,硕士,2023,选调生,中共眉山市委组织部,1
建筑学部,管理科学与房地产学院,硕士,2023,选调生,中共贵阳市委组织部,1
建筑学部,管理科学与房地产学院,硕士,2023,就业,中国人民财产保险股份有限公司贵州省分公司,1
建筑学部,管理科学与房地产学院,硕士,2023,选调生,中共黑龙江省委组织部,1
建筑学部,管理科学与房地产学院,博士,2023,就业,中国矿业大学,1
信息学部,光电工程学院,本科,2021,升学,重庆大学,59
信息学部,光电工程学院,本科,2021,就业,重庆京东方显示技术有限公司,7
信息学部,光电工程学院,本科,2021,升学,天津大学,7
信息学部,光电工程学院,本科,2021,就业,成都凯天电子股份有限公司,6
信息学部,光电工程学院,本科,2021,升学,北京航空航天大学,6
信息学部,光电工程学院,本科,2021,升学,东南大学,5
信息学部,光电工程学院,本科,2021,升学,华中科技大学,5
信息学部,光电工程学院,本科,2021,升学,浙江大学,5
信息学部,光电工程学院,本科,2021,升学,上海交通大学,5
信息学部,光电工程学院,本科,2021,就业,华为技术有限公司,4
信息学部,光电工程学院,本科,2021,就业,比亚迪股份有限公司,4
信息学部,光电工程学院,本科,2021,就业,成都飞机工业(集团)有限责任公司,4
信息学部,光电工程学院,本科,2021,就业,紫金矿业集团股份有限公司,3
信息学部,光电工程学院,本科,2021,就业,重庆长安汽车股份有限公司,3
信息学部,光电工程学院,本科,2021,就业,成都芯源系统有限公司,3
信息学部,光电工程学院,本科,2021,升学,中国科学技术大学,3
信息学部,光电工程学院,本科,2021,升学,电子科技大学,3
信息学部,光电工程学院,本科,2021,就业,四川华丰企业集团有限公司,2
信息学部,光电工程学院,本科,2021,就业,中电科技集团重庆声光电有限公司,2
信息学部,光电工程学院,本科,2021,就业,深圳市华星光电技术有限公司,2
信息学部,光电工程学院,本科,2021,就业,海信集团控股股份有限公司,2
信息学部,光电工程学院,本科,2021,就业,重庆市沙坪坝区学而思培优课外培训学校有限公司,2
信息学部,光电工程学院,本科,2021,升学,国防科技大学,2
信息学部,光电工程学院,本科,2021,升学,深圳大学,2
信息学部,光电工程学院,本科,2021,升学,清华大学深圳研究生院,2
信息学部,光电工程学院,本科,2021,升学,华南理工大学,2
信息学部,光电工程学院,本科,2021,升学,西安交通大学,2
信息学部,光电工程学院,本科,2021,就业,烽火通信科技股份有限公司,2
信息学部,光电工程学院,本科,2021,升学,哈尔滨工业大学(深圳),1
信息学部,光电工程学院,本科,2021,升学,上海大学,1
信息学部,光电工程学院,本科,2021,出国(境)留学或工作,香港科技大学,1
信息学部,光电工程学院,本科,2021,升学,中国科学院沈阳自动化研究所,1
信息学部,光电工程学院,本科,2021,就业,中铁十九局集团有限公司,1
信息学部,光电工程学院,本科,2021,就业,欧菲微电子技术有限公司,1
信息学部,光电工程学院,本科,2021,就业,佛山安得智联科技有限公司,1
信息学部,光电工程学院,本科,2021,就业,四川长虹网络科技有限责任公司,1
信息学部,光电工程学院,本科,2021,就业,四川航天长征装备制造有限公司,1
信息学部,光电工程学院,本科,2021,就业,中国铁路青藏集团有限公司,1
信息学部,光电工程学院,本科,2021,就业,纬创资通(重庆)有限公司,1
信息学部,光电工程学院,本科,2021,就业,重庆京东方光电科技有限公司,1
信息学部,光电工程学院,本科,2021,就业,成都中兴软件有限责任公司,1
信息学部,光电工程学院,本科,2021,就业,成都市普进通信技术有限公司,1
信息学部,光电工程学院,本科,2021,出国(境)留学或工作,悉尼大学,1
信息学部,光电工程学院,本科,2021,出国(境)留学或工作,新加坡国立大学,1
信息学部,光电工程学院,本科,2021,就业,武汉华星光电半导体显示技术有限公司,1
信息学部,光电工程学院,本科,2021,就业,云南创视界光电科技有限公司,1
信息学部,光电工程学院,本科,2021,就业,广东美的生活电器制造有限公司,1
信息学部,光电工程学院,本科,2021,就业,大族激光科技产业集团股份有限公司,1
信息学部,光电工程学院,本科,2021,就业,广东虹勤通讯技术有限公司,1
信息学部,光电工程学院,本科,2021,就业,人本集团有限公司,1
信息学部,光电工程学院,本科,2021,就业,福建福清核电有限公司,1
信息学部,光电工程学院,本科,2021,就业,武汉中元华电科技股份有限公司,1
信息学部,光电工程学院,本科,2021,升学,中国科学院微电子研究所,1
信息学部,光电工程学院,本科,2021,就业,腾讯科技(深圳)有限公司,1
信息学部,光电工程学院,本科,2021,就业,深圳市翌日科技有限公司,1
信息学部,光电工程学院,本科,2021,升学,海南大学,1
信息学部,光电工程学院,本科,2021,出国(境)留学或工作,莱布尼兹汉诺威大学,1
信息学部,光电工程学院,本科,2021,就业,深圳禾苗通信科技有限公司,1
信息学部,光电工程学院,本科,2021,就业,广州延利网络科技有限公司,1
信息学部,光电工程学院,本科,2021,就业,恒玄科技(上海)股份有限公司,1
信息学部,光电工程学院,本科,2021,出国(境)留学或工作,哥伦比亚大学,1
信息学部,光电工程学院,本科,2021,就业,中航西安飞机工业集团股份有限公司,1
信息学部,光电工程学院,本科,2021,就业,维谛技术有限公司,1
信息学部,光电工程学院,本科,2021,升学,中国科学院上海光学精密机械研究所,1
信息学部,光电工程学院,本科,2021,就业,闻泰科技股份有限公司,1
信息学部,光电工程学院,本科,2021,就业,四川绵阳好圣汽车零部件制造有限公司,1
信息学部,光电工程学院,本科,2021,就业,宁波柯力传感科技股份有限公司,1
信息学部,光电工程学院,本科,2021,升学,北京大学,1
信息学部,光电工程学院,本科,2021,升学,云南大学,1
信息学部,光电工程学院,本科,2021,升学,中国科学院光电技术研究所,1
信息学部,光电工程学院,本科,2021,就业,中国兵器装备集团自动化研究所,1
信息学部,光电工程学院,本科,2021,就业,重庆长安汽车软件科技有限公司,1
信息学部,光电工程学院,本科,2021,就业,湖北三江航天红林探控有限公司,1
信息学部,光电工程学院,本科,2021,就业,中国重汽集团重庆燃油喷射系统有限公司,1
信息学部,光电工程学院,本科,2021,就业,成都燃气集团股份有限公司,1
信息学部,光电工程学院,本科,2021,就业,重庆双芯科技有限公司,1
信息学部,光电工程学院,本科,2021,就业,国家能源集团新疆吉林台水电开发有限公司,1
信息学部,光电工程学院,本科,2021,就业,闻泰科技(深圳)有限公司,1
信息学部,光电工程学院,本科,2021,就业,贵州电网有限责任公司遵义供电局,1
信息学部,光电工程学院,硕士,2021,就业,中电科技集团重庆声光电有限公司,5
信息学部,光电工程学院,硕士,2021,就业,重庆川仪自动化股份有限公司技术中心,4
信息学部,光电工程学院,硕士,2021,就业,紫光展锐(重庆)科技有限公司,3
信息学部,光电工程学院,硕士,2021,就业,华为技术有限公司,3
信息学部,光电工程学院,硕士,2021,就业,重庆京东方显示技术有限公司,3
信息学部,光电工程学院,硕士,2021,就业,成都华为技术有限公司,3
信息学部,光电工程学院,硕士,2021,就业,浙江大华技术股份有限公司,3
信息学部,光电工程学院,硕士,2021,就业,杭州海康威视数字技术股份有限公司,2
信息学部,光电工程学院,硕士,2021,就业,重庆四联测控技术有限公司,2
信息学部,光电工程学院,硕士,2021,升学,重庆大学,2
信息学部,光电工程学院,硕士,2021,就业,成都飞机工业(集团)有限责任公司,2
信息学部,光电工程学院,硕士,2021,就业,中兴通讯股份有限公司,2
信息学部,光电工程学院,硕士,2021,就业,中国电子科技集团公司第二十九研究所,2
信息学部,光电工程学院,硕士,2021,就业,重庆传音通讯技术有限公司,2
信息学部,光电工程学院,硕士,2021,就业,中国电子科技集团公司第十研究所,2
信息学部,光电工程学院,硕士,2021,就业,武汉锐科光纤激光技术股份有限公司,2
信息学部,光电工程学院,硕士,2021,就业,中冶赛迪重庆信息技术有限公司,2
信息学部,光电工程学院,硕士,2021,就业,重庆川仪自动化股份有限公司流量仪表分公司,2
信息学部,光电工程学院,硕士,2021,就业,成都欧珀通信科技有限公司,2
信息学部,光电工程学院,硕士,2021,就业,深圳迈瑞生物医疗电子股份有限公司,2
信息学部,光电工程学院,硕士,2021,就业,重庆电力高等专科学校,1
信息学部,光电工程学院,硕士,2021,就业,航天动力技术研究院,1
信息学部,光电工程学院,硕士,2021,就业,重庆京东方光电科技有限公司,1
信息学部,光电工程学院,硕士,2021,就业,深南电路股份有限公司,1
信息学部,光电工程学院,硕士,2021,就业,腾讯科技(深圳)有限公司,1
信息学部,光电工程学院,硕士,2021,就业,四川航天计量测试研究所,1
信息学部,光电工程学院,硕士,2021,就业,哲库科技(北京)有限公司,1
信息学部,光电工程学院,硕士,2021,就业,国汽(北京)智能网联汽车研究院有限公司,1
信息学部,光电工程学院,硕士,2021,就业,中国兵器工业集团第二〇二研究所,1
信息学部,光电工程学院,硕士,2021,就业,成都京东方光电科技有限公司,1
信息学部,光电工程学院,硕士,2021,就业,鸿富锦精密工业(深圳)有限公司,1
信息学部,光电工程学院,硕士,2021,就业,芯原微电子(成都)有限公司,1
信息学部,光电工程学院,硕士,2021,就业,山石网科通信技术股份有限公司,1
信息学部,光电工程学院,硕士,2021,就业,四川九洲空管科技有限责任公司,1
信息学部,光电工程学院,硕士,2021,就业,杭州巨量引擎网络技术有限公司,1
信息学部,光电工程学院,硕士,2021,就业,青岛鼎信通讯股份有限公司,1
信息学部,光电工程学院,硕士,2021,就业,成都中兴软件有限责任公司,1
信息学部,光电工程学院,硕士,2021,就业,云南昆船设计研究院有限公司,1
信息学部,光电工程学院,硕士,2021,就业,TCL王牌电器(惠州)有限公司,1
信息学部,光电工程学院,硕士,2021,就业,福建新大陆自动识别技术有限公司,1
信息学部,光电工程学院,硕士,2021,就业,四川航天电子设备研究所,1
信息学部,光电工程学院,硕士,2021,就业,武汉华星光电技术有限公司,1
信息学部,光电工程学院,硕士,2021,就业,北京猿力未来科技有限公司,1
信息学部,光电工程学院,硕士,2021,就业,浙江菜鸟供应链管理有限公司,1
信息学部,光电工程学院,硕士,2021,就业,联发科技(合肥)有限公司,1
信息学部,光电工程学院,硕士,2021,就业,东方红卫星移动通信有限公司,1
信息学部,光电工程学院,硕士,2021,就业,浙江芯昇电子技术有限公司,1
信息学部,光电工程学院,硕士,2021,就业,上海随训通电子科技有限公司,1
信息学部,光电工程学院,硕士,2021,就业,上海微波技术研究所(中国电子科技集团公司第五十研究所),1
信息学部,光电工程学院,硕士,2021,就业,中车株洲电力机车研究所有限公司,1
信息学部,光电工程学院,硕士,2021,就业,中国农业银行股份有限公司天津市分行,1
信息学部,光电工程学院,硕士,2021,就业,深信服科技股份有限公司长沙分公司,1
信息学部,光电工程学院,硕士,2021,就业,深圳市博伦职业技术学校,1
信息学部,光电工程学院,硕士,2021,就业,江西洪都航空工业集团有限责任公司,1
信息学部,光电工程学院,硕士,2021,就业,重庆川仪自动化股份有限公司执行器分公司,1
信息学部,光电工程学院,硕士,2021,就业,招银网络科技(深圳)有限公司成都分公司,1
信息学部,光电工程学院,硕士,2021,就业,海南核电有限公司,1
信息学部,光电工程学院,硕士,2021,就业,广东美的制冷设备有限公司,1
信息学部,光电工程学院,硕士,2021,就业,昆明北方红外技术股份有限公司,1
信息学部,光电工程学院,硕士,2021,就业,上海传英信息技术有限公司,1
信息学部,光电工程学院,硕士,2021,就业,杭州联吉技术有限公司,1
信息学部,光电工程学院,硕士,2021,就业,深圳TCL新技术有限公司,1
信息学部,光电工程学院,硕士,2021,就业,西安大华智联技术有限公司,1
信息学部,光电工程学院,硕士,2021,就业,北京达佳互联信息技术有限公司,1
信息学部,光电工程学院,硕士,2021,就业,武汉中兴软件有限责任公司,1
信息学部,光电工程学院,硕士,2021,就业,四川天府银行股份有限公司,1
信息学部,光电工程学院,硕士,2021,就业,国网重庆市电力公司,1
信息学部,光电工程学院,硕士,2021,就业,太原航空仪表有限公司,1
信息学部,光电工程学院,硕士,2021,就业,华润微电子(重庆)有限公司,1
信息学部,光电工程学院,硕士,2021,出国(境)留学或工作,筑波大学,1
信息学部,光电工程学院,硕士,2021,就业,建德市党政储备人才服务中心,1
信息学部,光电工程学院,硕士,2021,就业,深信服科技股份有限公司,1
信息学部,光电工程学院,硕士,2021,就业,中国工程物理研究院电子工程研究所,1
信息学部,光电工程学院,硕士,2021,就业,重庆川仪分析仪器有限公司,1
信息学部,光电工程学院,硕士,2021,就业,四川微巨芯科技有限公司,1
信息学部,光电工程学院,硕士,2021,就业,河北华清环境科技集团股份有限公司,1
信息学部,光电工程学院,硕士,2021,就业,武汉工商学院,1
信息学部,光电工程学院,硕士,2021,选调生,中国共产党吕梁市纪律检查委员会,1
信息学部,光电工程学院,硕士,2021,就业,深圳市华星光电技术有限公司,1
信息学部,光电工程学院,硕士,2021,选调生,中共江西省委组织部,1
信息学部,光电工程学院,硕士,2021,就业,四川今日头条科技有限公司,1
信息学部,光电工程学院,硕士,2021,就业,华为技术有限公司南京研究所,1
信息学部,光电工程学院,硕士,2021,就业,四川航天烽火伺服控制技术有限公司,1
信息学部,光电工程学院,硕士,2021,选调生,中共乐山市委组织部,1
信息学部,光电工程学院,硕士,2021,就业,中国核动力研究设计院,1
信息学部,光电工程学院,硕士,2021,就业,安徽容知日新科技股份有限公司,1
信息学部,光电工程学院,硕士,2021,就业,武汉市科技项目管理服务中心,1
信息学部,光电工程学院,硕士,2021,升学,中国工程物理研究院,1
信息学部,光电工程学院,硕士,2021,就业,中国电子科技集团公司第三十八研究所,1
信息学部,光电工程学院,硕士,2021,出国(境)留学或工作,斯特拉斯堡大学,1
信息学部,光电工程学院,硕士,2021,就业,重庆航天火箭电子技术有限公司,1
信息学部,光电工程学院,硕士,2021,就业,上海复旦微电子集团股份有限公司,1
信息学部,光电工程学院,硕士,2021,就业,西门子(中国)有限公司成都软件开发分公司,1
信息学部,光电工程学院,硕士,2021,就业,北京新风航天装备有限公司,1
信息学部,光电工程学院,硕士,2021,就业,中国人民解放军63726部队,1
信息学部,光电工程学院,博士,2021,就业,重庆理工大学,3
信息学部,光电工程学院,博士,2021,就业,以色列理工学院,1
信息学部,光电工程学院,博士,2021,就业,河南工业大学,1
信息学部,光电工程学院,博士,2021,就业,成都华为技术有限公司,1
信息学部,光电工程学院,博士,2021,就业,重庆科技学院,1
信息学部,光电工程学院,博士,2021,就业,上海华为技术有限公司,1
信息学部,光电工程学院,博士,2021,就业,华中光电技术研究所,1
信息学部,光电工程学院,博士,2021,就业,南方科技大学,1
信息学部,光电工程学院,博士,2021,就业,西安空间无线电技术研究所,1
信息学部,光电工程学院,博士,2021,就业,中煤科工集团重庆研究院有限公司,1
信息学部,光电工程学院,博士,2021,就业,四川航天电子设备研究所,1
信息学部,光电工程学院,博士,2021,就业,枣庄学院,1
信息学部,光电工程学院,博士,2021,就业,北京京东世纪贸易有限公司,1
信息学部,光电工程学院,博士,2021,就业,海南大学,1
信息学部,光电工程学院,博士,2021,就业,河北工业大学,1
信息学部,光电工程学院,博士,2021,就业,武汉联影生命科学仪器有限公司,1
信息学部,光电工程学院,博士,2021,就业,重庆交通大学,1
信息学部,光电工程学院,博士,2021,就业,中国科学院福建物质结构研究所,1
信息学部,光电工程学院,本科,2022,就业,重庆大学,38
信息学部,光电工程学院,本科,2022,就业,比亚迪股份有限公司,6
信息学部,光电工程学院,本科,2022,升学,北京航空航天大学,6
信息学部,光电工程学院,本科,2022,就业,锐石创芯(深圳)科技有限公司,6
信息学部,光电工程学院,本科,2022,升学,天津大学,6
信息学部,光电工程学院,本科,2022,升学,电子科技大学,4
信息学部,光电工程学院,本科,2022,就业,中移物联网有限公司,4
信息学部,光电工程学院,本科,2022,升学,西安交通大学,4
信息学部,光电工程学院,本科,2022,就业,重庆红宇精密工业集团有限公司,3
信息学部,光电工程学院,本科,2022,就业,重庆长安汽车股份有限公司,3
信息学部,光电工程学院,本科,2022,就业,重庆传音通讯技术有限公司,2
信息学部,光电工程学院,本科,2022,升学,华南师范大学,2
信息学部,光电工程学院,本科,2022,就业,中电科技集团重庆声光电有限公司,2
信息学部,光电工程学院,本科,2022,升学,华中科技大学,2
信息学部,光电工程学院,本科,2022,升学,哈尔滨工业大学,2
信息学部,光电工程学院,本科,2022,升学,中国科学院大学,2
信息学部,光电工程学院,本科,2022,就业,宁波舜宇光电信息有限公司,2
信息学部,光电工程学院,本科,2022,升学,上海交通大学,2
信息学部,光电工程学院,本科,2022,就业,成都飞机工业(集团)有限责任公司,2
信息学部,光电工程学院,本科,2022,就业,潍柴动力股份有限公司重庆分公司,2
信息学部,光电工程学院,本科,2022,就业,重庆航天机电设计院,2
信息学部,光电工程学院,本科,2022,就业,杭州联吉技术有限公司,2
信息学部,光电工程学院,本科,2022,升学,武汉大学,2
信息学部,光电工程学院,本科,2022,就业,重庆中科渝芯电子有限公司,2
信息学部,光电工程学院,本科,2022,就业,江苏华恒新能源有限公司,1
信息学部,光电工程学院,本科,2022,升学,浙江大学,1
信息学部,光电工程学院,本科,2022,升学,国防科技大学,1
信息学部,光电工程学院,本科,2022,升学,中国科学院上海光学精密机械研究所,1
信息学部,光电工程学院,本科,2022,出国(境)留学或工作,南安普敦大学,1
信息学部,光电工程学院,本科,2022,就业,个旧市市场监督管理局(个旧市人民政府食品安全委员会办公室),1
信息学部,光电工程学院,本科,2022,升学,江南大学,1
信息学部,光电工程学院,本科,2022,出国(境)留学或工作,格拉斯哥大学,1
信息学部,光电工程学院,本科,2022,就业,芯动微电子科技(珠海)有限公司,1
信息学部,光电工程学院,本科,2022,就业,中国电子科技集团公司第三十四研究所,1
信息学部,光电工程学院,本科,2022,就业,杭州衡泰软件有限公司,1
信息学部,光电工程学院,本科,2022,就业,深圳市海目星激光智能装备股份有限公司,1
信息学部,光电工程学院,本科,2022,就业,京东方科技集团股份有限公司,1
信息学部,光电工程学院,本科,2022,就业,中煤科工集团重庆研究院有限公司,1
信息学部,光电工程学院,本科,2022,就业,紫金矿业集团股份有限公司,1
信息学部,光电工程学院,本科,2022,升学,北京信息科技大学,1
信息学部,光电工程学院,本科,2022,出国(境)留学或工作,南洋理工大学,1
信息学部,光电工程学院,本科,2022,就业,屏边苗族自治县乡村振兴局,1
信息学部,光电工程学院,本科,2022,就业,中航西安飞机工业集团股份有限公司,1
信息学部,光电工程学院,本科,2022,升学,南开大学,1
信息学部,光电工程学院,本科,2022,就业,中国石油集团济柴动力有限公司成都压缩机分公司,1
信息学部,光电工程学院,本科,2022,就业,四川新川航空仪器有限责任公司,1
信息学部,光电工程学院,本科,2022,就业,泰晶科技股份有限公司,1
信息学部,光电工程学院,本科,2022,就业,深圳市思远半导体有限公司,1
信息学部,光电工程学院,本科,2022,升学,大连理工大学,1
信息学部,光电工程学院,本科,2022,就业,国网新疆电力有限公司喀什供电公司,1
信息学部,光电工程学院,本科,2022,就业,重庆冠宇电池有限公司,1
信息学部,光电工程学院,本科,2022,就业,核工业工程研究设计有限公司,1
信息学部,光电工程学院,本科,2022,就业,中国航发贵州红林航空动力控制科技有限公司,1
信息学部,光电工程学院,本科,2022,就业,正博房地产开发有限公司,1
信息学部,光电工程学院,本科,2022,就业,重庆长安汽车软件科技有限公司,1
信息学部,光电工程学院,本科,2022,就业,中兴通讯股份有限公司,1
信息学部,光电工程学院,本科,2022,就业,中国航发贵州黎阳航空动力有限公司,1
信息学部,光电工程学院,本科,2022,选调生,中国共产党遂宁市委员会组织部,1
信息学部,光电工程学院,本科,2022,升学,中国科学院光电技术研究所,1
信息学部,光电工程学院,本科,2022,升学,华中光电技术研究所,1
信息学部,光电工程学院,本科,2022,就业,重庆京东方显示技术有限公司,1
信息学部,光电工程学院,本科,2022,就业,小米通讯技术有限公司,1
信息学部,光电工程学院,本科,2022,就业,广西电网有限责任公司南宁供电局,1
信息学部,光电工程学院,本科,2022,就业,重庆德科电子仪表有限公司,1
信息学部,光电工程学院,本科,2022,就业,武汉华星光电半导体显示技术有限公司,1
信息学部,光电工程学院,本科,2022,就业,江苏核电有限公司,1
信息学部,光电工程学院,本科,2022,就业,东方电气(广州)重型机器有限公司,1
信息学部,光电工程学院,本科,2022,就业,中国建设银行股份有限公司海南省分行,1
信息学部,光电工程学院,本科,2022,选调生,广州市天河区市场监督管理局,1
信息学部,光电工程学院,本科,2022,就业,广西柳州钢铁集团有限公司,1
信息学部,光电工程学院,本科,2022,就业,重庆惠科金渝光电科技有限公司,1
信息学部,光电工程学院,本科,2022,就业,重庆长安工业(集团)有限责任公司,1
信息学部,光电工程学院,本科,2022,升学,华南理工大学,1
信息学部,光电工程学院,本科,2022,升学,西北工业大学,1
信息学部,光电工程学院,本科,2022,就业,基恩士(中国)有限公司,1
信息学部,光电工程学院,本科,2022,升学,东南大学,1
信息学部,光电工程学院,本科,2022,升学,广西师范大学,1
信息学部,光电工程学院,本科,2022,就业,中国联合网络通信有限公司喀什地区分公司,1
信息学部,光电工程学院,本科,2022,就业,重庆宇隆光电科技股份有限公司,1
信息学部,光电工程学院,本科,2022,就业,一汽解放汽车有限公司无锡柴油机厂,1
信息学部,光电工程学院,本科,2022,就业,荣耀终端有限公司,1
信息学部,光电工程学院,本科,2022,志愿服务西部计划,乌鲁木齐县应急管理局,1
信息学部,光电工程学院,本科,2022,升学,中国科学院空天信息创新研究院,1
信息学部,光电工程学院,本科,2022,就业,中国人民解放军第五七二〇工厂,1
信息学部,光电工程学院,本科,2022,升学,中国科学技术大学,1
信息学部,光电工程学院,本科,2022,就业,贵州振华风光半导体股份有限公司,1
信息学部,光电工程学院,本科,2022,就业,四川航天燎原科技有限公司,1
信息学部,光电工程学院,本科,2022,就业,重庆材料研究院有限公司,1
信息学部,光电工程学院,本科,2022,就业,重庆中科芯亿达电子有限公司,1
信息学部,光电工程学院,本科,2022,升学,中国科学院上海微系统与信息技术研究所,1
信息学部,光电工程学院,本科,2022,就业,普联技术有限公司,1
信息学部,光电工程学院,本科,2022,就业,记忆科技(深圳)有限公司,1
信息学部,光电工程学院,本科,2022,就业,贵阳航空电机有限公司,1
信息学部,光电工程学院,本科,2022,就业,国家税务总局仁寿县税务局,1
信息学部,光电工程学院,本科,2022,就业,武汉航空仪表有限责任公司,1
信息学部,光电工程学院,本科,2022,就业,重庆川仪控制系统有限公司上海分公司,1
信息学部,光电工程学院,本科,2022,升学,复旦大学,1
信息学部,光电工程学院,本科,2022,出国(境)留学或工作,诺丁汉大学,1
信息学部,光电工程学院,本科,2022,就业,国网四川省电力公司成都供电公司,1
信息学部,光电工程学院,本科,2022,就业,成都思科瑞微电子股份有限公司,1
信息学部,光电工程学院,本科,2022,就业,上海欣诺通信技术股份有限公司,1
信息学部,光电工程学院,本科,2022,出国(境)留学或工作,香港科技大学,1
信息学部,光电工程学院,本科,2022,升学,清华大学,1
信息学部,光电工程学院,本科,2022,就业,中国电信股份有限公司重庆分公司,1
信息学部,光电工程学院,硕士,2022,就业,中电科技集团重庆声光电有限公司,10
信息学部,光电工程学院,硕士,2022,就业,成都华为技术有限公司,7
信息学部,光电工程学院,硕士,2022,就业,联合微电子中心有限责任公司,5
信息学部,光电工程学院,硕士,2022,就业,深圳迈瑞生物医疗电子股份有限公司,5
信息学部,光电工程学院,硕士,2022,就业,小米通讯技术有限公司,4
信息学部,光电工程学院,硕士,2022,就业,深圳市汇顶科技股份有限公司,4
信息学部,光电工程学院,硕士,2022,就业,紫光展锐(重庆)科技有限公司,3
信息学部,光电工程学院,硕士,2022,就业,中国电子科技集团公司第五十八研究所,3
信息学部,光电工程学院,硕士,2022,就业,华为技术有限公司,3
信息学部,光电工程学院,硕士,2022,就业,深圳市大疆创新科技有限公司,3
信息学部,光电工程学院,硕士,2022,就业,重庆金美通信有限责任公司,3
信息学部,光电工程学院,硕士,2022,就业,象帝先计算技术(重庆)有限公司,2
信息学部,光电工程学院,硕士,2022,就业,用友网络科技股份有限公司,2
信息学部,光电工程学院,硕士,2022,就业,西安华为技术有限公司,2
信息学部,光电工程学院,硕士,2022,就业,杭州海康威视数字技术股份有限公司,2
信息学部,光电工程学院,硕士,2022,就业,联发芯软件设计(成都)有限公司,2
信息学部,光电工程学院,硕士,2022,就业,海光信息技术股份有限公司,2
信息学部,光电工程学院,硕士,2022,就业,中船重工安谱(湖北)仪器有限公司,2
信息学部,光电工程学院,硕士,2022,就业,维沃移动通信有限公司,2
信息学部,光电工程学院,硕士,2022,就业,杭州华为企业通信技术有限公司,2
信息学部,光电工程学院,硕士,2022,就业,哲库科技(上海)有限公司成都分公司,1
信息学部,光电工程学院,硕士,2022,就业,摩尔线程智能科技(成都)有限责任公司,1
信息学部,光电工程学院,硕士,2022,选调生,中国共产党富宁县纪律检查委员会,1
信息学部,光电工程学院,硕士,2022,就业,博世电动工具(中国)有限公司,1
信息学部,光电工程学院,硕士,2022,就业,中国工程物理研究院电子工程研究所,1
信息学部,光电工程学院,硕士,2022,就业,重庆吉芯科技有限公司,1
信息学部,光电工程学院,硕士,2022,就业,上海随训通电子科技有限公司,1
信息学部,光电工程学院,硕士,2022,就业,谱瑞集成电路(重庆)有限公司,1
信息学部,光电工程学院,硕士,2022,就业,中国飞行试验研究院,1
信息学部,光电工程学院,硕士,2022,就业,湖州市行知中学,1
信息学部,光电工程学院,硕士,2022,就业,长飞光纤光缆股份有限公司,1
信息学部,光电工程学院,硕士,2022,就业,中国电子科技集团公司第五十四研究所,1
信息学部,光电工程学院,硕士,2022,就业,武汉迈瑞医疗技术研究院有限公司,1
信息学部,光电工程学院,硕士,2022,就业,北方华创科技集团股份有限公司,1
信息学部,光电工程学院,硕士,2022,就业,上海海思技术有限公司,1
信息学部,光电工程学院,硕士,2022,就业,北京有竹居网络技术有限公司,1
信息学部,光电工程学院,硕士,2022,就业,北方自动控制技术研究所,1
信息学部,光电工程学院,硕士,2022,就业,中国电子科技集团公司第三十研究所,1
信息学部,光电工程学院,硕士,2022,就业,中兴通讯股份有限公司,1
信息学部,光电工程学院,硕士,2022,就业,深圳开立生物医疗科技股份有限公司,1
信息学部,光电工程学院,硕士,2022,就业,普联技术有限公司,1
信息学部,光电工程学院,硕士,2022,就业,63811部队,1
信息学部,光电工程学院,硕士,2022,就业,联想(北京)有限公司,1
信息学部,光电工程学院,硕士,2022,就业,恒玄科技(上海)股份有限公司,1
信息学部,光电工程学院,硕士,2022,出国(境)留学或工作,新加坡国立大学,1
信息学部,光电工程学院,硕士,2022,就业,中国工程物理研究院核物理与化学研究所,1
信息学部,光电工程学院,硕士,2022,就业,重庆西南集成电路设计有限责任公司,1
信息学部,光电工程学院,硕士,2022,就业,厦门虹鹭钨钼工业有限公司,1
信息学部,光电工程学院,硕士,2022,升学,东南大学,1
信息学部,光电工程学院,硕士,2022,升学,浙江大学,1
信息学部,光电工程学院,硕士,2022,选调生,中国共产党宜宾市委员会组织部,1
信息学部,光电工程学院,硕士,2022,就业,杭州海康微影传感科技有限公司滨江分公司,1
信息学部,光电工程学院,硕士,2022,就业,北京强度环境研究所,1
信息学部,光电工程学院,硕士,2022,就业,杭州联吉技术有限公司,1
信息学部,光电工程学院,硕士,2022,就业,联想(上海)信息技术有限公司,1
信息学部,光电工程学院,硕士,2022,就业,江西洪都航空工业集团有限责任公司,1
信息学部,光电工程学院,硕士,2022,就业,江苏卓胜微电子股份有限公司,1
信息学部,光电工程学院,硕士,2022,就业,中国航空工业集团公司洛阳电光设备研究所,1
信息学部,光电工程学院,硕士,2022,就业,上海飞机制造有限公司,1
信息学部,光电工程学院,硕士,2022,就业,上海传英信息技术有限公司,1
信息学部,光电工程学院,硕士,2022,就业,网易(杭州)网络有限公司,1
信息学部,光电工程学院,硕士,2022,就业,东方电气集团东方电机有限公司,1
信息学部,光电工程学院,硕士,2022,就业,江苏满运物流信息有限公司,1
信息学部,光电工程学院,硕士,2022,就业,浙江天猫技术有限公司,1
信息学部,光电工程学院,硕士,2022,就业,上海壁仞智能科技有限公司,1
信息学部,光电工程学院,硕士,2022,就业,海信集团控股股份有限公司,1
信息学部,光电工程学院,硕士,2022,选调生,中国共产党雅安市委员会组织部,1
信息学部,光电工程学院,硕士,2022,就业,北京小米移动软件有限公司南京分公司,1
信息学部,光电工程学院,硕士,2022,升学,华中科技大学,1
信息学部,光电工程学院,硕士,2022,就业,上海浦东发展银行股份有限公司成都分行,1
信息学部,光电工程学院,硕士,2022,就业,浙江大华技术股份有限公司,1
信息学部,光电工程学院,硕士,2022,就业,武汉联影医疗科技有限公司,1
信息学部,光电工程学院,硕士,2022,就业,石家庄麦特达电子科技有限公司,1
信息学部,光电工程学院,硕士,2022,就业,中国移动(浙江)创新研究院有限公司,1
信息学部,光电工程学院,硕士,2022,就业,上海艾为电子技术股份有限公司,1
信息学部,光电工程学院,硕士,2022,就业,成都京东方光电科技有限公司,1
信息学部,光电工程学院,硕士,2022,选调生,中共彭水苗族土家族自治县委组织部,1
信息学部,光电工程学院,硕士,2022,就业,中国工程物理研究院材料研究所,1
信息学部,光电工程学院,硕士,2022,就业,浪潮集团有限公司,1
信息学部,光电工程学院,硕士,2022,就业,成都欧珀通信科技有限公司,1
信息学部,光电工程学院,硕士,2022,就业,新华三人工智能科技有限公司,1
信息学部,光电工程学院,硕士,2022,就业,凯迈(洛阳)测控有限公司,1
信息学部,光电工程学院,硕士,2022,就业,百度在线网络技术(北京)有限公司,1
信息学部,光电工程学院,硕士,2022,选调生,中共巴中市委组织部,1
信息学部,光电工程学院,硕士,2022,就业,湖州市吴兴区人力资源开发与服务中心,1
信息学部,光电工程学院,硕士,2022,选调生,中共江西省委组织部,1
信息学部,光电工程学院,硕士,2022,就业,西安荣耀终端有限公司,1
信息学部,光电工程学院,硕士,2022,就业,杭州芯正微电子有限公司,1
信息学部,光电工程学院,硕士,2022,就业,上海微创医疗机器人(集团)股份有限公司,1
信息学部,光电工程学院,博士,2022,就业,重庆师范大学,2
信息学部,光电工程学院,博士,2022,出国(境)留学或工作,南洋理工大学,2
信息学部,光电工程学院,博士,2022,就业,清华大学,1
信息学部,光电工程学院,博士,2022,就业,重庆科技学院,1
信息学部,光电工程学院,博士,2022,出国(境)留学或工作,洛桑联邦理工学院,1
信息学部,光电工程学院,博士,2022,就业,香港大学,1
信息学部,光电工程学院,博士,2022,就业,烟台大学,1
信息学部,光电工程学院,博士,2022,就业,河南师范大学,1
信息学部,光电工程学院,博士,2022,就业,江门市人才工作局,1
信息学部,光电工程学院,博士,2022,就业,华为技术有限公司,1
信息学部,光电工程学院,博士,2022,出国(境)留学或工作,新加坡国立大学,1
信息学部,光电工程学院,博士,2022,就业,广东以色列理工学院,1
信息学部,光电工程学院,博士,2022,就业,成都信息工程大学,1
信息学部,光电工程学院,博士,2022,就业,河南工业大学,1
信息学部,光电工程学院,博士,2022,就业,铜仁学院,1
信息学部,光电工程学院,博士,2022,选调生,中共巴中市委组织部,1
信息学部,光电工程学院,博士,2022,就业,战略支援部队信息工程大学,1
信息学部,光电工程学院,博士,2022,就业,中国兵器工业集团第二〇二研究所,1
信息学部,光电工程学院,博士,2022,就业,重庆工商大学,1
信息学部,光电工程学院,本科,2023,升学,重庆大学,54
信息学部,光电工程学院,本科,2023,升学,北京航空航天大学,11
信息学部,光电工程学院,本科,2023,升学,国防科学技术大学,3
信息学部,光电工程学院,本科,2023,就业,重庆中科渝芯电子有限公司,3
信息学部,光电工程学院,本科,2023,升学,西安交通大学,3
信息学部,光电工程学院,本科,2023,升学,南京大学,3
信息学部,光电工程学院,本科,2023,升学,北京理工大学,3
信息学部,光电工程学院,本科,2023,升学,中国科学院大学,3
信息学部,光电工程学院,本科,2023,升学,天津大学,3
信息学部,光电工程学院,本科,2023,就业,比亚迪股份有限公司,3
信息学部,光电工程学院,本科,2023,就业,奇瑞商用车(安徽)有限公司,2
信息学部,光电工程学院,本科,2023,升学,上海交通大学,2
信息学部,光电工程学院,本科,2023,升学,东南大学,2
信息学部,光电工程学院,本科,2023,就业,重庆京东方显示技术有限公司,2
信息学部,光电工程学院,本科,2023,就业,重庆惠科金渝光电科技有限公司,2
信息学部,光电工程学院,本科,2023,升学,浙江大学,2
信息学部,光电工程学院,本科,2023,就业,深圳拓邦股份有限公司,2
信息学部,光电工程学院,本科,2023,升学,中国科学技术大学,2
信息学部,光电工程学院,本科,2023,升学,中山大学,1
信息学部,光电工程学院,本科,2023,就业,国网西藏电力有限公司阿里供电公司,1
信息学部,光电工程学院,本科,2023,就业,鲲鹏基因(北京)科技有限责任公司,1
信息学部,光电工程学院,本科,2023,就业,重庆梧桐车联科技有限公司,1
信息学部,光电工程学院,本科,2023,就业,重庆航天火箭电子技术有限公司,1
信息学部,光电工程学院,本科,2023,就业,富联精密电子(天津)有限公司,1
信息学部,光电工程学院,本科,2023,就业,烽火通信科技股份有限公司,1
信息学部,光电工程学院,本科,2023,就业,南阳利达光电有限公司,1
信息学部,光电工程学院,本科,2023,就业,深圳和而泰智能控制股份有限公司,1
信息学部,光电工程学院,本科,2023,就业,宁德时代新能源科技股份有限公司,1
信息学部,光电工程学院,本科,2023,就业,重庆长安望江工业集团有限公司,1
信息学部,光电工程学院,本科,2023,就业,广东电网有限责任公司汕头供电局,1
信息学部,光电工程学院,本科,2023,出国(境)留学或工作,埃因霍温理工大学,1
信息学部,光电工程学院,本科,2023,就业,云南电网有限责任公司昆明供电局,1
信息学部,光电工程学院,本科,2023,就业,演绎诗(重庆)文创策划工作室,1
信息学部,光电工程学院,本科,2023,志愿服务西部计划,北京立德未来助学公益基金会,1
信息学部,光电工程学院,本科,2023,就业,深圳市杰普特光电股份有限公司,1
信息学部,光电工程学院,本科,2023,就业,中元汇吉生物技术股份有限公司,1
信息学部,光电工程学院,本科,2023,就业,深圳洛克创新科技有限公司,1
信息学部,光电工程学院,本科,2023,升学,北京工业大学,1
信息学部,光电工程学院,本科,2023,就业,北斗星通智联科技有限责任公司,1
信息学部,光电工程学院,本科,2023,就业,深圳市鼎阳科技股份有限公司,1
信息学部,光电工程学院,本科,2023,就业,上海华测导航技术股份有限公司,1
信息学部,光电工程学院,本科,2023,就业,上海庆达劳务有限公司,1
信息学部,光电工程学院,本科,2023,升学,哈尔滨工业大学,1
信息学部,光电工程学院,本科,2023,出国(境)留学或工作,新加坡国立大学,1
信息学部,光电工程学院,本科,2023,就业,深圳市联洲国际技术有限公司,1
信息学部,光电工程学院,本科,2023,就业,记忆科技(深圳)有限公司,1
信息学部,光电工程学院,本科,2023,就业,东方鑫源控股有限公司,1
信息学部,光电工程学院,本科,2023,就业,福建星网锐捷通讯股份有限公司,1
信息学部,光电工程学院,本科,2023,出国(境)留学或工作,谢菲尔德大学,1
信息学部,光电工程学院,本科,2023,就业,重庆开州发电有限公司,1
信息学部,光电工程学院,本科,2023,就业,浪潮集团有限公司,1
信息学部,光电工程学院,本科,2023,就业,浙江春风动力股份有限公司,1
信息学部,光电工程学院,本科,2023,就业,中国船舶重工集团长江科技有限公司,1
信息学部,光电工程学院,本科,2023,就业,江苏省建筑工程集团有限公司,1
信息学部,光电工程学院,本科,2023,就业,四川英杰电气股份有限公司,1
信息学部,光电工程学院,本科,2023,就业,浙江正泰电器股份有限公司,1
信息学部,光电工程学院,本科,2023,升学,太原理工大学,1
信息学部,光电工程学院,本科,2023,升学,西安工业大学,1
信息学部,光电工程学院,本科,2023,升学,中国工程物理研究院906所,1
信息学部,光电工程学院,本科,2023,升学,华东理工大学,1
信息学部,光电工程学院,本科,2023,就业,湖北三江航天红峰控制有限公司,1
信息学部,光电工程学院,本科,2023,就业,北京宏动科技股份有限公司长沙分公司,1
信息学部,光电工程学院,本科,2023,就业,重庆贝业达建筑装饰工程有限公司,1
信息学部,光电工程学院,本科,2023,就业,贵州航天控制技术有限公司,1
信息学部,光电工程学院,本科,2023,就业,惠州市永鑫茂实业有限公司,1
信息学部,光电工程学院,本科,2023,就业,中国农业银行股份有限公司广西壮族自治区分行,1
信息学部,光电工程学院,本科,2023,就业,利辛县望疃学区李盘小学,1
信息学部,光电工程学院,本科,2023,选调生,潼南区委组织部,1
信息学部,光电工程学院,本科,2023,出国(境)留学或工作,香港理工大学,1
信息学部,光电工程学院,本科,2023,就业,甘肃瑞诚信息技术有限公司,1
信息学部,光电工程学院,本科,2023,就业,江西省吉安市万安县乡镇机关,1
信息学部,光电工程学院,本科,2023,升学,西北工业大学,1
信息学部,光电工程学院,本科,2023,就业,赛力斯汽车有限公司,1
信息学部,光电工程学院,本科,2023,升学,上海材料研究所,1
信息学部,光电工程学院,本科,2023,就业,桂林航天电子有限公司,1
信息学部,光电工程学院,本科,2023,升学,复旦大学,1
信息学部,光电工程学院,本科,2023,就业,中检集团南方测试股份有限公司,1
信息学部,光电工程学院,本科,2023,就业,天水华天科技股份有限公司,1
信息学部,光电工程学院,本科,2023,就业,金升阳(怀化)科技有限公司,1
信息学部,光电工程学院,本科,2023,就业,中国联合网络通信有限公司重庆市分公司,1
信息学部,光电工程学院,本科,2023,就业,东风柳州汽车有限公司,1
信息学部,光电工程学院,本科,2023,就业,交通银行股份有限公司,1
信息学部,光电工程学院,本科,2023,就业,国核自仪系统工程有限公司,1
信息学部,光电工程学院,本科,2023,选调生,中国共产党毕节市委员会组织部,1
信息学部,光电工程学院,本科,2023,就业,中国移动通信集团福建有限公司,1
信息学部,光电工程学院,本科,2023,就业,上汽通用五菱汽车股份有限公司重庆分公司,1
信息学部,光电工程学院,本科,2023,就业,四川千正木业有限责任公司,1
信息学部,光电工程学院,本科,2023,就业,青海君强建设工程有限公司,1
信息学部,光电工程学院,本科,2023,就业,重庆万盛福耀玻璃有限公司,1
信息学部,光电工程学院,本科,2023,就业,鄯善县连木沁镇汗都坎小学,1
信息学部,光电工程学院,本科,2023,升学,厦门大学,1
信息学部,光电工程学院,本科,2023,就业,上汽通用五菱汽车股份有限公司,1
信息学部,光电工程学院,本科,2023,就业,重庆川仪自动化股份有限公司执行器分公司,1
信息学部,光电工程学院,本科,2023,就业,郑州宇通集团有限公司,1
信息学部,光电工程学院,本科,2023,出国(境)留学或工作,昆士兰大学,1
信息学部,光电工程学院,本科,2023,升学,上海科技大学,1
信息学部,光电工程学院,本科,2023,就业,广州金升阳科技有限公司,1
信息学部,光电工程学院,本科,2023,就业,东方鑫源集团有限公司,1
信息学部,光电工程学院,本科,2023,就业,乌鲁木齐行政事业单位监督局,1
信息学部,光电工程学院,硕士,2023,就业,重庆长安汽车软件科技有限公司,9
信息学部,光电工程学院,硕士,2023,就业,比亚迪股份有限公司,4
信息学部,光电工程学院,硕士,2023,就业,芯原微电子(成都)有限公司,3
信息学部,光电工程学院,硕士,2023,就业,中电科芯片技术(集团)有限公司,3
信息学部,光电工程学院,硕士,2023,就业,西南电子设备研究所(中国电子科技集团公司第二十九研究所),3
信息学部,光电工程学院,硕士,2023,就业,成都凯天电子股份有限公司,3
信息学部,光电工程学院,硕士,2023,就业,北方自动控制技术研究所,3
信息学部,光电工程学院,硕士,2023,就业,重庆大学,2
信息学部,光电工程学院,硕士,2023,就业,珠海格力电器股份有限公司,2
信息学部,光电工程学院,硕士,2023,选调生,江西省委组织部,2
信息学部,光电工程学院,硕士,2023,就业,瑞晟微电子(苏州)有限公司,2
信息学部,光电工程学院,硕士,2023,就业,深圳市紫光同创电子有限公司成都分公司,2
信息学部,光电工程学院,硕士,2023,就业,重庆金美通信有限责任公司,2
信息学部,光电工程学院,硕士,2023,就业,象帝先计算技术(重庆)有限公司,2
信息学部,光电工程学院,硕士,2023,就业,贵州天义电器有限责任公司,2
信息学部,光电工程学院,硕士,2023,就业,中航光电科技股份有限公司,2
信息学部,光电工程学院,硕士,2023,升学,哈尔滨工业大学(深圳校区),1
信息学部,光电工程学院,硕士,2023,就业,浙江浙能技术研究院有限公司,1
信息学部,光电工程学院,硕士,2023,就业,重庆星网网络系统研究院有限公司,1
信息学部,光电工程学院,硕士,2023,就业,成都国星通信有限公司,1
信息学部,光电工程学院,硕士,2023,就业,苏州汇川控制技术有限公司,1
信息学部,光电工程学院,硕士,2023,就业,中兴通讯股份有限公司,1
信息学部,光电工程学院,硕士,2023,就业,重庆长安汽车股份有限公司,1
信息学部,光电工程学院,硕士,2023,就业,中国联合网络通信有限公司贵州省分公司,1
信息学部,光电工程学院,硕士,2023,就业,国家能源集团科学技术研究院有限公司,1
信息学部,光电工程学院,硕士,2023,就业,武汉衍熙微器件有限公司,1
信息学部,光电工程学院,硕士,2023,就业,中国星网网络应用有限公司,1
信息学部,光电工程学院,硕士,2023,就业,三一重型装备有限公司,1
信息学部,光电工程学院,硕士,2023,就业,四川讯飞超脑信息科技有限公司,1
信息学部,光电工程学院,硕士,2023,就业,武汉迈瑞医疗技术研究院有限公司,1
信息学部,光电工程学院,硕士,2023,就业,大亚湾核电运营管理有限责任公司,1
信息学部,光电工程学院,硕士,2023,就业,湖北航天技术研究院总体设计所,1
信息学部,光电工程学院,硕士,2023,就业,中国航空工业集团公司西安飞机设计研究所,1
信息学部,光电工程学院,硕士,2023,就业,航天新通科技有限公司,1
信息学部,光电工程学院,硕士,2023,就业,三台中学校,1
信息学部,光电工程学院,硕士,2023,升学,哈尔滨工业大学(深圳),1
信息学部,光电工程学院,硕士,2023,就业,江西赣锋锂业股份有限公司,1
信息学部,光电工程学院,硕士,2023,就业,北京经纬恒润科技股份有限公司,1
信息学部,光电工程学院,硕士,2023,就业,南京科瑞达电子装备有限责任公司,1
信息学部,光电工程学院,硕士,2023,就业,成都华为技术有限公司,1
信息学部,光电工程学院,硕士,2023,就业,谱瑞集成电路(重庆)有限公司,1
信息学部,光电工程学院,硕士,2023,就业,中电科申泰信息科技有限公司,1
信息学部,光电工程学院,硕士,2023,就业,佳都科技集团股份有限公司,1
信息学部,光电工程学院,硕士,2023,选调生,中国共产党遂宁市委员会组织部,1
信息学部,光电工程学院,硕士,2023,就业,杭州海康威视数字技术股份有限公司,1
信息学部,光电工程学院,硕士,2023,就业,新华三技术有限公司合肥分公司,1
信息学部,光电工程学院,硕士,2023,就业,中国电子科技集团公司第十研究所,1
信息学部,光电工程学院,硕士,2023,就业,许昌烟草机械有限责任公司,1
信息学部,光电工程学院,硕士,2023,就业,武汉万集光电技术有限公司,1
信息学部,光电工程学院,硕士,2023,就业,国核示范电站有限责任公司,1
信息学部,光电工程学院,硕士,2023,就业,中国石油天然气股份有限公司西南油气田分公司,1
信息学部,光电工程学院,硕士,2023,就业,四川中烟工业有限责任公司什邡卷烟厂,1
信息学部,光电工程学院,硕士,2023,就业,深圳市大疆创新科技有限公司,1
信息学部,光电工程学院,硕士,2023,就业,中国飞行试验研究院,1
信息学部,光电工程学院,硕士,2023,就业,中电科技集团重庆声光电有限公司,1
信息学部,光电工程学院,硕士,2023,就业,重庆吉芯科技有限公司,1
信息学部,光电工程学院,硕士,2023,就业,中国工程物理研究院流体物理研究所,1
信息学部,光电工程学院,硕士,2023,就业,杭州广立微电子股份有限公司,1
信息学部,光电工程学院,硕士,2023,就业,重庆传音通讯技术有限公司,1
信息学部,光电工程学院,硕士,2023,就业,广西北投环保水务集团有限公司,1
信息学部,光电工程学院,硕士,2023,就业,成都飞机工业(集团)有限责任公司,1
信息学部,光电工程学院,硕士,2023,就业,武汉华星光电技术有限公司,1
信息学部,光电工程学院,硕士,2023,升学,东南大学,1
信息学部,光电工程学院,硕士,2023,就业,宁德时代润智软件科技有限公司,1
信息学部,光电工程学院,硕士,2023,升学,上海交通大学,1
信息学部,光电工程学院,硕士,2023,就业,东风汽车集团股份有限公司,1
信息学部,光电工程学院,硕士,2023,就业,中国重型汽车集团有限公司,1
信息学部,光电工程学院,硕士,2023,就业,海信家电集团股份有限公司,1
信息学部,光电工程学院,硕士,2023,就业,博世氢动力系统(重庆)有限公司,1
信息学部,光电工程学院,硕士,2023,就业,青芯半导体科技(上海)有限公司,1
信息学部,光电工程学院,硕士,2023,就业,南京矽力微电子技术有限公司,1
信息学部,光电工程学院,硕士,2023,选调生,中共六盘水市委组织部,1
信息学部,光电工程学院,硕士,2023,就业,杭州谱育科技发展有限公司,1
信息学部,光电工程学院,硕士,2023,选调生,中共重庆市铜梁区委组织部,1
信息学部,光电工程学院,硕士,2023,就业,中国电信股份有限公司湖北分公司,1
信息学部,光电工程学院,硕士,2023,就业,深圳市汇顶科技股份有限公司,1
信息学部,光电工程学院,硕士,2023,就业,东风汽车集团股份有限公司岚图汽车科技分公司,1
信息学部,光电工程学院,硕士,2023,就业,联想(北京)有限公司,1
信息学部,光电工程学院,硕士,2023,就业,中国航空工业集团公司济南特种结构研究所,1
信息学部,光电工程学院,硕士,2023,就业,中科芯集成电路有限公司,1
信息学部,光电工程学院,硕士,2023,就业,招银网络科技(杭州)有限公司,1
信息学部,光电工程学院,硕士,2023,就业,北醒(北京)光子科技有限公司,1
信息学部,光电工程学院,硕士,2023,就业,重庆航天机电设计院,1
信息学部,光电工程学院,硕士,2023,就业,武汉联特科技股份有限公司,1
信息学部,光电工程学院,硕士,2023,就业,中国工程物理研究院应用电子学研究所,1
信息学部,光电工程学院,硕士,2023,就业,中芯国际集成电路制造(上海)有限公司,1
信息学部,光电工程学院,硕士,2023,就业,首都航天机械有限公司,1
信息学部,光电工程学院,硕士,2023,就业,重庆川仪自动化股份有限公司技术中心,1
信息学部,光电工程学院,硕士,2023,就业,上海联影智融医疗科技有限公司,1
信息学部,光电工程学院,硕士,2023,就业,西安荣耀终端有限公司,1
信息学部,光电工程学院,硕士,2023,就业,西安昆仑工业(集团)有限责任公司,1
信息学部,光电工程学院,硕士,2023,就业,浙江绿色智行科创有限公司,1
信息学部,光电工程学院,硕士,2023,就业,联合汽车电子有限公司重庆分公司,1
信息学部,光电工程学院,硕士,2023,就业,中国人民解放军32076部队,1
信息学部,光电工程学院,博士,2023,就业,重庆邮电大学,2
信息学部,光电工程学院,博士,2023,就业,重庆电子工程职业学院,2
信息学部,光电工程学院,博士,2023,就业,华为技术有限公司,2
信息学部,光电工程学院,博士,2023,就业,重庆交通大学,1
信息学部,光电工程学院,博士,2023,就业,比亚迪股份有限公司,1
信息学部,光电工程学院,博士,2023,就业,西华大学,1
信息学部,光电工程学院,博士,2023,就业,河南理工大学,1
信息学部,光电工程学院,博士,2023,选调生,中共重庆市委组织部,1
信息学部,光电工程学院,博士,2023,就业,佛罗里达州立大学,1
信息学部,光电工程学院,博士,2023,就业,中国工程物理研究院流体物理研究所,1
信息学部,光电工程学院,博士,2023,就业,中国电子科技集团公司第二十九研究所,1
信息学部,光电工程学院,博士,2023,就业,上海华为数字能源技术有限公司,1
信息学部,光电工程学院,博士,2023,就业,成都工业学院,1
信息学部,光电工程学院,博士,2023,就业,西北农林科技大学,1
信息学部,光电工程学院,博士,2023,就业,内蒙古工业大学,1
信息学部,光电工程学院,博士,2023,就业,中国科学院光电技术研究所,1
信息学部,光电工程学院,博士,2023,就业,长江大学,1
信息学部,光电工程学院,博士,2023,就业,重庆师范大学,1
信息学部,光电工程学院,博士,2023,就业,香港理工大学,1
信息学部,光电工程学院,博士,2023,就业,中山大学,1
信息学部,光电工程学院,博士,2023,就业,重庆理工大学,1
信息学部,光电工程学院,博士,2023,就业,中国科学院大连化学物理研究所,1
信息学部,微电子与通信工程学院,本科,2021,就业,重庆大学,67
信息学部,微电子与通信工程学院,本科,2021,升学,电子科技大学,23
信息学部,微电子与通信工程学院,本科,2021,升学,东南大学,9
信息学部,微电子与通信工程学院,本科,2021,升学,西安交通大学,5
信息学部,微电子与通信工程学院,本科,2021,就业,华为技术有限公司,4
信息学部,微电子与通信工程学院,本科,2021,就业,比亚迪股份有限公司,3
信息学部,微电子与通信工程学院,本科,2021,升学,华中科技大学,3
信息学部,微电子与通信工程学院,本科,2021,升学,中国科学技术大学,2
信息学部,微电子与通信工程学院,本科,2021,就业,中国联合网络通信有限公司重庆市分公司,2
信息学部,微电子与通信工程学院,本科,2021,就业,世源科技工程有限公司,2
信息学部,微电子与通信工程学院,本科,2021,升学,西安电子科技大学,2
信息学部,微电子与通信工程学院,本科,2021,就业,重庆长安汽车股份有限公司,2
信息学部,微电子与通信工程学院,本科,2021,就业,中兴通讯股份有限公司,2
信息学部,微电子与通信工程学院,本科,2021,升学,中国科学院空天信息创新研究院,2
信息学部,微电子与通信工程学院,本科,2021,就业,北京六方云科技有限公司,2
信息学部,微电子与通信工程学院,本科,2021,升学,天津大学,2
信息学部,微电子与通信工程学院,本科,2021,就业,西安闻泰信息技术有限公司,2
信息学部,微电子与通信工程学院,本科,2021,升学,中国科学院微电子研究所,2
信息学部,微电子与通信工程学院,本科,2021,升学,清华大学,2
信息学部,微电子与通信工程学院,本科,2021,出国(境)留学或工作,鲁汶大学,1
信息学部,微电子与通信工程学院,本科,2021,就业,广州爱浦路网络技术有限公司,1
信息学部,微电子与通信工程学院,本科,2021,就业,中国电信股份有限公司中山分公司,1
信息学部,微电子与通信工程学院,本科,2021,就业,中国铁塔股份有限公司四川省分公司,1
信息学部,微电子与通信工程学院,本科,2021,就业,珠海格力电器股份有限公司,1
信息学部,微电子与通信工程学院,本科,2021,就业,云南韩宇汽车贸易有限公司,1
信息学部,微电子与通信工程学院,本科,2021,就业,重庆长江电工工业集团有限公司,1
信息学部,微电子与通信工程学院,本科,2021,就业,上海交大慧谷通用技术有限公司,1
信息学部,微电子与通信工程学院,本科,2021,就业,重庆嘉陵华光光电科技有限公司,1
信息学部,微电子与通信工程学院,本科,2021,就业,网新科技集团有限公司,1
信息学部,微电子与通信工程学院,本科,2021,升学,贵州大学,1
信息学部,微电子与通信工程学院,本科,2021,升学,华南理工大学,1
信息学部,微电子与通信工程学院,本科,2021,就业,上海朗信信息科技有限公司,1
信息学部,微电子与通信工程学院,本科,2021,就业,重庆传音通讯技术有限公司,1
信息学部,微电子与通信工程学院,本科,2021,就业,南京北路智控科技股份有限公司郑州分公司,1
信息学部,微电子与通信工程学院,本科,2021,升学,中山大学,1
信息学部,微电子与通信工程学院,本科,2021,就业,马上消费金融股份有限公司,1
信息学部,微电子与通信工程学院,本科,2021,升学,中国工程物理研究院电子工程研究所,1
信息学部,微电子与通信工程学院,本科,2021,就业,西安中兴新软件有限责任公司,1
信息学部,微电子与通信工程学院,本科,2021,就业,上海宝信软件股份有限公司,1
信息学部,微电子与通信工程学院,本科,2021,就业,重庆吉芯科技有限公司,1
信息学部,微电子与通信工程学院,本科,2021,就业,深圳传音控股有限公司,1
信息学部,微电子与通信工程学院,本科,2021,升学,上海体育学院,1
信息学部,微电子与通信工程学院,本科,2021,就业,闻泰科技(深圳)有限公司,1
信息学部,微电子与通信工程学院,本科,2021,就业,贵州电网有限责任公司信息中心,1
信息学部,微电子与通信工程学院,本科,2021,就业,新疆政法学院,1
信息学部,微电子与通信工程学院,本科,2021,就业,中国烟草总公司重庆市公司长寿分公司,1
信息学部,微电子与通信工程学院,本科,2021,升学,哈尔滨工业大学,1
信息学部,微电子与通信工程学院,本科,2021,就业,成都航天通信设备有限责任公司,1
信息学部,微电子与通信工程学院,本科,2021,就业,中移物联网有限公司,1
信息学部,微电子与通信工程学院,本科,2021,就业,上海汽车集团股份有限公司零束软件分公司,1
信息学部,微电子与通信工程学院,本科,2021,升学,清华大学深圳国际研究生院,1
信息学部,微电子与通信工程学院,本科,2021,就业,广西壮族自治区农村信用社联合社,1
信息学部,微电子与通信工程学院,本科,2021,就业,中电科技集团重庆声光电有限公司,1
信息学部,微电子与通信工程学院,本科,2021,就业,重庆航空有限责任公司,1
信息学部,微电子与通信工程学院,本科,2021,就业,武汉京东方光电科技有限公司,1
信息学部,微电子与通信工程学院,本科,2021,就业,浪潮集团有限公司,1
信息学部,微电子与通信工程学院,本科,2021,就业,成都中科创达软件有限公司,1
信息学部,微电子与通信工程学院,本科,2021,就业,青岛鼎信通讯股份有限公司,1
信息学部,微电子与通信工程学院,本科,2021,就业,杭州海康威视数字技术股份有限公司,1
信息学部,微电子与通信工程学院,本科,2021,就业,河北西柏坡发电有限责任公司,1
信息学部,微电子与通信工程学院,本科,2021,升学,中国铁道科学研究院,1
信息学部,微电子与通信工程学院,本科,2021,就业,中船重工海声科技有限公司,1
信息学部,微电子与通信工程学院,本科,2021,就业,重庆轨道四号线建设运营有限公司,1
信息学部,微电子与通信工程学院,本科,2021,升学,北京理工大学,1
信息学部,微电子与通信工程学院,本科,2021,升学,电信科学技术研究院,1
信息学部,微电子与通信工程学院,本科,2021,升学,中国航天科工集团第二研究院,1
信息学部,微电子与通信工程学院,本科,2021,选调生,广西壮族自治区党委组织部干部规划办,1
信息学部,微电子与通信工程学院,本科,2021,就业,杭州宏杉科技股份有限公司,1
信息学部,微电子与通信工程学院,本科,2021,就业,武汉华星光电半导体显示技术有限公司,1
信息学部,微电子与通信工程学院,本科,2021,就业,福建星网锐捷通讯股份有限公司,1
信息学部,微电子与通信工程学院,本科,2021,就业,四川长虹电器股份有限公司,1
信息学部,微电子与通信工程学院,本科,2021,就业,成都格斗科技有限公司,1
信息学部,微电子与通信工程学院,本科,2021,就业,烽火通信科技股份有限公司,1
信息学部,微电子与通信工程学院,本科,2021,就业,无锡华大国奇科技有限公司,1
信息学部,微电子与通信工程学院,本科,2021,升学,中国科学院声学研究所,1
信息学部,微电子与通信工程学院,本科,2021,就业,香港科技大学(广州)(筹),1
信息学部,微电子与通信工程学院,本科,2021,出国(境)留学或工作,格拉斯哥大学,1
信息学部,微电子与通信工程学院,本科,2021,就业,深圳市晨北科技有限公司,1
信息学部,微电子与通信工程学院,本科,2021,就业,中国联通北海市分公司,1
信息学部,微电子与通信工程学院,本科,2021,选调生,中共黔东南州委组织部,1
信息学部,微电子与通信工程学院,本科,2021,就业,厦门华联电子股份有限公司,1
信息学部,微电子与通信工程学院,本科,2021,就业,重庆芯讯通无线科技有限公司,1
信息学部,微电子与通信工程学院,本科,2021,就业,成都坤恒顺维科技股份有限公司,1
信息学部,微电子与通信工程学院,本科,2021,就业,重庆有线电视网络股份有限公司,1
信息学部,微电子与通信工程学院,本科,2021,就业,深圳市翌日科技有限公司,1
信息学部,微电子与通信工程学院,本科,2021,就业,上海庆达劳务有限公司,1
信息学部,微电子与通信工程学院,本科,2021,就业,广东省电信规划设计院有限公司,1
信息学部,微电子与通信工程学院,本科,2021,就业,中国电信股份有限公司温州分公司,1
信息学部,微电子与通信工程学院,本科,2021,升学,南京大学,1
信息学部,微电子与通信工程学院,本科,2021,出国(境)留学或工作,昆士兰大学,1
信息学部,微电子与通信工程学院,本科,2021,就业,青岛矽昌通信技术有限公司,1
信息学部,微电子与通信工程学院,本科,2021,升学,清华大学深圳研究生院,1
信息学部,微电子与通信工程学院,本科,2021,就业,四川九州电子科技股份有限公司,1
信息学部,微电子与通信工程学院,本科,2021,出国(境)留学或工作,广岛大学,1
信息学部,微电子与通信工程学院,本科,2021,选调生,江城县工信局,1
信息学部,微电子与通信工程学院,本科,2021,就业,国网四川省电力公司检修公司,1
信息学部,微电子与通信工程学院,本科,2021,就业,迈普通信技术股份有限公司,1
信息学部,微电子与通信工程学院,本科,2021,就业,中国铁塔股份有限公司西藏自治区分公司,1
信息学部,微电子与通信工程学院,本科,2021,就业,深圳市裕展精密科技有限公司,1
信息学部,微电子与通信工程学院,本科,2021,就业,鸿富锦精密工业(深圳)有限公司,1
信息学部,微电子与通信工程学院,本科,2021,出国(境)留学或工作,伯明翰大学,1
信息学部,微电子与通信工程学院,本科,2021,出国(境)留学或工作,布里斯托大学,1
信息学部,微电子与通信工程学院,本科,2021,就业,杭州联吉技术有限公司,1
信息学部,微电子与通信工程学院,本科,2021,就业,广东虹勤通讯技术有限公司,1
信息学部,微电子与通信工程学院,本科,2021,升学,北京大学深圳研究生院,1
信息学部,微电子与通信工程学院,本科,2021,出国(境)留学或工作,新加坡国立大学,1
信息学部,微电子与通信工程学院,本科,2021,就业,中国航空工业集团公司洛阳电光设备研究所,1
信息学部,微电子与通信工程学院,本科,2021,升学,中国工程物理研究院,1
信息学部,微电子与通信工程学院,本科,2021,就业,陕西凌云电器集团有限公司,1
信息学部,微电子与通信工程学院,本科,2021,升学,西北工业大学,1
信息学部,微电子与通信工程学院,本科,2021,就业,浙江浙能港口运营管理有限公司,1
信息学部,微电子与通信工程学院,本科,2021,就业,中国农业银行股份有限公司湖南省分行,1
信息学部,微电子与通信工程学院,本科,2021,升学,上海交通大学,1
信息学部,微电子与通信工程学院,本科,2021,升学,复旦大学,1
信息学部,微电子与通信工程学院,本科,2021,就业,上海安路信息科技有限公司成都分公司,1
信息学部,微电子与通信工程学院,本科,2021,就业,达州市人民政府驻成都办事处,1
信息学部,微电子与通信工程学院,本科,2021,出国(境)留学或工作,北卡罗来纳州立大学,1
信息学部,微电子与通信工程学院,本科,2021,升学,北京大学,1
信息学部,微电子与通信工程学院,本科,2021,就业,成都市硅海武林科技有限公司,1
信息学部,微电子与通信工程学院,本科,2021,选调生,广西壮族自治区党委组织部干部规划办(定向选调生),1
信息学部,微电子与通信工程学院,硕士,2021,就业,紫光展锐(重庆)科技有限公司,6
信息学部,微电子与通信工程学院,硕士,2021,就业,成都华为技术有限公司,6
信息学部,微电子与通信工程学院,硕士,2021,就业,展讯半导体(成都)有限公司,5
信息学部,微电子与通信工程学院,硕士,2021,就业,招银网络科技(深圳)有限公司成都分公司,5
信息学部,微电子与通信工程学院,硕士,2021,就业,中电科技集团重庆声光电有限公司,4
信息学部,微电子与通信工程学院,硕士,2021,就业,上海浦东发展银行股份有限公司成都分行,4
信息学部,微电子与通信工程学院,硕士,2021,就业,北京三快在线科技有限公司,3
信息学部,微电子与通信工程学院,硕士,2021,就业,百度在线网络技术(北京)有限公司,3
信息学部,微电子与通信工程学院,硕士,2021,就业,上海艾为电子技术股份有限公司,3
信息学部,微电子与通信工程学院,硕士,2021,就业,东方红卫星移动通信有限公司,3
信息学部,微电子与通信工程学院,硕士,2021,就业,中国电子科技集团公司第二十九研究所,2
信息学部,微电子与通信工程学院,硕士,2021,出国(境)留学或工作,伦敦大学玛丽女王学院,2
信息学部,微电子与通信工程学院,硕士,2021,就业,顺丰科技有限公司,2
信息学部,微电子与通信工程学院,硕士,2021,就业,重庆两江卫星移动通信有限公司,2
信息学部,微电子与通信工程学院,硕士,2021,就业,浙江大华技术股份有限公司,2
信息学部,微电子与通信工程学院,硕士,2021,就业,中兴通讯股份有限公司,2
信息学部,微电子与通信工程学院,硕士,2021,就业,华为技术有限公司,2
信息学部,微电子与通信工程学院,硕士,2021,就业,奇安信科技集团股份有限公司,2
信息学部,微电子与通信工程学院,硕士,2021,就业,安徽芯纪元科技有限公司,2
信息学部,微电子与通信工程学院,硕士,2021,选调生,中共重庆市委组织部,2
信息学部,微电子与通信工程学院,硕士,2021,就业,腾讯科技(深圳)有限公司,2
信息学部,微电子与通信工程学院,硕士,2021,就业,广联达数字科技(上海)有限公司,1
信息学部,微电子与通信工程学院,硕士,2021,就业,浪潮集团有限公司,1
信息学部,微电子与通信工程学院,硕士,2021,选调生,广西壮族自治区党委组织部干部规划办(定向选调生),1
信息学部,微电子与通信工程学院,硕士,2021,就业,重庆中兴通讯股份有限公司,1
信息学部,微电子与通信工程学院,硕士,2021,就业,上海爱数信息技术股份有限公司,1
信息学部,微电子与通信工程学院,硕士,2021,就业,普联技术有限公司,1
信息学部,微电子与通信工程学院,硕士,2021,就业,中冶赛迪重庆信息技术有限公司,1
信息学部,微电子与通信工程学院,硕士,2021,就业,北森云计算有限公司,1
信息学部,微电子与通信工程学院,硕士,2021,就业,腾讯科技(上海)有限公司,1
信息学部,微电子与通信工程学院,硕士,2021,就业,成都卫士通信息产业股份有限公司,1
信息学部,微电子与通信工程学院,硕士,2021,就业,杭州华橙软件技术有限公司,1
信息学部,微电子与通信工程学院,硕士,2021,就业,中国航空工业集团公司雷华电子技术研究所,1
信息学部,微电子与通信工程学院,硕士,2021,就业,郑州易盛信息技术有限公司,1
信息学部,微电子与通信工程学院,硕士,2021,就业,北京小米移动软件有限公司深圳分公司,1
信息学部,微电子与通信工程学院,硕士,2021,就业,重庆科斯迈生物科技有限公司,1
信息学部,微电子与通信工程学院,硕士,2021,就业,中国石化管道储运有限公司,1
信息学部,微电子与通信工程学院,硕士,2021,选调生,中共德阳市委组织部,1
信息学部,微电子与通信工程学院,硕士,2021,就业,上海德邦物流有限公司,1
信息学部,微电子与通信工程学院,硕士,2021,就业,重庆吉芯科技有限公司,1
信息学部,微电子与通信工程学院,硕士,2021,选调生,中共贵州省委组织部,1
信息学部,微电子与通信工程学院,硕士,2021,出国(境)留学或工作,纽约大学,1
信息学部,微电子与通信工程学院,硕士,2021,就业,易企银(杭州)科技有限公司,1
信息学部,微电子与通信工程学院,硕士,2021,就业,广东电力信息科技有限公司,1
信息学部,微电子与通信工程学院,硕士,2021,就业,上海复旦微电子集团股份有限公司,1
信息学部,微电子与通信工程学院,硕士,2021,就业,绿盟科技集团股份有限公司,1
信息学部,微电子与通信工程学院,硕士,2021,升学,东南大学,1
信息学部,微电子与通信工程学院,硕士,2021,选调生,中共泸州市委组织部,1
信息学部,微电子与通信工程学院,硕士,2021,就业,华为技术有限公司武汉研究所,1
信息学部,微电子与通信工程学院,硕士,2021,就业,中国电信股份有限公司安徽分公司,1
信息学部,微电子与通信工程学院,硕士,2021,就业,北部湾大学,1
信息学部,微电子与通信工程学院,硕士,2021,就业,招商局公路信息技术(重庆)有限公司,1
信息学部,微电子与通信工程学院,硕士,2021,出国(境)留学或工作,根特大学,1
信息学部,微电子与通信工程学院,硕士,2021,出国(境)留学或工作,莱斯大学,1
信息学部,微电子与通信工程学院,硕士,2021,就业,中国邮政储蓄银行股份有限公司,1
信息学部,微电子与通信工程学院,硕士,2021,就业,北京小米移动软件有限公司南京分公司,1
信息学部,微电子与通信工程学院,硕士,2021,就业,捷开通讯(深圳)有限公司,1
信息学部,微电子与通信工程学院,硕士,2021,就业,海能达通信股份有限公司,1
信息学部,微电子与通信工程学院,硕士,2021,就业,北京达佳互联信息技术有限公司,1
信息学部,微电子与通信工程学院,硕士,2021,就业,四川航天电子设备研究所,1
信息学部,微电子与通信工程学院,硕士,2021,就业,四川九洲电器集团有限责任公司,1
信息学部,微电子与通信工程学院,硕士,2021,就业,广东电网有限责任公司电力科学研究院,1
信息学部,微电子与通信工程学院,硕士,2021,选调生,中共益阳市委组织部,1
信息学部,微电子与通信工程学院,硕士,2021,就业,联想未来通信科技(重庆)有限公司,1
信息学部,微电子与通信工程学院,硕士,2021,就业,建信金融科技有限责任公司,1
信息学部,微电子与通信工程学院,硕士,2021,就业,上海芃矽半导体技术有限公司,1
信息学部,微电子与通信工程学院,硕士,2021,就业,TCL通讯科技(成都)有限公司,1
信息学部,微电子与通信工程学院,硕士,2021,就业,广东美的制冷设备有限公司,1
信息学部,微电子与通信工程学院,硕士,2021,就业,中国农业银行股份有限公司湖北省分行,1
信息学部,微电子与通信工程学院,硕士,2021,就业,小米通讯技术有限公司,1
信息学部,微电子与通信工程学院,硕士,2021,就业,中邮信息科技(北京)有限公司,1
信息学部,微电子与通信工程学院,硕士,2021,就业,上海浦东发展银行股份有限公司,1
信息学部,微电子与通信工程学院,硕士,2021,就业,深圳市汇顶科技股份有限公司成都分公司,1
信息学部,微电子与通信工程学院,硕士,2021,选调生,中共成都市委组织部,1
信息学部,微电子与通信工程学院,硕士,2021,就业,联发科技(合肥)有限公司,1
信息学部,微电子与通信工程学院,硕士,2021,就业,新华三技术有限公司成都分公司,1
信息学部,微电子与通信工程学院,硕士,2021,就业,新华三技术有限公司,1
信息学部,微电子与通信工程学院,硕士,2021,就业,深圳市汇顶科技股份有限公司武汉分公司,1
信息学部,微电子与通信工程学院,硕士,2021,就业,西安精密机械研究所昆明分部,1
信息学部,微电子与通信工程学院,硕士,2021,升学,四川大学,1
信息学部,微电子与通信工程学院,硕士,2021,就业,上海华为技术有限公司,1
信息学部,微电子与通信工程学院,硕士,2021,就业,成都欧珀通信科技有限公司,1
信息学部,微电子与通信工程学院,硕士,2021,选调生,中共毕节市委组织部,1
信息学部,微电子与通信工程学院,硕士,2021,就业,中国电子科技集团公司第五十四研究所,1
信息学部,微电子与通信工程学院,硕士,2021,就业,北京五八信息技术有限公司,1
信息学部,微电子与通信工程学院,硕士,2021,就业,天翼智慧家庭科技有限公司,1
信息学部,微电子与通信工程学院,硕士,2021,就业,重庆市长寿区人力资源和社会保障局,1
信息学部,微电子与通信工程学院,硕士,2021,就业,中国联通南宁市分公司,1
信息学部,微电子与通信工程学院,硕士,2021,就业,广联达西安科技有限公司,1
信息学部,微电子与通信工程学院,硕士,2021,就业,贵州航天电子科技有限公司,1
信息学部,微电子与通信工程学院,硕士,2021,就业,杭州联吉技术有限公司,1
信息学部,微电子与通信工程学院,硕士,2021,就业,中国电子科技集团公司第十研究所,1
信息学部,微电子与通信工程学院,硕士,2021,就业,重庆物奇科技有限公司,1
信息学部,微电子与通信工程学院,硕士,2021,就业,迈普通信技术股份有限公司,1
信息学部,微电子与通信工程学院,博士,2021,就业,重庆邮电大学,3
信息学部,微电子与通信工程学院,博士,2021,就业,重庆科技学院,1
信息学部,微电子与通信工程学院,博士,2021,就业,重庆工商大学,1
信息学部,微电子与通信工程学院,博士,2021,出国(境)留学或工作,南洋理工大学,1
信息学部,微电子与通信工程学院,博士,2021,就业,安徽大学,1
信息学部,微电子与通信工程学院,本科,2022,升学,重庆大学,72
信息学部,微电子与通信工程学院,本科,2022,升学,电子科技大学,32
信息学部,微电子与通信工程学院,本科,2022,升学,东南大学,8
信息学部,微电子与通信工程学院,本科,2022,升学,中国科学院大学,6
信息学部,微电子与通信工程学院,本科,2022,就业,普联技术有限公司,5
信息学部,微电子与通信工程学院,本科,2022,就业,苏州睿新微系统技术有限公司,5
信息学部,微电子与通信工程学院,本科,2022,就业,中移物联网有限公司,4
信息学部,微电子与通信工程学院,本科,2022,就业,中兴通讯股份有限公司,4
信息学部,微电子与通信工程学院,本科,2022,出国(境)留学或工作,香港科技大学,4
信息学部,微电子与通信工程学院,本科,2022,出国(境)留学或工作,新加坡国立大学,3
信息学部,微电子与通信工程学院,本科,2022,升学,华南理工大学,3
信息学部,微电子与通信工程学院,本科,2022,升学,南京大学,3
信息学部,微电子与通信工程学院,本科,2022,升学,北京理工大学,3
信息学部,微电子与通信工程学院,本科,2022,就业,中电科技集团重庆声光电有限公司,3
信息学部,微电子与通信工程学院,本科,2022,升学,浙江大学,3
信息学部,微电子与通信工程学院,本科,2022,出国(境)留学或工作,澳门大学,3
信息学部,微电子与通信工程学院,本科,2022,就业,华为技术有限公司,2
信息学部,微电子与通信工程学院,本科,2022,就业,火光课堂教育科技(重庆)有限公司,2
信息学部,微电子与通信工程学院,本科,2022,就业,深圳和而泰智能控制股份有限公司,2
信息学部,微电子与通信工程学院,本科,2022,就业,成都储迅科技有限责任公司上海分公司,2
信息学部,微电子与通信工程学院,本科,2022,就业,海能达通信股份有限公司,2
信息学部,微电子与通信工程学院,本科,2022,就业,记忆科技(深圳)有限公司,2
信息学部,微电子与通信工程学院,本科,2022,就业,杭州熠芯科技有限公司,2
信息学部,微电子与通信工程学院,本科,2022,升学,华中科技大学,2
信息学部,微电子与通信工程学院,本科,2022,升学,北京大学,2
信息学部,微电子与通信工程学院,本科,2022,出国(境)留学或工作,香港城市大学,2
信息学部,微电子与通信工程学院,本科,2022,就业,厦门亿联网络技术股份有限公司,2
信息学部,微电子与通信工程学院,本科,2022,升学,武汉大学,2
信息学部,微电子与通信工程学院,本科,2022,升学,上海交通大学,2
信息学部,微电子与通信工程学院,本科,2022,就业,上汽通用五菱汽车股份有限公司,2
信息学部,微电子与通信工程学院,本科,2022,就业,北京纬铂创动科技服务有限公司,1
信息学部,微电子与通信工程学院,本科,2022,就业,北京全路通信信号研究设计院集团有限公司,1
信息学部,微电子与通信工程学院,本科,2022,就业,中国联合网络通信有限公司湖南省分公司,1
信息学部,微电子与通信工程学院,本科,2022,升学,哈尔滨工业大学,1
信息学部,微电子与通信工程学院,本科,2022,就业,nan,1
信息学部,微电子与通信工程学院,本科,2022,升学,国科大杭州高等研究院,1
信息学部,微电子与通信工程学院,本科,2022,升学,兰州大学,1
信息学部,微电子与通信工程学院,本科,2022,就业,中国铁塔股份有限公司广东省分公司,1
信息学部,微电子与通信工程学院,本科,2022,就业,中国联合网络通信集团有限公司湖南省分公司,1
信息学部,微电子与通信工程学院,本科,2022,选调生,中共黔西南州委组织部,1
信息学部,微电子与通信工程学院,本科,2022,升学,中国空间技术研究院,1
信息学部,微电子与通信工程学院,本科,2022,就业,中国电信股份有限公司重庆分公司,1
信息学部,微电子与通信工程学院,本科,2022,升学,上海科技大学,1
信息学部,微电子与通信工程学院,本科,2022,出国(境)留学或工作,伦敦大学学院,1
信息学部,微电子与通信工程学院,本科,2022,就业,杭州联吉技术有限公司,1
信息学部,微电子与通信工程学院,本科,2022,就业,无锡闻泰信息技术有限公司,1
信息学部,微电子与通信工程学院,本科,2022,就业,重庆传音通讯技术有限公司,1
信息学部,微电子与通信工程学院,本科,2022,就业,华航高科(北京)技术有限公司,1
信息学部,微电子与通信工程学院,本科,2022,升学,哈尔滨工程大学,1
信息学部,微电子与通信工程学院,本科,2022,就业,重庆奥普泰通信技术有限公司,1
信息学部,微电子与通信工程学院,本科,2022,就业,杭州迪普科技股份有限公司,1
信息学部,微电子与通信工程学院,本科,2022,出国(境)留学或工作,密歇根大学,1
信息学部,微电子与通信工程学院,本科,2022,就业,珠海优特电力科技股份有限公司,1
信息学部,微电子与通信工程学院,本科,2022,就业,烽火通信科技股份有限公司,1
信息学部,微电子与通信工程学院,本科,2022,出国(境)留学或工作,纽约大学,1
信息学部,微电子与通信工程学院,本科,2022,就业,武汉虹信技术服务有限责任公司,1
信息学部,微电子与通信工程学院,本科,2022,就业,江铃汽车股份有限公司,1
信息学部,微电子与通信工程学院,本科,2022,升学,西安电子科技大学,1
信息学部,微电子与通信工程学院,本科,2022,升学,四川大学,1
信息学部,微电子与通信工程学院,本科,2022,就业,重庆利耀国际物流有限公司,1
信息学部,微电子与通信工程学院,本科,2022,就业,贵阳永青仪电科技有限公司,1
信息学部,微电子与通信工程学院,本科,2022,升学,中国北方车辆研究所,1
信息学部,微电子与通信工程学院,本科,2022,就业,TCL实业控股股份有限公司,1
信息学部,微电子与通信工程学院,本科,2022,就业,中国电信股份有限公司厦门分公司,1
信息学部,微电子与通信工程学院,本科,2022,就业,恒玄科技(上海)股份有限公司深圳分公司,1
信息学部,微电子与通信工程学院,本科,2022,升学,新疆大学,1
信息学部,微电子与通信工程学院,本科,2022,就业,华信咨询设计研究院有限公司,1
信息学部,微电子与通信工程学院,本科,2022,升学,云南大学,1
信息学部,微电子与通信工程学院,本科,2022,出国(境)留学或工作,香港大学,1
信息学部,微电子与通信工程学院,本科,2022,就业,昆明北方红外技术股份有限公司,1
信息学部,微电子与通信工程学院,本科,2022,就业,新华三技术有限公司,1
信息学部,微电子与通信工程学院,本科,2022,就业,中铁电气化局集团有限公司,1
信息学部,微电子与通信工程学院,本科,2022,出国(境)留学或工作,早稻田大学,1
信息学部,微电子与通信工程学院,本科,2022,就业,合肥鑫晟光电科技有限公司,1
信息学部,微电子与通信工程学院,本科,2022,就业,比亚迪汽车有限公司,1
信息学部,微电子与通信工程学院,本科,2022,升学,北京师范大学,1
信息学部,微电子与通信工程学院,本科,2022,升学,西安交通大学,1
信息学部,微电子与通信工程学院,本科,2022,就业,中国联合网络通信有限公司西藏自治区分公司,1
信息学部,微电子与通信工程学院,本科,2022,升学,中国石油大学(华东),1
信息学部,微电子与通信工程学院,本科,2022,就业,上汽大众汽车有限公司,1
信息学部,微电子与通信工程学院,本科,2022,升学,电子科技大学(非全日制),1
信息学部,微电子与通信工程学院,本科,2022,就业,南京嘉环科技股份有限公司,1
信息学部,微电子与通信工程学院,本科,2022,就业,武汉华星光电半导体显示技术有限公司,1
信息学部,微电子与通信工程学院,本科,2022,就业,深圳开鸿数字产业发展有限公司,1
信息学部,微电子与通信工程学院,本科,2022,出国(境)留学或工作,西北大学,1
信息学部,微电子与通信工程学院,本科,2022,就业,广西壮族自治区农村信用社联合社,1
信息学部,微电子与通信工程学院,本科,2022,升学,国防科技大学,1
信息学部,微电子与通信工程学院,本科,2022,就业,中国邮政集团有限公司西藏自治区分公司,1
信息学部,微电子与通信工程学院,本科,2022,升学,天津大学,1
信息学部,微电子与通信工程学院,本科,2022,升学,北京航空航天大学,1
信息学部,微电子与通信工程学院,本科,2022,升学,复旦大学,1
信息学部,微电子与通信工程学院,本科,2022,升学,中国电子科技集团公司第十研究所,1
信息学部,微电子与通信工程学院,本科,2022,就业,中航电测仪器股份有限公司,1
信息学部,微电子与通信工程学院,本科,2022,就业,飞腾技术(长沙)有限公司,1
信息学部,微电子与通信工程学院,本科,2022,就业,世芯电子科技(重庆)有限公司,1
信息学部,微电子与通信工程学院,本科,2022,就业,广州思信电子科技有限公司,1
信息学部,微电子与通信工程学院,本科,2022,就业,飞腾信息技术有限公司,1
信息学部,微电子与通信工程学院,本科,2022,就业,芯启源(上海)半导体科技有限公司,1
信息学部,微电子与通信工程学院,本科,2022,就业,青岛鼎信通讯股份有限公司,1
信息学部,微电子与通信工程学院,本科,2022,升学,清华大学,1
信息学部,微电子与通信工程学院,本科,2022,升学,中国传媒大学,1
信息学部,微电子与通信工程学院,本科,2022,升学,中国运载火箭技术研究院772所,1
信息学部,微电子与通信工程学院,本科,2022,升学,厦门大学,1
信息学部,微电子与通信工程学院,本科,2022,就业,创耀(苏州)通信科技股份有限公司,1
信息学部,微电子与通信工程学院,硕士,2022,就业,成都华为技术有限公司,10
信息学部,微电子与通信工程学院,硕士,2022,就业,小米通讯技术有限公司,8
信息学部,微电子与通信工程学院,硕士,2022,升学,重庆大学,6
信息学部,微电子与通信工程学院,硕士,2022,就业,中电科技集团重庆声光电有限公司,5
信息学部,微电子与通信工程学院,硕士,2022,就业,紫光展锐(重庆)科技有限公司,5
信息学部,微电子与通信工程学院,硕士,2022,就业,联发科技(合肥)有限公司,4
信息学部,微电子与通信工程学院,硕士,2022,就业,杭州巨量引擎网络技术有限公司,3
信息学部,微电子与通信工程学院,硕士,2022,就业,锐捷网络股份有限公司,3
信息学部,微电子与通信工程学院,硕士,2022,就业,腾讯科技(深圳)有限公司,3
信息学部,微电子与通信工程学院,硕士,2022,就业,成都大华智联信息技术有限公司,3
信息学部,微电子与通信工程学院,硕士,2022,就业,重庆吉芯科技有限公司,3
信息学部,微电子与通信工程学院,硕士,2022,就业,联发芯软件设计(成都)有限公司,3
信息学部,微电子与通信工程学院,硕士,2022,就业,科大讯飞股份有限公司,2
信息学部,微电子与通信工程学院,硕士,2022,就业,杭州海康威视数字技术股份有限公司,2
信息学部,微电子与通信工程学院,硕士,2022,就业,国网重庆市电力公司,2
信息学部,微电子与通信工程学院,硕士,2022,就业,中兴通讯股份有限公司,2
信息学部,微电子与通信工程学院,硕士,2022,就业,北森云计算有限公司,2
信息学部,微电子与通信工程学院,硕士,2022,就业,超威半导体(上海)有限公司,2
信息学部,微电子与通信工程学院,硕士,2022,就业,百度智能云(成都)科技有限公司,2
信息学部,微电子与通信工程学院,硕士,2022,就业,联合微电子中心有限责任公司,2
信息学部,微电子与通信工程学院,硕士,2022,就业,阿里巴巴(中国)有限公司,2
信息学部,微电子与通信工程学院,硕士,2022,就业,腾讯科技(成都)有限公司,2
信息学部,微电子与通信工程学院,硕士,2022,就业,成都市联洲国际技术有限公司,2
信息学部,微电子与通信工程学院,硕士,2022,就业,潍柴动力股份有限公司,1
信息学部,微电子与通信工程学院,硕士,2022,就业,武汉迈瑞医疗技术研究院有限公司,1
信息学部,微电子与通信工程学院,硕士,2022,就业,重庆市计量质量检测研究院,1
信息学部,微电子与通信工程学院,硕士,2022,就业,中国农业银行股份有限公司四川省分行,1
信息学部,微电子与通信工程学院,硕士,2022,就业,圣邦微电子(苏州)有限责任公司,1
信息学部,微电子与通信工程学院,硕士,2022,就业,中国建设银行股份有限公司四川省分行,1
信息学部,微电子与通信工程学院,硕士,2022,就业,湖北今日头条科技有限公司,1
信息学部,微电子与通信工程学院,硕士,2022,就业,展讯半导体(成都)有限公司,1
信息学部,微电子与通信工程学院,硕士,2022,就业,重庆紫光华山智安科技有限公司,1
信息学部,微电子与通信工程学院,硕士,2022,就业,内蒙古电力(集团)有限责任公司,1
信息学部,微电子与通信工程学院,硕士,2022,就业,芯原微电子(南京)有限公司,1
信息学部,微电子与通信工程学院,硕士,2022,就业,成都海康威视数字技术有限公司,1
信息学部,微电子与通信工程学院,硕士,2022,就业,中国电子科技集团公司第十研究所,1
信息学部,微电子与通信工程学院,硕士,2022,就业,贝壳找房(北京)科技有限公司,1
信息学部,微电子与通信工程学院,硕士,2022,就业,湖北省楚天云有限公司,1
信息学部,微电子与通信工程学院,硕士,2022,就业,华为技术有限公司南京研究所,1
信息学部,微电子与通信工程学院,硕士,2022,就业,成都不亦说乎科技有限公司,1
信息学部,微电子与通信工程学院,硕士,2022,出国(境)留学或工作,伦敦大学皇后玛丽学院,1
信息学部,微电子与通信工程学院,硕士,2022,就业,西安华为技术有限公司,1
信息学部,微电子与通信工程学院,硕士,2022,就业,中国联合网络通信有限公司重庆市分公司,1
信息学部,微电子与通信工程学院,硕士,2022,就业,蚂蚁智信(杭州)信息技术有限公司,1
信息学部,微电子与通信工程学院,硕士,2022,选调生,中国共产党长治市委员会办公室,1
信息学部,微电子与通信工程学院,硕士,2022,出国(境)留学或工作,西安大略大学,1
信息学部,微电子与通信工程学院,硕士,2022,就业,西安荣耀终端有限公司,1
信息学部,微电子与通信工程学院,硕士,2022,选调生,中共贵阳市委组织部,1
信息学部,微电子与通信工程学院,硕士,2022,就业,重庆电子工程职业学院,1
信息学部,微电子与通信工程学院,硕士,2022,就业,圣邦微电子(北京)股份有限公司,1
信息学部,微电子与通信工程学院,硕士,2022,就业,百度在线网络技术(北京)有限公司,1
信息学部,微电子与通信工程学院,硕士,2022,就业,钜泉微电子(上海)有限公司,1
信息学部,微电子与通信工程学院,硕士,2022,就业,上海浦东发展银行股份有限公司成都分行,1
信息学部,微电子与通信工程学院,硕士,2022,就业,四川红华实业有限公司,1
信息学部,微电子与通信工程学院,硕士,2022,就业,中冶赛迪技术研究中心有限公司,1
信息学部,微电子与通信工程学院,硕士,2022,就业,重庆小康工业集团股份有限公司,1
信息学部,微电子与通信工程学院,硕士,2022,就业,北京小米移动软件有限公司上海分公司,1
信息学部,微电子与通信工程学院,硕士,2022,就业,江苏自动化研究所(中国船舶集团第七一六研究所),1
信息学部,微电子与通信工程学院,硕士,2022,就业,绿盟科技集团股份有限公司,1
信息学部,微电子与通信工程学院,硕士,2022,就业,国网湖北省电力有限公司,1
信息学部,微电子与通信工程学院,硕士,2022,就业,维沃移动通信有限公司,1
信息学部,微电子与通信工程学院,硕士,2022,就业,顺丰科技有限公司,1
信息学部,微电子与通信工程学院,硕士,2022,就业,海信集团控股股份有限公司,1
信息学部,微电子与通信工程学院,硕士,2022,就业,行吟信息科技(武汉)有限公司,1
信息学部,微电子与通信工程学院,硕士,2022,就业,天翼云科技有限公司,1
信息学部,微电子与通信工程学院,硕士,2022,就业,北京沃东天骏信息技术有限公司,1
信息学部,微电子与通信工程学院,硕士,2022,就业,武汉联影医疗科技有限公司,1
信息学部,微电子与通信工程学院,硕士,2022,就业,成都飞机工业(集团)有限责任公司,1
信息学部,微电子与通信工程学院,硕士,2022,就业,深圳市汇顶科技股份有限公司,1
信息学部,微电子与通信工程学院,硕士,2022,就业,武汉联影智融医疗科技有限公司,1
信息学部,微电子与通信工程学院,硕士,2022,就业,南湖实验室,1
信息学部,微电子与通信工程学院,硕士,2022,就业,北京地平线信息技术有限公司,1
信息学部,微电子与通信工程学院,硕士,2022,就业,成都美团软件技术有限公司,1
信息学部,微电子与通信工程学院,硕士,2022,就业,重庆西南集成电路设计有限责任公司,1
信息学部,微电子与通信工程学院,硕士,2022,就业,中国海洋石油集团有限公司,1
信息学部,微电子与通信工程学院,硕士,2022,就业,成都鼎桥通信技术有限公司,1
信息学部,微电子与通信工程学院,硕士,2022,选调生,中国共产党重庆市委员会组织部,1
信息学部,微电子与通信工程学院,硕士,2022,就业,延锋汽车饰件系统重庆有限公司,1
信息学部,微电子与通信工程学院,硕士,2022,就业,深信服科技股份有限公司,1
信息学部,微电子与通信工程学院,硕士,2022,就业,杭州华为企业通信技术有限公司,1
信息学部,微电子与通信工程学院,硕士,2022,就业,中国农业银行股份有限公司远程银行中心重庆分中心,1
信息学部,微电子与通信工程学院,硕士,2022,就业,福建新大陆自动识别技术有限公司,1
信息学部,微电子与通信工程学院,硕士,2022,就业,深圳市欢太科技有限公司,1
信息学部,微电子与通信工程学院,硕士,2022,就业,河南北方星光机电有限责任公司,1
信息学部,微电子与通信工程学院,硕士,2022,就业,浙江网商银行股份有限公司,1
信息学部,微电子与通信工程学院,硕士,2022,就业,上海联虹技术有限公司,1
信息学部,微电子与通信工程学院,博士,2022,就业,河南大学,2
信息学部,微电子与通信工程学院,博士,2022,就业,重庆邮电大学,2
信息学部,微电子与通信工程学院,博士,2022,选调生,中共重庆市委组织部,1
信息学部,微电子与通信工程学院,博士,2022,选调生,中共山西省委办公厅,1
信息学部,微电子与通信工程学院,博士,2022,就业,中电科技集团重庆声光电有限公司,1
信息学部,微电子与通信工程学院,博士,2022,就业,澳门大学,1
信息学部,微电子与通信工程学院,博士,2022,就业,清华大学,1
信息学部,微电子与通信工程学院,博士,2022,就业,中国兵器工业第五九研究所,1
信息学部,微电子与通信工程学院,博士,2022,就业,湖北大学,1
信息学部,微电子与通信工程学院,博士,2022,就业,华中光电技术研究所,1
信息学部,微电子与通信工程学院,博士,2022,就业,北京理工大学重庆创新中心,1
信息学部,微电子与通信工程学院,博士,2022,就业,安徽大学,1
信息学部,微电子与通信工程学院,本科,2023,升学,重庆大学,53
信息学部,微电子与通信工程学院,本科,2023,升学,电子科技大学,25
信息学部,微电子与通信工程学院,本科,2023,升学,南京大学,7
信息学部,微电子与通信工程学院,本科,2023,就业,比亚迪股份有限公司,6
信息学部,微电子与通信工程学院,本科,2023,升学,浙江大学,5
信息学部,微电子与通信工程学院,本科,2023,升学,华中科技大学,5
信息学部,微电子与通信工程学院,本科,2023,升学,西安交通大学,5
信息学部,微电子与通信工程学院,本科,2023,升学,华南理工大学,5
信息学部,微电子与通信工程学院,本科,2023,升学,东南大学,5
信息学部,微电子与通信工程学院,本科,2023,就业,湖北三江航天红峰控制有限公司,4
信息学部,微电子与通信工程学院,本科,2023,升学,北京理工大学,4
信息学部,微电子与通信工程学院,本科,2023,升学,武汉大学,3
信息学部,微电子与通信工程学院,本科,2023,就业,深圳市洲明科技股份有限公司,3
信息学部,微电子与通信工程学院,本科,2023,升学,南方科技大学,3
信息学部,微电子与通信工程学院,本科,2023,就业,深圳拓邦股份有限公司,2
信息学部,微电子与通信工程学院,本科,2023,就业,广东电网有限责任公司,2
信息学部,微电子与通信工程学院,本科,2023,升学,复旦大学,2
信息学部,微电子与通信工程学院,本科,2023,升学,中山大学,2
信息学部,微电子与通信工程学院,本科,2023,就业,中电科芯片技术(集团)有限公司,2
信息学部,微电子与通信工程学院,本科,2023,升学,中国电子科技集团公司第五十五研究所,2
信息学部,微电子与通信工程学院,本科,2023,升学,西南大学,2
信息学部,微电子与通信工程学院,本科,2023,出国(境)留学或工作,新加坡国立大学,2
信息学部,微电子与通信工程学院,本科,2023,就业,成都华为技术有限公司,2
信息学部,微电子与通信工程学院,本科,2023,升学,上海交通大学,2
信息学部,微电子与通信工程学院,本科,2023,就业,重庆长安汽车软件科技有限公司,1
信息学部,微电子与通信工程学院,本科,2023,就业,瓮福(集团)有限责任公司,1
信息学部,微电子与通信工程学院,本科,2023,就业,普联技术有限公司,1
信息学部,微电子与通信工程学院,本科,2023,就业,宁波矽久微电子有限公司,1
信息学部,微电子与通信工程学院,本科,2023,就业,中国联合网络通信有限公司黔南州分公司,1
信息学部,微电子与通信工程学院,本科,2023,就业,芯砺智能科技(上海)有限公司,1
信息学部,微电子与通信工程学院,本科,2023,升学,华东师范大学,1
信息学部,微电子与通信工程学院,本科,2023,出国(境)留学或工作,雪城大学,1
信息学部,微电子与通信工程学院,本科,2023,就业,西南应用磁学研究所(中国电子科技集团公司第九研究所),1
信息学部,微电子与通信工程学院,本科,2023,出国(境)留学或工作,悉尼大学,1
信息学部,微电子与通信工程学院,本科,2023,就业,北京广利核系统工程有限公司,1
信息学部,微电子与通信工程学院,本科,2023,升学,厦门大学,1
信息学部,微电子与通信工程学院,本科,2023,就业,上海中广核工程科技有限公司,1
信息学部,微电子与通信工程学院,本科,2023,出国(境)留学或工作,加州大学洛杉矶分校,1
信息学部,微电子与通信工程学院,本科,2023,就业,中国移动通信集团重庆有限公司,1
信息学部,微电子与通信工程学院,本科,2023,升学,四川大学,1
信息学部,微电子与通信工程学院,本科,2023,就业,西藏开投果多水电有限公司,1
信息学部,微电子与通信工程学院,本科,2023,升学,中国科学院大学,1
信息学部,微电子与通信工程学院,本科,2023,升学,西南科技大学,1
信息学部,微电子与通信工程学院,本科,2023,升学,中国科学院信息工程研究所,1
信息学部,微电子与通信工程学院,本科,2023,就业,昆泰集成电路(上海)有限公司,1
信息学部,微电子与通信工程学院,本科,2023,就业,贵州航天电器股份有限公司,1
信息学部,微电子与通信工程学院,本科,2023,升学,中国工程物理研究院,1
信息学部,微电子与通信工程学院,本科,2023,升学,北京邮电大学,1
信息学部,微电子与通信工程学院,本科,2023,就业,深圳前海蛇口自贸区供电有限公司,1
信息学部,微电子与通信工程学院,本科,2023,就业,中国船舶重工集团海装风电股份有限公司,1
信息学部,微电子与通信工程学院,本科,2023,就业,四川长虹电器股份有限公司,1
信息学部,微电子与通信工程学院,本科,2023,升学,兰州大学,1
信息学部,微电子与通信工程学院,本科,2023,就业,国能重庆万州电力有限责任公司,1
信息学部,微电子与通信工程学院,本科,2023,就业,深圳佰维存储科技股份有限公司,1
信息学部,微电子与通信工程学院,本科,2023,升学,中国石油大学(华东),1
信息学部,微电子与通信工程学院,本科,2023,就业,重庆建设工业(集团)有限责任公司,1
信息学部,微电子与通信工程学院,本科,2023,出国(境)留学或工作,东洋言语学院,1
信息学部,微电子与通信工程学院,本科,2023,就业,深圳市新凯来技术有限公司,1
信息学部,微电子与通信工程学院,本科,2023,就业,中国人民解放军63680部队,1
信息学部,微电子与通信工程学院,本科,2023,升学,中国科学技术大学,1
信息学部,微电子与通信工程学院,本科,2023,就业,深圳和而泰智能控制股份有限公司,1
信息学部,微电子与通信工程学院,本科,2023,就业,中国电信集团有限公司西藏分公司,1
信息学部,微电子与通信工程学院,本科,2023,就业,四川九洲电器集团有限责任公司,1
信息学部,微电子与通信工程学院,本科,2023,就业,深圳闻储创新科技有限公司,1
信息学部,微电子与通信工程学院,本科,2023,就业,重庆中科芯亿达电子有限公司,1
信息学部,微电子与通信工程学院,本科,2023,出国(境)留学或工作,优尼塔斯日本语学校甲府校,1
信息学部,微电子与通信工程学院,本科,2023,升学,深圳大学,1
信息学部,微电子与通信工程学院,本科,2023,就业,中兴通讯股份有限公司,1
信息学部,微电子与通信工程学院,本科,2023,就业,国网辽宁省电力有限公司本溪供电公司,1
信息学部,微电子与通信工程学院,本科,2023,升学,哈尔滨工业大学,1
信息学部,微电子与通信工程学院,本科,2023,就业,赛力斯汽车有限公司,1
信息学部,微电子与通信工程学院,本科,2023,就业,广州海格通信集团股份有限公司,1
信息学部,微电子与通信工程学院,本科,2023,升学,国防科学技术大学,1
信息学部,微电子与通信工程学院,本科,2023,就业,贵阳万江航空机电有限公司,1
信息学部,微电子与通信工程学院,本科,2023,就业,比亚迪汽车有限公司,1
信息学部,微电子与通信工程学院,本科,2023,升学,清华大学深圳国际研究生院,1
信息学部,微电子与通信工程学院,本科,2023,出国(境)留学或工作,香港科技大学,1
信息学部,微电子与通信工程学院,本科,2023,升学,郑州大学,1
信息学部,微电子与通信工程学院,本科,2023,就业,湖北精实机电科技有限公司,1
信息学部,微电子与通信工程学院,本科,2023,就业,福建新大陆支付技术有限公司,1
信息学部,微电子与通信工程学院,本科,2023,出国(境)留学或工作,布里斯托大学,1
信息学部,微电子与通信工程学院,本科,2023,出国(境)留学或工作,代尔夫特理工大学,1
信息学部,微电子与通信工程学院,本科,2023,就业,上海庆达劳务有限公司,1
信息学部,微电子与通信工程学院,本科,2023,就业,珠海格力电器股份有限公司,1
信息学部,微电子与通信工程学院,本科,2023,就业,中核山东核能有限公司,1
信息学部,微电子与通信工程学院,本科,2023,出国(境)留学或工作,格拉斯哥大学,1
信息学部,微电子与通信工程学院,本科,2023,就业,喀什疆品来农业科技有限公司,1
信息学部,微电子与通信工程学院,本科,2023,就业,中国长安汽车集团有限公司重庆底盘系统分公司,1
信息学部,微电子与通信工程学院,本科,2023,就业,重庆航天机电设计院,1
信息学部,微电子与通信工程学院,本科,2023,出国(境)留学或工作,香港科技大学(广州校区),1
信息学部,微电子与通信工程学院,本科,2023,就业,中国移动通信集团新疆有限公司,1
信息学部,微电子与通信工程学院,本科,2023,就业,上海宝信软件股份有限公司,1
信息学部,微电子与通信工程学院,本科,2023,就业,青岛鼎信通讯股份有限公司,1
信息学部,微电子与通信工程学院,本科,2023,就业,广州安凯微电子股份有限公司,1
信息学部,微电子与通信工程学院,硕士,2023,就业,中电科技集团重庆声光电有限公司,9
信息学部,微电子与通信工程学院,硕士,2023,升学,重庆大学,6
信息学部,微电子与通信工程学院,硕士,2023,就业,华为技术有限公司,4
信息学部,微电子与通信工程学院,硕士,2023,就业,中电科芯片技术(集团)有限公司,3
信息学部,微电子与通信工程学院,硕士,2023,就业,成都飞机工业(集团)有限责任公司,3
信息学部,微电子与通信工程学院,硕士,2023,就业,青岛海尔人力资源开发有限公司,2
信息学部,微电子与通信工程学院,硕士,2023,就业,湖南国科微电子股份有限公司,2
信息学部,微电子与通信工程学院,硕士,2023,就业,重庆长安汽车软件科技有限公司,2
信息学部,微电子与通信工程学院,硕士,2023,就业,重庆长安汽车股份有限公司,2
信息学部,微电子与通信工程学院,硕士,2023,就业,中国星网网络应用有限公司,2
信息学部,微电子与通信工程学院,硕士,2023,就业,锐捷网络股份有限公司,2
信息学部,微电子与通信工程学院,硕士,2023,就业,中兴通讯股份有限公司,2
信息学部,微电子与通信工程学院,硕士,2023,就业,比亚迪股份有限公司,2
信息学部,微电子与通信工程学院,硕士,2023,就业,芯原微电子(成都)有限公司,2
信息学部,微电子与通信工程学院,硕士,2023,就业,西南电子设备研究所(中国电子科技集团公司第二十九研究所),2
信息学部,微电子与通信工程学院,硕士,2023,就业,成都华微电子科技股份有限公司,2
信息学部,微电子与通信工程学院,硕士,2023,就业,圣邦微电子(北京)股份有限公司,1
信息学部,微电子与通信工程学院,硕士,2023,就业,国网山东省电力公司济宁供电公司,1
信息学部,微电子与通信工程学院,硕士,2023,就业,国网重庆市电力公司,1
信息学部,微电子与通信工程学院,硕士,2023,就业,北方联创通信有限公司,1
信息学部,微电子与通信工程学院,硕士,2023,就业,谱瑞集成电路(重庆)有限公司,1
信息学部,微电子与通信工程学院,硕士,2023,就业,国家无线电监测中心云南监测站,1
信息学部,微电子与通信工程学院,硕士,2023,就业,北京奕斯伟计算技术股份有限公司,1
信息学部,微电子与通信工程学院,硕士,2023,就业,深圳市首航新能源股份有限公司,1
信息学部,微电子与通信工程学院,硕士,2023,就业,北京沃东天骏信息技术有限公司,1
信息学部,微电子与通信工程学院,硕士,2023,就业,京信网络系统股份有限公司四川分公司,1
信息学部,微电子与通信工程学院,硕士,2023,就业,紫光展锐(重庆)科技有限公司,1
信息学部,微电子与通信工程学院,硕士,2023,选调生,中共荆门市委组织部,1
信息学部,微电子与通信工程学院,硕士,2023,就业,中国人民解放军95862部队,1
信息学部,微电子与通信工程学院,硕士,2023,就业,摩星半导体(广东)有限公司,1
信息学部,微电子与通信工程学院,硕士,2023,就业,新华三智能终端有限公司杭州分公司,1
信息学部,微电子与通信工程学院,硕士,2023,就业,芯源信息咨询(上海)有限公司深圳分公司,1
信息学部,微电子与通信工程学院,硕士,2023,就业,杭州行芯科技有限公司,1
信息学部,微电子与通信工程学院,硕士,2023,就业,重庆吉芯科技有限公司,1
信息学部,微电子与通信工程学院,硕士,2023,就业,新华三技术有限公司成都分公司,1
信息学部,微电子与通信工程学院,硕士,2023,就业,华为技术有限公司南京研究所,1
信息学部,微电子与通信工程学院,硕士,2023,就业,成都华为技术有限公司,1
信息学部,微电子与通信工程学院,硕士,2023,就业,成都东方财富信息技术有限公司,1
信息学部,微电子与通信工程学院,硕士,2023,就业,深圳市大疆创新科技有限公司,1
信息学部,微电子与通信工程学院,硕士,2023,就业,北京比特大陆科技有限公司,1
信息学部,微电子与通信工程学院,硕士,2023,就业,上海华为技术有限公司,1
信息学部,微电子与通信工程学院,硕士,2023,就业,湖北联投集团有限公司,1
信息学部,微电子与通信工程学院,硕士,2023,就业,南方电网科学研究院有限责任公司,1
信息学部,微电子与通信工程学院,硕士,2023,就业,上海理想汽车科技有限公司,1
信息学部,微电子与通信工程学院,硕士,2023,就业,上海帝迪集成电路设计有限公司,1
信息学部,微电子与通信工程学院,硕士,2023,就业,飞腾信息技术有限公司,1
信息学部,微电子与通信工程学院,硕士,2023,就业,上海艾为电子技术股份有限公司,1
信息学部,微电子与通信工程学院,硕士,2023,就业,贵州航天电器股份有限公司,1
信息学部,微电子与通信工程学院,硕士,2023,就业,中国工商银行股份有限公司,1
信息学部,微电子与通信工程学院,硕士,2023,就业,中国电子科技集团公司第三十研究所,1
信息学部,微电子与通信工程学院,硕士,2023,就业,四川航天电子设备研究所,1
信息学部,微电子与通信工程学院,硕士,2023,就业,象帝先计算技术(重庆)有限公司,1
信息学部,微电子与通信工程学院,硕士,2023,就业,招银网络科技(深圳)有限公司,1
信息学部,微电子与通信工程学院,硕士,2023,就业,重庆市无线电监测站,1
信息学部,微电子与通信工程学院,硕士,2023,就业,湖北星纪时代科技有限公司,1
信息学部,微电子与通信工程学院,硕士,2023,就业,中国电子科技集团公司第十研究所,1
信息学部,微电子与通信工程学院,硕士,2023,就业,重庆市轨道交通集团有限公司,1
信息学部,微电子与通信工程学院,硕士,2023,升学,哈尔滨工业大学(深圳),1
信息学部,微电子与通信工程学院,硕士,2023,就业,陕西飞机工业有限责任公司,1
信息学部,微电子与通信工程学院,硕士,2023,就业,上海游梅信息技术有限公司,1
信息学部,微电子与通信工程学院,硕士,2023,就业,重庆农村商业银行股份有限公司,1
信息学部,微电子与通信工程学院,硕士,2023,就业,中央网信办网信发展教育中心,1
信息学部,微电子与通信工程学院,硕士,2023,就业,赛力斯汽车有限公司,1
信息学部,微电子与通信工程学院,硕士,2023,就业,迈普通信技术股份有限公司武汉分公司,1
信息学部,微电子与通信工程学院,硕士,2023,就业,重庆长安新能源汽车科技有限公司,1
信息学部,微电子与通信工程学院,硕士,2023,就业,中国振华集团永光电子有限公司(国营第八七三厂),1
信息学部,微电子与通信工程学院,硕士,2023,就业,深圳市紫光同创电子有限公司成都分公司,1
信息学部,微电子与通信工程学院,硕士,2023,就业,深圳市欢太科技有限公司,1
信息学部,微电子与通信工程学院,硕士,2023,就业,百度智能云(成都)科技有限公司,1
信息学部,微电子与通信工程学院,硕士,2023,就业,重庆星网网络系统研究院有限公司,1
信息学部,微电子与通信工程学院,硕士,2023,就业,中国人民解放军32057部队,1
信息学部,微电子与通信工程学院,硕士,2023,就业,中国银行股份有限公司南京分行,1
信息学部,微电子与通信工程学院,硕士,2023,就业,重庆览山汽车电子有限公司,1
信息学部,微电子与通信工程学院,硕士,2023,就业,苏州云途半导体有限公司,1
信息学部,微电子与通信工程学院,硕士,2023,就业,中原电子技术研究所(中国电子科技集团公司第二十七研究所),1
信息学部,微电子与通信工程学院,硕士,2023,就业,远景动力技术(江苏)有限公司,1
信息学部,微电子与通信工程学院,硕士,2023,就业,民生科技有限责任公司,1
信息学部,微电子与通信工程学院,硕士,2023,就业,翱捷科技股份有限公司,1
信息学部,微电子与通信工程学院,硕士,2023,就业,成都玖锦科技有限公司,1
信息学部,微电子与通信工程学院,硕士,2023,就业,中国长安汽车集团有限公司,1
信息学部,微电子与通信工程学院,硕士,2023,升学,苏州大学,1
信息学部,微电子与通信工程学院,硕士,2023,就业,加特兰微电子科技(上海)有限公司,1
信息学部,微电子与通信工程学院,硕士,2023,选调生,中国共产党达州市委员会组织部,1
信息学部,微电子与通信工程学院,硕士,2023,就业,武汉联影智融医疗科技有限公司,1
信息学部,微电子与通信工程学院,硕士,2023,就业,百度国际科技(深圳)有限公司,1
信息学部,微电子与通信工程学院,硕士,2023,升学,清华大学深圳国际研究生院,1
信息学部,微电子与通信工程学院,硕士,2023,就业,贵州梅岭电源有限公司,1
信息学部,微电子与通信工程学院,硕士,2023,就业,中国工商银行股份有限公司软件开发中心,1
信息学部,微电子与通信工程学院,硕士,2023,就业,中国农业银行股份有限公司上海市分行,1
信息学部,微电子与通信工程学院,硕士,2023,升学,电子科技大学,1
信息学部,微电子与通信工程学院,硕士,2023,就业,广西电网有限责任公司来宾供电局,1
信息学部,微电子与通信工程学院,硕士,2023,就业,四川两弹一星干部学院,1
信息学部,微电子与通信工程学院,硕士,2023,就业,成都北中网科技有限公司,1
信息学部,微电子与通信工程学院,硕士,2023,升学,华中科技大学,1
信息学部,微电子与通信工程学院,硕士,2023,就业,中冶赛迪信息技术(重庆)有限公司,1
信息学部,微电子与通信工程学院,硕士,2023,就业,成都智融微电子有限公司,1
信息学部,微电子与通信工程学院,硕士,2023,选调生,中共遵义市委组织部,1
信息学部,微电子与通信工程学院,博士,2023,就业,新加坡国立大学重庆研究院,1
信息学部,微电子与通信工程学院,博士,2023,就业,华为技术有限公司,1
信息学部,微电子与通信工程学院,博士,2023,就业,重庆邮电大学,1
信息学部,微电子与通信工程学院,博士,2023,就业,昆明理工大学,1
信息学部,微电子与通信工程学院,博士,2023,就业,大连海事大学,1
信息学部,微电子与通信工程学院,博士,2023,就业,河南师范大学,1
信息学部,微电子与通信工程学院,博士,2023,就业,上海伏达半导体有限公司,1
信息学部,微电子与通信工程学院,博士,2023,就业,西南大学,1
信息学部,微电子与通信工程学院,博士,2023,就业,重庆理工大学,1
信息学部,微电子与通信工程学院,博士,2023,就业,重庆交通大学,1
信息学部,微电子与通信工程学院,博士,2023,就业,安阳工学院,1
信息学部,计算机学院,本科,2021,就业,重庆大学,70
信息学部,计算机学院,本科,2021,就业,山石网科通信技术股份有限公司,6
信息学部,计算机学院,本科,2021,升学,北京理工大学,6
信息学部,计算机学院,本科,2021,升学,天津大学,5
信息学部,计算机学院,本科,2021,升学,中国科学技术大学,4
信息学部,计算机学院,本科,2021,升学,中山大学,4
信息学部,计算机学院,本科,2021,升学,华中科技大学,4
信息学部,计算机学院,本科,2021,升学,南京大学,3
信息学部,计算机学院,本科,2021,升学,北京邮电大学,3
信息学部,计算机学院,本科,2021,升学,中国科学院信息工程研究所,3
信息学部,计算机学院,本科,2021,升学,清华大学,3
信息学部,计算机学院,本科,2021,就业,重庆长安汽车软件科技有限公司,3
信息学部,计算机学院,本科,2021,就业,华为技术有限公司,3
信息学部,计算机学院,本科,2021,升学,西安交通大学,3
信息学部,计算机学院,本科,2021,就业,广州博冠信息科技有限公司,3
信息学部,计算机学院,本科,2021,出国(境)留学或工作,悉尼大学,3
信息学部,计算机学院,本科,2021,就业,重庆新世纪电气有限公司,3
信息学部,计算机学院,本科,2021,就业,北京字节跳动网络技术有限公司,2
信息学部,计算机学院,本科,2021,就业,重庆医药数据信息科技有限公司,2
信息学部,计算机学院,本科,2021,就业,北京华宇信息技术有限公司,2
信息学部,计算机学院,本科,2021,就业,中国葛洲坝集团易普力股份有限公司,2
信息学部,计算机学院,本科,2021,就业,恒生电子股份有限公司,2
信息学部,计算机学院,本科,2021,升学,电子科技大学,2
信息学部,计算机学院,本科,2021,就业,维沃移动通信(深圳)有限公司,2
信息学部,计算机学院,本科,2021,就业,中国铁建重工集团股份有限公司,2
信息学部,计算机学院,本科,2021,出国(境)留学或工作,圣路易斯华盛顿大学,2
信息学部,计算机学院,本科,2021,升学,西南大学,2
信息学部,计算机学院,本科,2021,升学,四川大学,2
信息学部,计算机学院,本科,2021,升学,中国地质大学(武汉),2
信息学部,计算机学院,本科,2021,出国(境)留学或工作,新加坡国立大学,2
信息学部,计算机学院,本科,2021,升学,武汉大学,2
信息学部,计算机学院,本科,2021,选调生,中共德阳市委组织部,2
信息学部,计算机学院,本科,2021,就业,重庆长安工业(集团)有限责任公司,2
信息学部,计算机学院,本科,2021,出国(境)留学或工作,香港科技大学,2
信息学部,计算机学院,本科,2021,升学,南开大学,2
信息学部,计算机学院,本科,2021,出国(境)留学或工作,东京大学,2
信息学部,计算机学院,本科,2021,就业,四川长虹网络科技有限责任公司,2
信息学部,计算机学院,本科,2021,出国(境)留学或工作,墨尔本大学,1
信息学部,计算机学院,本科,2021,就业,深圳市大摩登科技有限公司,1
信息学部,计算机学院,本科,2021,就业,携程计算机技术(上海)有限公司,1
信息学部,计算机学院,本科,2021,就业,腾讯科技(北京)有限公司,1
信息学部,计算机学院,本科,2021,就业,广西壮族自治区信息安全测评中心,1
信息学部,计算机学院,本科,2021,出国(境)留学或工作,卡耐基梅隆大学,1
信息学部,计算机学院,本科,2021,就业,重庆市沙坪坝区学而思培优课外培训学校有限公司,1
信息学部,计算机学院,本科,2021,就业,广东省农村信用社联合社,1
信息学部,计算机学院,本科,2021,就业,上海爱数信息技术股份有限公司,1
信息学部,计算机学院,本科,2021,出国(境)留学或工作,莱斯大学,1
信息学部,计算机学院,本科,2021,就业,华电轮台热电有限公司,1
信息学部,计算机学院,本科,2021,就业,中国长江电力股份有限公司,1
信息学部,计算机学院,本科,2021,就业,重庆航天机电设计院,1
信息学部,计算机学院,本科,2021,升学,东南大学,1
信息学部,计算机学院,本科,2021,升学,复旦大学,1
信息学部,计算机学院,本科,2021,就业,深信服科技股份有限公司,1
信息学部,计算机学院,本科,2021,就业,山大地纬软件股份有限公司,1
信息学部,计算机学院,本科,2021,就业,中国铁路成都局集团有限公司,1
信息学部,计算机学院,本科,2021,就业,广东亿迅科技有限公司,1
信息学部,计算机学院,本科,2021,就业,新疆吉木萨尔县公安局老台乡派出所,1
信息学部,计算机学院,本科,2021,就业,北京中恒天威防务科技有限公司,1
信息学部,计算机学院,本科,2021,出国(境)留学或工作,圣路易斯华盛顿,1
信息学部,计算机学院,本科,2021,出国(境)留学或工作,香港中文大学,1
信息学部,计算机学院,本科,2021,升学,中国人民大学,1
信息学部,计算机学院,本科,2021,就业,南宁富桂精密工业有限公司,1
信息学部,计算机学院,本科,2021,就业,美团科技有限公司,1
信息学部,计算机学院,本科,2021,就业,中国银联股份有限公司,1
信息学部,计算机学院,本科,2021,选调生,中共同德县委组织部,1
信息学部,计算机学院,本科,2021,就业,深圳市思达仪表有限公司,1
信息学部,计算机学院,本科,2021,升学,上海科技大学,1
信息学部,计算机学院,本科,2021,就业,渤海银行股份有限公司重庆分行,1
信息学部,计算机学院,本科,2021,就业,广东虹勤通讯技术有限公司,1
信息学部,计算机学院,本科,2021,就业,国网西藏电力有限公司林芝供电公司,1
信息学部,计算机学院,本科,2021,就业,上海子雄文化技术有限责任公司,1
信息学部,计算机学院,本科,2021,就业,浙江交工集团股份有限公司,1
信息学部,计算机学院,本科,2021,就业,中国南方电网有限责任公司超高压输电公司,1
信息学部,计算机学院,本科,2021,升学,北京大学,1
信息学部,计算机学院,本科,2021,就业,上海鸣志电器股份有限公司,1
信息学部,计算机学院,本科,2021,升学,中国科学院计算机网络信息中心,1
信息学部,计算机学院,本科,2021,就业,广州汇智通信技术有限公司,1
信息学部,计算机学院,本科,2021,就业,贝壳找房(北京)科技有限公司,1
信息学部,计算机学院,本科,2021,就业,中共西藏自治区委员会网络安全和信息化委员会办公室,1
信息学部,计算机学院,本科,2021,就业,中建隧道建设有限公司,1
信息学部,计算机学院,本科,2021,就业,浙江诸暨学而思分校,1
信息学部,计算机学院,本科,2021,就业,众安在线财产保险股份有限公司,1
信息学部,计算机学院,本科,2021,出国(境)留学或工作,名古屋大学,1
信息学部,计算机学院,本科,2021,出国(境)留学或工作,南加利福尼亚大学,1
信息学部,计算机学院,本科,2021,升学,中国科学院计算技术研究所,1
信息学部,计算机学院,本科,2021,就业,中国工商银行股份有限公司软件开发中心,1
信息学部,计算机学院,本科,2021,就业,腾讯科技(深圳)有限公司,1
信息学部,计算机学院,本科,2021,就业,招商银行股份有限公司重庆分行,1
信息学部,计算机学院,本科,2021,就业,中国移动通信集团四川有限公司天府新区分公司,1
信息学部,计算机学院,本科,2021,就业,重庆航天火箭电子技术有限公司,1
信息学部,计算机学院,本科,2021,就业,应征入伍,1
信息学部,计算机学院,本科,2021,就业,国网重庆市电力公司,1
信息学部,计算机学院,本科,2021,就业,中国石油天然气股份有限公司西南油气田分公司,1
信息学部,计算机学院,本科,2021,出国(境)留学或工作,慕尼黑工业大学,1
信息学部,计算机学院,本科,2021,就业,多益网络有限公司,1
信息学部,计算机学院,本科,2021,就业,北京三快在线科技有限公司,1
信息学部,计算机学院,本科,2021,选调生,广西壮族自治区党委组织部干部规划办,1
信息学部,计算机学院,本科,2021,就业,广州中望龙腾软件股份有限公司,1
信息学部,计算机学院,本科,2021,升学,上海财经大学,1
信息学部,计算机学院,本科,2021,就业,中国电信股份有限公司四川分公司,1
信息学部,计算机学院,本科,2021,出国(境)留学或工作,东北大学,1
信息学部,计算机学院,本科,2021,升学,中央财经大学,1
信息学部,计算机学院,本科,2021,就业,招联消费金融有限公司,1
信息学部,计算机学院,本科,2021,升学,南方科技大学,1
信息学部,计算机学院,本科,2021,升学,中南大学,1
信息学部,计算机学院,本科,2021,出国(境)留学或工作,曼彻斯特大学,1
信息学部,计算机学院,本科,2021,升学,厦门大学,1
信息学部,计算机学院,本科,2021,就业,泸州老窖股份有限公司,1
信息学部,计算机学院,本科,2021,升学,中国原子能科学研究院反应堆工程设计部,1
信息学部,计算机学院,本科,2021,就业,乌鲁木齐职业大学,1
信息学部,计算机学院,本科,2021,就业,云南红塔银行股份有限公司,1
信息学部,计算机学院,本科,2021,就业,上海汉得信息技术股份有限公司深圳分公司,1
信息学部,计算机学院,本科,2021,就业,中建铁路投资建设集团有限公司,1
信息学部,计算机学院,本科,2021,升学,北京航空航天大学,1
信息学部,计算机学院,本科,2021,升学,浙江大学,1
信息学部,计算机学院,本科,2021,就业,浪潮集团有限公司,1
信息学部,计算机学院,本科,2021,升学,国防科技大学,1
信息学部,计算机学院,本科,2021,就业,上海华兴数字科技有限公司,1
信息学部,计算机学院,本科,2021,升学,中国科学院软件研究所,1
信息学部,计算机学院,本科,2021,就业,比亚迪汽车有限公司,1
信息学部,计算机学院,本科,2021,升学,云南大学,1
信息学部,计算机学院,本科,2021,就业,普联技术有限公司,1
信息学部,计算机学院,本科,2021,就业,网易(杭州)网络有限公司,1
信息学部,计算机学院,本科,2021,出国(境)留学或工作,新南威尔士大学,1
信息学部,计算机学院,本科,2021,就业,中国银行股份有限公司西藏自治区分行,1
信息学部,计算机学院,本科,2021,就业,国网新疆电力公司信息通信公司,1
信息学部,计算机学院,本科,2021,就业,重庆富千环保科技有限公司,1
信息学部,计算机学院,本科,2021,就业,深圳今日头条科技有限公司,1
信息学部,计算机学院,本科,2021,就业,深圳拓邦股份有限公司,1
信息学部,计算机学院,本科,2021,就业,安徽江淮汽车集团股份有限公司,1
信息学部,计算机学院,本科,2021,就业,开思时代科技(深圳)有限公司,1
信息学部,计算机学院,本科,2021,就业,淮河能源控股集团有限责任公司,1
信息学部,计算机学院,本科,2021,就业,北京嘀嘀无限科技发展有限公司,1
信息学部,计算机学院,本科,2021,出国(境)留学或工作,温莎大学,1
信息学部,计算机学院,本科,2021,就业,青海省海东市乐都区机构编制委员会办公室,1
信息学部,计算机学院,本科,2021,就业,喀什地区岳普湖县委互联网舆情分析中心,1
信息学部,计算机学院,本科,2021,就业,重庆市江津区档案馆,1
信息学部,计算机学院,本科,2021,就业,北京山石网科信息技术有限公司,1
信息学部,计算机学院,本科,2021,就业,贵州诺环建设工程有限公司,1
信息学部,计算机学院,本科,2021,升学,北京交通大学,1
信息学部,计算机学院,本科,2021,就业,珠海格力电器股份有限公司,1
信息学部,计算机学院,本科,2021,就业,招银网络科技(深圳)有限公司成都分公司,1
信息学部,计算机学院,本科,2021,就业,中铁三局集团有限公司,1
信息学部,计算机学院,本科,2021,就业,浙江保融科技股份有限公司,1
信息学部,计算机学院,本科,2021,就业,中建西部建设西南有限公司,1
信息学部,计算机学院,本科,2021,就业,青岛海尔股份有限公司,1
信息学部,计算机学院,本科,2021,就业,深圳农村商业银行股份有限公司,1
信息学部,计算机学院,本科,2021,升学,哈尔滨工业大学(深圳),1
信息学部,计算机学院,本科,2021,就业,撼地数智(重庆)科技有限公司,1
信息学部,计算机学院,硕士,2021,就业,北京三快在线科技有限公司,7
信息学部,计算机学院,硕士,2021,就业,百度在线网络技术(北京)有限公司,5
信息学部,计算机学院,硕士,2021,就业,成都华为技术有限公司,5
信息学部,计算机学院,硕士,2021,就业,腾讯科技(深圳)有限公司,5
信息学部,计算机学院,硕士,2021,就业,中冶赛迪重庆信息技术有限公司,4
信息学部,计算机学院,硕士,2021,就业,中国农业银行股份有限公司湖北省分行,3
信息学部,计算机学院,硕士,2021,升学,重庆大学,3
信息学部,计算机学院,硕士,2021,就业,网易(杭州)网络有限公司,2
信息学部,计算机学院,硕士,2021,就业,中国邮政储蓄银行股份有限公司,2
信息学部,计算机学院,硕士,2021,就业,重庆红宇精密工业集团有限公司,2
信息学部,计算机学院,硕士,2021,就业,杭州海康威视数字技术股份有限公司,2
信息学部,计算机学院,硕士,2021,就业,北京嘀嘀无限科技发展有限公司,2
信息学部,计算机学院,硕士,2021,就业,重庆农村商业银行股份有限公司,2
信息学部,计算机学院,硕士,2021,就业,华为技术有限公司,2
信息学部,计算机学院,硕士,2021,就业,上海哔哩哔哩科技有限公司,2
信息学部,计算机学院,硕士,2021,就业,重庆城市管理职业学院,2
信息学部,计算机学院,硕士,2021,就业,深圳市龙岗区教育局,2
信息学部,计算机学院,硕士,2021,就业,深信服科技股份有限公司,2
信息学部,计算机学院,硕士,2021,就业,中国核动力研究设计院,2
信息学部,计算机学院,硕士,2021,就业,国网江苏省电力有限公司淮安供电分公司,1
信息学部,计算机学院,硕士,2021,选调生,广西壮族自治区党委组织部干部规划办,1
信息学部,计算机学院,硕士,2021,就业,中国移动通信集团四川有限公司,1
信息学部,计算机学院,硕士,2021,就业,中国建设银行股份有限公司重庆市分行,1
信息学部,计算机学院,硕士,2021,就业,成都职业技术学院,1
信息学部,计算机学院,硕士,2021,就业,北京有竹居网络技术有限公司,1
信息学部,计算机学院,硕士,2021,就业,花旗金融信息服务(中国)有限公司,1
信息学部,计算机学院,硕士,2021,就业,广联达科技股份有限公司,1
信息学部,计算机学院,硕士,2021,就业,展讯半导体(成都)有限公司,1
信息学部,计算机学院,硕士,2021,就业,上海高性能集成电路设计中心,1
信息学部,计算机学院,硕士,2021,就业,上海鹰角网络科技有限公司,1
信息学部,计算机学院,硕士,2021,就业,重庆市城市建设投资(集团)有限公司,1
信息学部,计算机学院,硕士,2021,选调生,中共重庆市委组织部,1
信息学部,计算机学院,硕士,2021,就业,中国电子科技集团公司第五十四研究所,1
信息学部,计算机学院,硕士,2021,就业,小米通讯技术有限公司,1
信息学部,计算机学院,硕士,2021,升学,厦门大学,1
信息学部,计算机学院,硕士,2021,选调生,中共贵州省委组织部,1
信息学部,计算机学院,硕士,2021,就业,南京莱斯信息技术股份有限公司,1
信息学部,计算机学院,硕士,2021,就业,重庆市璧山区人力资源和社会保障局,1
信息学部,计算机学院,硕士,2021,出国(境)留学或工作,室兰工业大学,1
信息学部,计算机学院,硕士,2021,就业,湖北省烟草公司宜昌市公司,1
信息学部,计算机学院,硕士,2021,就业,重庆高新区飞马创新研究院,1
信息学部,计算机学院,硕士,2021,就业,招联消费金融有限公司,1
信息学部,计算机学院,硕士,2021,就业,中国联合网络通信有限公司重庆市分公司,1
信息学部,计算机学院,硕士,2021,就业,北京字跳网络技术有限公司,1
信息学部,计算机学院,硕士,2021,选调生,江苏扬州维扬经济开发区社会事业管理中心,1
信息学部,计算机学院,硕士,2021,就业,中信银行股份有限公司,1
信息学部,计算机学院,硕士,2021,就业,杭州华为企业通信技术有限公司,1
信息学部,计算机学院,硕士,2021,就业,西安荣耀终端有限公司,1
信息学部,计算机学院,硕士,2021,就业,蚂蚁蓉信(成都)网络科技有限公司,1
信息学部,计算机学院,硕士,2021,升学,华中科技大学,1
信息学部,计算机学院,硕士,2021,就业,巨量引擎(上海)计算机科技有限公司,1
信息学部,计算机学院,硕士,2021,就业,腾讯科技(成都)有限公司,1
信息学部,计算机学院,硕士,2021,就业,浙江华锐捷技术有限公司,1
信息学部,计算机学院,硕士,2021,就业,中国电信股份有限公司云计算分公司,1
信息学部,计算机学院,硕士,2021,就业,中国工商银行股份有限公司软件开发中心,1
信息学部,计算机学院,硕士,2021,就业,上海数策软件股份有限公司,1
信息学部,计算机学院,硕士,2021,就业,中国电信股份有限公司广州信息化研发中心,1
信息学部,计算机学院,硕士,2021,就业,湖北航天技术研究院总体设计所,1
信息学部,计算机学院,硕士,2021,就业,深圳虾皮信息科技有限公司,1
信息学部,计算机学院,硕士,2021,就业,中国工程物理研究院核物理与化学研究所,1
信息学部,计算机学院,硕士,2021,就业,中国航空工业集团公司西安航空计算技术研究所,1
信息学部,计算机学院,硕士,2021,就业,杭州乌鸫科技有限公司,1
信息学部,计算机学院,硕士,2021,就业,建信金融科技有限责任公司,1
信息学部,计算机学院,硕士,2021,就业,上海傲爵数码科技有限公司,1
信息学部,计算机学院,硕士,2021,就业,北京荣耀终端有限公司,1
信息学部,计算机学院,硕士,2021,就业,易企银(杭州)科技有限公司,1
信息学部,计算机学院,硕士,2021,就业,招商银行股份有限公司重庆分行,1
信息学部,计算机学院,硕士,2021,就业,西南证券股份有限公司,1
信息学部,计算机学院,硕士,2021,就业,新浪网技术(中国)有限公司,1
信息学部,计算机学院,硕士,2021,就业,中国人民银行重庆营业管理部,1
信息学部,计算机学院,硕士,2021,就业,北京京东尚科信息技术有限公司,1
信息学部,计算机学院,硕士,2021,就业,工业和信息化部电子第五研究所,1
信息学部,计算机学院,硕士,2021,就业,重庆京东方显示技术有限公司,1
信息学部,计算机学院,硕士,2021,就业,山西社会主义学院,1
信息学部,计算机学院,硕士,2021,就业,中国铁路成都局集团有限公司,1
信息学部,计算机学院,硕士,2021,就业,深圳今日头条科技有限公司,1
信息学部,计算机学院,硕士,2021,就业,成都中兴软件有限责任公司,1
信息学部,计算机学院,硕士,2021,就业,东方红卫星移动通信有限公司,1
信息学部,计算机学院,硕士,2021,选调生,中国共产党南充市委员会组织部,1
信息学部,计算机学院,硕士,2021,就业,北京一点网聚科技有限公司,1
信息学部,计算机学院,硕士,2021,就业,北京奕斯伟计算技术有限公司,1
信息学部,计算机学院,硕士,2021,就业,徽商银行股份有限公司,1
信息学部,计算机学院,硕士,2021,就业,中国工程物理研究院化工材料研究所,1
信息学部,计算机学院,硕士,2021,就业,成都市普进通信技术有限公司,1
信息学部,计算机学院,硕士,2021,就业,中国农业银行股份有限公司陕西省分行,1
信息学部,计算机学院,硕士,2021,就业,重庆万塘信息技术有限公司,1
信息学部,计算机学院,硕士,2021,就业,重庆机电职业技术大学,1
信息学部,计算机学院,硕士,2021,就业,中国农业银行股份有限公司广东省分行,1
信息学部,计算机学院,硕士,2021,就业,华为技术有限公司北京研究所,1
信息学部,计算机学院,硕士,2021,就业,浙江大华技术股份有限公司,1
信息学部,计算机学院,硕士,2021,出国(境)留学或工作,麦考瑞大学,1
信息学部,计算机学院,硕士,2021,就业,比亚迪汽车有限公司,1
信息学部,计算机学院,硕士,2021,升学,重庆邮电大学,1
信息学部,计算机学院,硕士,2021,就业,重庆四联测控技术有限公司,1
信息学部,计算机学院,硕士,2021,就业,中国工程物理研究院计算机应用研究所,1
信息学部,计算机学院,硕士,2021,就业,中国农业银行股份有限公司重庆市分行,1
信息学部,计算机学院,硕士,2021,就业,浙江天猫技术有限公司,1
信息学部,计算机学院,硕士,2021,选调生,中国共产党遂宁市委员会组织部,1
信息学部,计算机学院,硕士,2021,就业,上海浦东发展银行股份有限公司成都分行,1
信息学部,计算机学院,博士,2021,就业,重庆邮电大学,3
信息学部,计算机学院,博士,2021,就业,贵州财经大学,1
信息学部,计算机学院,博士,2021,就业,贵州中医药大学,1
信息学部,计算机学院,博士,2021,就业,新加坡国立大学,1
信息学部,计算机学院,博士,2021,就业,湖南大学,1
信息学部,计算机学院,博士,2021,就业,重庆理工大学,1
信息学部,计算机学院,博士,2021,就业,西北师范大学,1
信息学部,计算机学院,博士,2021,就业,西北工业大学,1
信息学部,计算机学院,博士,2021,就业,曙光信息产业(北京)有限公司,1
信息学部,计算机学院,博士,2021,就业,重庆科技学院,1
信息学部,计算机学院,本科,2022,升学,重庆大学,65
信息学部,计算机学院,本科,2022,升学,天津大学,11
信息学部,计算机学院,本科,2022,就业,中移物联网有限公司,9
信息学部,计算机学院,本科,2022,升学,浙江大学,7
信息学部,计算机学院,本科,2022,就业,普联技术有限公司,5
信息学部,计算机学院,本科,2022,升学,电子科技大学,5
信息学部,计算机学院,本科,2022,升学,南京大学,5
信息学部,计算机学院,本科,2022,升学,中国科学院大学信息工程研究所,4
信息学部,计算机学院,本科,2022,就业,华为技术有限公司,4
信息学部,计算机学院,本科,2022,升学,北京航空航天大学,4
信息学部,计算机学院,本科,2022,就业,中兴(成都)智能科技有限公司,3
信息学部,计算机学院,本科,2022,出国(境)留学或工作,香港城市大学,3
信息学部,计算机学院,本科,2022,升学,中国科学技术大学,3
信息学部,计算机学院,本科,2022,升学,北京理工大学,3
信息学部,计算机学院,本科,2022,就业,成都市联洲国际技术有限公司,3
信息学部,计算机学院,本科,2022,就业,花旗金融信息服务(中国)有限公司,3
信息学部,计算机学院,本科,2022,就业,杭州联吉技术有限公司,3
信息学部,计算机学院,本科,2022,升学,中国科学院信息工程研究所,2
信息学部,计算机学院,本科,2022,选调生,广西壮族自治区党委组织部干部规划办(定向选调生),2
信息学部,计算机学院,本科,2022,出国(境)留学或工作,悉尼大学,2
信息学部,计算机学院,本科,2022,出国(境)留学或工作,纽约州立大学宾汉姆顿分校,2
信息学部,计算机学院,本科,2022,就业,深圳金三立视频科技股份有限公司,2
信息学部,计算机学院,本科,2022,升学,武汉大学,2
信息学部,计算机学院,本科,2022,就业,腾讯科技(深圳)有限公司,2
信息学部,计算机学院,本科,2022,升学,电子科技大学(非全日制),2
信息学部,计算机学院,本科,2022,升学,中国科学院大学自动化研究所,2
信息学部,计算机学院,本科,2022,升学,清华大学,2
信息学部,计算机学院,本科,2022,升学,西安交通大学,2
信息学部,计算机学院,本科,2022,升学,复旦大学,2
信息学部,计算机学院,本科,2022,就业,中建三局安装工程有限公司,2
信息学部,计算机学院,本科,2022,升学,北京大学,2
信息学部,计算机学院,本科,2022,升学,华中科技大学,2
信息学部,计算机学院,本科,2022,出国(境)留学或工作,波士顿大学,2
信息学部,计算机学院,本科,2022,就业,中国电信股份有限公司河北分公司,2
信息学部,计算机学院,本科,2022,升学,北京邮电大学,2
信息学部,计算机学院,本科,2022,就业,广州棒谷科技股份有限公司,1
信息学部,计算机学院,本科,2022,就业,工业和信息化部电子第五研究所,1
信息学部,计算机学院,本科,2022,就业,国网重庆市电力公司,1
信息学部,计算机学院,本科,2022,就业,成都航利航空科技有限责任公司,1
信息学部,计算机学院,本科,2022,就业,华夏银行股份有限公司重庆分行,1
信息学部,计算机学院,本科,2022,就业,浙江天猫技术有限公司,1
信息学部,计算机学院,本科,2022,就业,民生科技有限责任公司,1
信息学部,计算机学院,本科,2022,就业,马上消费金融股份有限公司,1
信息学部,计算机学院,本科,2022,就业,腾讯科技(北京)有限公司,1
信息学部,计算机学院,本科,2022,就业,中国人民解放军第五七一九工厂,1
信息学部,计算机学院,本科,2022,就业,杭州安恒信息技术股份有限公司,1
信息学部,计算机学院,本科,2022,就业,中国农业银行股份有限公司上海市分行,1
信息学部,计算机学院,本科,2022,就业,中国三峡新能源(集团)股份有限公司新疆分公司,1
信息学部,计算机学院,本科,2022,就业,湖南华菱湘潭钢铁有限公司,1
信息学部,计算机学院,本科,2022,就业,招银网络科技(深圳)有限公司成都分公司,1
信息学部,计算机学院,本科,2022,就业,抖音视界(北京)有限公司,1
信息学部,计算机学院,本科,2022,就业,锐捷网络股份有限公司,1
信息学部,计算机学院,本科,2022,就业,浙江爱旭太阳能科技有限公司,1
信息学部,计算机学院,本科,2022,就业,中国工商银行股份有限公司云南省分行,1
信息学部,计算机学院,本科,2022,就业,重庆华伟工业(集团)有限责任公司,1
信息学部,计算机学院,本科,2022,就业,交通银行股份有限公司湖南省分行,1
信息学部,计算机学院,本科,2022,就业,汉海信息技术(上海)有限公司,1
信息学部,计算机学院,本科,2022,就业,北京华耀科技有限公司,1
信息学部,计算机学院,本科,2022,就业,中国三峡新能源(集团)股份有限公司山东分公司,1
信息学部,计算机学院,本科,2022,就业,成都梓峡信息技术有限公司,1
信息学部,计算机学院,本科,2022,就业,贵州电网有限责任公司信息中心,1
信息学部,计算机学院,本科,2022,就业,中国电子科技集团公司第三十研究所,1
信息学部,计算机学院,本科,2022,就业,四川省肿瘤医院(四川省第二人民医院 四川省癌症防治中心),1
信息学部,计算机学院,本科,2022,就业,天信达信息技术有限公司,1
信息学部,计算机学院,本科,2022,就业,四川建三建设工程有限公司,1
信息学部,计算机学院,本科,2022,出国(境)留学或工作,南安普敦大学,1
信息学部,计算机学院,本科,2022,出国(境)留学或工作,乔治亚理工学院,1
信息学部,计算机学院,本科,2022,就业,上海梦创双杨数据科技股份有限公司,1
信息学部,计算机学院,本科,2022,就业,重庆嘉陵华光光电科技有限公司,1
信息学部,计算机学院,本科,2022,出国(境)留学或工作,宾汉姆顿大学,1
信息学部,计算机学院,本科,2022,出国(境)留学或工作,约翰霍普金斯大学,1
信息学部,计算机学院,本科,2022,就业,中国电信股份有限公司湖南分公司,1
信息学部,计算机学院,本科,2022,出国(境)留学或工作,香港科技大学,1
信息学部,计算机学院,本科,2022,就业,深圳传音控股股份有限公司,1
信息学部,计算机学院,本科,2022,就业,成都四威高科技产业园有限公司,1
信息学部,计算机学院,本科,2022,升学,东南大学,1
信息学部,计算机学院,本科,2022,出国(境)留学或工作,新加坡国立大学,1
信息学部,计算机学院,本科,2022,就业,招银网络科技(深圳)有限公司,1
信息学部,计算机学院,本科,2022,就业,网易(杭州)网络有限公司,1
信息学部,计算机学院,本科,2022,升学,国科大杭州高等研究院,1
信息学部,计算机学院,本科,2022,就业,杭州衡泰软件有限公司,1
信息学部,计算机学院,本科,2022,就业,广州中望龙腾软件股份有限公司,1
信息学部,计算机学院,本科,2022,就业,腾讯科技(成都)有限公司,1
信息学部,计算机学院,本科,2022,就业,南方电网产业投资集团有限责任公司,1
信息学部,计算机学院,本科,2022,就业,重庆山外山血液净化技术股份有限公司,1
信息学部,计算机学院,本科,2022,就业,淘宝(中国)软件有限公司,1
信息学部,计算机学院,本科,2022,就业,南京普联通信技术有限公司,1
信息学部,计算机学院,本科,2022,出国(境)留学或工作,巴黎理工学院,1
信息学部,计算机学院,本科,2022,就业,宁波银行股份有限公司,1
信息学部,计算机学院,本科,2022,就业,北京平凯星辰科技发展有限公司杭州分公司,1
信息学部,计算机学院,本科,2022,就业,华为技术有限公司南京研究所,1
信息学部,计算机学院,本科,2022,就业,北京广利核系统工程有限公司,1
信息学部,计算机学院,本科,2022,升学,中国人民大学,1
信息学部,计算机学院,本科,2022,就业,中国工程物理研究院核物理与化学研究所,1
信息学部,计算机学院,本科,2022,就业,帆软软件有限公司,1
信息学部,计算机学院,本科,2022,就业,比亚迪股份有限公司,1
信息学部,计算机学院,本科,2022,出国(境)留学或工作,香港中文大学,1
信息学部,计算机学院,本科,2022,就业,荣耀终端有限公司,1
信息学部,计算机学院,本科,2022,出国(境)留学或工作,佛罗里达大学,1
信息学部,计算机学院,本科,2022,升学,上海交通大学,1
信息学部,计算机学院,本科,2022,就业,阿里巴巴(北京)软件服务有限公司,1
信息学部,计算机学院,本科,2022,就业,中国电子科技集团公司第二十九研究所,1
信息学部,计算机学院,本科,2022,就业,重庆奥普泰通信技术有限公司,1
信息学部,计算机学院,本科,2022,升学,南开大学,1
信息学部,计算机学院,本科,2022,就业,重庆长安汽车股份有限公司,1
信息学部,计算机学院,本科,2022,就业,重庆西西弗文化传播有限公司,1
信息学部,计算机学院,本科,2022,就业,内蒙古伊利实业集团股份有限公司液态奶事业部,1
信息学部,计算机学院,本科,2022,就业,微软(中国)有限公司苏州分公司,1
信息学部,计算机学院,本科,2022,就业,杭州网易云音乐科技有限公司,1
信息学部,计算机学院,本科,2022,升学,中国航空研究院631所,1
信息学部,计算机学院,本科,2022,就业,中国石油化工股份有限公司西北油田分公司,1
信息学部,计算机学院,本科,2022,就业,罗普特科技集团股份有限公司,1
信息学部,计算机学院,本科,2022,就业,中国电信股份有限公司西藏分公司,1
信息学部,计算机学院,本科,2022,就业,重庆长安汽车软件科技有限公司,1
信息学部,计算机学院,本科,2022,就业,福建新大陆自动识别技术有限公司,1
信息学部,计算机学院,本科,2022,就业,中国建设银行股份有限公司西藏自治区分行,1
信息学部,计算机学院,本科,2022,就业,成都不亦说乎科技有限公司,1
信息学部,计算机学院,本科,2022,就业,深圳市中电电力技术股份有限公司,1
信息学部,计算机学院,本科,2022,就业,中国移动通信集团甘肃有限公司,1
信息学部,计算机学院,本科,2022,就业,重庆药友制药有限责任公司,1
信息学部,计算机学院,本科,2022,就业,西安西变组件有限公司,1
信息学部,计算机学院,本科,2022,就业,深圳虾皮信息科技有限公司,1
信息学部,计算机学院,本科,2022,就业,中国移动通信集团四川有限公司天府新区分公司,1
信息学部,计算机学院,本科,2022,就业,天津南大通用数据技术股份有限公司,1
信息学部,计算机学院,本科,2022,升学,北京科技大学,1
信息学部,计算机学院,本科,2022,出国(境)留学或工作,纽约大学,1
信息学部,计算机学院,本科,2022,出国(境)留学或工作,亚琛工业大学,1
信息学部,计算机学院,本科,2022,就业,新加坡虾皮私人有限公司,1
信息学部,计算机学院,本科,2022,升学,中山大学,1
信息学部,计算机学院,本科,2022,出国(境)留学或工作,俄亥俄州立大学,1
信息学部,计算机学院,本科,2022,就业,上海寻梦信息技术有限公司,1
信息学部,计算机学院,本科,2022,升学,北京师范大学,1
信息学部,计算机学院,本科,2022,就业,浙江华友钴业股份有限公司,1
信息学部,计算机学院,本科,2022,就业,北京睿智融科控股股份有限公司,1
信息学部,计算机学院,本科,2022,就业,支付宝(中国)网络技术有限公司深圳分公司,1
信息学部,计算机学院,本科,2022,就业,四川银行股份有限公司,1
信息学部,计算机学院,本科,2022,就业,烽火通信科技股份有限公司,1
信息学部,计算机学院,本科,2022,出国(境)留学或工作,昆士兰大学,1
信息学部,计算机学院,本科,2022,就业,东风汽车有限公司东风日产乘用车公司,1
信息学部,计算机学院,本科,2022,就业,杭州飞步科技有限公司,1
信息学部,计算机学院,本科,2022,就业,重庆今日头条科技有限公司,1
信息学部,计算机学院,本科,2022,就业,中兴通讯股份有限公司,1
信息学部,计算机学院,本科,2022,就业,泉州昆泰芯微电子科技有限公司,1
信息学部,计算机学院,本科,2022,出国(境)留学或工作,香港理工大学,1
信息学部,计算机学院,本科,2022,升学,哈尔滨工业大学(深圳),1
信息学部,计算机学院,本科,2022,就业,深圳证券通信有限公司,1
信息学部,计算机学院,本科,2022,就业,青岛海尔人力资源开发有限公司,1
信息学部,计算机学院,本科,2022,就业,浙江保融科技股份有限公司,1
信息学部,计算机学院,本科,2022,就业,中电科技集团重庆声光电有限公司,1
信息学部,计算机学院,本科,2022,就业,中国电信股份有限公司重庆分公司,1
信息学部,计算机学院,硕士,2022,就业,成都华为技术有限公司,9
信息学部,计算机学院,硕士,2022,就业,华为技术有限公司,5
信息学部,计算机学院,硕士,2022,就业,中国工商银行股份有限公司,4
信息学部,计算机学院,硕士,2022,升学,重庆大学,4
信息学部,计算机学院,硕士,2022,就业,重庆蚂蚁消费金融有限公司,4
信息学部,计算机学院,硕士,2022,就业,腾讯科技(深圳)有限公司,4
信息学部,计算机学院,硕士,2022,就业,象帝先计算技术(重庆)有限公司,4
信息学部,计算机学院,硕士,2022,就业,上海随训通电子科技有限公司,3
信息学部,计算机学院,硕士,2022,就业,杭州海康威视数字技术股份有限公司,3
信息学部,计算机学院,硕士,2022,就业,中国银行保险监督管理委员会重庆监管局,2
信息学部,计算机学院,硕士,2022,就业,联合微电子中心有限责任公司,2
信息学部,计算机学院,硕士,2022,就业,中冶赛迪重庆信息技术有限公司,2
信息学部,计算机学院,硕士,2022,就业,科大讯飞股份有限公司,2
信息学部,计算机学院,硕士,2022,就业,重庆长安工业(集团)有限责任公司,2
信息学部,计算机学院,硕士,2022,就业,上海浦东发展银行股份有限公司成都分行,2
信息学部,计算机学院,硕士,2022,就业,兴业银行股份有限公司,2
信息学部,计算机学院,硕士,2022,就业,中移物联网有限公司,2
信息学部,计算机学院,硕士,2022,就业,成都不亦说乎科技有限公司,2
信息学部,计算机学院,硕士,2022,就业,重庆位图信息技术有限公司,2
信息学部,计算机学院,硕士,2022,就业,百度在线网络技术(北京)有限公司,2
信息学部,计算机学院,硕士,2022,就业,重庆农村商业银行股份有限公司,2
信息学部,计算机学院,硕士,2022,就业,蚂蚁蓉信(成都)网络科技有限公司,2
信息学部,计算机学院,硕士,2022,就业,重庆万塘信息技术有限公司,2
信息学部,计算机学院,硕士,2022,升学,四川大学,1
信息学部,计算机学院,硕士,2022,就业,中国兵器工业第五九研究所,1
信息学部,计算机学院,硕士,2022,就业,中国电子科技集团公司第三十六研究所,1
信息学部,计算机学院,硕士,2022,就业,中泰期货股份有限公司,1
信息学部,计算机学院,硕士,2022,就业,联通(四川)产业互联网有限公司,1
信息学部,计算机学院,硕士,2022,就业,成都西南信息控制研究院有限公司,1
信息学部,计算机学院,硕士,2022,升学,厦门大学,1
信息学部,计算机学院,硕士,2022,就业,维沃软件技术有限公司,1
信息学部,计算机学院,硕士,2022,就业,中国农业银行股份有限公司广东省分行,1
信息学部,计算机学院,硕士,2022,就业,杭州巨量引擎网络技术有限公司,1
信息学部,计算机学院,硕士,2022,就业,国网河南省电力公司信息通信公司,1
信息学部,计算机学院,硕士,2022,就业,华为技术有限公司武汉研究所,1
信息学部,计算机学院,硕士,2022,就业,中国工程物理研究院核物理与化学研究所,1
信息学部,计算机学院,硕士,2022,就业,中电科航空电子有限公司,1
信息学部,计算机学院,硕士,2022,就业,成都联想信息技术有限公司,1
信息学部,计算机学院,硕士,2022,就业,上海哔哩哔哩科技有限公司,1
信息学部,计算机学院,硕士,2022,就业,深信服科技股份有限公司,1
信息学部,计算机学院,硕士,2022,就业,北京志凌海纳科技有限公司,1
信息学部,计算机学院,硕士,2022,就业,北京平凯星辰科技发展有限公司成都分公司,1
信息学部,计算机学院,硕士,2022,就业,上海华为技术有限公司,1
信息学部,计算机学院,硕士,2022,选调生,中国共产党巴中市委员会组织部,1
信息学部,计算机学院,硕士,2022,就业,重庆富民银行股份有限公司,1
信息学部,计算机学院,硕士,2022,选调生,中共安顺市委组织部,1
信息学部,计算机学院,硕士,2022,就业,重庆建设工业(集团)有限责任公司,1
信息学部,计算机学院,硕士,2022,就业,中国农业银行股份有限公司重庆市分行,1
信息学部,计算机学院,硕士,2022,就业,中国建设银行股份有限公司四川省分行,1
信息学部,计算机学院,硕士,2022,就业,广联达数字科技(上海)有限公司,1
信息学部,计算机学院,硕士,2022,就业,西安维沃软件技术有限公司,1
信息学部,计算机学院,硕士,2022,就业,武汉联影医疗科技有限公司,1
信息学部,计算机学院,硕士,2022,就业,中船重工安谱(湖北)仪器有限公司,1
信息学部,计算机学院,硕士,2022,出国(境)留学或工作,悉尼科技大学,1
信息学部,计算机学院,硕士,2022,升学,华中科技大学,1
信息学部,计算机学院,硕士,2022,就业,北京洛塔信息技术有限公司,1
信息学部,计算机学院,硕士,2022,就业,成都鼎桥通信技术有限公司,1
信息学部,计算机学院,硕士,2022,就业,三星(中国)半导体有限公司,1
信息学部,计算机学院,硕士,2022,就业,中国工商银行股份有限公司甘肃省分行,1
信息学部,计算机学院,硕士,2022,就业,中国银行股份有限公司重庆市分行,1
信息学部,计算机学院,硕士,2022,选调生,文山壮族苗族自治州公安局,1
信息学部,计算机学院,硕士,2022,升学,上海交通大学,1
信息学部,计算机学院,硕士,2022,就业,深圳证券通信有限公司,1
信息学部,计算机学院,硕士,2022,就业,成都卫士通信息产业股份有限公司,1
信息学部,计算机学院,硕士,2022,就业,新华三云计算有限公司,1
信息学部,计算机学院,硕士,2022,就业,奇安信科技集团股份有限公司,1
信息学部,计算机学院,硕士,2022,就业,北京有竹居网络技术有限公司,1
信息学部,计算机学院,硕士,2022,就业,北京向上一意老虎科技集团有限公司,1
信息学部,计算机学院,硕士,2022,出国(境)留学或工作,香港理工大学,1
信息学部,计算机学院,硕士,2022,就业,海光信息技术股份有限公司,1
信息学部,计算机学院,硕士,2022,就业,广东电网有限责任公司惠州供电局,1
信息学部,计算机学院,硕士,2022,就业,阿里巴巴(中国)有限公司,1
信息学部,计算机学院,硕士,2022,就业,腾讯科技(上海)有限公司,1
信息学部,计算机学院,硕士,2022,就业,中国联合网络通信有限公司重庆市分公司,1
信息学部,计算机学院,硕士,2022,就业,光大证券股份有限公司,1
信息学部,计算机学院,硕士,2022,就业,四川省八〇三研究所,1
信息学部,计算机学院,硕士,2022,就业,中国建设银行股份有限公司湖北省分行,1
信息学部,计算机学院,硕士,2022,就业,广州博冠信息科技有限公司,1
信息学部,计算机学院,硕士,2022,就业,新华三技术有限公司成都分公司,1
信息学部,计算机学院,硕士,2022,就业,上海联影医疗科技股份有限公司,1
信息学部,计算机学院,硕士,2022,选调生,中国共产党洛阳市委员会组织部,1
信息学部,计算机学院,硕士,2022,就业,北京奇虎科技有限公司,1
信息学部,计算机学院,硕士,2022,就业,西安华为技术有限公司,1
信息学部,计算机学院,硕士,2022,就业,国网重庆市电力公司,1
信息学部,计算机学院,硕士,2022,就业,南方电网电力科技股份有限公司,1
信息学部,计算机学院,硕士,2022,就业,巨量引擎(上海)计算机科技有限公司,1
信息学部,计算机学院,硕士,2022,就业,常德烟草机械有限责任公司,1
信息学部,计算机学院,硕士,2022,选调生,中共重庆市委组织部,1
信息学部,计算机学院,硕士,2022,就业,腾讯音乐娱乐科技(深圳)有限公司,1
信息学部,计算机学院,硕士,2022,就业,深圳安途智行科技有限公司,1
信息学部,计算机学院,硕士,2022,就业,腾讯科技(北京)有限公司,1
信息学部,计算机学院,硕士,2022,就业,上海寻梦信息技术有限公司,1
信息学部,计算机学院,硕士,2022,就业,哲库科技(上海)有限公司成都分公司,1
信息学部,计算机学院,硕士,2022,就业,成都市联洲国际技术有限公司,1
信息学部,计算机学院,硕士,2022,就业,淘宝(中国)软件有限公司,1
信息学部,计算机学院,硕士,2022,就业,荣耀终端有限公司南京分公司,1
信息学部,计算机学院,硕士,2022,就业,中原电子技术研究所(中国电子科技集团公司第二十七研究所),1
信息学部,计算机学院,硕士,2022,就业,中国农业银行股份有限公司四川省分行,1
信息学部,计算机学院,硕士,2022,升学,中山大学,1
信息学部,计算机学院,硕士,2022,就业,北京三快在线科技有限公司,1
信息学部,计算机学院,硕士,2022,就业,网银在线(北京)科技有限公司四川分公司,1
信息学部,计算机学院,硕士,2022,就业,荣耀终端有限公司,1
信息学部,计算机学院,硕士,2022,选调生,中国共产党重庆市委员会组织部,1
信息学部,计算机学院,硕士,2022,就业,北京清微智能科技有限公司,1
信息学部,计算机学院,硕士,2022,就业,杭州拉扎斯信息科技有限公司,1
信息学部,计算机学院,硕士,2022,就业,上海海思技术有限公司,1
信息学部,计算机学院,硕士,2022,就业,腾讯科技(成都)有限公司,1
信息学部,计算机学院,硕士,2022,就业,广东虹勤通讯技术有限公司,1
信息学部,计算机学院,硕士,2022,就业,中孚信息股份有限公司,1
信息学部,计算机学院,硕士,2022,就业,航天新通科技有限公司,1
信息学部,计算机学院,硕士,2022,就业,中国城市规划设计研究院西部分院,1
信息学部,计算机学院,博士,2022,就业,重庆交通大学,3
信息学部,计算机学院,博士,2022,就业,昆明理工大学,2
信息学部,计算机学院,博士,2022,就业,重庆邮电大学,2
信息学部,计算机学院,博士,2022,就业,深圳大学,1
信息学部,计算机学院,博士,2022,就业,香港中文大学,1
信息学部,计算机学院,博士,2022,就业,重庆工商大学,1
信息学部,计算机学院,博士,2022,出国(境)留学或工作,新加坡国立大学,1
信息学部,计算机学院,博士,2022,就业,贵州大学,1
信息学部,计算机学院,博士,2022,就业,南京林业大学,1
信息学部,计算机学院,博士,2022,就业,重庆师范大学,1
信息学部,计算机学院,博士,2022,就业,华为技术有限公司,1
信息学部,计算机学院,博士,2022,就业,河南大学,1
信息学部,计算机学院,本科,2023,升学,重庆大学,57
信息学部,计算机学院,本科,2023,升学,国防科学技术大学,9
信息学部,计算机学院,本科,2023,就业,比亚迪股份有限公司,6
信息学部,计算机学院,本科,2023,升学,南京大学,5
信息学部,计算机学院,本科,2023,出国(境)留学或工作,新加坡国立大学,5
信息学部,计算机学院,本科,2023,就业,上海中广核工程科技有限公司,4
信息学部,计算机学院,本科,2023,升学,中山大学,4
信息学部,计算机学院,本科,2023,升学,南开大学,4
信息学部,计算机学院,本科,2023,升学,复旦大学,4
信息学部,计算机学院,本科,2023,升学,中国科学技术大学,4
信息学部,计算机学院,本科,2023,就业,广州基正管理软件有限公司,3
信息学部,计算机学院,本科,2023,就业,中国重型汽车集团有限公司,3
信息学部,计算机学院,本科,2023,升学,北京大学,3
信息学部,计算机学院,本科,2023,升学,华东师范大学,3
信息学部,计算机学院,本科,2023,升学,中国科学院大学,3
信息学部,计算机学院,本科,2023,升学,厦门大学,3
信息学部,计算机学院,本科,2023,就业,北京广利核系统工程有限公司,2
信息学部,计算机学院,本科,2023,就业,浙江大华技术股份有限公司,2
信息学部,计算机学院,本科,2023,就业,成都市联洲国际技术有限公司,2
信息学部,计算机学院,本科,2023,就业,中国联合网络通信有限公司湖南省分公司,2
信息学部,计算机学院,本科,2023,就业,交通银行股份有限公司四川省分行,2
信息学部,计算机学院,本科,2023,就业,杭州迪普科技股份有限公司,2
信息学部,计算机学院,本科,2023,就业,中移物联网有限公司,2
信息学部,计算机学院,本科,2023,升学,北京航空航天大学,2
信息学部,计算机学院,本科,2023,升学,中国科学院计算技术研究所,2
信息学部,计算机学院,本科,2023,升学,武汉大学,2
信息学部,计算机学院,本科,2023,出国(境)留学或工作,香港城市大学,2
信息学部,计算机学院,本科,2023,就业,中电科芯片技术(集团)有限公司,1
信息学部,计算机学院,本科,2023,选调生,中共铜仁市委组织部,1
信息学部,计算机学院,本科,2023,就业,中国联合网络通信有限公司重庆市分公司,1
信息学部,计算机学院,本科,2023,就业,中国铁塔股份有限公司,1
信息学部,计算机学院,本科,2023,选调生,中共黑龙江省委组织部,1
信息学部,计算机学院,本科,2023,出国(境)留学或工作,莫纳什大学,1
信息学部,计算机学院,本科,2023,就业,西南计算机有限责任公司,1
信息学部,计算机学院,本科,2023,就业,深圳市新凯来技术有限公司,1
信息学部,计算机学院,本科,2023,就业,银川嘉亿行文化传媒有限公司,1
信息学部,计算机学院,本科,2023,就业,北京淘幂科技有限公司重庆分公司,1
信息学部,计算机学院,本科,2023,选调生,中国共产党镇沅彝族哈尼族拉祜族自治县纪律检查委员会,1
信息学部,计算机学院,本科,2023,就业,东方财富证券股份有限公司上海分公司,1
信息学部,计算机学院,本科,2023,就业,中通服咨询设计研究院有限公司,1
信息学部,计算机学院,本科,2023,就业,重庆长安汽车软件科技有限公司,1
信息学部,计算机学院,本科,2023,就业,天津钢管制造有限公司,1
信息学部,计算机学院,本科,2023,就业,深圳平安综合金融服务有限公司,1
信息学部,计算机学院,本科,2023,出国(境)留学或工作,科罗拉多大学博尔德分校,1
信息学部,计算机学院,本科,2023,出国(境)留学或工作,纽约州立大学宾汉姆顿分校,1
信息学部,计算机学院,本科,2023,升学,中国人民大学,1
信息学部,计算机学院,本科,2023,升学,四川大学,1
信息学部,计算机学院,本科,2023,升学,清华大学,1
信息学部,计算机学院,本科,2023,出国(境)留学或工作,卡耐基梅隆大学,1
信息学部,计算机学院,本科,2023,升学,清华大学深圳国际研究生院,1
信息学部,计算机学院,本科,2023,升学,电子科技大学,1
信息学部,计算机学院,本科,2023,升学,浙江大学,1
信息学部,计算机学院,本科,2023,出国(境)留学或工作,范德堡大学,1
信息学部,计算机学院,本科,2023,升学,哈尔滨工业大学,1
信息学部,计算机学院,本科,2023,升学,华中科技大学,1
信息学部,计算机学院,本科,2023,出国(境)留学或工作,宾夕法尼亚州立大学,1
信息学部,计算机学院,本科,2023,就业,重庆国科敏盾生物科技发展有限公司,1
信息学部,计算机学院,本科,2023,升学,上海科技大学,1
信息学部,计算机学院,本科,2023,出国(境)留学或工作,布里斯托大学,1
信息学部,计算机学院,本科,2023,就业,中国工商银行股份有限公司,1
信息学部,计算机学院,本科,2023,就业,广州广电运通金融电子股份有限公司,1
信息学部,计算机学院,本科,2023,就业,深圳证券通信有限公司,1
信息学部,计算机学院,本科,2023,就业,重庆市科源能源技术发展有限公司,1
信息学部,计算机学院,本科,2023,就业,花旗金融信息服务(中国)有限公司,1
信息学部,计算机学院,本科,2023,出国(境)留学或工作,华威大学,1
信息学部,计算机学院,本科,2023,就业,广西大藤峡水利枢纽开发有限责任公司,1
信息学部,计算机学院,本科,2023,出国(境)留学或工作,纽约大学,1
信息学部,计算机学院,本科,2023,就业,天津神舟通用数据技术有限公司重庆分公司,1
信息学部,计算机学院,本科,2023,就业,重庆力图人力资源管理咨询有限公司,1
信息学部,计算机学院,本科,2023,就业,台山核电合营有限公司,1
信息学部,计算机学院,本科,2023,就业,金蝶软件(中国)有限公司,1
信息学部,计算机学院,本科,2023,就业,西安华为技术有限公司,1
信息学部,计算机学院,本科,2023,出国(境)留学或工作,香港中文大学,1
信息学部,计算机学院,本科,2023,就业,上海清鹤科技股份有限公司,1
信息学部,计算机学院,本科,2023,就业,四川长虹电子科技有限公司,1
信息学部,计算机学院,本科,2023,就业,南京万得资讯科技有限公司,1
信息学部,计算机学院,本科,2023,就业,深圳市联洲国际技术有限公司,1
信息学部,计算机学院,本科,2023,就业,脸萌技术(深圳)有限公司,1
信息学部,计算机学院,本科,2023,就业,重庆长安望江工业集团有限公司,1
信息学部,计算机学院,本科,2023,就业,重庆集诚汽车电子有限责任公司,1
信息学部,计算机学院,本科,2023,升学,天津大学,1
信息学部,计算机学院,本科,2023,出国(境)留学或工作,德累斯顿工业大学,1
信息学部,计算机学院,本科,2023,升学,吉林大学,1
信息学部,计算机学院,本科,2023,就业,中国人民解放军96781部队,1
信息学部,计算机学院,本科,2023,升学,南方科技大学,1
信息学部,计算机学院,本科,2023,升学,华南师范大学,1
信息学部,计算机学院,本科,2023,就业,深圳市欢太科技有限公司,1
信息学部,计算机学院,本科,2023,就业,重庆市江北区耀火光教育培训学校有限公司,1
信息学部,计算机学院,本科,2023,升学,北京邮电大学,1
信息学部,计算机学院,本科,2023,就业,浙江保融科技股份有限公司,1
信息学部,计算机学院,本科,2023,就业,杭州华为企业通信技术有限公司,1
信息学部,计算机学院,本科,2023,就业,北京三快在线科技有限公司,1
信息学部,计算机学院,本科,2023,就业,恒生电子股份有限公司,1
信息学部,计算机学院,本科,2023,就业,福建星网锐捷通讯股份有限公司,1
信息学部,计算机学院,本科,2023,就业,上海龙旗科技股份有限公司,1
信息学部,计算机学院,本科,2023,就业,中国银行股份有限公司陕西省分行,1
信息学部,计算机学院,本科,2023,就业,北京嘀嘀无限科技发展有限公司,1
信息学部,计算机学院,本科,2023,就业,中国工商银行股份有限公司云南省分行,1
信息学部,计算机学院,本科,2023,升学,西安交通大学,1
信息学部,计算机学院,本科,2023,就业,上海梦创双杨数据科技股份有限公司,1
信息学部,计算机学院,本科,2023,就业,中国移动通信有限公司销售分公司,1
信息学部,计算机学院,本科,2023,就业,贝壳找房(北京)科技有限公司,1
信息学部,计算机学院,本科,2023,就业,深圳拓邦股份有限公司,1
信息学部,计算机学院,本科,2023,就业,中国电信股份有限公司南宁分公司,1
信息学部,计算机学院,本科,2023,就业,新疆天池能源有限责任公司,1
信息学部,计算机学院,本科,2023,就业,交通银行股份有限公司陕西省分行,1
信息学部,计算机学院,本科,2023,就业,成都若草网络科技有限公司,1
信息学部,计算机学院,本科,2023,就业,深圳成谷科技有限公司,1
信息学部,计算机学院,本科,2023,就业,重庆晓道信息科技有限公司,1
信息学部,计算机学院,本科,2023,就业,成都市新都区兴乐路小学校,1
信息学部,计算机学院,本科,2023,就业,中国农业银行股份有限公司重庆市分行,1
信息学部,计算机学院,本科,2023,出国(境)留学或工作,圣路易斯华盛顿大学,1
信息学部,计算机学院,本科,2023,就业,广东省农村信用社联合社,1
信息学部,计算机学院,本科,2023,就业,中国电信股份有限公司西藏分公司,1
信息学部,计算机学院,本科,2023,升学,广西大学,1
信息学部,计算机学院,本科,2023,就业,泸州老窖股份有限公司,1
信息学部,计算机学院,本科,2023,出国(境)留学或工作,筑波大学,1
信息学部,计算机学院,本科,2023,出国(境)留学或工作,行知学园日本语学校,1
信息学部,计算机学院,本科,2023,就业,重庆市南岸区城市管理局,1
信息学部,计算机学院,本科,2023,选调生,中共贵州省委组织部,1
信息学部,计算机学院,本科,2023,就业,上海锅炉厂有限公司,1
信息学部,计算机学院,本科,2023,就业,东方电子股份有限公司,1
信息学部,计算机学院,本科,2023,就业,重庆首讯科技股份有限公司,1
信息学部,计算机学院,本科,2023,就业,中国联合网络通信有限公司贵州省分公司,1
信息学部,计算机学院,本科,2023,出国(境)留学或工作,新南威尔士大学,1
信息学部,计算机学院,本科,2023,选调生,中共遵义市委组织部,1
信息学部,计算机学院,本科,2023,选调生,中共黔西南州委组织部,1
信息学部,计算机学院,本科,2023,选调生,澄迈县住房和城乡建设局,1
信息学部,计算机学院,本科,2023,就业,重庆长安汽车股份有限公司,1
信息学部,计算机学院,本科,2023,就业,浪潮集团有限公司,1
信息学部,计算机学院,本科,2023,出国(境)留学或工作,鲁汶大学,1
信息学部,计算机学院,本科,2023,就业,贵州航天电器股份有限公司,1
信息学部,计算机学院,本科,2023,就业,交通银行股份有限公司,1
信息学部,计算机学院,本科,2023,就业,攀钢集团(攀枝花)钛金属材料有限公司,1
信息学部,计算机学院,本科,2023,就业,中广核智能科技(深圳)有限责任公司,1
信息学部,计算机学院,硕士,2023,就业,象帝先计算技术(重庆)有限公司,7
信息学部,计算机学院,硕士,2023,就业,重庆长安汽车软件科技有限公司,6
信息学部,计算机学院,硕士,2023,就业,成都华为技术有限公司,5
信息学部,计算机学院,硕士,2023,就业,中兴通讯股份有限公司,4
信息学部,计算机学院,硕士,2023,就业,阿里云计算有限公司,4
信息学部,计算机学院,硕士,2023,就业,重庆农村商业银行股份有限公司,3
信息学部,计算机学院,硕士,2023,就业,阿里巴巴(北京)软件服务有限公司,3
信息学部,计算机学院,硕士,2023,就业,杭州海康威视数字技术股份有限公司,2
信息学部,计算机学院,硕士,2023,就业,重庆星网网络系统研究院有限公司,2
信息学部,计算机学院,硕士,2023,升学,重庆邮电大学,2
信息学部,计算机学院,硕士,2023,就业,国网重庆市电力公司,2
信息学部,计算机学院,硕士,2023,就业,中国邮政储蓄银行股份有限公司,2
信息学部,计算机学院,硕士,2023,就业,赛力斯汽车有限公司,2
信息学部,计算机学院,硕士,2023,就业,重庆蚂蚁消费金融有限公司,2
信息学部,计算机学院,硕士,2023,就业,芯动微电子科技(珠海)有限公司,2
信息学部,计算机学院,硕士,2023,就业,北京三快在线科技有限公司,2
信息学部,计算机学院,硕士,2023,就业,中冶赛迪信息技术(重庆)有限公司,2
信息学部,计算机学院,硕士,2023,就业,上海蔚来汽车有限公司,2
信息学部,计算机学院,硕士,2023,出国(境)留学或工作,休斯顿大学,1
信息学部,计算机学院,硕士,2023,就业,网银在线(北京)科技有限公司,1
信息学部,计算机学院,硕士,2023,就业,北京趣拿软件科技有限公司,1
信息学部,计算机学院,硕士,2023,就业,温州市烟草专卖局,1
信息学部,计算机学院,硕士,2023,就业,阿里巴巴(成都)软件技术有限公司,1
信息学部,计算机学院,硕士,2023,就业,汉海信息技术(上海)有限公司,1
信息学部,计算机学院,硕士,2023,就业,中国电子科技集团公司第五十四研究所,1
信息学部,计算机学院,硕士,2023,就业,三星(中国)半导体有限公司,1
信息学部,计算机学院,硕士,2023,就业,蚂蚁云创数字科技(北京)有限公司,1
信息学部,计算机学院,硕士,2023,就业,中国工程物理研究院总体工程研究所,1
信息学部,计算机学院,硕士,2023,就业,四川航天长征装备制造有限公司,1
信息学部,计算机学院,硕士,2023,就业,西安中兴新软件有限责任公司,1
信息学部,计算机学院,硕士,2023,就业,阿里巴巴达摩院(杭州)科技有限公司,1
信息学部,计算机学院,硕士,2023,就业,东方电子股份有限公司,1
信息学部,计算机学院,硕士,2023,出国(境)留学或工作,新加坡科技设计大学,1
信息学部,计算机学院,硕士,2023,就业,江阴兴澄特种钢铁有限公司,1
信息学部,计算机学院,硕士,2023,就业,地平线征程(杭州)人工智能科技有限公司,1
信息学部,计算机学院,硕士,2023,就业,南京电子工程研究所(中国电子科技集团公司第二十八研究所),1
信息学部,计算机学院,硕士,2023,就业,芯原微电子(成都)有限公司,1
信息学部,计算机学院,硕士,2023,就业,比亚迪汽车有限公司,1
信息学部,计算机学院,硕士,2023,就业,建信金融科技有限责任公司,1
信息学部,计算机学院,硕士,2023,就业,湖北航天技术研究院总体设计所,1
信息学部,计算机学院,硕士,2023,就业,中国人民银行遵义市中心支行,1
信息学部,计算机学院,硕士,2023,选调生,河南省工业和信息化厅,1
信息学部,计算机学院,硕士,2023,就业,江南机电设计研究所,1
信息学部,计算机学院,硕士,2023,就业,江苏银行股份有限公司盐城分行,1
信息学部,计算机学院,硕士,2023,就业,中国重型汽车集团有限公司,1
信息学部,计算机学院,硕士,2023,就业,重庆华渝电气集团有限公司,1
信息学部,计算机学院,硕士,2023,就业,北京嘀嘀无限科技发展有限公司,1
信息学部,计算机学院,硕士,2023,就业,北京控制与电子技术研究所,1
信息学部,计算机学院,硕士,2023,就业,苏州市智慧检务保障中心,1
信息学部,计算机学院,硕士,2023,就业,珠海澳大科技研究院,1
信息学部,计算机学院,硕士,2023,升学,北京航空航天大学,1
信息学部,计算机学院,硕士,2023,就业,浙江省海港投资运营集团有限公司,1
信息学部,计算机学院,硕士,2023,就业,上海寻梦信息技术有限公司,1
信息学部,计算机学院,硕士,2023,就业,武汉海康威视技术有限公司,1
信息学部,计算机学院,硕士,2023,就业,华为技术有限公司,1
信息学部,计算机学院,硕士,2023,就业,交通银行股份有限公司四川省分行,1
信息学部,计算机学院,硕士,2023,就业,北京奇虎科技有限公司,1
信息学部,计算机学院,硕士,2023,就业,中国人民银行福州中心支行(国家外汇管理局福建省分局),1
信息学部,计算机学院,硕士,2023,就业,谱瑞集成电路(重庆)有限公司,1
信息学部,计算机学院,硕士,2023,就业,西宁大学,1
信息学部,计算机学院,硕士,2023,就业,国网河南省电力公司平顶山供电公司,1
信息学部,计算机学院,硕士,2023,就业,云和恩墨(北京)信息技术有限公司,1
信息学部,计算机学院,硕士,2023,就业,重庆传音通讯技术有限公司,1
信息学部,计算机学院,硕士,2023,就业,国网河南省电力公司驻马店供电公司,1
信息学部,计算机学院,硕士,2023,就业,中国移动通信集团云南有限公司,1
信息学部,计算机学院,硕士,2023,就业,上海航空工业(集团)有限公司,1
信息学部,计算机学院,硕士,2023,就业,集度科技(武汉)有限公司,1
信息学部,计算机学院,硕士,2023,就业,比亚迪股份有限公司,1
信息学部,计算机学院,硕士,2023,就业,北京字跳网络技术有限公司,1
信息学部,计算机学院,硕士,2023,就业,中国人民银行贵阳中心支行,1
信息学部,计算机学院,硕士,2023,就业,重庆长安汽车股份有限公司,1
信息学部,计算机学院,硕士,2023,就业,上海合见工业软件集团有限公司,1
信息学部,计算机学院,硕士,2023,就业,新华资产管理股份有限公司,1
信息学部,计算机学院,硕士,2023,就业,科大讯飞股份有限公司,1
信息学部,计算机学院,硕士,2023,就业,中国星网网络应用有限公司,1
信息学部,计算机学院,硕士,2023,就业,湖北恩施学院,1
信息学部,计算机学院,硕士,2023,升学,复旦大学,1
信息学部,计算机学院,硕士,2023,就业,四川航天世源科技有限公司,1
信息学部,计算机学院,硕士,2023,就业,新华三技术有限公司成都分公司,1
信息学部,计算机学院,硕士,2023,就业,浪潮集团有限公司,1
信息学部,计算机学院,硕士,2023,选调生,中共重庆市渝北区委组织部,1
信息学部,计算机学院,硕士,2023,就业,重庆市南开两江中学校,1
信息学部,计算机学院,硕士,2023,就业,浙江天猫技术有限公司,1
信息学部,计算机学院,硕士,2023,就业,摩托罗拉移动通信软件(武汉)有限公司,1
信息学部,计算机学院,硕士,2023,升学,重庆大学,1
信息学部,计算机学院,硕士,2023,就业,叠拓信息技术(北京)有限公司成都分公司,1
信息学部,计算机学院,硕士,2023,就业,北京达佳互联信息技术有限公司,1
信息学部,计算机学院,硕士,2023,就业,百度在线网络技术(北京)有限公司,1
信息学部,计算机学院,硕士,2023,就业,湖南省张家界市生态环境建设管理办公室,1
信息学部,计算机学院,硕士,2023,就业,山石网科通信技术股份有限公司,1
信息学部,计算机学院,硕士,2023,就业,重庆中电自能科技有限公司,1
信息学部,计算机学院,硕士,2023,就业,中国人民解放军32066部队,1
信息学部,计算机学院,硕士,2023,升学,西南大学,1
信息学部,计算机学院,硕士,2023,就业,重庆谢家湾学校,1
信息学部,计算机学院,硕士,2023,就业,百度(中国)有限公司,1
信息学部,计算机学院,硕士,2023,出国(境)留学或工作,北卡罗莱纳州立大学,1
信息学部,计算机学院,硕士,2023,就业,中国南方电网有限责任公司超高压输电公司,1
信息学部,计算机学院,硕士,2023,就业,北京百舸飞驰科技有限公司,1
信息学部,计算机学院,硕士,2023,就业,成都大普微聚科技有限公司,1
信息学部,计算机学院,博士,2023,就业,重庆邮电大学,2
信息学部,计算机学院,博士,2023,就业,中国联合网络通信有限公司重庆市分公司,1
信息学部,计算机学院,博士,2023,就业,香港理工大学,1
信息学部,计算机学院,博士,2023,就业,西南大学,1
信息学部,计算机学院,博士,2023,就业,新加坡南洋理工大学,1
信息学部,计算机学院,博士,2023,就业,湖北民族大学,1
信息学部,计算机学院,博士,2023,就业,重庆理工大学,1
信息学部,计算机学院,博士,2023,就业,江南造船(集团)有限责任公司,1
信息学部,计算机学院,博士,2023,就业,哈尔滨工业大学重庆研究院,1
信息学部,计算机学院,博士,2023,就业,贵州大学,1
信息学部,计算机学院,博士,2023,就业,电子科技大学(深圳)高等研究院,1
信息学部,自动化学院,本科,2021,升学,重庆大学,78
信息学部,自动化学院,本科,2021,就业,重庆长安汽车股份有限公司,8
信息学部,自动化学院,本科,2021,升学,西安交通大学,6
信息学部,自动化学院,本科,2021,就业,紫金矿业集团股份有限公司,4
信息学部,自动化学院,本科,2021,升学,华中科技大学,3
信息学部,自动化学院,本科,2021,升学,东南大学,3
信息学部,自动化学院,本科,2021,升学,华南理工大学,3
信息学部,自动化学院,本科,2021,升学,西北工业大学,3
信息学部,自动化学院,本科,2021,就业,重庆长安民生物流股份有限公司,3
信息学部,自动化学院,本科,2021,就业,三诺生物传感股份有限公司,3
信息学部,自动化学院,本科,2021,就业,中电科技集团重庆声光电有限公司,2
信息学部,自动化学院,本科,2021,升学,北京理工大学,2
信息学部,自动化学院,本科,2021,就业,东风汽车集团有限公司技术中心,2
信息学部,自动化学院,本科,2021,就业,重庆长安汽车软件科技有限公司,2
信息学部,自动化学院,本科,2021,就业,中兴通讯股份有限公司,2
信息学部,自动化学院,本科,2021,就业,江西洪都航空工业集团有限责任公司,2
信息学部,自动化学院,本科,2021,升学,上海交通大学,2
信息学部,自动化学院,本科,2021,就业,上汽通用五菱汽车股份有限公司,2
信息学部,自动化学院,本科,2021,就业,中国建筑第四工程局有限公司,2
信息学部,自动化学院,本科,2021,就业,合肥京东方光电科技有限公司,1
信息学部,自动化学院,本科,2021,就业,荣耀终端有限公司,1
信息学部,自动化学院,本科,2021,就业,广东美的厨卫电器制造有限公司,1
信息学部,自动化学院,本科,2021,就业,红云红河烟草(集团)有限责任公司昆明卷烟厂,1
信息学部,自动化学院,本科,2021,就业,国网湖南省电力有限公司湘西供电分公司,1
信息学部,自动化学院,本科,2021,升学,中国科学院长春光学精密机械与物理研究所,1
信息学部,自动化学院,本科,2021,就业,华为技术有限公司,1
信息学部,自动化学院,本科,2021,就业,苏州汇川技术有限公司,1
信息学部,自动化学院,本科,2021,升学,北京师范大学,1
信息学部,自动化学院,本科,2021,就业,重庆长安新能源汽车科技有限公司,1
信息学部,自动化学院,本科,2021,出国(境)留学或工作,伦敦大学学院,1
信息学部,自动化学院,本科,2021,就业,中国船舶重工集团海装风电股份有限公司,1
信息学部,自动化学院,本科,2021,就业,重庆长安工业(集团)有限责任公司,1
信息学部,自动化学院,本科,2021,就业,国网重庆市电力公司,1
信息学部,自动化学院,本科,2021,升学,中南大学,1
信息学部,自动化学院,本科,2021,升学,哈尔滨工业大学,1
信息学部,自动化学院,本科,2021,就业,华峰重庆氨纶有限公司,1
信息学部,自动化学院,本科,2021,升学,南京航空航天大学,1
信息学部,自动化学院,本科,2021,出国(境)留学或工作,凯斯西储大学,1
信息学部,自动化学院,本科,2021,就业,长园深瑞继保自动化有限公司,1
信息学部,自动化学院,本科,2021,就业,比亚迪股份有限公司,1
信息学部,自动化学院,本科,2021,升学,中国科学院光电技术研究所,1
信息学部,自动化学院,本科,2021,就业,中建六局水利水电建设集团有限公司,1
信息学部,自动化学院,本科,2021,就业,重庆小康工业集团股份有限公司,1
信息学部,自动化学院,本科,2021,就业,重庆天安物产有限公司,1
信息学部,自动化学院,本科,2021,就业,中国电子系统工程第三建设有限公司,1
信息学部,自动化学院,本科,2021,升学,中国科学院国家空间科学中心,1
信息学部,自动化学院,本科,2021,就业,西安昆仑工业(集团)有限责任公司,1
信息学部,自动化学院,本科,2021,就业,桂林福达股份有限公司,1
信息学部,自动化学院,本科,2021,就业,北京字节跳动网络技术有限公司,1
信息学部,自动化学院,本科,2021,就业,大冶特殊钢有限公司,1
信息学部,自动化学院,本科,2021,升学,上海科技大学,1
信息学部,自动化学院,本科,2021,就业,中国工商银行股份有限公司宁波市分行,1
信息学部,自动化学院,本科,2021,就业,中航飞机股份有限公司,1
信息学部,自动化学院,本科,2021,就业,中建一局集团安装工程有限公司,1
信息学部,自动化学院,本科,2021,就业,中铁工程服务有限公司,1
信息学部,自动化学院,本科,2021,出国(境)留学或工作,南洋理工大学,1
信息学部,自动化学院,本科,2021,就业,宁波力劲科技有限公司,1
信息学部,自动化学院,本科,2021,就业,浙江中控技术股份有限公司,1
信息学部,自动化学院,本科,2021,升学,中国科学院自动化所,1
信息学部,自动化学院,本科,2021,出国(境)留学或工作,埃尔朗根-纽伦堡大学,1
信息学部,自动化学院,本科,2021,就业,中芯集成电路制造(绍兴)有限公司,1
信息学部,自动化学院,本科,2021,就业,国网陕西省电力公司汉中供电公司,1
信息学部,自动化学院,本科,2021,升学,哈尔滨工业大学(深圳),1
信息学部,自动化学院,本科,2021,升学,电子科技大学,1
信息学部,自动化学院,本科,2021,升学,中国科学技术大学,1
信息学部,自动化学院,本科,2021,就业,嘉兴斯达半导体股份有限公司,1
信息学部,自动化学院,本科,2021,出国(境)留学或工作,名古屋工业大学,1
信息学部,自动化学院,本科,2021,就业,台山核电合营有限公司,1
信息学部,自动化学院,本科,2021,升学,北京航空航天大学,1
信息学部,自动化学院,本科,2021,就业,潍柴动力股份有限公司重庆分公司,1
信息学部,自动化学院,本科,2021,升学,天津大学,1
信息学部,自动化学院,本科,2021,就业,重庆市伟岸测器制造股份有限公司,1
信息学部,自动化学院,本科,2021,出国(境)留学或工作,鲁汶大学(荷语),1
信息学部,自动化学院,本科,2021,升学,贵州航天控制技术有限公司,1
信息学部,自动化学院,本科,2021,就业,深圳古瑞瓦特新能源股份有限公司,1
信息学部,自动化学院,本科,2021,就业,无锡华大国奇科技有限公司,1
信息学部,自动化学院,本科,2021,出国(境)留学或工作,香港中文大学(深圳),1
信息学部,自动化学院,本科,2021,就业,中国兵器装备集团自动化研究所,1
信息学部,自动化学院,本科,2021,就业,欧冶工业品股份有限公司,1
信息学部,自动化学院,本科,2021,就业,新海科技集团有限公司,1
信息学部,自动化学院,本科,2021,就业,华润微电子(重庆)有限公司,1
信息学部,自动化学院,本科,2021,就业,零八一电子集团有限公司,1
信息学部,自动化学院,本科,2021,就业,深圳市美好创亿医疗科技股份有限公司,1
信息学部,自动化学院,本科,2021,就业,广西防城港核电有限公司,1
信息学部,自动化学院,本科,2021,就业,中国电子科技集团公司第二十九研究所,1
信息学部,自动化学院,本科,2021,就业,华能国际电力股份有限公司长兴电厂,1
信息学部,自动化学院,本科,2021,就业,华能重庆珞璜发电有限责任公司,1
信息学部,自动化学院,本科,2021,出国(境)留学或工作,墨尔本大学,1
信息学部,自动化学院,本科,2021,就业,安徽南瑞继远电网技术有限公司,1
信息学部,自动化学院,本科,2021,就业,中国船舶集团海装风电股份有限公司,1
信息学部,自动化学院,本科,2021,就业,一汽解放汽车有限公司无锡柴油机厂,1
信息学部,自动化学院,本科,2021,升学,北京科技大学,1
信息学部,自动化学院,本科,2021,就业,贵州通源汽车集团有限公司,1
信息学部,自动化学院,本科,2021,就业,云南融创房地产开发有限公司,1
信息学部,自动化学院,本科,2021,就业,重庆嘉陵华光光电科技有限公司,1
信息学部,自动化学院,本科,2021,就业,北京发那科机电有限公司,1
信息学部,自动化学院,本科,2021,升学,复旦大学,1
信息学部,自动化学院,本科,2021,就业,广东京邦达供应链科技有限公司,1
信息学部,自动化学院,本科,2021,就业,中国十七冶集团有限公司,1
信息学部,自动化学院,本科,2021,就业,江苏龙蟠科技股份有限公司,1
信息学部,自动化学院,本科,2021,就业,中国铁路青藏集团有限公司,1
信息学部,自动化学院,本科,2021,就业,中铁十四局集团有限公司,1
信息学部,自动化学院,本科,2021,就业,上海德邦物流有限公司,1
信息学部,自动化学院,本科,2021,选调生,中共贵阳市委组织部,1
信息学部,自动化学院,本科,2021,升学,浙江大学,1
信息学部,自动化学院,本科,2021,升学,中南财经政法大学(第二学位),1
信息学部,自动化学院,本科,2021,升学,清华大学深圳国际研究生院,1
信息学部,自动化学院,本科,2021,就业,中建海峡建设发展有限公司,1
信息学部,自动化学院,本科,2021,就业,重庆钢铁股份有限公司,1
信息学部,自动化学院,本科,2021,就业,重庆京东方光电科技有限公司,1
信息学部,自动化学院,本科,2021,就业,石家庄浩科制药有限公司,1
信息学部,自动化学院,本科,2021,出国(境)留学或工作,香港城市大学,1
信息学部,自动化学院,硕士,2021,就业,东方红卫星移动通信有限公司,9
信息学部,自动化学院,硕士,2021,升学,重庆大学,4
信息学部,自动化学院,硕士,2021,就业,浙江大华技术股份有限公司,4
信息学部,自动化学院,硕士,2021,就业,中电科技集团重庆声光电有限公司,3
信息学部,自动化学院,硕士,2021,就业,重庆中兴软件有限责任公司,3
信息学部,自动化学院,硕士,2021,就业,成都华为技术有限公司,3
信息学部,自动化学院,硕士,2021,就业,潍柴动力股份有限公司,3
信息学部,自动化学院,硕士,2021,就业,上海浦东发展银行股份有限公司成都分行,3
信息学部,自动化学院,硕士,2021,就业,建信金融科技有限责任公司,3
信息学部,自动化学院,硕士,2021,就业,汉海信息技术(上海)有限公司,2
信息学部,自动化学院,硕士,2021,就业,中国航发贵州黎阳航空发动机有限公司,2
信息学部,自动化学院,硕士,2021,就业,深信服科技股份有限公司,2
信息学部,自动化学院,硕士,2021,就业,易企银(杭州)科技有限公司,2
信息学部,自动化学院,硕士,2021,选调生,中共重庆市委组织部,2
信息学部,自动化学院,硕士,2021,就业,新华三技术有限公司成都分公司,2
信息学部,自动化学院,硕士,2021,就业,北京三快在线科技有限公司,2
信息学部,自动化学院,硕士,2021,就业,重庆两江卫星移动通信有限公司,2
信息学部,自动化学院,硕士,2021,就业,北京达佳互联信息技术有限公司,2
信息学部,自动化学院,硕士,2021,就业,腾讯科技(深圳)有限公司,2
信息学部,自动化学院,硕士,2021,就业,重庆中科云从科技有限公司,2
信息学部,自动化学院,硕士,2021,就业,华为技术有限公司,2
信息学部,自动化学院,硕士,2021,就业,中国电子科技集团公司第三十研究所,2
信息学部,自动化学院,硕士,2021,就业,顺丰科技有限公司,2
信息学部,自动化学院,硕士,2021,就业,重庆前卫科技集团有限公司,1
信息学部,自动化学院,硕士,2021,就业,科大讯飞股份有限公司,1
信息学部,自动化学院,硕士,2021,就业,杭州快迪科技有限公司,1
信息学部,自动化学院,硕士,2021,就业,普源精电科技股份有限公司,1
信息学部,自动化学院,硕士,2021,就业,OPPO广东移动通信有限公司,1
信息学部,自动化学院,硕士,2021,就业,重庆市九龙坡区商圈投资服务中心,1
信息学部,自动化学院,硕士,2021,就业,雅砻江流域水电开发有限公司,1
信息学部,自动化学院,硕士,2021,就业,苏州浪潮智能科技有限公司,1
信息学部,自动化学院,硕士,2021,就业,上海米哈游天命科技有限公司,1
信息学部,自动化学院,硕士,2021,就业,小米通讯技术有限公司,1
信息学部,自动化学院,硕士,2021,就业,北京万集科技股份有限公司,1
信息学部,自动化学院,硕士,2021,就业,重庆川仪自动化股份有限公司执行器分公司,1
信息学部,自动化学院,硕士,2021,就业,陕西黄河集团有限公司,1
信息学部,自动化学院,硕士,2021,就业,阳光电源股份有限公司,1
信息学部,自动化学院,硕士,2021,就业,公安部第三研究所,1
信息学部,自动化学院,硕士,2021,就业,紫光展锐(重庆)科技有限公司,1
信息学部,自动化学院,硕士,2021,就业,苏州汇川技术有限公司,1
信息学部,自动化学院,硕士,2021,就业,腾讯科技(北京)有限公司,1
信息学部,自动化学院,硕士,2021,就业,中国移动通信集团四川有限公司,1
信息学部,自动化学院,硕士,2021,就业,中国电子科技集团公司第三十六研究所,1
信息学部,自动化学院,硕士,2021,就业,中国邮政储蓄银行股份有限公司,1
信息学部,自动化学院,硕士,2021,升学,北京理工大学,1
信息学部,自动化学院,硕士,2021,就业,深圳市晨北科技有限公司,1
信息学部,自动化学院,硕士,2021,就业,重庆市知朗咨询有限责任公司,1
信息学部,自动化学院,硕士,2021,就业,海信集团控股股份有限公司,1
信息学部,自动化学院,硕士,2021,就业,杭州群核信息技术有限公司成都分公司,1
信息学部,自动化学院,硕士,2021,就业,华为技术有限公司南京研究所,1
信息学部,自动化学院,硕士,2021,就业,上海闻泰信息技术有限公司,1
信息学部,自动化学院,硕士,2021,升学,东南大学,1
信息学部,自动化学院,硕士,2021,就业,中国工程物理研究院电子工程研究所,1
信息学部,自动化学院,硕士,2021,就业,西安精密机械研究所昆明分部,1
信息学部,自动化学院,硕士,2021,选调生,中国共产党遂宁市委员会组织部,1
信息学部,自动化学院,硕士,2021,就业,中国电子科技集团公司第二十九研究所,1
信息学部,自动化学院,硕士,2021,就业,苏州同元软控信息技术有限公司,1
信息学部,自动化学院,硕士,2021,就业,湖北航天技术研究院总体设计所,1
信息学部,自动化学院,硕士,2021,就业,西安导航技术研究所(中国电子科技集团公司第二十研究所),1
信息学部,自动化学院,硕士,2021,就业,广州视琨电子科技有限公司,1
信息学部,自动化学院,硕士,2021,就业,宁波银行股份有限公司,1
信息学部,自动化学院,硕士,2021,就业,深圳奥比中光科技有限公司,1
信息学部,自动化学院,硕士,2021,就业,厦门亿联网络技术股份有限公司,1
信息学部,自动化学院,硕士,2021,就业,一汽模具(天津)有限公司,1
信息学部,自动化学院,硕士,2021,就业,胡桃街(上海)信息技术有限公司,1
信息学部,自动化学院,硕士,2021,就业,度小满科技(北京)有限公司,1
信息学部,自动化学院,硕士,2021,就业,诸暨市改革研究促进中心,1
信息学部,自动化学院,硕士,2021,就业,北京京东尚科信息技术有限公司,1
信息学部,自动化学院,硕士,2021,选调生,中共江西省委组织部,1
信息学部,自动化学院,硕士,2021,就业,广东美的制冷设备有限公司,1
信息学部,自动化学院,硕士,2021,就业,中建三局安装工程有限公司,1
信息学部,自动化学院,硕士,2021,就业,无锡先导智能装备股份有限公司,1
信息学部,自动化学院,硕士,2021,就业,广东科技学院,1
信息学部,自动化学院,硕士,2021,就业,绿盟科技集团股份有限公司,1
信息学部,自动化学院,硕士,2021,就业,四川航天电子设备研究所,1
信息学部,自动化学院,硕士,2021,就业,小米科技(武汉)有限公司,1
信息学部,自动化学院,硕士,2021,就业,大英县人民政府政务服务中心,1
信息学部,自动化学院,硕士,2021,就业,深圳虾皮信息科技有限公司,1
信息学部,自动化学院,硕士,2021,就业,招银网络科技(深圳)有限公司成都分公司,1
信息学部,自动化学院,硕士,2021,就业,北京百家科技集团有限公司,1
信息学部,自动化学院,硕士,2021,就业,展讯通信(深圳)有限公司,1
信息学部,自动化学院,硕士,2021,就业,北京空间机电研究所,1
信息学部,自动化学院,硕士,2021,就业,花旗金融信息服务(中国)有限公司,1
信息学部,自动化学院,硕士,2021,就业,新华三半导体技术有限公司,1
信息学部,自动化学院,硕士,2021,就业,南京电子工程研究所(中国电子科技集团公司第二十八研究所),1
信息学部,自动化学院,硕士,2021,就业,重庆川仪自动化股份有限公司技术中心,1
信息学部,自动化学院,硕士,2021,就业,国网四川省电力公司技能培训中心,1
信息学部,自动化学院,硕士,2021,就业,中国电子科技集团公司第十四研究所,1
信息学部,自动化学院,硕士,2021,就业,中国邮政储蓄银行股份有限公司苏州市分行,1
信息学部,自动化学院,硕士,2021,就业,中兴通讯股份有限公司,1
信息学部,自动化学院,博士,2021,就业,南昌大学,2
信息学部,自动化学院,博士,2021,就业,重庆科技学院,2
信息学部,自动化学院,博士,2021,就业,昆明理工大学,1
信息学部,自动化学院,博士,2021,就业,重庆邮电大学,1
信息学部,自动化学院,博士,2021,就业,山东理工大学,1
信息学部,自动化学院,博士,2021,就业,合肥工业大学,1
信息学部,自动化学院,博士,2021,就业,谢菲尔德大学,1
信息学部,自动化学院,博士,2021,就业,重庆交通大学,1
信息学部,自动化学院,博士,2021,就业,太原理工大学,1
信息学部,自动化学院,博士,2021,就业,中国人民解放军63790部队,1
信息学部,自动化学院,博士,2021,就业,贵州大学,1
信息学部,自动化学院,博士,2021,就业,中国矿业大学,1
信息学部,自动化学院,博士,2021,就业,浙江大学,1
信息学部,自动化学院,博士,2021,就业,山东大学,1
信息学部,自动化学院,博士,2021,就业,成都信息工程大学,1
信息学部,自动化学院,博士,2021,就业,重庆长安工业(集团)有限责任公司,1
信息学部,自动化学院,本科,2022,就业,重庆大学,79
信息学部,自动化学院,本科,2022,升学,西安交通大学,10
信息学部,自动化学院,本科,2022,升学,华中科技大学,7
信息学部,自动化学院,本科,2022,升学,东南大学,4
信息学部,自动化学院,本科,2022,就业,比亚迪股份有限公司,4
信息学部,自动化学院,本科,2022,就业,中电科技集团重庆声光电有限公司,4
信息学部,自动化学院,本科,2022,就业,潍柴动力股份有限公司重庆分公司,3
信息学部,自动化学院,本科,2022,升学,中国科学技术大学,3
信息学部,自动化学院,本科,2022,就业,重庆博张机电设备有限公司,3
信息学部,自动化学院,本科,2022,就业,重庆长安汽车软件科技有限公司,3
信息学部,自动化学院,本科,2022,出国(境)留学或工作,香港大学,3
信息学部,自动化学院,本科,2022,升学,兰州大学,2
信息学部,自动化学院,本科,2022,升学,华南理工大学,2
信息学部,自动化学院,本科,2022,就业,成都飞机工业(集团)有限责任公司,2
信息学部,自动化学院,本科,2022,升学,南京航空航天大学,2
信息学部,自动化学院,本科,2022,升学,中国科学院近代物理研究所,2
信息学部,自动化学院,本科,2022,升学,西北工业大学,2
信息学部,自动化学院,本科,2022,升学,中国科学院大学,2
信息学部,自动化学院,本科,2022,升学,中国人民解放军国防科技大学,2
信息学部,自动化学院,本科,2022,选调生,中共成都市委组织部,2
信息学部,自动化学院,本科,2022,就业,北京四方继保自动化股份有限公司,2
信息学部,自动化学院,本科,2022,升学,电子科技大学,2
信息学部,自动化学院,本科,2022,就业,重庆川仪分析仪器有限公司,2
信息学部,自动化学院,本科,2022,就业,三峡物资招标管理有限公司,2
信息学部,自动化学院,本科,2022,就业,重庆嘉陵华光光电科技有限公司,1
信息学部,自动化学院,本科,2022,就业,河南鸿信建设工程技术服务有限公司,1
信息学部,自动化学院,本科,2022,就业,极氪汽车(宁波杭州湾新区)有限公司,1
信息学部,自动化学院,本科,2022,就业,重庆燃气集团股份有限公司,1
信息学部,自动化学院,本科,2022,就业,重庆传音通讯技术有限公司,1
信息学部,自动化学院,本科,2022,就业,中国航发贵州黎阳航空发动机有限公司,1
信息学部,自动化学院,本科,2022,就业,杭州联吉技术有限公司,1
信息学部,自动化学院,本科,2022,就业,四川江坤市政建设有限公司,1
信息学部,自动化学院,本科,2022,升学,厦门大学,1
信息学部,自动化学院,本科,2022,出国(境)留学或工作,香港理工大学,1
信息学部,自动化学院,本科,2022,出国(境)留学或工作,东北大学,1
信息学部,自动化学院,本科,2022,就业,重庆川仪自动化股份有限公司流量仪表分公司,1
信息学部,自动化学院,本科,2022,就业,苏州热工研究院有限公司深圳分公司,1
信息学部,自动化学院,本科,2022,升学,四川大学(非全日制),1
信息学部,自动化学院,本科,2022,就业,乐施雷森暧通设备(宁波)有限公司,1
信息学部,自动化学院,本科,2022,就业,奇安信科技集团股份有限公司,1
信息学部,自动化学院,本科,2022,就业,湖北三江航天险峰电子信息有限公司,1
信息学部,自动化学院,本科,2022,就业,东方电气集团东方电机有限公司,1
信息学部,自动化学院,本科,2022,就业,中国石油天然气股份有限公司西南油气田分公司天然气净化总厂,1
信息学部,自动化学院,本科,2022,就业,普联技术有限公司,1
信息学部,自动化学院,本科,2022,就业,重庆奥普泰通信技术有限公司,1
信息学部,自动化学院,本科,2022,就业,重庆药友制药有限责任公司,1
信息学部,自动化学院,本科,2022,就业,宝武装备智能科技有限公司,1
信息学部,自动化学院,本科,2022,就业,四川爱联科技股份有限公司,1
信息学部,自动化学院,本科,2022,就业,金蝶软件(中国)有限公司,1
信息学部,自动化学院,本科,2022,就业,宜宾凯翼汽车有限公司,1
信息学部,自动化学院,本科,2022,就业,象山文嘉针织有限公司,1
信息学部,自动化学院,本科,2022,升学,湖南师范大学,1
信息学部,自动化学院,本科,2022,就业,世芯电子科技(重庆)有限公司,1
信息学部,自动化学院,本科,2022,升学,山东大学,1
信息学部,自动化学院,本科,2022,就业,京永自行车(江苏)有限公司,1
信息学部,自动化学院,本科,2022,就业,重庆长江轴承股份有限公司,1
信息学部,自动化学院,本科,2022,就业,中建三局安装工程有限公司,1
信息学部,自动化学院,本科,2022,升学,中国原子能科学研究院,1
信息学部,自动化学院,本科,2022,就业,中国电信股份有限公司钦州分公司,1
信息学部,自动化学院,本科,2022,升学,中国科学院大学自动化研究所,1
信息学部,自动化学院,本科,2022,出国(境)留学或工作,代尔夫特理工大学,1
信息学部,自动化学院,本科,2022,升学,同济大学,1
信息学部,自动化学院,本科,2022,就业,重庆冠宇电池有限公司,1
信息学部,自动化学院,本科,2022,就业,南阳明威汽车销售有限公司,1
信息学部,自动化学院,本科,2022,升学,浙江大学,1
信息学部,自动化学院,本科,2022,升学,中南大学,1
信息学部,自动化学院,本科,2022,就业,华能重庆两江燃机发电有限责任公司,1
信息学部,自动化学院,本科,2022,出国(境)留学或工作,蒙纳士大学,1
信息学部,自动化学院,本科,2022,升学,西北工业大学(非全日制),1
信息学部,自动化学院,本科,2022,就业,重庆长安汽车股份有限公司,1
信息学部,自动化学院,本科,2022,就业,四川航天川南火工技术有限公司,1
信息学部,自动化学院,本科,2022,就业,记忆科技(深圳)有限公司,1
信息学部,自动化学院,本科,2022,就业,广西玉柴机器股份有限公司,1
信息学部,自动化学院,本科,2022,就业,中国电建集团青海省电力设计院有限公司,1
信息学部,自动化学院,本科,2022,就业,深圳供电局有限公司,1
信息学部,自动化学院,本科,2022,就业,佛山市青松科技股份有限公司,1
信息学部,自动化学院,本科,2022,升学,哈尔滨工业大学,1
信息学部,自动化学院,本科,2022,升学,广西民族大学,1
信息学部,自动化学院,本科,2022,就业,中国移动通信集团云南有限公司,1
信息学部,自动化学院,本科,2022,志愿服务西部计划,綦江区通惠街道办事处,1
信息学部,自动化学院,本科,2022,就业,中国电信股份有限公司重庆分公司沙坪坝分公司,1
信息学部,自动化学院,本科,2022,就业,nan,1
信息学部,自动化学院,本科,2022,出国(境)留学或工作,华威大学,1
信息学部,自动化学院,本科,2022,就业,雅砻江流域水电开发有限公司,1
信息学部,自动化学院,本科,2022,选调生,宁夏固原市泾源县泾河源镇,1
信息学部,自动化学院,本科,2022,就业,成都市联洲国际技术有限公司,1
信息学部,自动化学院,本科,2022,就业,华为技术有限公司,1
信息学部,自动化学院,本科,2022,就业,新疆志存新能源材料有限公司,1
信息学部,自动化学院,本科,2022,就业,中兴通讯股份有限公司,1
信息学部,自动化学院,本科,2022,就业,东风商用车有限公司,1
信息学部,自动化学院,本科,2022,就业,海南老白健康科技有限公司,1
信息学部,自动化学院,本科,2022,就业,重庆西南集成电路设计有限责任公司,1
信息学部,自动化学院,本科,2022,就业,中国联合网络通信有限公司重庆市分公司,1
信息学部,自动化学院,本科,2022,就业,芯云凌(重庆)电子科技有限公司,1
信息学部,自动化学院,本科,2022,就业,芜湖新兴铸管有限责任公司,1
信息学部,自动化学院,本科,2022,升学,北京航空航天大学,1
信息学部,自动化学院,本科,2022,升学,上海交通大学,1
信息学部,自动化学院,本科,2022,就业,上海浦东发展银行股份有限公司深圳分行,1
信息学部,自动化学院,本科,2022,升学,南京理工大学,1
信息学部,自动化学院,本科,2022,就业,重庆市沙坪坝区人民政府虎溪街道办事处,1
信息学部,自动化学院,本科,2022,就业,巴斯夫一体化基地(广东)有限公司,1
信息学部,自动化学院,本科,2022,升学,上海大学,1
信息学部,自动化学院,本科,2022,就业,成都步科智能有限公司,1
信息学部,自动化学院,本科,2022,就业,成都四威高科技产业园有限公司,1
信息学部,自动化学院,本科,2022,就业,中铁五局集团物资实业有限责任公司,1
信息学部,自动化学院,本科,2022,就业,东风汽车有限公司东风日产乘用车公司,1
信息学部,自动化学院,本科,2022,就业,中国十九冶集团有限公司,1
信息学部,自动化学院,本科,2022,就业,国网安徽省电力有限公司超高压分公司,1
信息学部,自动化学院,本科,2022,就业,中铁隧道集团一处有限公司,1
信息学部,自动化学院,本科,2022,就业,重庆长安民生物流股份有限公司,1
信息学部,自动化学院,硕士,2022,就业,成都华为技术有限公司,10
信息学部,自动化学院,硕士,2022,升学,重庆大学,4
信息学部,自动化学院,硕士,2022,就业,阳光电源股份有限公司,3
信息学部,自动化学院,硕士,2022,就业,浙江菜鸟传橙网络技术有限公司,3
信息学部,自动化学院,硕士,2022,就业,中电科技集团重庆声光电有限公司,3
信息学部,自动化学院,硕士,2022,就业,成都市联洲国际技术有限公司,3
信息学部,自动化学院,硕士,2022,就业,重庆万塘信息技术有限公司,3
信息学部,自动化学院,硕士,2022,就业,重庆川仪自动化股份有限公司技术中心,3
信息学部,自动化学院,硕士,2022,就业,杭州华为企业通信技术有限公司,2
信息学部,自动化学院,硕士,2022,升学,浙江大学,2
信息学部,自动化学院,硕士,2022,就业,上海浦东发展银行股份有限公司成都分行,2
信息学部,自动化学院,硕士,2022,就业,支付宝(杭州)信息技术有限公司,2
信息学部,自动化学院,硕士,2022,就业,中国航空工业集团公司洛阳电光设备研究所,2
信息学部,自动化学院,硕士,2022,就业,谱瑞集成电路(重庆)有限公司,2
信息学部,自动化学院,硕士,2022,就业,重庆长安新能源汽车科技有限公司,2
信息学部,自动化学院,硕士,2022,就业,普联技术有限公司,2
信息学部,自动化学院,硕士,2022,就业,重庆长安汽车软件科技有限公司,2
信息学部,自动化学院,硕士,2022,就业,深圳市大疆创新科技有限公司,2
信息学部,自动化学院,硕士,2022,就业,百度在线网络技术(北京)有限公司,2
信息学部,自动化学院,硕士,2022,就业,北方自动控制技术研究所,1
信息学部,自动化学院,硕士,2022,就业,中国航发沈阳发动机研究所,1
信息学部,自动化学院,硕士,2022,就业,高德软件有限公司,1
信息学部,自动化学院,硕士,2022,就业,中国电子科技集团公司第十四研究所,1
信息学部,自动化学院,硕士,2022,就业,瑞晟微电子(苏州)有限公司,1
信息学部,自动化学院,硕士,2022,就业,重庆吉芯科技有限公司,1
信息学部,自动化学院,硕士,2022,就业,成都芯源系统有限公司,1
信息学部,自动化学院,硕士,2022,选调生,中国共产党重庆市委员会组织部,1
信息学部,自动化学院,硕士,2022,就业,百度智能云(成都)科技有限公司,1
信息学部,自动化学院,硕士,2022,就业,中国船舶重工集团公司第七〇五研究所,1
信息学部,自动化学院,硕士,2022,就业,中兴通讯股份有限公司天津分公司,1
信息学部,自动化学院,硕士,2022,就业,华为技术有限公司,1
信息学部,自动化学院,硕士,2022,就业,中讯邮电咨询设计院有限公司,1
信息学部,自动化学院,硕士,2022,就业,中国农业银行股份有限公司河北省分行,1
信息学部,自动化学院,硕士,2022,就业,北京沃东天骏信息技术有限公司,1
信息学部,自动化学院,硕士,2022,就业,中兴通讯股份有限公司,1
信息学部,自动化学院,硕士,2022,选调生,中共金华市婺城区委组织部,1
信息学部,自动化学院,硕士,2022,就业,蔚来汽车科技(安徽)有限公司,1
信息学部,自动化学院,硕士,2022,就业,中国邮政储蓄银行股份有限公司,1
信息学部,自动化学院,硕士,2022,选调生,中共南昌市委组织部,1
信息学部,自动化学院,硕士,2022,就业,青岛工程职业学院,1
信息学部,自动化学院,硕士,2022,就业,成都欧珀通信科技有限公司,1
信息学部,自动化学院,硕士,2022,就业,淘宝(中国)软件有限公司,1
信息学部,自动化学院,硕士,2022,就业,浙江网商银行股份有限公司,1
信息学部,自动化学院,硕士,2022,就业,腾讯科技(深圳)有限公司,1
信息学部,自动化学院,硕士,2022,就业,中国邮政储蓄银行股份有限公司苏州市分行,1
信息学部,自动化学院,硕士,2022,就业,华为技术有限公司武汉研究所,1
信息学部,自动化学院,硕士,2022,就业,哲库科技(上海)有限公司,1
信息学部,自动化学院,硕士,2022,就业,网银在线(北京)科技有限公司四川分公司,1
信息学部,自动化学院,硕士,2022,就业,腾讯科技(北京)有限公司,1
信息学部,自动化学院,硕士,2022,就业,联想信息产品(深圳)有限公司,1
信息学部,自动化学院,硕士,2022,就业,讯飞华中(武汉)有限公司,1
信息学部,自动化学院,硕士,2022,就业,上海随训通电子科技有限公司,1
信息学部,自动化学院,硕士,2022,就业,武汉高德红外股份有限公司,1
信息学部,自动化学院,硕士,2022,就业,国网湖北省电力有限公司武汉供电公司,1
信息学部,自动化学院,硕士,2022,就业,中国电子科技集团公司第三十研究所,1
信息学部,自动化学院,硕士,2022,就业,广州博冠信息科技有限公司,1
信息学部,自动化学院,硕士,2022,就业,杭州海康威视数字技术股份有限公司,1
信息学部,自动化学院,硕士,2022,就业,中国工程物理研究院电子工程研究所,1
信息学部,自动化学院,硕士,2022,就业,三一汽车制造有限公司,1
信息学部,自动化学院,硕士,2022,选调生,中共重庆市委组织部,1
信息学部,自动化学院,硕士,2022,就业,中冶赛迪重庆信息技术有限公司,1
信息学部,自动化学院,硕士,2022,就业,深圳市锐明技术股份有限公司,1
信息学部,自动化学院,硕士,2022,就业,深信服科技股份有限公司,1
信息学部,自动化学院,硕士,2022,选调生,中共彭水苗族土家族自治县委组织部,1
信息学部,自动化学院,硕士,2022,就业,联想未来通信科技(重庆)有限公司,1
信息学部,自动化学院,硕士,2022,就业,小米通讯技术有限公司,1
信息学部,自动化学院,硕士,2022,就业,重庆红宇精密工业集团有限公司,1
信息学部,自动化学院,硕士,2022,就业,重庆汇智能源有限公司,1
信息学部,自动化学院,硕士,2022,选调生,中国共产党宜宾市委员会组织部,1
信息学部,自动化学院,硕士,2022,就业,紫光展锐(重庆)科技有限公司,1
信息学部,自动化学院,硕士,2022,就业,杭州优行科技有限公司,1
信息学部,自动化学院,硕士,2022,就业,四川航天川南火工技术有限公司,1
信息学部,自动化学院,硕士,2022,就业,阿里巴巴(中国)网络技术有限公司,1
信息学部,自动化学院,硕士,2022,就业,花旗金融信息服务(中国)有限公司,1
信息学部,自动化学院,硕士,2022,就业,中国电子系统技术有限公司,1
信息学部,自动化学院,硕士,2022,就业,中国航天科工集团第十研究院,1
信息学部,自动化学院,硕士,2022,就业,重庆盟讯电子科技有限公司,1
信息学部,自动化学院,硕士,2022,就业,重庆飞驶特人力资源管理有限公司,1
信息学部,自动化学院,硕士,2022,就业,重庆传音通讯技术有限公司,1
信息学部,自动化学院,硕士,2022,就业,用友网络科技股份有限公司,1
信息学部,自动化学院,硕士,2022,就业,重庆药羚科技有限公司,1
信息学部,自动化学院,硕士,2022,就业,贵州航天林泉电机有限公司,1
信息学部,自动化学院,硕士,2022,就业,重庆川仪速达机电有限公司,1
信息学部,自动化学院,硕士,2022,就业,广州三环专利商标代理有限公司深圳分公司,1
信息学部,自动化学院,硕士,2022,就业,杭州海康威视数字技术股份有限公司重庆分公司,1
信息学部,自动化学院,硕士,2022,就业,思特威(上海)电子科技股份有限公司,1
信息学部,自动化学院,硕士,2022,就业,苏州华为技术研发有限公司,1
信息学部,自动化学院,硕士,2022,就业,上海美仁半导体有限公司,1
信息学部,自动化学院,硕士,2022,就业,重庆电子工程职业学院,1
信息学部,自动化学院,硕士,2022,就业,比亚迪股份有限公司,1
信息学部,自动化学院,硕士,2022,就业,西安精密机械研究所昆明分部,1
信息学部,自动化学院,硕士,2022,就业,阿里健康科技(杭州)有限公司,1
信息学部,自动化学院,硕士,2022,就业,重庆川仪软件有限公司,1
信息学部,自动化学院,硕士,2022,就业,重庆长安工业(集团)有限责任公司,1
信息学部,自动化学院,硕士,2022,就业,中国航发贵州黎阳航空动力有限公司,1
信息学部,自动化学院,硕士,2022,就业,浙江大华技术股份有限公司,1
信息学部,自动化学院,硕士,2022,就业,江苏满运物流信息有限公司,1
信息学部,自动化学院,硕士,2022,升学,中国科学技术大学,1
信息学部,自动化学院,硕士,2022,就业,宁德时代新能源科技股份有限公司,1
信息学部,自动化学院,硕士,2022,出国(境)留学或工作,萨里大学,1
信息学部,自动化学院,硕士,2022,就业,上海华为技术有限公司,1
信息学部,自动化学院,硕士,2022,就业,杭州朗和科技有限公司,1
信息学部,自动化学院,硕士,2022,就业,中兴(成都)智能科技有限公司,1
信息学部,自动化学院,硕士,2022,就业,广西中烟工业有限责任公司,1
信息学部,自动化学院,硕士,2022,就业,中冶南方工程技术有限公司,1
信息学部,自动化学院,硕士,2022,就业,重庆中兴软件有限责任公司,1
信息学部,自动化学院,硕士,2022,就业,中航光电科技股份有限公司,1
信息学部,自动化学院,硕士,2022,就业,芜湖职业技术学院,1
信息学部,自动化学院,硕士,2022,就业,北京达佳互联信息技术有限公司,1
信息学部,自动化学院,硕士,2022,升学,华中科技大学,1
信息学部,自动化学院,博士,2022,就业,重庆邮电大学,6
信息学部,自动化学院,博士,2022,就业,陕西科技大学,1
信息学部,自动化学院,博士,2022,选调生,中国共产党重庆市委员会组织部,1
信息学部,自动化学院,博士,2022,就业,西南交通大学,1
信息学部,自动化学院,博士,2022,就业,香港理工大学,1
信息学部,自动化学院,博士,2022,出国(境)留学或工作,南洋理工大学,1
信息学部,自动化学院,博士,2022,就业,中国科学技术大学,1
信息学部,自动化学院,博士,2022,就业,重庆工商大学,1
信息学部,自动化学院,博士,2022,就业,重庆科技学院,1
信息学部,自动化学院,本科,2023,升学,重庆大学,47
信息学部,自动化学院,本科,2023,就业,比亚迪股份有限公司,16
信息学部,自动化学院,本科,2023,升学,华中科技大学,12
信息学部,自动化学院,本科,2023,升学,西安交通大学,7
信息学部,自动化学院,本科,2023,升学,南京理工大学,4
信息学部,自动化学院,本科,2023,升学,华南理工大学,4
信息学部,自动化学院,本科,2023,升学,浙江大学,4
信息学部,自动化学院,本科,2023,升学,国防科学技术大学,4
信息学部,自动化学院,本科,2023,升学,东南大学,4
信息学部,自动化学院,本科,2023,就业,重庆长安汽车股份有限公司,3
信息学部,自动化学院,本科,2023,就业,珠海格力电器股份有限公司,3
信息学部,自动化学院,本科,2023,就业,重庆四联传感器技术有限公司,3
信息学部,自动化学院,本科,2023,升学,天津大学,2
信息学部,自动化学院,本科,2023,就业,雅砻江流域水电开发有限公司,2
信息学部,自动化学院,本科,2023,升学,西北工业大学,2
信息学部,自动化学院,本科,2023,升学,南京航空航天大学,2
信息学部,自动化学院,本科,2023,升学,清华大学,2
信息学部,自动化学院,本科,2023,就业,东风汽车集团股份有限公司,2
信息学部,自动化学院,本科,2023,升学,中国科学技术大学,2
信息学部,自动化学院,本科,2023,就业,华能重庆珞璜发电有限责任公司,2
信息学部,自动化学院,本科,2023,升学,中南大学,2
信息学部,自动化学院,本科,2023,就业,一汽解放汽车有限公司无锡柴油机厂,2
信息学部,自动化学院,本科,2023,就业,赛力斯汽车有限公司,2
信息学部,自动化学院,本科,2023,就业,零八一电子集团有限公司,2
信息学部,自动化学院,本科,2023,就业,重庆药友制药有限责任公司,2
信息学部,自动化学院,本科,2023,就业,中航天建设工程集团有限公司,2
信息学部,自动化学院,本科,2023,就业,宁德时代新能源科技股份有限公司,2
信息学部,自动化学院,本科,2023,升学,北京理工大学,2
信息学部,自动化学院,本科,2023,就业,中国建筑第七工程局有限公司,2
信息学部,自动化学院,本科,2023,就业,中铁大桥局集团有限公司,2
信息学部,自动化学院,本科,2023,升学,哈尔滨工程大学青岛创新发展基地,1
信息学部,自动化学院,本科,2023,出国(境)留学或工作,南安普顿大学,1
信息学部,自动化学院,本科,2023,选调生,中国共产党内江市委员会组织部(待分配),1
信息学部,自动化学院,本科,2023,就业,重庆长安望江工业集团有限公司,1
信息学部,自动化学院,本科,2023,升学,中国航天空气动力技术研究院,1
信息学部,自动化学院,本科,2023,就业,重庆航天火箭电子技术有限公司,1
信息学部,自动化学院,本科,2023,就业,扬州比亚迪半导体有限公司,1
信息学部,自动化学院,本科,2023,就业,重庆市奉节县乡镇机关,1
信息学部,自动化学院,本科,2023,就业,贵州天义电器有限责任公司,1
信息学部,自动化学院,本科,2023,升学,上海交通大学,1
信息学部,自动化学院,本科,2023,升学,中国科学院空天信息研究院,1
信息学部,自动化学院,本科,2023,就业,重庆市巴南区市场监督管理局,1
信息学部,自动化学院,本科,2023,就业,宁波力勤资源科技股份有限公司,1
信息学部,自动化学院,本科,2023,就业,红云红河烟草(集团)有限责任公司昆明卷烟厂,1
信息学部,自动化学院,本科,2023,就业,东莞深证通信息技术有限公司,1
信息学部,自动化学院,本科,2023,就业,中国兵器工业第五九研究所,1
信息学部,自动化学院,本科,2023,选调生,孟连县政务服务管理局,1
信息学部,自动化学院,本科,2023,就业,中国人民解放军63798部队,1
信息学部,自动化学院,本科,2023,就业,襄阳达安汽车检测中心有限公司,1
信息学部,自动化学院,本科,2023,就业,贵州航天电器股份有限公司,1
信息学部,自动化学院,本科,2023,就业,重庆美的制冷设备有限公司,1
信息学部,自动化学院,本科,2023,就业,重庆长安凯程汽车科技有限公司,1
信息学部,自动化学院,本科,2023,升学,东北大学,1
信息学部,自动化学院,本科,2023,就业,重庆哈丁环境试验技术股份有限公司,1
信息学部,自动化学院,本科,2023,就业,白云电气集团有限公司,1
信息学部,自动化学院,本科,2023,选调生,中共遵义市委组织部,1
信息学部,自动化学院,本科,2023,就业,广州海格通信集团股份有限公司,1
信息学部,自动化学院,本科,2023,升学,中国科学院大学,1
信息学部,自动化学院,本科,2023,就业,广东威灵电机制造有限公司,1
信息学部,自动化学院,本科,2023,就业,京信通信系统(中国)有限公司,1
信息学部,自动化学院,本科,2023,就业,东方电气(广州)重型机器有限公司,1
信息学部,自动化学院,本科,2023,就业,重庆川仪分析仪器有限公司,1
信息学部,自动化学院,本科,2023,就业,科来思生物科技(重庆)有限公司,1
信息学部,自动化学院,本科,2023,就业,应县银星珠宝南街加盟店,1
信息学部,自动化学院,本科,2023,就业,华润微电子(重庆)有限公司,1
信息学部,自动化学院,本科,2023,就业,中建三局安装工程有限公司,1
信息学部,自动化学院,本科,2023,就业,云南昆船机械制造有限公司,1
信息学部,自动化学院,本科,2023,就业,上汽通用五菱汽车股份有限公司重庆分公司,1
信息学部,自动化学院,本科,2023,就业,浙江盘毂动力科技有限公司,1
信息学部,自动化学院,本科,2023,就业,重庆巨能建设(集团)有限公司,1
信息学部,自动化学院,本科,2023,就业,来凤县春晖高级中学,1
信息学部,自动化学院,本科,2023,升学,兰州大学,1
信息学部,自动化学院,本科,2023,就业,中建五局安装工程有限公司,1
信息学部,自动化学院,本科,2023,出国(境)留学或工作,伦敦国王学院,1
信息学部,自动化学院,本科,2023,就业,中国人民解放军第五七二〇工厂,1
信息学部,自动化学院,本科,2023,就业,中电科技集团重庆声光电有限公司,1
信息学部,自动化学院,本科,2023,就业,国药集团重庆医药设计院有限公司,1
信息学部,自动化学院,本科,2023,升学,南方科技大学,1
信息学部,自动化学院,本科,2023,选调生,中共陕西省委组织部,1
信息学部,自动化学院,本科,2023,就业,中车株洲电力机车有限公司,1
信息学部,自动化学院,本科,2023,升学,中国科学院国家空间科学中心,1
信息学部,自动化学院,本科,2023,升学,哈尔滨工业大学,1
信息学部,自动化学院,本科,2023,就业,中国移动通信集团安徽有限公司亳州分公司,1
信息学部,自动化学院,本科,2023,就业,东风本田汽车有限公司,1
信息学部,自动化学院,本科,2023,就业,青岛特殊钢铁有限公司,1
信息学部,自动化学院,本科,2023,就业,中荣印刷集团股份有限公司,1
信息学部,自动化学院,本科,2023,就业,广州基正管理软件有限公司,1
信息学部,自动化学院,本科,2023,就业,福建新大陆支付技术有限公司,1
信息学部,自动化学院,本科,2023,就业,中国航发贵州黎阳航空发动机有限公司,1
信息学部,自动化学院,本科,2023,升学,山东大学,1
信息学部,自动化学院,本科,2023,升学,电信科学技术研究院,1
信息学部,自动化学院,本科,2023,选调生,中共安顺市委组织部,1
信息学部,自动化学院,本科,2023,就业,西安西电电力电子有限公司,1
信息学部,自动化学院,本科,2023,就业,湘潭钢铁集团有限公司,1
信息学部,自动化学院,本科,2023,出国(境)留学或工作,香港大学,1
信息学部,自动化学院,本科,2023,就业,航天动力技术研究院,1
信息学部,自动化学院,本科,2023,升学,电子科技大学,1
信息学部,自动化学院,本科,2023,出国(境)留学或工作,德累斯顿工业大学,1
信息学部,自动化学院,本科,2023,就业,贵州航天林泉电机有限公司,1
信息学部,自动化学院,本科,2023,就业,上海庆达劳务有限公司,1
信息学部,自动化学院,本科,2023,就业,长安福特汽车有限公司,1
信息学部,自动化学院,本科,2023,就业,深圳小米通讯技术有限公司,1
信息学部,自动化学院,本科,2023,就业,东风汽车有限公司东风日产乘用车公司,1
信息学部,自动化学院,本科,2023,就业,超聚变数字技术有限公司,1
信息学部,自动化学院,本科,2023,就业,四川同创凯宏人力资源管理有限公司,1
信息学部,自动化学院,本科,2023,就业,奇安信科技集团股份有限公司,1
信息学部,自动化学院,本科,2023,就业,东方电气自动控制工程有限公司,1
信息学部,自动化学院,本科,2023,就业,西南应用磁学研究所(中国电子科技集团公司第九研究所),1
信息学部,自动化学院,本科,2023,就业,特变电工衡阳变压器有限公司,1
信息学部,自动化学院,本科,2023,就业,江苏省常州市溧阳市交通运输综合行政执法大队,1
信息学部,自动化学院,本科,2023,就业,重庆长安民生物流股份有限公司,1
信息学部,自动化学院,本科,2023,就业,江苏时代新能源科技有限公司,1
信息学部,自动化学院,本科,2023,就业,东风本田发动机有限公司,1
信息学部,自动化学院,本科,2023,就业,阳光电源股份有限公司,1
信息学部,自动化学院,本科,2023,就业,重庆太蓝新能源有限公司,1
信息学部,自动化学院,本科,2023,升学,武汉大学,1
信息学部,自动化学院,本科,2023,就业,中原运维海外工程有限公司,1
信息学部,自动化学院,本科,2023,就业,深圳顺丰泰森控股(集团)有限公司,1
信息学部,自动化学院,本科,2023,升学,四川大学,1
信息学部,自动化学院,硕士,2023,就业,重庆长安汽车软件科技有限公司,10
信息学部,自动化学院,硕士,2023,就业,中电科技集团重庆声光电有限公司,6
信息学部,自动化学院,硕士,2023,升学,重庆大学,6
信息学部,自动化学院,硕士,2023,就业,比亚迪股份有限公司,5
信息学部,自动化学院,硕士,2023,就业,赛力斯汽车有限公司,4
信息学部,自动化学院,硕士,2023,就业,中国长安汽车集团有限公司重庆底盘系统分公司,3
信息学部,自动化学院,硕士,2023,就业,中冶赛迪信息技术(重庆)有限公司,3
信息学部,自动化学院,硕士,2023,就业,北京经纬恒润科技股份有限公司,3
信息学部,自动化学院,硕士,2023,就业,重庆川仪自动化股份有限公司技术中心,3
信息学部,自动化学院,硕士,2023,就业,重庆吉芯科技有限公司,3
信息学部,自动化学院,硕士,2023,就业,中移(杭州)信息技术有限公司,2
信息学部,自动化学院,硕士,2023,就业,华为技术有限公司,2
信息学部,自动化学院,硕士,2023,就业,中国电子科技集团公司第三十研究所,2
信息学部,自动化学院,硕士,2023,选调生,中共重庆市委组织部,2
信息学部,自动化学院,硕士,2023,就业,南京南瑞继保电气有限公司,2
信息学部,自动化学院,硕士,2023,就业,中国科学院光电技术研究所,2
信息学部,自动化学院,硕士,2023,就业,成都华为技术有限公司,2
信息学部,自动化学院,硕士,2023,就业,新华三技术有限公司成都分公司,2
信息学部,自动化学院,硕士,2023,就业,重庆长安汽车股份有限公司,2
信息学部,自动化学院,硕士,2023,就业,重庆星网网络系统研究院有限公司,2
信息学部,自动化学院,硕士,2023,就业,江苏金智科技股份有限公司,1
信息学部,自动化学院,硕士,2023,就业,日立能源(中国)有限公司,1
信息学部,自动化学院,硕士,2023,就业,招银网络科技(杭州)有限公司,1
信息学部,自动化学院,硕士,2023,就业,江西铜业股份有限公司,1
信息学部,自动化学院,硕士,2023,就业,重庆长安新能源汽车科技有限公司,1
信息学部,自动化学院,硕士,2023,就业,重庆传音通讯技术有限公司,1
信息学部,自动化学院,硕士,2023,就业,中信银行股份有限公司,1
信息学部,自动化学院,硕士,2023,就业,浙江创芯集成电路有限公司,1
信息学部,自动化学院,硕士,2023,就业,重庆川仪自动化股份有限公司执行器分公司,1
信息学部,自动化学院,硕士,2023,就业,武汉联影智融医疗科技有限公司,1
信息学部,自动化学院,硕士,2023,就业,重庆市沙坪坝区纪委监委,1
信息学部,自动化学院,硕士,2023,选调生,中共德阳市委组织部,1
信息学部,自动化学院,硕士,2023,就业,中国电子科技集团公司第十四研究所,1
信息学部,自动化学院,硕士,2023,就业,交通银行股份有限公司安徽省分行,1
信息学部,自动化学院,硕士,2023,就业,重庆农村商业银行股份有限公司,1
信息学部,自动化学院,硕士,2023,就业,西安精密机械研究所昆明分部,1
信息学部,自动化学院,硕士,2023,就业,南京电子工程研究所(中国电子科技集团公司第二十八研究所),1
信息学部,自动化学院,硕士,2023,就业,上海联影医疗科技股份有限公司,1
信息学部,自动化学院,硕士,2023,就业,贵州电网有限责任公司电力科学研究院,1
信息学部,自动化学院,硕士,2023,就业,先进科技(中国)有限公司,1
信息学部,自动化学院,硕士,2023,就业,上海银行股份有限公司,1
信息学部,自动化学院,硕士,2023,就业,联合汽车电子有限公司重庆分公司,1
信息学部,自动化学院,硕士,2023,就业,中国兵器装备集团自动化研究所有限公司,1
信息学部,自动化学院,硕士,2023,就业,四川省公路规划勘察设计研究院有限公司,1
信息学部,自动化学院,硕士,2023,就业,中国农业发展银行云南省分行营业部,1
信息学部,自动化学院,硕士,2023,就业,中国工商银行股份有限公司,1
信息学部,自动化学院,硕士,2023,就业,重庆工程职业技术学院,1
信息学部,自动化学院,硕士,2023,就业,四川航天电子设备研究所,1
信息学部,自动化学院,硕士,2023,就业,交通银行股份有限公司,1
信息学部,自动化学院,硕士,2023,就业,中电科芯片技术(集团)有限公司,1
信息学部,自动化学院,硕士,2023,就业,成都壹为新能源汽车有限公司,1
信息学部,自动化学院,硕士,2023,就业,阳光电源股份有限公司,1
信息学部,自动化学院,硕士,2023,升学,同济大学,1
信息学部,自动化学院,硕士,2023,就业,招银网络科技(深圳)有限公司成都分公司,1
信息学部,自动化学院,硕士,2023,就业,斑马网络技术有限公司,1
信息学部,自动化学院,硕士,2023,就业,上海米哈游天命科技有限公司,1
信息学部,自动化学院,硕士,2023,就业,深圳前海微众银行股份有限公司,1
信息学部,自动化学院,硕士,2023,就业,城口县住房和城乡建设委员会,1
信息学部,自动化学院,硕士,2023,选调生,中国共产党宜宾市委员会组织部,1
信息学部,自动化学院,硕士,2023,就业,重庆海扶医疗科技股份有限公司,1
信息学部,自动化学院,硕士,2023,就业,上海途虎信息技术有限公司,1
信息学部,自动化学院,硕士,2023,升学,西安交通大学,1
信息学部,自动化学院,硕士,2023,就业,北京航天控制仪器研究所,1
信息学部,自动化学院,硕士,2023,就业,新华三技术有限公司合肥分公司,1
信息学部,自动化学院,硕士,2023,就业,摩尔线程智能科技(北京)有限责任公司武汉分公司,1
信息学部,自动化学院,硕士,2023,就业,深圳市汇川技术股份有限公司西安分公司,1
信息学部,自动化学院,硕士,2023,就业,航天天绘科技有限公司四川分公司,1
信息学部,自动化学院,硕士,2023,就业,长沙市日业电气有限公司,1
信息学部,自动化学院,硕士,2023,就业,四川航天烽火伺服控制技术有限公司,1
信息学部,自动化学院,硕士,2023,就业,TCL通讯科技(成都)有限公司,1
信息学部,自动化学院,硕士,2023,就业,深圳迈瑞生物医疗电子股份有限公司,1
信息学部,自动化学院,硕士,2023,就业,北京经纬恒润科技股份有限公司成都分公司,1
信息学部,自动化学院,硕士,2023,就业,西南电子设备研究所(中国电子科技集团公司第二十九研究所),1
信息学部,自动化学院,硕士,2023,就业,汉海信息技术(上海)有限公司,1
信息学部,自动化学院,硕士,2023,就业,北京达佳互联信息技术有限公司杭州分公司,1
信息学部,自动化学院,硕士,2023,就业,上海蔚来汽车有限公司,1
信息学部,自动化学院,硕士,2023,就业,深圳TCL新技术有限公司,1
信息学部,自动化学院,硕士,2023,选调生,中国共产党重庆市委员会组织部,1
信息学部,自动化学院,硕士,2023,就业,上海浦东发展银行股份有限公司成都分行,1
信息学部,自动化学院,博士,2023,就业,重庆邮电大学,3
信息学部,自动化学院,博士,2023,就业,重庆科技学院,2
信息学部,自动化学院,博士,2023,就业,河南工业大学,1
信息学部,自动化学院,博士,2023,就业,昆明理工大学,1
信息学部,自动化学院,博士,2023,就业,西安建筑科技大学,1
信息学部,自动化学院,博士,2023,就业,香港城市大学,1
信息学部,自动化学院,博士,2023,就业,中国科学院深圳先进技术研究院,1
信息学部,大数据与软件学院,本科,2021,升学,重庆大学,41
信息学部,大数据与软件学院,本科,2021,升学,北京理工大学,6
信息学部,大数据与软件学院,本科,2021,升学,南京大学,6
信息学部,大数据与软件学院,本科,2021,升学,华南理工大学,5
信息学部,大数据与软件学院,本科,2021,就业,花旗金融信息服务(中国)有限公司,4
信息学部,大数据与软件学院,本科,2021,就业,腾讯科技(深圳)有限公司,4
信息学部,大数据与软件学院,本科,2021,就业,上海汉得信息技术股份有限公司成都分公司,4
信息学部,大数据与软件学院,本科,2021,就业,马上消费金融股份有限公司,3
信息学部,大数据与软件学院,本科,2021,升学,中山大学,3
信息学部,大数据与软件学院,本科,2021,就业,商飞软件有限公司,3
信息学部,大数据与软件学院,本科,2021,就业,普联技术有限公司,3
信息学部,大数据与软件学院,本科,2021,升学,东南大学,3
信息学部,大数据与软件学院,本科,2021,升学,国防科技大学,2
信息学部,大数据与软件学院,本科,2021,升学,复旦大学,2
信息学部,大数据与软件学院,本科,2021,升学,北京航空航天大学,2
信息学部,大数据与软件学院,本科,2021,升学,西安交通大学,2
信息学部,大数据与软件学院,本科,2021,就业,广州博冠信息科技有限公司,2
信息学部,大数据与软件学院,本科,2021,就业,畅索软件科技(上海)有限公司,2
信息学部,大数据与软件学院,本科,2021,升学,四川大学,2
信息学部,大数据与软件学院,本科,2021,升学,中国科学技术大学,2
信息学部,大数据与软件学院,本科,2021,就业,招银网络科技(深圳)有限公司成都分公司,2
信息学部,大数据与软件学院,本科,2021,就业,中国银行股份有限公司陕西省分行,2
信息学部,大数据与软件学院,本科,2021,就业,网易(杭州)网络有限公司,1
信息学部,大数据与软件学院,本科,2021,就业,中兴通讯股份有限公司,1
信息学部,大数据与软件学院,本科,2021,就业,杭州迪普科技股份有限公司,1
信息学部,大数据与软件学院,本科,2021,就业,烽火通信科技股份有限公司,1
信息学部,大数据与软件学院,本科,2021,就业,深圳今日头条科技有限公司,1
信息学部,大数据与软件学院,本科,2021,就业,北京大学重庆大数据研究院,1
信息学部,大数据与软件学院,本科,2021,就业,中国工商银行股份有限公司软件开发中心,1
信息学部,大数据与软件学院,本科,2021,就业,上海宝信软件股份有限公司,1
信息学部,大数据与软件学院,本科,2021,升学,西安微电子技术研究所,1
信息学部,大数据与软件学院,本科,2021,升学,中国科学院信息工程研究所,1
信息学部,大数据与软件学院,本科,2021,选调生,中国共产党丽江市委员会组织部,1
信息学部,大数据与软件学院,本科,2021,出国(境)留学或工作,香港中文大学,1
信息学部,大数据与软件学院,本科,2021,就业,重庆新世纪电气有限公司,1
信息学部,大数据与软件学院,本科,2021,就业,广州腾讯科技有限公司,1
信息学部,大数据与软件学院,本科,2021,就业,重庆长安汽车股份有限公司,1
信息学部,大数据与软件学院,本科,2021,就业,邦道科技有限公司,1
信息学部,大数据与软件学院,本科,2021,就业,重庆威爱云科技有限公司,1
信息学部,大数据与软件学院,本科,2021,出国(境)留学或工作,墨尔本大学,1
信息学部,大数据与软件学院,本科,2021,就业,北京五八信息技术有限公司,1
信息学部,大数据与软件学院,本科,2021,就业,北京小米移动软件有限公司南京分公司,1
信息学部,大数据与软件学院,本科,2021,就业,成都天象互动网络游戏有限公司,1
信息学部,大数据与软件学院,本科,2021,出国(境)留学或工作,伦敦大学学院,1
信息学部,大数据与软件学院,本科,2021,就业,杭州游卡网络技术有限公司,1
信息学部,大数据与软件学院,本科,2021,就业,天津南大通用数据技术股份有限公司,1
信息学部,大数据与软件学院,本科,2021,就业,淘宝(中国)软件有限公司,1
信息学部,大数据与软件学院,本科,2021,就业,红云红河烟草(集团)有限责任公司昆明卷烟厂,1
信息学部,大数据与软件学院,本科,2021,就业,百度在线网络技术(北京)有限公司,1
信息学部,大数据与软件学院,本科,2021,就业,北京三快在线科技有限公司,1
信息学部,大数据与软件学院,本科,2021,升学,中国科学院大学,1
信息学部,大数据与软件学院,本科,2021,就业,成都市普进通信技术有限公司,1
信息学部,大数据与软件学院,本科,2021,就业,罗普特科技集团股份有限公司,1
信息学部,大数据与软件学院,本科,2021,出国(境)留学或工作,纽约大学,1
信息学部,大数据与软件学院,本科,2021,升学,华东师范大学,1
信息学部,大数据与软件学院,本科,2021,就业,北京有竹居网络技术有限公司,1
信息学部,大数据与软件学院,本科,2021,就业,趋势科技(中国)有限公司南京分公司,1
信息学部,大数据与软件学院,本科,2021,出国(境)留学或工作,南洋理工大学,1
信息学部,大数据与软件学院,本科,2021,就业,厦门雷霆互动网络有限公司,1
信息学部,大数据与软件学院,本科,2021,就业,深圳传音控股股份有限公司,1
信息学部,大数据与软件学院,本科,2021,就业,国家税务总局佛山市顺德区税务局,1
信息学部,大数据与软件学院,本科,2021,升学,电子科技大学,1
信息学部,大数据与软件学院,本科,2021,就业,德勤华永会计师事务所(特殊普通合伙)成都分所,1
信息学部,大数据与软件学院,本科,2021,出国(境)留学或工作,香港大学,1
信息学部,大数据与软件学院,本科,2021,升学,厦门大学,1
信息学部,大数据与软件学院,本科,2021,就业,微软(中国)有限公司苏州分公司,1
信息学部,大数据与软件学院,本科,2021,就业,上海汉得信息技术股份有限公司深圳分公司,1
信息学部,大数据与软件学院,本科,2021,就业,中信银行股份有限公司,1
信息学部,大数据与软件学院,本科,2021,就业,江津区交通运输综合行政执法支队,1
信息学部,大数据与软件学院,本科,2021,出国(境)留学或工作,圣路易斯华盛顿大学,1
信息学部,大数据与软件学院,本科,2021,就业,苏州工业园区星子火培训中心有限公司,1
信息学部,大数据与软件学院,本科,2021,出国(境)留学或工作,莱顿大学,1
信息学部,大数据与软件学院,本科,2021,出国(境)留学或工作,新南威尔士大学,1
信息学部,大数据与软件学院,本科,2021,就业,四川新网银行股份有限公司,1
信息学部,大数据与软件学院,本科,2021,就业,欧冶链金再生资源有限公司,1
信息学部,大数据与软件学院,本科,2021,就业,浙江省绍兴市自然资源和规划局上虞分局,1
信息学部,大数据与软件学院,本科,2021,就业,深圳市珍爱网信息技术有限公司,1
信息学部,大数据与软件学院,本科,2021,出国(境)留学或工作,渥太华大学,1
信息学部,大数据与软件学院,本科,2021,就业,重庆机床(集团)有限责任公司,1
信息学部,大数据与软件学院,本科,2021,就业,中国铁建国际集团有限公司,1
信息学部,大数据与软件学院,本科,2021,升学,中国科学院计算技术研究所,1
信息学部,大数据与软件学院,本科,2021,升学,国科大杭州高等研究院,1
信息学部,大数据与软件学院,本科,2021,就业,重庆市建设信息中心,1
信息学部,大数据与软件学院,本科,2021,出国(境)留学或工作,昆士兰大学,1
信息学部,大数据与软件学院,本科,2021,出国(境)留学或工作,东北大学,1
信息学部,大数据与软件学院,本科,2021,就业,中国农业银行股份有限公司红河分行,1
信息学部,大数据与软件学院,本科,2021,就业,中国烟草总公司重庆市公司万盛分公司,1
信息学部,大数据与软件学院,本科,2021,就业,浙江保融科技有限公司,1
信息学部,大数据与软件学院,本科,2021,就业,上海巨篷网络科技有限公司,1
信息学部,大数据与软件学院,本科,2021,出国(境)留学或工作,匹兹堡大学,1
信息学部,大数据与软件学院,本科,2021,出国(境)留学或工作,香港理工大学,1
信息学部,大数据与软件学院,本科,2021,就业,重庆远通电子技术开发有限公司,1
信息学部,大数据与软件学院,本科,2021,升学,北京大学深圳研究生院,1
信息学部,大数据与软件学院,本科,2021,就业,酒泉卫星发射中心,1
信息学部,大数据与软件学院,本科,2021,就业,东莞银行股份有限公司,1
信息学部,大数据与软件学院,本科,2021,就业,杭州巨量引擎网络技术有限公司,1
信息学部,大数据与软件学院,硕士,2021,就业,花旗金融信息服务(中国)有限公司,6
信息学部,大数据与软件学院,硕士,2021,就业,成都华为技术有限公司,2
信息学部,大数据与软件学院,硕士,2021,就业,行吟信息科技(上海)有限公司,2
信息学部,大数据与软件学院,硕士,2021,就业,小米通讯技术有限公司,1
信息学部,大数据与软件学院,硕士,2021,就业,中国电子科技集团公司第十研究所,1
信息学部,大数据与软件学院,硕士,2021,就业,西安华为技术有限公司,1
信息学部,大数据与软件学院,硕士,2021,就业,北京有竹居网络技术有限公司,1
信息学部,大数据与软件学院,硕士,2021,就业,中国农业银行股份有限公司重庆市分行,1
信息学部,大数据与软件学院,硕士,2021,就业,招银网络科技(深圳)有限公司成都分公司,1
信息学部,大数据与软件学院,硕士,2021,就业,中国长江三峡集团有限公司,1
信息学部,大数据与软件学院,硕士,2021,就业,中国工商银行股份有限公司软件开发中心,1
信息学部,大数据与软件学院,硕士,2021,就业,广联达科技股份有限公司,1
信息学部,大数据与软件学院,硕士,2021,就业,中航飞机股份有限公司,1
信息学部,大数据与软件学院,硕士,2021,就业,东方红卫星移动通信有限公司,1
信息学部,大数据与软件学院,硕士,2021,就业,重庆长安汽车软件科技有限公司,1
信息学部,大数据与软件学院,硕士,2021,就业,重庆电力高等专科学校,1
信息学部,大数据与软件学院,硕士,2021,出国(境)留学或工作,阿尔伯塔大学,1
信息学部,大数据与软件学院,硕士,2021,选调生,中共南充市委组织部,1
信息学部,大数据与软件学院,硕士,2021,就业,阿里巴巴(中国)有限公司余杭分公司,1
信息学部,大数据与软件学院,硕士,2021,就业,中冶赛迪电气技术有限公司重庆分公司,1
信息学部,大数据与软件学院,硕士,2021,就业,广州汇智通信技术有限公司,1
信息学部,大数据与软件学院,硕士,2021,就业,中国邮政储蓄银行股份有限公司,1
信息学部,大数据与软件学院,硕士,2021,就业,北京世纪好未来教育科技有限公司,1
信息学部,大数据与软件学院,硕士,2021,出国(境)留学或工作,墨尔本大学,1
信息学部,大数据与软件学院,硕士,2021,就业,贵州省农村信用社联合社,1
信息学部,大数据与软件学院,硕士,2021,就业,北京依图网络科技有限公司,1
信息学部,大数据与软件学院,硕士,2021,就业,淘宝(中国)软件有限公司,1
信息学部,大数据与软件学院,硕士,2021,就业,深圳市南山区南山街道办事处,1
信息学部,大数据与软件学院,硕士,2021,升学,浙江大学,1
信息学部,大数据与软件学院,硕士,2021,就业,渤海银行股份有限公司,1
信息学部,大数据与软件学院,硕士,2021,就业,重庆两江卫星移动通信有限公司,1
信息学部,大数据与软件学院,硕士,2021,就业,中国银行股份有限公司重庆市分行,1
信息学部,大数据与软件学院,硕士,2021,就业,重庆生物智能制造研究院,1
信息学部,大数据与软件学院,硕士,2021,就业,中国农业银行股份有限公司四川省分行,1
信息学部,大数据与软件学院,硕士,2021,就业,成都欧珀通信科技有限公司,1
信息学部,大数据与软件学院,硕士,2021,就业,广州光锥元信息科技有限公司,1
信息学部,大数据与软件学院,硕士,2021,就业,重庆金美通信有限责任公司,1
信息学部,大数据与软件学院,硕士,2021,就业,中兴通讯股份有限公司,1
信息学部,大数据与软件学院,硕士,2021,就业,华为技术有限公司北京研究所,1
信息学部,大数据与软件学院,硕士,2021,就业,重庆市烟草投资管理有限公司,1
信息学部,大数据与软件学院,博士,2021,就业,浙江大学,1
信息学部,大数据与软件学院,博士,2021,就业,西南石油大学,1
信息学部,大数据与软件学院,博士,2021,就业,陆军军医大学,1
信息学部,大数据与软件学院,本科,2022,升学,重庆大学,46
信息学部,大数据与软件学院,本科,2022,出国(境)留学或工作,悉尼科技大学,14
信息学部,大数据与软件学院,本科,2022,升学,南京大学,9
信息学部,大数据与软件学院,本科,2022,出国(境)留学或工作,西澳大学,5
信息学部,大数据与软件学院,本科,2022,升学,国防科技大学,5
信息学部,大数据与软件学院,本科,2022,就业,中国船舶重工集团海装风电股份有限公司,3
信息学部,大数据与软件学院,本科,2022,升学,天津大学,3
信息学部,大数据与软件学院,本科,2022,升学,中国科学院计算技术研究所,3
信息学部,大数据与软件学院,本科,2022,就业,德勤华庆商务服务有限公司,3
信息学部,大数据与软件学院,本科,2022,就业,中移物联网有限公司,3
信息学部,大数据与软件学院,本科,2022,就业,华为技术有限公司,3
信息学部,大数据与软件学院,本科,2022,就业,重庆长安汽车股份有限公司,2
信息学部,大数据与软件学院,本科,2022,就业,浪潮集团有限公司,2
信息学部,大数据与软件学院,本科,2022,出国(境)留学或工作,格拉斯哥大学,2
信息学部,大数据与软件学院,本科,2022,就业,花旗金融信息服务(中国)有限公司,2
信息学部,大数据与软件学院,本科,2022,就业,交通银行股份有限公司四川省分行,2
信息学部,大数据与软件学院,本科,2022,就业,腾讯科技(深圳)有限公司,2
信息学部,大数据与软件学院,本科,2022,就业,上海梦创双杨数据科技股份有限公司,2
信息学部,大数据与软件学院,本科,2022,就业,北京有竹居网络技术有限公司,2
信息学部,大数据与软件学院,本科,2022,出国(境)留学或工作,新南威尔士大学,2
信息学部,大数据与软件学院,本科,2022,就业,深圳开鸿数字产业发展有限公司,2
信息学部,大数据与软件学院,本科,2022,就业,广州四三九九信息科技有限公司,2
信息学部,大数据与软件学院,本科,2022,升学,中山大学,2
信息学部,大数据与软件学院,本科,2022,出国(境)留学或工作,东北大学,2
信息学部,大数据与软件学院,本科,2022,就业,中国联合网络通信有限公司重庆市分公司,2
信息学部,大数据与软件学院,本科,2022,就业,重庆长安汽车软件科技有限公司,2
信息学部,大数据与软件学院,本科,2022,就业,民生科技有限责任公司,2
信息学部,大数据与软件学院,本科,2022,升学,浙江大学,2
信息学部,大数据与软件学院,本科,2022,就业,成都市联洲国际技术有限公司,2
信息学部,大数据与软件学院,本科,2022,就业,深圳计算科学研究院,1
信息学部,大数据与软件学院,本科,2022,就业,成都不亦说乎科技有限公司,1
信息学部,大数据与软件学院,本科,2022,就业,成都三快科技有限公司,1
信息学部,大数据与软件学院,本科,2022,升学,中国石油大学(华东),1
信息学部,大数据与软件学院,本科,2022,就业,交通银行股份有限公司深圳分行,1
信息学部,大数据与软件学院,本科,2022,就业,中国工商银行股份有限公司广东省分行,1
信息学部,大数据与软件学院,本科,2022,就业,国网江苏省电力有限公司南京供电分公司,1
信息学部,大数据与软件学院,本科,2022,选调生,中共青海省委组织部,1
信息学部,大数据与软件学院,本科,2022,就业,北京荣耀终端有限公司,1
信息学部,大数据与软件学院,本科,2022,就业,紫金矿业集团股份有限公司,1
信息学部,大数据与软件学院,本科,2022,就业,抖音视界(北京)有限公司,1
信息学部,大数据与软件学院,本科,2022,就业,北京京东振世信息技术有限公司,1
信息学部,大数据与软件学院,本科,2022,就业,招联消费金融有限公司,1
信息学部,大数据与软件学院,本科,2022,就业,中国移动通信集团福建有限公司,1
信息学部,大数据与软件学院,本科,2022,就业,中移在线服务有限公司广西分公司,1
信息学部,大数据与软件学院,本科,2022,就业,中国联合网络通信有限公司贵州省分公司,1
信息学部,大数据与软件学院,本科,2022,就业,北京博乐科技有限公司,1
信息学部,大数据与软件学院,本科,2022,升学,华南理工大学,1
信息学部,大数据与软件学院,本科,2022,就业,中华人民共和国外交部,1
信息学部,大数据与软件学院,本科,2022,就业,欧冶云商股份有限公司,1
信息学部,大数据与软件学院,本科,2022,升学,广东技术师范大学,1
信息学部,大数据与软件学院,本科,2022,就业,上海华讯网络系统有限公司成都分公司,1
信息学部,大数据与软件学院,本科,2022,就业,普华永道商务服务(成都)有限公司,1
信息学部,大数据与软件学院,本科,2022,就业,深圳虾皮信息科技有限公司,1
信息学部,大数据与软件学院,本科,2022,就业,上海汉得信息技术股份有限公司成都分公司,1
信息学部,大数据与软件学院,本科,2022,就业,深圳小米通讯技术有限公司,1
信息学部,大数据与软件学院,本科,2022,就业,上海树维信息科技有限公司,1
信息学部,大数据与软件学院,本科,2022,就业,金蝶软件(中国)有限公司,1
信息学部,大数据与软件学院,本科,2022,就业,徐州云晟瑞电子商务有限公司,1
信息学部,大数据与软件学院,本科,2022,就业,中国银行股份有限公司陕西省分行,1
信息学部,大数据与软件学院,本科,2022,就业,上海汉得信息技术股份有限公司,1
信息学部,大数据与软件学院,本科,2022,就业,小米通讯技术有限公司,1
信息学部,大数据与软件学院,本科,2022,出国(境)留学或工作,伦敦大学学院,1
信息学部,大数据与软件学院,本科,2022,就业,德邦物流股份有限公司,1
信息学部,大数据与软件学院,本科,2022,选调生,中华人民共和国海关总署,1
信息学部,大数据与软件学院,本科,2022,就业,普联技术有限公司,1
信息学部,大数据与软件学院,本科,2022,就业,中国石油新疆油田分公司,1
信息学部,大数据与软件学院,本科,2022,就业,浙江天猫技术有限公司,1
信息学部,大数据与软件学院,本科,2022,就业,重庆华伟工业(集团)有限责任公司,1
信息学部,大数据与软件学院,本科,2022,升学,东南大学,1
信息学部,大数据与软件学院,本科,2022,出国(境)留学或工作,匹兹堡大学,1
信息学部,大数据与软件学院,本科,2022,出国(境)留学或工作,香港城市大学,1
信息学部,大数据与软件学院,本科,2022,升学,华东师范大学(非全日制),1
信息学部,大数据与软件学院,本科,2022,就业,华夏银行股份有限公司重庆分行,1
信息学部,大数据与软件学院,本科,2022,升学,西北农林科技大学,1
信息学部,大数据与软件学院,本科,2022,就业,东方电气集团东方锅炉股份有限公司,1
信息学部,大数据与软件学院,本科,2022,就业,重庆飞驶特人力资源管理有限公司,1
信息学部,大数据与软件学院,本科,2022,出国(境)留学或工作,亚琛工业大学,1
信息学部,大数据与软件学院,本科,2022,出国(境)留学或工作,香港大学,1
信息学部,大数据与软件学院,本科,2022,就业,江苏丰尚智能科技有限公司,1
信息学部,大数据与软件学院,本科,2022,就业,兴业银行股份有限公司泰州分行,1
信息学部,大数据与软件学院,本科,2022,出国(境)留学或工作,波士顿大学,1
信息学部,大数据与软件学院,本科,2022,升学,厦门大学,1
信息学部,大数据与软件学院,本科,2022,就业,诺博汽车科技南京有限公司,1
信息学部,大数据与软件学院,本科,2022,就业,福建一滴水供应链管理有限公司,1
信息学部,大数据与软件学院,本科,2022,就业,重庆市工程管理有限公司,1
信息学部,大数据与软件学院,本科,2022,选调生,中国共产党内江市委员会组织部,1
信息学部,大数据与软件学院,本科,2022,就业,杭州巨量引擎网络技术有限公司,1
信息学部,大数据与软件学院,本科,2022,就业,中国电信股份有限公司陕西分公司,1
信息学部,大数据与软件学院,本科,2022,就业,中冶赛迪技术研究中心有限公司,1
信息学部,大数据与软件学院,本科,2022,就业,重庆晨生企业管理咨询有限公司,1
信息学部,大数据与软件学院,本科,2022,升学,北京大学深圳研究生院,1
信息学部,大数据与软件学院,本科,2022,选调生,玉门市发展和改革局(玉门市粮食和物资储备局、玉门市能源局),1
信息学部,大数据与软件学院,本科,2022,就业,国家税务总局贵阳经济技术开发区税务局,1
信息学部,大数据与软件学院,本科,2022,升学,北京师范大学(非全日制),1
信息学部,大数据与软件学院,本科,2022,就业,杭州优稳自动化系统有限公司,1
信息学部,大数据与软件学院,本科,2022,升学,华中科技大学,1
信息学部,大数据与软件学院,本科,2022,升学,北京理工大学,1
信息学部,大数据与软件学院,本科,2022,升学,西安交通大学,1
信息学部,大数据与软件学院,本科,2022,升学,中国科学院大学计算技术研究所,1
信息学部,大数据与软件学院,本科,2022,出国(境)留学或工作,悉尼大学,1
信息学部,大数据与软件学院,本科,2022,出国(境)留学或工作,德克萨斯大学阿灵顿分校,1
信息学部,大数据与软件学院,本科,2022,就业,阿里巴巴(北京)软件服务有限公司,1
信息学部,大数据与软件学院,本科,2022,就业,中国民生银行股份有限公司上海分行,1
信息学部,大数据与软件学院,本科,2022,升学,中国科学技术大学,1
信息学部,大数据与软件学院,本科,2022,就业,深圳市欢太科技有限公司,1
信息学部,大数据与软件学院,本科,2022,出国(境)留学或工作,纽约大学,1
信息学部,大数据与软件学院,本科,2022,就业,中国银联股份有限公司,1
信息学部,大数据与软件学院,本科,2022,就业,中国建设银行股份有限公司重庆市分行,1
信息学部,大数据与软件学院,本科,2022,就业,中建四局第六建设有限公司,1
信息学部,大数据与软件学院,本科,2022,就业,中国移动通信集团重庆有限公司,1
信息学部,大数据与软件学院,本科,2022,就业,上海云轴信息科技有限公司,1
信息学部,大数据与软件学院,本科,2022,就业,nan,1
信息学部,大数据与软件学院,本科,2022,就业,招银网络科技(深圳)有限公司,1
信息学部,大数据与软件学院,本科,2022,升学,中国科学院大学深圳先进技术研究院,1
信息学部,大数据与软件学院,本科,2022,就业,成都华为技术有限公司,1
信息学部,大数据与软件学院,本科,2022,就业,锐捷网络股份有限公司,1
信息学部,大数据与软件学院,本科,2022,就业,全国人大常委会办公厅,1
信息学部,大数据与软件学院,本科,2022,就业,天翼云科技有限公司上海分部,1
信息学部,大数据与软件学院,本科,2022,就业,重庆源盾科技集团有限公司,1
信息学部,大数据与软件学院,硕士,2022,就业,成都华为技术有限公司,4
信息学部,大数据与软件学院,硕士,2022,就业,中冶赛迪重庆信息技术有限公司,3
信息学部,大数据与软件学院,硕士,2022,就业,成都东方财富信息技术有限公司,3
信息学部,大数据与软件学院,硕士,2022,就业,重庆长安汽车软件科技有限公司,3
信息学部,大数据与软件学院,硕士,2022,就业,华为技术有限公司,2
信息学部,大数据与软件学院,硕士,2022,就业,重庆大学,2
信息学部,大数据与软件学院,硕士,2022,就业,重庆位图信息技术有限公司,2
信息学部,大数据与软件学院,硕士,2022,就业,杭州海康威视数字技术股份有限公司,2
信息学部,大数据与软件学院,硕士,2022,就业,杭州巨量引擎网络技术有限公司,2
信息学部,大数据与软件学院,硕士,2022,就业,北京华为数字技术有限公司,1
信息学部,大数据与软件学院,硕士,2022,就业,中国人民解放军63819部队,1
信息学部,大数据与软件学院,硕士,2022,就业,重庆农村商业银行股份有限公司,1
信息学部,大数据与软件学院,硕士,2022,就业,花旗金融信息服务(中国)有限公司,1
信息学部,大数据与软件学院,硕士,2022,就业,安徽科大国创云网科技有限公司,1
信息学部,大数据与软件学院,硕士,2022,就业,重庆金美通信有限责任公司,1
信息学部,大数据与软件学院,硕士,2022,就业,上海暖叠网络科技有限公司,1
信息学部,大数据与软件学院,硕士,2022,就业,中国银行股份有限公司陕西省分行,1
信息学部,大数据与软件学院,硕士,2022,就业,西安华为技术有限公司,1
信息学部,大数据与软件学院,硕士,2022,就业,渤海银行股份有限公司,1
信息学部,大数据与软件学院,硕士,2022,就业,锐捷网络股份有限公司,1
信息学部,大数据与软件学院,硕士,2022,就业,微软(中国)有限公司无锡分公司,1
信息学部,大数据与软件学院,硕士,2022,就业,中国电信股份有限公司重庆分公司,1
信息学部,大数据与软件学院,硕士,2022,就业,北森云计算有限公司北京分公司,1
信息学部,大数据与软件学院,硕士,2022,就业,中国农业银行股份有限公司重庆市分行,1
信息学部,大数据与软件学院,硕士,2022,就业,清华大学社会科学学院,1
信息学部,大数据与软件学院,硕士,2022,就业,高德软件有限公司,1
信息学部,大数据与软件学院,硕士,2022,就业,通号通信信息集团有限公司,1
信息学部,大数据与软件学院,硕士,2022,就业,成都三快科技有限公司,1
信息学部,大数据与软件学院,硕士,2022,就业,海通证券股份有限公司重庆民生路证券营业部,1
信息学部,大数据与软件学院,硕士,2022,就业,北京达佳互联信息技术有限公司,1
信息学部,大数据与软件学院,硕士,2022,就业,杭州网易云音乐科技有限公司,1
信息学部,大数据与软件学院,硕士,2022,就业,拉扎斯网络科技(上海)有限公司,1
信息学部,大数据与软件学院,硕士,2022,就业,中国电信股份有限公司贵州分公司,1
信息学部,大数据与软件学院,硕士,2022,就业,英特尔亚太研发有限公司,1
信息学部,大数据与软件学院,硕士,2022,就业,阿里巴巴(北京)软件服务有限公司,1
信息学部,大数据与软件学院,硕士,2022,就业,成都不亦说乎科技有限公司,1
信息学部,大数据与软件学院,硕士,2022,就业,蚂蚁蓉信(成都)网络科技有限公司,1
信息学部,大数据与软件学院,硕士,2022,就业,深圳市欢太科技有限公司,1
信息学部,大数据与软件学院,硕士,2022,就业,民生科技有限责任公司,1
信息学部,大数据与软件学院,硕士,2022,就业,中国邮政储蓄银行股份有限公司,1
信息学部,大数据与软件学院,硕士,2022,就业,上海寻梦信息技术有限公司,1
信息学部,大数据与软件学院,硕士,2022,就业,重庆云辑数字科技有限责任公司,1
信息学部,大数据与软件学院,硕士,2022,选调生,中国共产党内江市委员会组织部(待分配),1
信息学部,大数据与软件学院,硕士,2022,出国(境)留学或工作,香港科技大学,1
信息学部,大数据与软件学院,硕士,2022,就业,重庆蚂蚁消费金融有限公司,1
信息学部,大数据与软件学院,硕士,2022,选调生,北京市昌平区经济和信息化局,1
信息学部,大数据与软件学院,硕士,2022,就业,北京达佳互联信息技术有限公司杭州分公司,1
信息学部,大数据与软件学院,硕士,2022,就业,国网河南省电力公司直流中心,1
信息学部,大数据与软件学院,硕士,2022,就业,中国联合网络通信有限公司山西省分公司,1
信息学部,大数据与软件学院,硕士,2022,就业,思特沃克软件技术(武汉)有限公司,1
信息学部,大数据与软件学院,硕士,2022,就业,西门子(中国)有限公司成都软件开发分公司,1
信息学部,大数据与软件学院,硕士,2022,就业,恒生电子股份有限公司,1
信息学部,大数据与软件学院,硕士,2022,就业,上海浦东发展银行股份有限公司成都分行,1
信息学部,大数据与软件学院,硕士,2022,选调生,中国共产党泸州市委员会组织部,1
信息学部,大数据与软件学院,硕士,2022,就业,河南中烟工业有限责任公司,1
信息学部,大数据与软件学院,硕士,2022,就业,百度在线网络技术(北京)有限公司,1
信息学部,大数据与软件学院,硕士,2022,就业,常州长川科技有限公司,1
信息学部,大数据与软件学院,硕士,2022,就业,江苏满运物流信息有限公司,1
信息学部,大数据与软件学院,硕士,2022,选调生,中共遵义市委组织部,1
信息学部,大数据与软件学院,硕士,2022,就业,北京星选科技有限公司,1
信息学部,大数据与软件学院,硕士,2022,就业,蚂蚁智信(杭州)信息技术有限公司,1
信息学部,大数据与软件学院,硕士,2022,就业,普联技术有限公司,1
信息学部,大数据与软件学院,硕士,2022,就业,中国铁路北京局集团有限公司,1
信息学部,大数据与软件学院,硕士,2022,就业,华为技术有限公司南京研究所,1
信息学部,大数据与软件学院,硕士,2022,就业,成都鼎桥通信技术有限公司,1
信息学部,大数据与软件学院,硕士,2022,就业,用友网络科技股份有限公司,1
信息学部,大数据与软件学院,硕士,2022,就业,马上消费金融股份有限公司,1
信息学部,大数据与软件学院,硕士,2022,就业,四川新网银行股份有限公司,1
信息学部,大数据与软件学院,博士,2022,就业,华为技术有限公司南京研究所,1
信息学部,大数据与软件学院,博士,2022,就业,安徽工程大学,1
信息学部,大数据与软件学院,博士,2022,就业,重庆师范大学,1
信息学部,大数据与软件学院,博士,2022,就业,中国科学技术大学苏州高等研究院,1
信息学部,大数据与软件学院,博士,2022,就业,贵州医科大学,1
信息学部,大数据与软件学院,本科,2023,升学,重庆大学,40
信息学部,大数据与软件学院,本科,2023,出国(境)留学或工作,西澳大学,8
信息学部,大数据与软件学院,本科,2023,就业,花旗金融信息服务(中国)有限公司,7
信息学部,大数据与软件学院,本科,2023,升学,国防科学技术大学,6
信息学部,大数据与软件学院,本科,2023,出国(境)留学或工作,阿德莱德大学,5
信息学部,大数据与软件学院,本科,2023,升学,南京大学,5
信息学部,大数据与软件学院,本科,2023,出国(境)留学或工作,悉尼大学,3
信息学部,大数据与软件学院,本科,2023,升学,西安交通大学,3
信息学部,大数据与软件学院,本科,2023,升学,东南大学,3
信息学部,大数据与软件学院,本科,2023,就业,上海宝信软件股份有限公司,3
信息学部,大数据与软件学院,本科,2023,就业,中国联合网络通信有限公司重庆市分公司,3
信息学部,大数据与软件学院,本科,2023,就业,中国重型汽车集团有限公司,3
信息学部,大数据与软件学院,本科,2023,升学,天津大学,3
信息学部,大数据与软件学院,本科,2023,升学,中国科学院软件研究所,2
信息学部,大数据与软件学院,本科,2023,出国(境)留学或工作,伦敦大学学院,2
信息学部,大数据与软件学院,本科,2023,就业,中车株洲电力机车研究所有限公司,2
信息学部,大数据与软件学院,本科,2023,升学,华南理工大学,2
信息学部,大数据与软件学院,本科,2023,升学,浙江大学,2
信息学部,大数据与软件学院,本科,2023,就业,交通银行股份有限公司四川省分行,2
信息学部,大数据与软件学院,本科,2023,出国(境)留学或工作,悉尼科技大学,2
信息学部,大数据与软件学院,本科,2023,升学,中国科学院大学,2
信息学部,大数据与软件学院,本科,2023,升学,电子科技大学,2
信息学部,大数据与软件学院,本科,2023,升学,北京大学,2
信息学部,大数据与软件学院,本科,2023,出国(境)留学或工作,香港城市大学,2
信息学部,大数据与软件学院,本科,2023,升学,中国科学院自动化研究所,2
信息学部,大数据与软件学院,本科,2023,出国(境)留学或工作,香港理工大学,2
信息学部,大数据与软件学院,本科,2023,出国(境)留学或工作,纽约大学,2
信息学部,大数据与软件学院,本科,2023,就业,比亚迪股份有限公司,2
信息学部,大数据与软件学院,本科,2023,升学,武汉大学,2
信息学部,大数据与软件学院,本科,2023,就业,上海汉得信息技术股份有限公司,2
信息学部,大数据与软件学院,本科,2023,出国(境)留学或工作,格拉斯哥大学,1
信息学部,大数据与软件学院,本科,2023,就业,北京沃东天骏信息技术有限公司,1
信息学部,大数据与软件学院,本科,2023,就业,北方联创通信有限公司,1
信息学部,大数据与软件学院,本科,2023,就业,华为技术有限公司北京研究所,1
信息学部,大数据与软件学院,本科,2023,选调生,保山市隆阳区人民政府办公室,1
信息学部,大数据与软件学院,本科,2023,就业,北京广利核系统工程有限公司,1
信息学部,大数据与软件学院,本科,2023,就业,中国电信股份有限公司重庆分公司,1
信息学部,大数据与软件学院,本科,2023,选调生,青海省统计局,1
信息学部,大数据与软件学院,本科,2023,选调生,中共成都市委组织部,1
信息学部,大数据与软件学院,本科,2023,就业,宁波舟山港股份有限公司,1
信息学部,大数据与软件学院,本科,2023,就业,中国联合网络通信有限公司成都市分公司,1
信息学部,大数据与软件学院,本科,2023,就业,重庆嘉陵华光光电科技有限公司,1
信息学部,大数据与软件学院,本科,2023,就业,重庆长安汽车股份有限公司,1
信息学部,大数据与软件学院,本科,2023,出国(境)留学或工作,弗吉尼亚理工大学,1
信息学部,大数据与软件学院,本科,2023,升学,中国人民大学,1
信息学部,大数据与软件学院,本科,2023,升学,北京航空航天大学,1
信息学部,大数据与软件学院,本科,2023,出国(境)留学或工作,波士顿大学,1
信息学部,大数据与软件学院,本科,2023,出国(境)留学或工作,新加坡国立大学,1
信息学部,大数据与软件学院,本科,2023,升学,北京理工大学,1
信息学部,大数据与软件学院,本科,2023,升学,华东师范大学,1
信息学部,大数据与软件学院,本科,2023,出国(境)留学或工作,香港大学,1
信息学部,大数据与软件学院,本科,2023,就业,广东今日头条网络技术有限公司,1
信息学部,大数据与软件学院,本科,2023,升学,中国科学技术大学,1
信息学部,大数据与软件学院,本科,2023,就业,交通银行股份有限公司深圳分行,1
信息学部,大数据与软件学院,本科,2023,升学,复旦大学,1
信息学部,大数据与软件学院,本科,2023,就业,腾讯科技(深圳)有限公司,1
信息学部,大数据与软件学院,本科,2023,就业,中交路桥建设有限公司,1
信息学部,大数据与软件学院,本科,2023,就业,青岛鼎信通讯股份有限公司,1
信息学部,大数据与软件学院,本科,2023,就业,特变电工衡阳变压器有限公司,1
信息学部,大数据与软件学院,本科,2023,选调生,中共黔西南州委组织部,1
信息学部,大数据与软件学院,本科,2023,就业,广州市人民政府社情研究室,1
信息学部,大数据与软件学院,本科,2023,就业,中国人民解放军 96734部队,1
信息学部,大数据与软件学院,本科,2023,就业,浪潮集团有限公司,1
信息学部,大数据与软件学院,本科,2023,升学,四川大学,1
信息学部,大数据与软件学院,本科,2023,出国(境)留学或工作,东北大学,1
信息学部,大数据与软件学院,本科,2023,就业,重庆青山工业有限责任公司,1
信息学部,大数据与软件学院,本科,2023,出国(境)留学或工作,爱丁堡大学,1
信息学部,大数据与软件学院,本科,2023,就业,上汽通用五菱汽车股份有限公司,1
信息学部,大数据与软件学院,本科,2023,就业,重庆华伟工业(集团)有限责任公司,1
信息学部,大数据与软件学院,本科,2023,就业,波克科技股份有限公司,1
信息学部,大数据与软件学院,本科,2023,就业,昆船智能技术股份有限公司,1
信息学部,大数据与软件学院,本科,2023,升学,南开大学,1
信息学部,大数据与软件学院,本科,2023,出国(境)留学或工作,香港中文大学,1
信息学部,大数据与软件学院,本科,2023,就业,重庆鼎汇信息技术有限公司,1
信息学部,大数据与软件学院,本科,2023,出国(境)留学或工作,利物浦大学,1
信息学部,大数据与软件学院,本科,2023,就业,重庆市北碚区疾病预防控制中心,1
信息学部,大数据与软件学院,本科,2023,就业,浙江畅唐网络股份有限公司,1
信息学部,大数据与软件学院,本科,2023,就业,中电科芯片技术(集团)有限公司,1
信息学部,大数据与软件学院,本科,2023,就业,赛力斯汽车有限公司,1
信息学部,大数据与软件学院,本科,2023,升学,清华大学,1
信息学部,大数据与软件学院,硕士,2023,就业,重庆长安汽车软件科技有限公司,5
信息学部,大数据与软件学院,硕士,2023,就业,重庆星网网络系统研究院有限公司,4
信息学部,大数据与软件学院,硕士,2023,就业,重庆长安汽车股份有限公司,4
信息学部,大数据与软件学院,硕士,2023,就业,蚂蚁蓉信(成都)网络科技有限公司,3
信息学部,大数据与软件学院,硕士,2023,就业,重庆长安新能源汽车科技有限公司,2
信息学部,大数据与软件学院,硕士,2023,就业,重庆农村商业银行股份有限公司,2
信息学部,大数据与软件学院,硕士,2023,就业,中国邮政储蓄银行股份有限公司,1
信息学部,大数据与软件学院,硕士,2023,就业,中电鸿信信息科技有限公司,1
信息学部,大数据与软件学院,硕士,2023,就业,常州市武进区人力资源服务中心,1
信息学部,大数据与软件学院,硕士,2023,就业,重庆航天职业技术学院,1
信息学部,大数据与软件学院,硕士,2023,就业,中信银行股份有限公司信用卡中心,1
信息学部,大数据与软件学院,硕士,2023,就业,北京达佳互联信息技术有限公司,1
信息学部,大数据与软件学院,硕士,2023,就业,招银网络科技(深圳)有限公司成都分公司,1
信息学部,大数据与软件学院,硕士,2023,就业,合肥埃科光电科技股份有限公司,1
信息学部,大数据与软件学院,硕士,2023,就业,贵州航天计量测试技术研究所,1
信息学部,大数据与软件学院,硕士,2023,就业,北京雁栖湖应用数学研究院,1
信息学部,大数据与软件学院,硕士,2023,就业,华为技术有限公司南京研究所,1
信息学部,大数据与软件学院,硕士,2023,就业,上海寻梦信息技术有限公司,1
信息学部,大数据与软件学院,硕士,2023,就业,中国工商银行股份有限公司上海市分行,1
信息学部,大数据与软件学院,硕士,2023,就业,重庆航天火箭电子技术有限公司,1
信息学部,大数据与软件学院,硕士,2023,就业,国网湖北省电力有限公司,1
信息学部,大数据与软件学院,硕士,2023,就业,兴业数字金融服务(上海)股份有限公司,1
信息学部,大数据与软件学院,硕士,2023,就业,比亚迪股份有限公司,1
信息学部,大数据与软件学院,硕士,2023,就业,阿波罗智联(北京)科技有限公司深圳分公司,1
信息学部,大数据与软件学院,硕士,2023,就业,中国人寿保险股份有限公司四川省分公司,1
信息学部,大数据与软件学院,硕士,2023,就业,无锡华通智能交通技术开发有限公司,1
信息学部,大数据与软件学院,硕士,2023,就业,国网浙江省电力有限公司杭州供电公司,1
信息学部,大数据与软件学院,硕士,2023,就业,蚂蚁云创数字科技(北京)有限公司,1
信息学部,大数据与软件学院,硕士,2023,选调生,云南省司法厅,1
信息学部,大数据与软件学院,硕士,2023,就业,中国农业发展银行浙江省分行,1
信息学部,大数据与软件学院,硕士,2023,就业,算丰科技(北京)有限公司上海分公司,1
信息学部,大数据与软件学院,硕士,2023,就业,中国农业银行股份有限公司四川省分行,1
信息学部,大数据与软件学院,硕士,2023,就业,上海仲阳天王星数据科技有限公司,1
信息学部,大数据与软件学院,硕士,2023,就业,徽商银行股份有限公司,1
信息学部,大数据与软件学院,硕士,2023,升学,哈尔滨工业大学(深圳),1
信息学部,大数据与软件学院,硕士,2023,就业,中冶赛迪信息技术(重庆)有限公司,1
信息学部,大数据与软件学院,硕士,2023,就业,百度智能云(成都)科技有限公司,1
信息学部,大数据与软件学院,硕士,2023,就业,南京电子工程研究所(中国电子科技集团公司第二十八研究所),1
信息学部,大数据与软件学院,硕士,2023,就业,昆明物理研究所,1
信息学部,大数据与软件学院,硕士,2023,就业,苏州同元软控信息技术有限公司,1
信息学部,大数据与软件学院,硕士,2023,就业,重庆邮电大学,1
信息学部,大数据与软件学院,硕士,2023,就业,上海合合信息科技股份有限公司,1
信息学部,大数据与软件学院,硕士,2023,就业,用友网络科技股份有限公司,1
信息学部,大数据与软件学院,硕士,2023,就业,中国电子科技集团公司第十四研究所,1
信息学部,大数据与软件学院,硕士,2023,就业,汉海信息技术(上海)有限公司,1
信息学部,大数据与软件学院,硕士,2023,就业,比亚迪汽车有限公司,1
信息学部,大数据与软件学院,硕士,2023,就业,中移物联网有限公司,1
信息学部,大数据与软件学院,硕士,2023,出国(境)留学或工作,德克萨斯大学圣安东尼奥分校,1
信息学部,大数据与软件学院,硕士,2023,就业,北京小米移动软件有限公司上海分公司,1
信息学部,大数据与软件学院,硕士,2023,就业,虹软科技股份有限公司,1
信息学部,大数据与软件学院,硕士,2023,就业,重庆万塘信息技术有限公司,1
信息学部,大数据与软件学院,硕士,2023,就业,深圳市亿道数码技术有限公司,1
信息学部,大数据与软件学院,硕士,2023,就业,论客科技(广州)有限公司,1
信息学部,大数据与软件学院,硕士,2023,就业,重庆微奥云生物技术有限公司,1
信息学部,大数据与软件学院,硕士,2023,就业,网银在线(北京)科技有限公司,1
信息学部,大数据与软件学院,硕士,2023,就业,上海涵润汽车电子有限公司,1
信息学部,大数据与软件学院,硕士,2023,就业,华为技术有限公司,1
信息学部,大数据与软件学院,硕士,2023,就业,杭州数梦工场科技有限公司,1
信息学部,大数据与软件学院,硕士,2023,就业,微软(中国)有限公司苏州分公司,1
信息学部,大数据与软件学院,硕士,2023,就业,重庆市益咏教育信息咨询中心,1
信息学部,大数据与软件学院,博士,2023,就业,中冶赛迪信息技术(重庆)有限公司,1
信息学部,大数据与软件学院,博士,2023,就业,杭州华为企业通信技术有限公司,1
信息学部,大数据与软件学院,博士,2023,就业,北京大学,1
医学部,医学院,硕士,2023,升学,重庆医科大学,4
医学部,医学院,硕士,2023,就业,重庆大学附属肿瘤医院,3
医学部,医学院,硕士,2023,升学,陆军军医大学,3
医学部,医学院,硕士,2023,就业,陆军特色医学中心,3
医学部,医学院,硕士,2023,出国(境)留学或工作,香港科技大学(广州),2
医学部,医学院,硕士,2023,升学,重庆大学,2
医学部,医学院,硕士,2023,就业,重庆第四人民医院/重庆市急救医疗中心,1
医学部,医学院,硕士,2023,就业,成都市第二人民医院(成都市皮肤病性病防治研究所),1
医学部,医学院,硕士,2023,升学,天津大学,1
医学部,医学院,硕士,2023,就业,浙江博圣生物技术股份有限公司,1
医学部,医学院,硕士,2023,就业,陆军军医大学第二附属医院新桥医院,1
医学部,医学院,硕士,2023,升学,第三军医大学,1
医学部,医学院,硕士,2023,就业,杭州景杰生物科技有限公司,1
医学部,医学院,硕士,2023,就业,重庆两江新区人民医院,1
医学部,医学院,硕士,2023,就业,兰州大学第一医院,1
医学部,医学院,硕士,2023,选调生,宜宾市人力资源和社会保障局,1
医学部,医学院,硕士,2023,就业,中国人民解放军陆军特色医学中心,1
医学部,医学院,硕士,2023,就业,贵州省肿瘤医院,1
医学部,医学院,硕士,2023,就业,深圳湾实验室,1
医学部,医学院,硕士,2023,出国(境)留学或工作,莱布尼茨神经生物研究所,1
医学部,医学院,硕士,2023,就业,重庆市沙坪坝区人民医院,1
医学部,医学院,硕士,2023,就业,延川县人民医院,1
医学部,医学院,硕士,2023,就业,西安市惜才人才资源开发有限责任公司,1
医学部,医学院,硕士,2023,就业,湖南中盛教育投资有限责任公司,1
医学部,医学院,硕士,2023,就业,重庆市第四人民医院/重庆市急救医疗中心,1
医学部,医学院,硕士,2023,就业,南方医科大学南方医院,1
医学部,医学院,硕士,2023,升学,中国人民解放军总医院,1
医学部,医学院,硕士,2023,就业,重庆市第四人民医院,1
医学部,医学院,硕士,2023,就业,重庆脑与智能科学中心,1
医学部,医学院,硕士,2023,就业,陆军军医大学第一附属医院,1
医学部,医学院,硕士,2023,就业,重庆大学附属三峡医院,1
医学部,医学院,硕士,2023,就业,西安市红会医院(西安市骨科研究所),1
医学部,医学院,硕士,2023,升学,电子科技大学,1
医学部,药学院,本科,2021,升学,重庆大学,10
医学部,药学院,本科,2021,升学,武汉大学,4
医学部,药学院,本科,2021,升学,中国科学院上海药物研究所,3
医学部,药学院,本科,2021,就业,福安药业集团重庆礼邦药物开发有限公司,1
医学部,药学院,本科,2021,就业,福安药业集团重庆博圣制药有限公司,1
医学部,药学院,本科,2021,就业,重庆可兰达科技有限公司,1
医学部,药学院,本科,2021,选调生,融安县市场监督管理局,1
医学部,药学院,本科,2021,就业,江苏科信医药销售有限公司,1
医学部,药学院,本科,2021,升学,厦门大学,1
医学部,药学院,本科,2021,升学,北京协和医学院,1
医学部,药学院,本科,2021,升学,湖南大学,1
医学部,药学院,本科,2021,升学,上海交通大学,1
医学部,药学院,本科,2021,升学,同济大学,1
医学部,药学院,本科,2021,就业,江西司太立制药有限公司,1
医学部,药学院,本科,2021,就业,阿克苏市托普鲁克乡中心卫生院,1
医学部,药学院,本科,2021,升学,中国药科大学,1
医学部,药学院,本科,2021,就业,成都极客未来教育科技有限公司,1
医学部,药学院,本科,2021,升学,南开大学,1
医学部,药学院,本科,2021,就业,重庆柳江医药科技有限公司,1
医学部,药学院,本科,2021,就业,新疆金晖兆丰能源股份有限公司,1
医学部,药学院,本科,2021,就业,成都药明康德新药开发有限公司,1
医学部,药学院,本科,2021,升学,中国科学院上海有机化学研究所,1
医学部,药学院,本科,2021,就业,重庆市长寿区卫生健康综合行政执法支队,1
医学部,药学院,本科,2021,就业,四川科伦实业集团有限公司,1
医学部,药学院,本科,2021,就业,凯莱英生命科学技术(天津)有限公司,1
医学部,药学院,硕士,2021,就业,重庆大学,4
医学部,药学院,硕士,2021,就业,成都百裕制药股份有限公司,2
医学部,药学院,硕士,2021,就业,福安药业集团重庆礼邦药物开发有限公司,2
医学部,药学院,硕士,2021,就业,四川科伦药业股份有限公司邛崃分公司,2
医学部,药学院,硕士,2021,就业,重庆博腾制药科技股份有限公司,2
医学部,药学院,硕士,2021,选调生,中共泸州市委组织部,2
医学部,药学院,硕士,2021,选调生,广西壮族自治区党委组织部干部规划办,1
医学部,药学院,硕士,2021,就业,重庆中元汇吉生物技术有限公司,1
医学部,药学院,硕士,2021,就业,四川科伦药物研究院有限公司,1
医学部,药学院,硕士,2021,就业,成都药明康德新药开发有限公司,1
医学部,药学院,硕士,2021,就业,福建水利电力职业技术学院,1
医学部,药学院,硕士,2021,升学,西南大学,1
医学部,药学院,硕士,2021,就业,享融(上海)生物科技有限公司,1
医学部,药学院,硕士,2021,就业,重庆市南岸区人民医院,1
医学部,药学院,硕士,2021,就业,重庆市计量质量检测研究院,1
医学部,药学院,硕士,2021,就业,重庆药友制药有限责任公司,1
医学部,药学院,硕士,2021,选调生,中共重庆市委组织部,1
医学部,药学院,硕士,2021,出国(境)留学或工作,博洛尼亚大学,1
医学部,药学院,硕士,2021,就业,上海盛迪医药有限公司,1
医学部,药学院,硕士,2021,就业,资阳市雁江区中医医院,1
医学部,药学院,硕士,2021,就业,武汉药明康德新药开发有限公司,1
医学部,药学院,硕士,2021,选调生,中国共产党遂宁市委员会组织部,1
医学部,药学院,硕士,2021,选调生,中国共产党内江市委员会组织部,1
医学部,药学院,博士,2021,就业,重庆博腾制药科技股份有限公司,1
医学部,药学院,博士,2021,就业,福安药业集团重庆礼邦药物开发有限公司,1
医学部,药学院,博士,2021,就业,遵义医科大学附属医院,1
医学部,药学院,博士,2021,就业,成都倍特药业股份有限公司,1
医学部,药学院,博士,2021,就业,中国科学院重庆绿色智能技术研究院,1
医学部,药学院,博士,2021,就业,深圳市新阳唯康科技有限公司,1
医学部,药学院,博士,2021,就业,临沂大学,1
医学部,药学院,博士,2021,就业,西南医科大学,1
医学部,药学院,博士,2021,就业,成都药明康德新药开发有限公司,1
医学部,药学院,博士,2021,就业,广西医科大学,1
医学部,药学院,博士,2021,就业,香港中文大学(深圳),1
医学部,药学院,博士,2021,就业,北京大学医学部,1
医学部,药学院,博士,2021,就业,西昌学院,1
医学部,药学院,博士,2021,就业,深圳信立泰药业股份有限公司,1
医学部,药学院,博士,2021,出国(境)留学或工作,加尼福尼亚大学伯克利分校,1
医学部,药学院,博士,2021,就业,成都市市级机关国有资产管理服务中心,1
医学部,药学院,本科,2022,就业,重庆大学,13
医学部,药学院,本科,2022,升学,武汉大学,4
医学部,药学院,本科,2022,升学,中山大学,3
医学部,药学院,本科,2022,升学,浙江大学,2
医学部,药学院,本科,2022,升学,厦门大学,2
医学部,药学院,本科,2022,升学,四川大学,2
医学部,药学院,本科,2022,就业,利尔化学股份有限公司,1
医学部,药学院,本科,2022,就业,浙江越甲药业有限公司,1
医学部,药学院,本科,2022,升学,华中科技大学,1
医学部,药学院,本科,2022,就业,浙江华海药业股份有限公司,1
医学部,药学院,本科,2022,就业,昭衍(苏州)新药研究中心有限公司,1
医学部,药学院,本科,2022,就业,中国建设银行西藏自治区分行,1
医学部,药学院,本科,2022,升学,中国医学科学院药用植物研究所,1
医学部,药学院,本科,2022,就业,中国科学院上海有机化学研究所,1
医学部,药学院,本科,2022,就业,昌都市江达县人民医院,1
医学部,药学院,本科,2022,就业,重庆觉晓科技有限公司,1
医学部,药学院,本科,2022,就业,北大医药重庆大新药业股份有限公司,1
医学部,药学院,本科,2022,出国(境)留学或工作,格拉斯哥大学,1
医学部,药学院,本科,2022,志愿服务西部计划,广西凭祥市友谊镇人民政府,1
医学部,药学院,本科,2022,升学,新疆医科大学研究生院,1
医学部,药学院,本科,2022,就业,深圳信立泰药业股份有限公司,1
医学部,药学院,本科,2022,就业,nan,1
医学部,药学院,本科,2022,升学,中国药科大学,1
医学部,药学院,本科,2022,升学,南方科技大学,1
医学部,药学院,本科,2022,就业,重庆博腾制药科技股份有限公司,1
医学部,药学院,本科,2022,就业,宁波高新区美诺华医药创新研究院有限公司,1
医学部,药学院,本科,2022,选调生,鹤山市市场监督管理局,1
医学部,药学院,硕士,2022,就业,福安药业集团重庆礼邦药物开发有限公司,3
医学部,药学院,硕士,2022,就业,利尔化学股份有限公司,2
医学部,药学院,硕士,2022,就业,成都药明康德新药开发有限公司,2
医学部,药学院,硕士,2022,就业,重庆博腾制药科技股份有限公司,2
医学部,药学院,硕士,2022,就业,重庆博腾药业有限公司,2
医学部,药学院,硕士,2022,就业,昆翎企业管理(上海)有限公司,1
医学部,药学院,硕士,2022,就业,武汉市汉口医院(武汉市康复医院),1
医学部,药学院,硕士,2022,就业,国药中生生物技术研究院有限公司,1
医学部,药学院,硕士,2022,就业,比亚迪股份有限公司,1
医学部,药学院,硕士,2022,出国(境)留学或工作,苏黎世联邦理工大学,1
医学部,药学院,硕士,2022,就业,深圳信立泰药业股份有限公司,1
医学部,药学院,硕士,2022,选调生,中共遵义市委组织部,1
医学部,药学院,硕士,2022,就业,贵州众胜旺房地产经纪有限公司,1
医学部,药学院,硕士,2022,就业,上海盛迪医药有限公司,1
医学部,药学院,硕士,2022,升学,湖南大学,1
医学部,药学院,硕士,2022,就业,江苏康缘药业股份有限公司,1
医学部,药学院,硕士,2022,就业,中元汇吉生物技术股份有限公司,1
医学部,药学院,硕士,2022,就业,杭州谱育科技发展有限公司,1
医学部,药学院,硕士,2022,就业,重庆太极实业(集团)股份有限公司,1
医学部,药学院,硕士,2022,选调生,中国共产党达州市委员会组织部,1
医学部,药学院,硕士,2022,就业,重庆中元生物技术有限公司,1
医学部,药学院,硕士,2022,就业,成都国为生物医药有限公司,1
医学部,药学院,硕士,2022,升学,重庆大学,1
医学部,药学院,硕士,2022,就业,重庆华邦制药有限公司,1
医学部,药学院,硕士,2022,就业,成都苑东生物制药股份有限公司,1
医学部,药学院,硕士,2022,出国(境)留学或工作,澳门大学,1
医学部,药学院,硕士,2022,就业,重庆市药品技术审评查验中心,1
医学部,药学院,硕士,2022,选调生,中共中央组织部,1
医学部,药学院,硕士,2022,选调生,中共乐山市委组织部,1
医学部,药学院,硕士,2022,就业,重庆医科大学附属永川医院,1
医学部,药学院,硕士,2022,就业,宜昌人福药业有限责任公司,1
医学部,药学院,硕士,2022,选调生,中国共产党云龙县委办公室,1
医学部,药学院,博士,2022,就业,重庆市江津区中心医院,1
医学部,药学院,博士,2022,就业,延安大学,1
医学部,药学院,博士,2022,就业,郑州大学,1
医学部,药学院,博士,2022,就业,海南大学,1
医学部,药学院,博士,2022,就业,浙江省人民医院,1
医学部,药学院,博士,2022,就业,重庆医药高等专科学校,1
医学部,药学院,博士,2022,就业,湖北工业大学,1
医学部,药学院,博士,2022,就业,重庆药友制药有限责任公司,1
医学部,药学院,博士,2022,就业,重庆中医药学院,1
医学部,药学院,博士,2022,就业,成都药明康德新药开发有限公司,1
医学部,药学院,本科,2023,升学,重庆大学,11
医学部,药学院,本科,2023,升学,中国科学院大学,2
医学部,药学院,本科,2023,升学,浙江大学,2
医学部,药学院,本科,2023,升学,中国科学院上海药物研究所,2
医学部,药学院,本科,2023,升学,上海交通大学,2
医学部,药学院,本科,2023,升学,武汉大学,2
医学部,药学院,本科,2023,升学,厦门大学,1
医学部,药学院,本科,2023,选调生,中共贵港市委组织部,1
医学部,药学院,本科,2023,升学,国科大杭州高等研究院,1
医学部,药学院,本科,2023,升学,四川大学,1
医学部,药学院,本科,2023,就业,乌鲁木齐市米东区卫生健康委员会,1
医学部,药学院,本科,2023,就业,贵港市港南区市场监督管理局,1
医学部,药学院,本科,2023,出国(境)留学或工作,新加坡国立大学,1
医学部,药学院,本科,2023,就业,浙江台州海神制药有限公司,1
医学部,药学院,本科,2023,升学,北京协和医学院,1
医学部,药学院,本科,2023,升学,中南大学,1
医学部,药学院,本科,2023,就业,浙江苏泊尔制药有限公司,1
医学部,药学院,本科,2023,选调生,墨江哈尼族自治县人民政府办公室,1
医学部,药学院,本科,2023,就业,中国银行股份有限公司西藏自治区分行,1
医学部,药学院,本科,2023,升学,华中科技大学,1
医学部,药学院,本科,2023,选调生,中国共产党宜宾市委员会组织部,1
医学部,药学院,本科,2023,升学,首都医科大学,1
医学部,药学院,硕士,2023,就业,成都药明康德新药开发有限公司,4
医学部,药学院,硕士,2023,就业,中国人民解放军陆军特色医学中心,3
医学部,药学院,硕士,2023,就业,成都先导药物开发股份有限公司,3
医学部,药学院,硕士,2023,就业,成都倍特药业股份有限公司,2
医学部,药学院,硕士,2023,就业,重庆药友制药有限责任公司,2
医学部,药学院,硕士,2023,就业,重庆华邦胜凯制药有限公司,2
医学部,药学院,硕士,2023,就业,扬子江药业集团江苏扬子江医药经营有限公司,2
医学部,药学院,硕士,2023,就业,深圳湾实验室,2
医学部,药学院,硕士,2023,就业,上海盛迪医药有限公司,1
医学部,药学院,硕士,2023,就业,东莞市长安中学,1
医学部,药学院,硕士,2023,就业,重庆望业药物研究有限公司,1
医学部,药学院,硕士,2023,就业,浙江我武生物科技股份有限公司,1
医学部,药学院,硕士,2023,就业,浙江华海药业股份有限公司,1
医学部,药学院,硕士,2023,升学,上海交通大学,1
医学部,药学院,硕士,2023,就业,重庆太极实业(集团)股份有限公司,1
医学部,药学院,硕士,2023,就业,重庆博腾制药科技股份有限公司,1
医学部,药学院,硕士,2023,就业,玉溪沃森生物技术有限公司,1
医学部,药学院,硕士,2023,就业,深圳市星瑞康医药科技有限公司,1
医学部,药学院,硕士,2023,就业,厦门海辰新能源科技有限公司,1
医学部,药学院,硕士,2023,就业,深圳华大火眼工程科技有限公司,1
医学部,药学院,硕士,2023,就业,四川科伦药物研究院有限公司,1
医学部,药学院,硕士,2023,就业,烟台新药创制山东省实验室,1
医学部,药学院,硕士,2023,就业,重庆康普化学工业股份有限公司,1
医学部,药学院,硕士,2023,选调生,中共眉山市委组织部,1
医学部,药学院,硕士,2023,就业,浙江国邦药业有限公司,1
医学部,药学院,硕士,2023,就业,江苏益明荣药医疗科技有限公司,1
医学部,药学院,硕士,2023,就业,云南沃森生物技术股份有限公司,1
医学部,药学院,硕士,2023,出国(境)留学或工作,巴塞尔大学,1
医学部,药学院,硕士,2023,就业,赛诺哈勃药业(成都)有限公司,1
医学部,药学院,硕士,2023,就业,成都诺和晟泰生物科技有限公司,1
医学部,药学院,硕士,2023,选调生,中共绵阳市委组织部,1
医学部,药学院,硕士,2023,选调生,昆明市市场监督管理局,1
医学部,药学院,硕士,2023,选调生,朝阳市卫生健康委员会,1
医学部,药学院,硕士,2023,选调生,中国共产党重庆市开州区委员会组织部,1
医学部,药学院,硕士,2023,就业,广州博峰微球科技有限公司,1
医学部,药学院,硕士,2023,就业,陕西莱特光电材料股份有限公司,1
医学部,药学院,硕士,2023,出国(境)留学或工作,阿姆斯特丹大学,1
医学部,药学院,硕士,2023,出国(境)留学或工作,澳门大学,1
医学部,药学院,硕士,2023,就业,成都市第二人民医院,1
医学部,药学院,硕士,2023,就业,天津药明康德新药开发有限公司,1
医学部,药学院,博士,2023,就业,福安药业集团宁波天衡制药有限公司,1
医学部,药学院,博士,2023,就业,湖南医药学院,1
医学部,药学院,博士,2023,就业,成都医学院,1
医学部,药学院,博士,2023,就业,康龙化成(北京)新药技术股份有限公司,1
医学部,药学院,博士,2023,就业,重庆医科大学附属大学城医院,1
医学部,药学院,博士,2023,就业,重庆三峡中心医院,1
医学部,药学院,博士,2023,就业,川北医学院,1
医学部,药学院,博士,2023,就业,浙江大学医学院附属邵逸夫医院,1
医学部,药学院,博士,2023,就业,成都药明康德新药开发有限公司,1
医学部,药学院,博士,2023,就业,南开大学,1
医学部,生物工程学院,本科,2021,升学,重庆大学,25
医学部,生物工程学院,本科,2021,升学,华南理工大学,3
医学部,生物工程学院,本科,2021,就业,三诺生物传感股份有限公司,3
医学部,生物工程学院,本科,2021,就业,江西正邦科技股份有限公司,2
医学部,生物工程学院,本科,2021,升学,浙江大学,2
医学部,生物工程学院,本科,2021,升学,华中科技大学,2
医学部,生物工程学院,本科,2021,升学,中国科学技术大学,2
医学部,生物工程学院,本科,2021,升学,山东大学,2
医学部,生物工程学院,本科,2021,就业,深圳市科曼医疗设备有限公司,2
医学部,生物工程学院,本科,2021,升学,东南大学,2
医学部,生物工程学院,本科,2021,出国(境)留学或工作,宾夕法尼亚州州立大学,1
医学部,生物工程学院,本科,2021,就业,健帆生物科技集团股份有限公司,1
医学部,生物工程学院,本科,2021,升学,天津大学,1
医学部,生物工程学院,本科,2021,就业,重庆科斯迈生物科技有限公司,1
医学部,生物工程学院,本科,2021,出国(境)留学或工作,爱丁堡大学,1
医学部,生物工程学院,本科,2021,出国(境)留学或工作,圣路易斯华盛顿大学,1
医学部,生物工程学院,本科,2021,升学,中国科学院苏州生物医学工程技术研究所,1
医学部,生物工程学院,本科,2021,升学,南京大学,1
医学部,生物工程学院,本科,2021,就业,正邦集团有限公司,1
医学部,生物工程学院,本科,2021,出国(境)留学或工作,香港中文大学,1
医学部,生物工程学院,本科,2021,就业,重庆炬新一医药科技有限公司,1
医学部,生物工程学院,本科,2021,选调生,中共江西省委组织部,1
医学部,生物工程学院,本科,2021,就业,江苏科信医药销售有限公司,1
医学部,生物工程学院,本科,2021,升学,四川大学,1
医学部,生物工程学院,本科,2021,就业,上海透景生命科技股份有限公司,1
医学部,生物工程学院,本科,2021,就业,丰豪物流(北京)有限公司,1
医学部,生物工程学院,本科,2021,升学,中国科学院北京基因组研究所,1
医学部,生物工程学院,本科,2021,选调生,中国共产党昌都市委员会组织部,1
医学部,生物工程学院,本科,2021,就业,互动峰科技(北京)有限公司,1
医学部,生物工程学院,本科,2021,就业,博奥赛斯(重庆)生物科技有限公司,1
医学部,生物工程学院,本科,2021,就业,重庆市沙坪坝区学而思培优课外培训学校有限公司,1
医学部,生物工程学院,本科,2021,升学,中国科学院广州生物医药与健康研究所,1
医学部,生物工程学院,本科,2021,升学,中国科学院昆明动物研究所,1
医学部,生物工程学院,本科,2021,就业,应征义务兵,1
医学部,生物工程学院,本科,2021,就业,重庆海润节能技术股份有限公司,1
医学部,生物工程学院,本科,2021,就业,丽珠医药集团股份有限公司,1
医学部,生物工程学院,本科,2021,就业,广西软航科技有限公司,1
医学部,生物工程学院,本科,2021,升学,上海交通大学,1
医学部,生物工程学院,本科,2021,升学,中山大学,1
医学部,生物工程学院,本科,2021,就业,浙江爱旭太阳能科技有限公司,1
医学部,生物工程学院,本科,2021,就业,欣欣智学教育科技(北京)有限公司,1
医学部,生物工程学院,硕士,2021,就业,重庆中元生物技术有限公司,5
医学部,生物工程学院,硕士,2021,升学,重庆大学,4
医学部,生物工程学院,硕士,2021,就业,深圳迈瑞生物医疗电子股份有限公司,4
医学部,生物工程学院,硕士,2021,就业,重庆药友制药有限责任公司,3
医学部,生物工程学院,硕士,2021,就业,深圳市科曼医疗设备有限公司,3
医学部,生物工程学院,硕士,2021,就业,重庆高晋生物科技有限公司,2
医学部,生物工程学院,硕士,2021,选调生,中共德阳市委组织部,2
医学部,生物工程学院,硕士,2021,就业,重庆大学附属肿瘤医院,2
医学部,生物工程学院,硕士,2021,就业,强生(上海)医疗器材有限公司,2
医学部,生物工程学院,硕士,2021,就业,成都华为技术有限公司,2
医学部,生物工程学院,硕士,2021,就业,泸州老窖股份有限公司,1
医学部,生物工程学院,硕士,2021,就业,中国人民解放军陆军军医大学第三附属医院,1
医学部,生物工程学院,硕士,2021,选调生,中共黔东南州委组织部,1
医学部,生物工程学院,硕士,2021,就业,长江生态环保集团有限公司,1
医学部,生物工程学院,硕士,2021,就业,连云港高级中学,1
医学部,生物工程学院,硕士,2021,就业,深圳市理邦精密仪器股份有限公司,1
医学部,生物工程学院,硕士,2021,选调生,中共成都市委组织部,1
医学部,生物工程学院,硕士,2021,就业,重庆医科大学附属第三医院(捷尔医院),1
医学部,生物工程学院,硕士,2021,就业,小米科技(武汉)有限公司,1
医学部,生物工程学院,硕士,2021,就业,上海药明康德新药开发有限公司,1
医学部,生物工程学院,硕士,2021,就业,重庆市铜梁区人民医院,1
医学部,生物工程学院,硕士,2021,选调生,中共安顺市委组织部,1
医学部,生物工程学院,硕士,2021,选调生,中共达州市委组织部,1
医学部,生物工程学院,硕士,2021,就业,深圳市坪山区坑梓街道办事处,1
医学部,生物工程学院,硕士,2021,就业,中国人民解放军陆军军医大学第一附属医院,1
医学部,生物工程学院,硕士,2021,就业,广东赛昉科技有限公司,1
医学部,生物工程学院,硕士,2021,就业,重庆登康口腔护理用品股份有限公司,1
医学部,生物工程学院,硕士,2021,选调生,中共衡水市委组织部,1
医学部,生物工程学院,硕士,2021,就业,人福医药集团股份公司,1
医学部,生物工程学院,硕士,2021,就业,南山集团有限公司,1
医学部,生物工程学院,硕士,2021,就业,重庆华邦制药有限公司,1
医学部,生物工程学院,硕士,2021,就业,重庆高新技术产业开发区管理委员会,1
医学部,生物工程学院,硕士,2021,就业,武汉联影智融医疗科技有限公司,1
医学部,生物工程学院,硕士,2021,就业,圣湘生物科技股份有限公司,1
医学部,生物工程学院,硕士,2021,选调生,中共泸州市委组织部,1
医学部,生物工程学院,硕士,2021,就业,正大天晴药业集团股份有限公司江宁分公司,1
医学部,生物工程学院,硕士,2021,就业,南方科技大学,1
医学部,生物工程学院,硕士,2021,就业,重庆鹍创细胞再生医学研究院有限公司,1
医学部,生物工程学院,硕士,2021,就业,华南师范大学中山附属中学,1
医学部,生物工程学院,硕士,2021,就业,中兴通讯股份有限公司,1
医学部,生物工程学院,硕士,2021,就业,深圳开立生物医疗科技股份有限公司,1
医学部,生物工程学院,硕士,2021,就业,国家知识产权局专利局专利审查协作湖北中心,1
医学部,生物工程学院,硕士,2021,升学,南京大学,1
医学部,生物工程学院,硕士,2021,选调生,中国共产党自贡市委员会组织部,1
医学部,生物工程学院,硕士,2021,就业,招远市第二中学,1
医学部,生物工程学院,硕士,2021,就业,三诺生物传感股份有限公司,1
医学部,生物工程学院,硕士,2021,就业,恒玄科技(上海)股份有限公司,1
医学部,生物工程学院,硕士,2021,就业,重庆中元汇吉生物技术有限公司,1
医学部,生物工程学院,硕士,2021,就业,苏州盛迪亚生物医药有限公司,1
医学部,生物工程学院,硕士,2021,就业,四川省广安中学,1
医学部,生物工程学院,硕士,2021,就业,天津医科大学第二医院,1
医学部,生物工程学院,硕士,2021,升学,四川大学,1
医学部,生物工程学院,硕士,2021,就业,天津市安定医院,1
医学部,生物工程学院,硕士,2021,就业,深圳蓝韵医学影像有限公司,1
医学部,生物工程学院,硕士,2021,就业,展讯半导体(成都)有限公司,1
医学部,生物工程学院,硕士,2021,就业,普洱市市委办公室,1
医学部,生物工程学院,硕士,2021,就业,北大医药股份有限公司,1
医学部,生物工程学院,硕士,2021,就业,曼迪匹艾(北京)科技服务有限公司,1
医学部,生物工程学院,硕士,2021,就业,深圳市第二人民医院,1
医学部,生物工程学院,硕士,2021,选调生,中国共产党广安市委员会组织部,1
医学部,生物工程学院,硕士,2021,就业,国家知识产权局专利局专利审查协作河南中心,1
医学部,生物工程学院,硕士,2021,就业,上海联影医疗科技股份有限公司,1
医学部,生物工程学院,硕士,2021,就业,顺丰科技有限公司,1
医学部,生物工程学院,硕士,2021,就业,陆军军医大学第二附属医院(新桥医院),1
医学部,生物工程学院,硕士,2021,就业,泸州昊阳森腾教育发展有限公司,1
医学部,生物工程学院,硕士,2021,升学,首都师范大学,1
医学部,生物工程学院,硕士,2021,就业,重庆市九龙坡区华美小学校,1
医学部,生物工程学院,硕士,2021,就业,成都市新都区北星中学校,1
医学部,生物工程学院,硕士,2021,就业,昆明市第三人民医院,1
医学部,生物工程学院,硕士,2021,就业,深圳虾皮信息科技有限公司,1
医学部,生物工程学院,硕士,2021,就业,飞依诺科技(苏州)有限公司,1
医学部,生物工程学院,硕士,2021,就业,苏州吉因加生物医学工程有限公司,1
医学部,生物工程学院,硕士,2021,就业,重庆江北知易外国语学校,1
医学部,生物工程学院,硕士,2021,就业,重庆博士泰生物技术有限公司,1
医学部,生物工程学院,硕士,2021,就业,南京诺唯赞生物科技股份有限公司,1
医学部,生物工程学院,硕士,2021,就业,杭州科百特过滤器材有限公司,1
医学部,生物工程学院,硕士,2021,就业,武汉锦绣人才管理顾问有限公司,1
医学部,生物工程学院,博士,2021,就业,重庆医科大学附属第二医院,2
医学部,生物工程学院,博士,2021,就业,新乡医学院,2
医学部,生物工程学院,博士,2021,就业,重庆医科大学第一临床学院,1
医学部,生物工程学院,博士,2021,就业,重庆理工大学,1
医学部,生物工程学院,博士,2021,就业,中国人民解放军陆军军医大学第二附属医院,1
医学部,生物工程学院,博士,2021,就业,中国人民解放军海军军医大学,1
医学部,生物工程学院,博士,2021,就业,国科大重庆学院,1
医学部,生物工程学院,博士,2021,就业,重庆电子工程职业学院,1
医学部,生物工程学院,博士,2021,就业,重庆大学附属三峡医院,1
医学部,生物工程学院,博士,2021,就业,中国人民解放军陆军军医大学第一附属医院,1
医学部,生物工程学院,博士,2021,就业,苏州大学,1
医学部,生物工程学院,博士,2021,就业,江南大学,1
医学部,生物工程学院,博士,2021,就业,南方医科大学,1
医学部,生物工程学院,博士,2021,就业,安徽医科大学,1
医学部,生物工程学院,博士,2021,就业,上海交通大学医学院附属瑞金医院,1
医学部,生物工程学院,博士,2021,就业,重庆大学附属肿瘤医院,1
医学部,生物工程学院,本科,2022,升学,重庆大学,9
医学部,生物工程学院,本科,2022,升学,复旦大学,5
医学部,生物工程学院,本科,2022,升学,四川大学,5
医学部,生物工程学院,本科,2022,升学,东南大学,3
医学部,生物工程学院,本科,2022,升学,上海交通大学,3
医学部,生物工程学院,本科,2022,升学,浙江大学,3
医学部,生物工程学院,本科,2022,出国(境)留学或工作,伦敦国王学院,2
医学部,生物工程学院,本科,2022,升学,天津大学,2
医学部,生物工程学院,本科,2022,就业,深圳市安保科技有限公司,2
医学部,生物工程学院,本科,2022,升学,清华大学,2
医学部,生物工程学院,本科,2022,升学,华中科技大学,2
医学部,生物工程学院,本科,2022,升学,中山大学,2
医学部,生物工程学院,本科,2022,升学,中国科学院深圳先进技术研究院,2
医学部,生物工程学院,本科,2022,升学,华东师范大学,1
医学部,生物工程学院,本科,2022,出国(境)留学或工作,利兹大学,1
医学部,生物工程学院,本科,2022,出国(境)留学或工作,曼彻斯特大学,1
医学部,生物工程学院,本科,2022,出国(境)留学或工作,慕尼黑工业大学,1
医学部,生物工程学院,本科,2022,升学,华南理工大学,1
医学部,生物工程学院,本科,2022,就业,水羊集团股份有限公司,1
医学部,生物工程学院,本科,2022,出国(境)留学或工作,格勒诺布尔商学院,1
医学部,生物工程学院,本科,2022,升学,中国科学技术大学,1
医学部,生物工程学院,本科,2022,就业,重庆缙云专利代理事务所(特殊普通合伙),1
医学部,生物工程学院,本科,2022,升学,武汉大学,1
医学部,生物工程学院,本科,2022,就业,泸州老窖股份有限公司,1
医学部,生物工程学院,本科,2022,升学,中国科学院大学杭州高等研究院,1
医学部,生物工程学院,本科,2022,志愿服务西部计划,重庆市璧山区璧泉街道办事处,1
医学部,生物工程学院,本科,2022,就业,重庆智翔金泰生物制药有限公司,1
医学部,生物工程学院,本科,2022,升学,中国科学院大学,1
医学部,生物工程学院,本科,2022,升学,西安交通大学,1
医学部,生物工程学院,本科,2022,升学,中国科学院大学上海有机化学研究所生物与化学交叉研究中心,1
医学部,生物工程学院,本科,2022,就业,中国农业银行股份有限公司西藏自治区分行,1
医学部,生物工程学院,本科,2022,就业,深圳普门科技股份有限公司,1
医学部,生物工程学院,本科,2022,就业,苏州雷泰医疗科技有限公司,1
医学部,生物工程学院,本科,2022,升学,中国科学院微生物研究所,1
医学部,生物工程学院,本科,2022,升学,中国科学院昆明植物研究所,1
医学部,生物工程学院,本科,2022,出国(境)留学或工作,亚琛工业大学,1
医学部,生物工程学院,本科,2022,选调生,中共西藏区委组织部,1
医学部,生物工程学院,本科,2022,升学,中南大学,1
医学部,生物工程学院,本科,2022,升学,郑州大学,1
医学部,生物工程学院,本科,2022,选调生,中共廊坊市委组织部,1
医学部,生物工程学院,本科,2022,升学,北京协和医学院,1
医学部,生物工程学院,本科,2022,就业,深圳湾实验室,1
医学部,生物工程学院,本科,2022,就业,中元汇吉生物技术股份有限公司,1
医学部,生物工程学院,本科,2022,就业,江苏三联生物工程股份有限公司,1
医学部,生物工程学院,本科,2022,升学,电子科技大学,1
医学部,生物工程学院,硕士,2022,升学,重庆大学,6
医学部,生物工程学院,硕士,2022,就业,中国人民解放军陆军特色医学中心,5
医学部,生物工程学院,硕士,2022,就业,成都华为技术有限公司,4
医学部,生物工程学院,硕士,2022,就业,中兴通讯股份有限公司,3
医学部,生物工程学院,硕士,2022,选调生,中国共产党重庆市委员会组织部,3
医学部,生物工程学院,硕士,2022,就业,重庆大学附属肿瘤医院,3
医学部,生物工程学院,硕士,2022,就业,金凤实验室,3
医学部,生物工程学院,硕士,2022,就业,重庆金域医学检验所有限公司,3
医学部,生物工程学院,硕士,2022,就业,深圳迈瑞生物医疗电子股份有限公司,3
医学部,生物工程学院,硕士,2022,就业,中元汇吉生物技术股份有限公司,3
医学部,生物工程学院,硕士,2022,就业,武汉迈瑞医疗技术研究院有限公司,2
医学部,生物工程学院,硕士,2022,就业,泸州老窖股份有限公司,2
医学部,生物工程学院,硕士,2022,就业,重庆太极实业(集团)股份有限公司,2
医学部,生物工程学院,硕士,2022,就业,深圳麦克韦尔科技有限公司,2
医学部,生物工程学院,硕士,2022,选调生,中共铜仁市委组织部,2
医学部,生物工程学院,硕士,2022,就业,深圳市科曼医疗设备有限公司,2
医学部,生物工程学院,硕士,2022,就业,深圳开立生物医疗科技股份有限公司,2
医学部,生物工程学院,硕士,2022,选调生,中共自贡市委组织部,2
医学部,生物工程学院,硕士,2022,就业,重庆药友制药有限责任公司,2
医学部,生物工程学院,硕士,2022,选调生,中共乐山市委组织部,2
医学部,生物工程学院,硕士,2022,就业,慧盾信息安全科技(苏州)股份有限公司,1
医学部,生物工程学院,硕士,2022,就业,上海联影医疗科技股份有限公司,1
医学部,生物工程学院,硕士,2022,就业,西门子工厂自动化工程有限公司,1
医学部,生物工程学院,硕士,2022,就业,重庆市璧山区人民医院,1
医学部,生物工程学院,硕士,2022,选调生,中共贵阳市委组织部,1
医学部,生物工程学院,硕士,2022,升学,成都体育学院,1
医学部,生物工程学院,硕士,2022,就业,重庆市江津中学校,1
医学部,生物工程学院,硕士,2022,就业,重庆市开州区临江中学,1
医学部,生物工程学院,硕士,2022,就业,成都药明康德新药开发有限公司,1
医学部,生物工程学院,硕士,2022,就业,重庆医科大学,1
医学部,生物工程学院,硕士,2022,就业,中国人民解放军总医院第五医学中心,1
医学部,生物工程学院,硕士,2022,就业,西安荣耀终端有限公司,1
医学部,生物工程学院,硕士,2022,就业,人福医药集团股份公司,1
医学部,生物工程学院,硕士,2022,就业,强生(上海)医疗器材有限公司,1
医学部,生物工程学院,硕士,2022,就业,珠海菲特兰医疗科技有限公司,1
医学部,生物工程学院,硕士,2022,就业,成都双流中学实验学校,1
医学部,生物工程学院,硕士,2022,就业,浙江三叶草生物制药有限公司,1
医学部,生物工程学院,硕士,2022,就业,飞利浦(中国)投资有限公司,1
医学部,生物工程学院,硕士,2022,就业,重庆美莱德生物医药有限公司,1
医学部,生物工程学院,硕士,2022,就业,武汉联影生命科学仪器有限公司,1
医学部,生物工程学院,硕士,2022,出国(境)留学或工作,哈索·普拉特纳研究所,1
医学部,生物工程学院,硕士,2022,就业,四川卫生康复职业学院,1
医学部,生物工程学院,硕士,2022,就业,安琪酵母股份有限公司,1
医学部,生物工程学院,硕士,2022,就业,国药集团重庆医药设计院有限公司,1
医学部,生物工程学院,硕士,2022,就业,重庆市实验中学校,1
医学部,生物工程学院,硕士,2022,就业,南部县教育科技和体育局,1
医学部,生物工程学院,硕士,2022,就业,重庆智翔金泰生物制药有限公司,1
医学部,生物工程学院,硕士,2022,就业,精准大数据研究院(重庆)有限公司,1
医学部,生物工程学院,硕士,2022,就业,中移物联网有限公司,1
医学部,生物工程学院,硕士,2022,选调生,中共剑阁县委组织部,1
医学部,生物工程学院,硕士,2022,就业,深圳湾实验室,1
医学部,生物工程学院,硕士,2022,就业,上海市药明生物医药有限公司,1
医学部,生物工程学院,硕士,2022,就业,青岛华大智造科技有限责任公司,1
医学部,生物工程学院,硕士,2022,就业,葆光生物技术研究(重庆)有限公司,1
医学部,生物工程学院,硕士,2022,选调生,中国共产党广安市委员会组织部,1
医学部,生物工程学院,硕士,2022,就业,小米通讯技术有限公司,1
医学部,生物工程学院,硕士,2022,就业,武汉联影医疗科技有限公司,1
医学部,生物工程学院,硕士,2022,就业,普联技术有限公司,1
医学部,生物工程学院,硕士,2022,就业,常州西太湖细胞治疗前沿技术研究院,1
医学部,生物工程学院,硕士,2022,就业,无锡市南京大学锡山应用生物技术研究所,1
医学部,生物工程学院,硕士,2022,就业,华润山东医药有限公司,1
医学部,生物工程学院,硕士,2022,就业,成都生物制品研究所有限责任公司,1
医学部,生物工程学院,硕士,2022,选调生,中共甘孜州委组织部,1
医学部,生物工程学院,硕士,2022,就业,贵阳信息科技学院,1
医学部,生物工程学院,硕士,2022,选调生,中国共产党内江市委员会组织部,1
医学部,生物工程学院,硕士,2022,就业,重庆博士泰生物技术有限公司,1
医学部,生物工程学院,硕士,2022,就业,国家知识产权局专利局专利审查协作四川中心,1
医学部,生物工程学院,硕士,2022,升学,复旦大学,1
医学部,生物工程学院,硕士,2022,就业,重庆生物智能制造研究院,1
医学部,生物工程学院,硕士,2022,就业,成都先导药物开发股份有限公司,1
医学部,生物工程学院,硕士,2022,就业,重庆航天火箭电子技术有限公司,1
医学部,生物工程学院,硕士,2022,就业,上海赛昉科技有限公司,1
医学部,生物工程学院,硕士,2022,选调生,中国共产党泸州市委员会组织部,1
医学部,生物工程学院,硕士,2022,就业,重庆西南集成电路设计有限责任公司,1
医学部,生物工程学院,硕士,2022,就业,成都市郫都区嘉祥外国语学院,1
医学部,生物工程学院,硕士,2022,就业,南京北斗人力资源管理有限公司,1
医学部,生物工程学院,硕士,2022,就业,商高(重庆)人工智能科技有限公司,1
医学部,生物工程学院,硕士,2022,就业,重庆国际免疫研究院,1
医学部,生物工程学院,硕士,2022,就业,达州市疾病预防控制中心,1
医学部,生物工程学院,硕士,2022,就业,华为技术有限公司西安研究所,1
医学部,生物工程学院,硕士,2022,就业,贵黔国际总医院,1
医学部,生物工程学院,硕士,2022,就业,广州达安基因股份有限公司,1
医学部,生物工程学院,硕士,2022,就业,华力智芯(成都)集成电路有限公司,1
医学部,生物工程学院,硕士,2022,就业,重庆吉芯科技有限公司,1
医学部,生物工程学院,硕士,2022,就业,武汉爱博泰克生物科技有限公司,1
医学部,生物工程学院,硕士,2022,就业,江苏今世缘酒业股份有限公司,1
医学部,生物工程学院,硕士,2022,就业,重庆沙磁人力资源管理有限公司,1
医学部,生物工程学院,硕士,2022,选调生,中共达州市委组织部,1
医学部,生物工程学院,博士,2022,就业,重庆三峡中心医院,3
医学部,生物工程学院,博士,2022,就业,贵州医科大学,3
医学部,生物工程学院,博士,2022,就业,成都医学院,2
医学部,生物工程学院,博士,2022,就业,贵州中医药大学,2
医学部,生物工程学院,博士,2022,出国(境)留学或工作,杜克大学,1
医学部,生物工程学院,博士,2022,就业,深圳湾实验室,1
医学部,生物工程学院,博士,2022,就业,重庆文理学院,1
医学部,生物工程学院,博士,2022,就业,四川外语大学,1
医学部,生物工程学院,博士,2022,就业,安徽中医药大学,1
医学部,生物工程学院,博士,2022,就业,重庆三峡医药高等专科学校,1
医学部,生物工程学院,博士,2022,就业,泸州北方化学工业有限公司,1
医学部,生物工程学院,博士,2022,就业,扬州大学,1
医学部,生物工程学院,博士,2022,就业,山东大学,1
医学部,生物工程学院,博士,2022,就业,河南农业大学,1
医学部,生物工程学院,博士,2022,就业,海南大学,1
医学部,生物工程学院,博士,2022,就业,中国科学院第三方评估研究支撑中心,1
医学部,生物工程学院,博士,2022,就业,成都大学,1
医学部,生物工程学院,博士,2022,就业,中国人民解放军陆军军医大学基础医学院,1
医学部,生物工程学院,博士,2022,就业,重庆理工大学,1
医学部,生物工程学院,博士,2022,就业,中国科学院深圳先进技术研究院,1
医学部,生物工程学院,博士,2022,就业,重庆大学附属江津医院,1
医学部,生物工程学院,博士,2022,就业,上海交通大学,1
医学部,生物工程学院,博士,2022,就业,中国人民解放军陆军军医大学第二附属医院,1
医学部,生物工程学院,博士,2022,就业,重庆电子工程职业学院,1
医学部,生物工程学院,博士,2022,就业,江西省农业科学院水稻研究所,1
医学部,生物工程学院,博士,2022,就业,陆军军医大学第二附属医院(新桥医院),1
医学部,生物工程学院,博士,2022,就业,重庆城市管理职业学院,1
医学部,生物工程学院,本科,2023,升学,重庆大学,6
医学部,生物工程学院,本科,2023,升学,浙江大学,5
医学部,生物工程学院,本科,2023,升学,中国科学技术大学,5
医学部,生物工程学院,本科,2023,升学,厦门大学,3
医学部,生物工程学院,本科,2023,升学,华中科技大学,3
医学部,生物工程学院,本科,2023,升学,四川大学,3
医学部,生物工程学院,本科,2023,升学,南方科技大学,2
医学部,生物工程学院,本科,2023,升学,清华大学,2
医学部,生物工程学院,本科,2023,升学,上海交通大学,2
医学部,生物工程学院,本科,2023,升学,电子科技大学,2
医学部,生物工程学院,本科,2023,升学,湖南大学,2
医学部,生物工程学院,本科,2023,升学,中山大学,2
医学部,生物工程学院,本科,2023,升学,天津大学,2
医学部,生物工程学院,本科,2023,就业,江苏汉邦科技股份有限公司,1
医学部,生物工程学院,本科,2023,就业,成都三快科技有限公司,1
医学部,生物工程学院,本科,2023,升学,西北工业大学,1
医学部,生物工程学院,本科,2023,就业,浙江华诺康科技有限公司,1
医学部,生物工程学院,本科,2023,就业,深圳桃李未来控股有限公司,1
医学部,生物工程学院,本科,2023,升学,中央戏剧学院,1
医学部,生物工程学院,本科,2023,升学,西安交通大学,1
医学部,生物工程学院,本科,2023,就业,南阳市卫生健康委员会,1
医学部,生物工程学院,本科,2023,升学,湖北省三支一扶工作协调管理办公室,1
医学部,生物工程学院,本科,2023,就业,广州基正管理软件有限公司,1
医学部,生物工程学院,本科,2023,就业,安徽瑞信软件有限公司,1
医学部,生物工程学院,本科,2023,就业,重庆市江津区卫生健康综合行政执法支队,1
医学部,生物工程学院,本科,2023,升学,中国科学院生物物理研究所,1
医学部,生物工程学院,本科,2023,升学,东南大学,1
医学部,生物工程学院,本科,2023,出国(境)留学或工作,乔治华盛顿大学,1
医学部,生物工程学院,本科,2023,就业,浪潮集团有限公司,1
医学部,生物工程学院,本科,2023,就业,江苏益明荣药医疗科技有限公司,1
医学部,生物工程学院,本科,2023,就业,重庆药友制药有限责任公司,1
医学部,生物工程学院,本科,2023,就业,通用生物(安徽)股份有限公司,1
医学部,生物工程学院,本科,2023,出国(境)留学或工作,曼彻斯特大学,1
医学部,生物工程学院,本科,2023,出国(境)留学或工作,亚琛工业大学,1
医学部,生物工程学院,本科,2023,就业,重庆市西区医院有限公司,1
医学部,生物工程学院,本科,2023,出国(境)留学或工作,杜克大学,1
医学部,生物工程学院,本科,2023,出国(境)留学或工作,悉尼大学,1
医学部,生物工程学院,本科,2023,升学,中国科学院大学,1
医学部,生物工程学院,本科,2023,出国(境)留学或工作,隆德大学,1
医学部,生物工程学院,本科,2023,出国(境)留学或工作,乌特勒支大学,1
医学部,生物工程学院,本科,2023,出国(境)留学或工作,香港城市大学,1
医学部,生物工程学院,本科,2023,升学,北京航空航天大学,1
医学部,生物工程学院,本科,2023,升学,大连理工大学,1
医学部,生物工程学院,本科,2023,升学,中国科学院广州生物医药与健康研究院,1
医学部,生物工程学院,本科,2023,就业,重庆新瑞怡科技有限公司,1
医学部,生物工程学院,本科,2023,就业,广西华创新材料有限公司,1
医学部,生物工程学院,本科,2023,升学,华东师范大学,1
医学部,生物工程学院,本科,2023,升学,东北大学,1
医学部,生物工程学院,硕士,2023,升学,重庆大学,5
医学部,生物工程学院,硕士,2023,就业,金凤实验室,3
医学部,生物工程学院,硕士,2023,就业,中元汇吉生物技术股份有限公司,3
医学部,生物工程学院,硕士,2023,就业,比亚迪股份有限公司,2
医学部,生物工程学院,硕士,2023,选调生,中共重庆市委组织部,2
医学部,生物工程学院,硕士,2023,就业,深圳开立生物医疗科技股份有限公司,2
医学部,生物工程学院,硕士,2023,就业,泸州老窖股份有限公司,2
医学部,生物工程学院,硕士,2023,升学,东南大学,2
医学部,生物工程学院,硕士,2023,就业,迈克生物股份有限公司,2
医学部,生物工程学院,硕士,2023,就业,重庆市妇幼保健院,1
医学部,生物工程学院,硕士,2023,就业,重庆市食品药品检验检测研究院,1
医学部,生物工程学院,硕士,2023,就业,上海药明生物医药有限公司,1
医学部,生物工程学院,硕士,2023,就业,成都百裕制药股份有限公司,1
医学部,生物工程学院,硕士,2023,选调生,中共遵义市委组织部,1
医学部,生物工程学院,硕士,2023,就业,康源博创生物科技(北京)有限公司,1
医学部,生物工程学院,硕士,2023,就业,马鞍山学院,1
医学部,生物工程学院,硕士,2023,就业,深圳市中医院,1
医学部,生物工程学院,硕士,2023,就业,北京算能科技有限公司,1
医学部,生物工程学院,硕士,2023,就业,苏州予路乾行生物科技有限公司,1
医学部,生物工程学院,硕士,2023,就业,强生(上海)医疗器材有限公司,1
医学部,生物工程学院,硕士,2023,就业,重庆市巴南区龙洲湾初级中学校,1
医学部,生物工程学院,硕士,2023,就业,重庆市鲁能巴蜀中学校,1
医学部,生物工程学院,硕士,2023,就业,甘肃金域医学检验所有限公司,1
医学部,生物工程学院,硕士,2023,就业,生仝生物科技(重庆)有限公司,1
医学部,生物工程学院,硕士,2023,就业,扬州市邗江区委组织部,1
医学部,生物工程学院,硕士,2023,选调生,中国共产党泸州市委员会组织部,1
医学部,生物工程学院,硕士,2023,就业,上海米哈游天命科技有限公司,1
医学部,生物工程学院,硕士,2023,选调生,中共铜仁市委组织部,1
医学部,生物工程学院,硕士,2023,就业,西安医学院,1
医学部,生物工程学院,硕士,2023,就业,广西南宁中宇生信生物科技有限公司,1
医学部,生物工程学院,硕士,2023,就业,巫溪县中学校,1
医学部,生物工程学院,硕士,2023,选调生,中国共产党遂宁市委员会组织部,1
医学部,生物工程学院,硕士,2023,选调生,重庆市梁平区委组织部,1
医学部,生物工程学院,硕士,2023,就业,陆军军医大学第一附属医院,1
医学部,生物工程学院,硕士,2023,就业,国家知识产权局专利局专利审查协作四川中心,1
医学部,生物工程学院,硕士,2023,就业,洛阳职业技术学院,1
医学部,生物工程学院,硕士,2023,就业,香港中文大学,1
医学部,生物工程学院,硕士,2023,就业,重庆中元生物技术有限公司,1
医学部,生物工程学院,硕士,2023,就业,普米斯生物技术(珠海)有限公司,1
医学部,生物工程学院,硕士,2023,就业,重庆守望者企业管理咨询有限公司,1
医学部,生物工程学院,硕士,2023,就业,重庆智翔金泰生物制药股份有限公司,1
医学部,生物工程学院,硕士,2023,就业,西南华大生命科学研究院,1
医学部,生物工程学院,硕士,2023,就业,成都米戈思医疗技术有限公司,1
医学部,生物工程学院,硕士,2023,就业,上海联影医疗科技股份有限公司,1
医学部,生物工程学院,硕士,2023,就业,西南医院,1
医学部,生物工程学院,硕士,2023,就业,深圳市龙华区振能学校,1
医学部,生物工程学院,硕士,2023,就业,重庆舒博医疗科技有限公司,1
医学部,生物工程学院,硕士,2023,选调生,长治市红十字会,1
医学部,生物工程学院,硕士,2023,升学,厦门大学,1
医学部,生物工程学院,硕士,2023,就业,重庆浦洛通生命科技集团有限公司,1
医学部,生物工程学院,硕士,2023,升学,中南大学,1
医学部,生物工程学院,硕士,2023,就业,智享生物科技(苏州)有限公司,1
医学部,生物工程学院,硕士,2023,就业,深圳市首航新能源股份有限公司,1
医学部,生物工程学院,硕士,2023,就业,重庆商务职业学院,1
医学部,生物工程学院,硕士,2023,就业,深圳市帝迈生物技术有限公司,1
医学部,生物工程学院,硕士,2023,就业,重庆科瑞南海制药有限责任公司,1
医学部,生物工程学院,硕士,2023,就业,古交市第一中学校,1
医学部,生物工程学院,硕士,2023,就业,医路行(杭州)人力科技有限公司,1
医学部,生物工程学院,硕士,2023,升学,华中农业大学,1
医学部,生物工程学院,硕士,2023,升学,湖南大学,1
医学部,生物工程学院,硕士,2023,就业,北京市对外服务办公室,1
医学部,生物工程学院,硕士,2023,就业,微创投资控股有限公司,1
医学部,生物工程学院,硕士,2023,就业,重庆长安汽车软件科技有限公司,1
医学部,生物工程学院,硕士,2023,就业,深圳迈瑞生物医疗电子股份有限公司,1
医学部,生物工程学院,硕士,2023,就业,北京理工大学重庆微电子研究院,1
医学部,生物工程学院,硕士,2023,就业,中国人民解放军陆军军医大学第一附属医院,1
医学部,生物工程学院,硕士,2023,选调生,重庆市开州区政府,1
医学部,生物工程学院,硕士,2023,就业,四川科伦博泰生物医药股份有限公司,1
医学部,生物工程学院,硕士,2023,选调生,中国共产党资阳市委员会组织部,1
医学部,生物工程学院,硕士,2023,就业,帝斯曼(中国)有限公司,1
医学部,生物工程学院,硕士,2023,就业,无锡先导智能装备股份有限公司,1
医学部,生物工程学院,硕士,2023,就业,紫光同芯微电子有限公司,1
医学部,生物工程学院,硕士,2023,就业,航天时代飞鸿技术有限公司,1
医学部,生物工程学院,硕士,2023,就业,重庆大学附属肿瘤医院,1
医学部,生物工程学院,硕士,2023,就业,深圳市中深人才发展有限公司,1
医学部,生物工程学院,硕士,2023,就业,上海领康时代生物技术有限公司,1
医学部,生物工程学院,博士,2023,就业,重庆医科大学,2
医学部,生物工程学院,博士,2023,就业,陆军军医大学第二附属医院(新桥医院),1
医学部,生物工程学院,博士,2023,就业,金凤实验室,1
医学部,生物工程学院,博士,2023,就业,成都体育学院,1
医学部,生物工程学院,博士,2023,就业,南通大学,1
医学部,生物工程学院,博士,2023,就业,淮阴工学院,1
医学部,生物工程学院,博士,2023,就业,中国科学院深圳先进技术研究院,1
医学部,生物工程学院,博士,2023,就业,重庆精准生物产业技术研究院有限公司,1
医学部,生物工程学院,博士,2023,就业,国家纳米科学中心,1
医学部,生物工程学院,博士,2023,就业,新乡医学院,1
医学部,生物工程学院,博士,2023,就业,重庆医科大学附属第一医院,1
医学部,生物工程学院,博士,2023,就业,重庆市江津区中心医院,1
医学部,生物工程学院,博士,2023,就业,重庆市中医院(重庆市中西医结合医院、重庆市中医研究院、重庆市第一人民医院),1
医学部,生物工程学院,博士,2023,就业,西华大学,1
医学部,生物工程学院,博士,2023,就业,西北农林科技大学,1
