学部,学院,学历,毕业年度,去向类别,单位名称,人数
人文学部,体育学院,本科,2021,出国(境)留学或工作,爱丁堡大学,1
人文学部,体育学院,本科,2021,升学,中南大学,2
人文学部,体育学院,本科,2021,升学,四川大学,1
人文学部,体育学院,本科,2021,就业,其他,14
人文学部,体育学院,本科,2021,就业,重庆大学,4
人文学部,体育学院,本科,2021,就业,重庆高新区公共服务局,2
人文学部,体育学院,本科,2021,志愿服务西部计划,共青团重庆两江新区工作委员会,1
人文学部,体育学院,本科,2022,升学,中南大学,3
人文学部,体育学院,本科,2022,升学,重庆大学,7
人文学部,体育学院,本科,2022,就业,其他,15
人文学部,体育学院,本科,2022,就业,重庆树人立德小学,2
人文学部,体育学院,本科,2022,选调生,中共甘孜州委组织部,1
人文学部,体育学院,本科,2023,升学,华南理工大学,1
人文学部,体育学院,本科,2023,升学,四川大学,2
人文学部,体育学院,本科,2023,升学,广西民族大学,1
人文学部,体育学院,本科,2023,升学,深圳大学,1
人文学部,体育学院,本科,2023,升学,重庆大学,3
人文学部,体育学院,本科,2023,就业,其他,11
人文学部,体育学院,本科,2023,就业,深圳市龙岗区教育局,2
人文学部,体育学院,本科,2023,选调生,中国共产党宜宾市委员会组织部,1
人文学部,体育学院,硕士,2021,就业,其他,11
人文学部,体育学院,硕士,2021,就业,重庆城市科技学院,2
人文学部,体育学院,硕士,2021,就业,重庆电力高等专科学校,4
人文学部,体育学院,硕士,2021,选调生,国家信访局,1
人文学部,体育学院,硕士,2022,升学,清华大学,1
人文学部,体育学院,硕士,2022,就业,其他,16
人文学部,体育学院,硕士,2022,就业,重庆工业职业技术学院,2
人文学部,体育学院,硕士,2022,选调生,中共南昌市委组织部,1
人文学部,体育学院,硕士,2023,出国(境)留学或工作,拉夫堡大学,1
人文学部,体育学院,硕士,2023,就业,其他,11
人文学部,体育学院,硕士,2023,就业,重庆高新技术产业开发区管理委员会,2
人文学部,体育学院,硕士,2023,选调生,中共安顺市委组织部,1
人文学部,博雅学院,博士,2021,就业,四川师范大学,1
人文学部,博雅学院,博士,2021,就业,重庆市潼南区人力资源和社会保障局,1
人文学部,博雅学院,博士,2022,就业,太原学院,1
人文学部,博雅学院,博士,2023,就业,西华大学,1
人文学部,博雅学院,本科,2021,出国(境)留学或工作,布里斯托大学,1
人文学部,博雅学院,本科,2021,升学,中国人民大学,2
人文学部,博雅学院,本科,2021,升学,中国社会科学院大学,1
人文学部,博雅学院,本科,2021,升学,中国科学技术大学,1
人文学部,博雅学院,本科,2021,升学,中央民族大学,1
人文学部,博雅学院,本科,2021,升学,中山大学,4
人文学部,博雅学院,本科,2021,升学,华东师范大学,3
人文学部,博雅学院,本科,2021,升学,华中科技大学,2
人文学部,博雅学院,本科,2021,升学,厦门大学,2
人文学部,博雅学院,本科,2021,升学,武汉大学,5
人文学部,博雅学院,本科,2021,升学,重庆大学,3
人文学部,博雅学院,本科,2021,就业,其他,5
人文学部,博雅学院,本科,2021,选调生,中国共产党遂宁市委组织部,1
人文学部,博雅学院,本科,2022,出国(境)留学或工作,博洛尼亚大学,1
人文学部,博雅学院,本科,2022,出国(境)留学或工作,名进日本语学校,1
人文学部,博雅学院,本科,2022,出国(境)留学或工作,曼彻斯特大学,1
人文学部,博雅学院,本科,2022,出国(境)留学或工作,澳门大学,1
人文学部,博雅学院,本科,2022,出国(境)留学或工作,香港大学,1
人文学部,博雅学院,本科,2022,升学,中国人民大学,3
人文学部,博雅学院,本科,2022,升学,中国传媒大学,1
人文学部,博雅学院,本科,2022,升学,中央民族大学,1
人文学部,博雅学院,本科,2022,升学,北京大学,2
人文学部,博雅学院,本科,2022,升学,华东师范大学,2
人文学部,博雅学院,本科,2022,升学,南京大学,2
人文学部,博雅学院,本科,2022,升学,南开大学,1
人文学部,博雅学院,本科,2022,升学,厦门大学,2
人文学部,博雅学院,本科,2022,升学,山东大学,1
人文学部,博雅学院,本科,2022,升学,武汉大学,3
人文学部,博雅学院,本科,2022,升学,浙江大学,1
人文学部,博雅学院,本科,2022,升学,重庆大学,4
人文学部,博雅学院,本科,2022,就业,其他,7
人文学部,博雅学院,本科,2022,志愿服务西部计划,彭水县第五小学,1
人文学部,博雅学院,本科,2023,出国(境)留学或工作,爱丁堡大学,2
人文学部,博雅学院,本科,2023,出国(境)留学或工作,香港大学,1
人文学部,博雅学院,本科,2023,升学,上海大学,1
人文学部,博雅学院,本科,2023,升学,中南财经政法大学,1
人文学部,博雅学院,本科,2023,升学,中国人民大学,1
人文学部,博雅学院,本科,2023,升学,中山大学,2
人文学部,博雅学院,本科,2023,升学,华东师范大学,1
人文学部,博雅学院,本科,2023,升学,华中师范大学,1
人文学部,博雅学院,本科,2023,升学,南京大学,1
人文学部,博雅学院,本科,2023,升学,外交学院,2
人文学部,博雅学院,本科,2023,升学,武汉大学,4
人文学部,博雅学院,本科,2023,升学,浙江大学,2
人文学部,博雅学院,本科,2023,升学,重庆大学,4
人文学部,博雅学院,本科,2023,就业,其他,10
人文学部,博雅学院,本科,2023,选调生,中共石家庄市委组织部,1
人文学部,博雅学院,硕士,2021,出国(境)留学或工作,香港大学,1
人文学部,博雅学院,硕士,2021,升学,中共中央党校,1
人文学部,博雅学院,硕士,2021,升学,中国人民大学,1
人文学部,博雅学院,硕士,2021,升学,吉林大学,1
人文学部,博雅学院,硕士,2021,就业,其他,22
人文学部,博雅学院,硕士,2021,就业,重庆市字水中学,2
人文学部,博雅学院,硕士,2021,就业,重庆市渝中区人和街小学校,2
人文学部,博雅学院,硕士,2021,选调生,中共乐山市委组织部,1
人文学部,博雅学院,硕士,2021,选调生,中共六盘水市委组织部,1
人文学部,博雅学院,硕士,2021,选调生,中共德阳市委组织部,1
人文学部,博雅学院,硕士,2021,选调生,中共贵阳市委组织部,1
人文学部,博雅学院,硕士,2021,选调生,中共重庆市委组织部,2
人文学部,博雅学院,硕士,2021,选调生,山西省宁武县迭台寺乡人民政府,1
人文学部,博雅学院,硕士,2022,出国(境)留学或工作,伦敦国王学院,1
人文学部,博雅学院,硕士,2022,升学,北京大学,1
人文学部,博雅学院,硕士,2022,就业,其他,19
人文学部,博雅学院,硕士,2022,就业,重庆大学,2
人文学部,博雅学院,硕士,2022,选调生,中共南昌市委组织部,1
人文学部,博雅学院,硕士,2022,选调生,中共达州市委组织部,1
人文学部,博雅学院,硕士,2022,选调生,中共重庆市垫江县委组织部,1
人文学部,博雅学院,硕士,2022,选调生,中共铜仁市委组织部,1
人文学部,博雅学院,硕士,2022,选调生,中国共产党南充市委员会组织部,2
人文学部,博雅学院,硕士,2022,选调生,中国共产党广元市委员会组织部,1
人文学部,博雅学院,硕士,2022,选调生,中国共产党澄江市委员会组织部,1
人文学部,博雅学院,硕士,2022,选调生,中国共产党重庆市委员会组织部,1
人文学部,博雅学院,硕士,2022,选调生,天津市和平区人民政府劝业场街道办事处,1
人文学部,博雅学院,硕士,2022,选调生,广西壮族自治区党委组织部干部规划办(定向选调生),1
人文学部,博雅学院,硕士,2023,升学,重庆大学,2
人文学部,博雅学院,硕士,2023,就业,其他,25
人文学部,博雅学院,硕士,2023,选调生,中共安顺市委组织部,1
人文学部,博雅学院,硕士,2023,选调生,中共德阳市委组织部,1
人文学部,博雅学院,硕士,2023,选调生,中共重庆市委组织部,1
人文学部,博雅学院,硕士,2023,选调生,中国共产党攀枝花市委员会组织部,1
人文学部,博雅学院,硕士,2023,选调生,中国共产党雅安市委员会组织部,1
人文学部,外国语学院,本科,2021,出国(境)留学或工作,伦敦国王学院,1
人文学部,外国语学院,本科,2021,出国(境)留学或工作,华威大学,3
人文学部,外国语学院,本科,2021,出国(境)留学或工作,悉尼大学,1
人文学部,外国语学院,本科,2021,出国(境)留学或工作,日本语言学校,1
人文学部,外国语学院,本科,2021,出国(境)留学或工作,格拉斯哥大学,1
人文学部,外国语学院,本科,2021,出国(境)留学或工作,澳门大学,2
人文学部,外国语学院,本科,2021,出国(境)留学或工作,爱丁堡大学,2
人文学部,外国语学院,本科,2021,出国(境)留学或工作,纽卡斯尔大学,1
人文学部,外国语学院,本科,2021,出国(境)留学或工作,纽约大学,2
人文学部,外国语学院,本科,2021,出国(境)留学或工作,蒙特雷国际研究院,1
人文学部,外国语学院,本科,2021,出国(境)留学或工作,香港大学,1
人文学部,外国语学院,本科,2021,升学,上海交通大学,1
人文学部,外国语学院,本科,2021,升学,上海外国语大学,3
人文学部,外国语学院,本科,2021,升学,中国人民大学,1
人文学部,外国语学院,本科,2021,升学,中国传媒大学,2
人文学部,外国语学院,本科,2021,升学,北京外国语大学,4
人文学部,外国语学院,本科,2021,升学,北京师范大学,3
人文学部,外国语学院,本科,2021,升学,华东师范大学,3
人文学部,外国语学院,本科,2021,升学,华中师范大学,1
人文学部,外国语学院,本科,2021,升学,华中科技大学,1
人文学部,外国语学院,本科,2021,升学,南开大学,1
人文学部,外国语学院,本科,2021,升学,同济大学,3
人文学部,外国语学院,本科,2021,升学,哈尔滨工业大学,1
人文学部,外国语学院,本科,2021,升学,四川大学,1
人文学部,外国语学院,本科,2021,升学,天津外国语大学,1
人文学部,外国语学院,本科,2021,升学,广西大学,1
人文学部,外国语学院,本科,2021,升学,武汉大学,4
人文学部,外国语学院,本科,2021,升学,湖南大学,1
人文学部,外国语学院,本科,2021,升学,西南政法大学,1
人文学部,外国语学院,本科,2021,升学,重庆大学,14
人文学部,外国语学院,本科,2021,就业,世强先进(深圳)科技股份有限公司,2
人文学部,外国语学院,本科,2021,就业,其他,21
人文学部,外国语学院,本科,2021,就业,深圳市宝视佳科技有限公司,2
人文学部,外国语学院,本科,2021,就业,重庆新东方教育培训学校有限公司,2
人文学部,外国语学院,本科,2021,就业,重庆晓道信息科技有限公司,4
人文学部,外国语学院,本科,2021,选调生,中共黔南州委组织部,1
人文学部,外国语学院,本科,2022,出国(境)留学或工作,东北大学,2
人文学部,外国语学院,本科,2022,出国(境)留学或工作,伦敦大学学院,2
人文学部,外国语学院,本科,2022,出国(境)留学或工作,伦敦艺术大学,1
人文学部,外国语学院,本科,2022,出国(境)留学或工作,华威大学,1
人文学部,外国语学院,本科,2022,出国(境)留学或工作,南安普敦大学,1
人文学部,外国语学院,本科,2022,出国(境)留学或工作,大阪大学,1
人文学部,外国语学院,本科,2022,出国(境)留学或工作,巴斯大学,1
人文学部,外国语学院,本科,2022,出国(境)留学或工作,布里斯托大学,1
人文学部,外国语学院,本科,2022,出国(境)留学或工作,爱丁堡大学,1
人文学部,外国语学院,本科,2022,出国(境)留学或工作,纽约大学,1
人文学部,外国语学院,本科,2022,出国(境)留学或工作,西北大学,1
人文学部,外国语学院,本科,2022,出国(境)留学或工作,香港中文大学,2
人文学部,外国语学院,本科,2022,出国(境)留学或工作,香港城市大学,1
人文学部,外国语学院,本科,2022,升学,上海外国语大学,1
人文学部,外国语学院,本科,2022,升学,上海音乐学院,1
人文学部,外国语学院,本科,2022,升学,中南财经政法大学,1
人文学部,外国语学院,本科,2022,升学,中国人民大学,1
人文学部,外国语学院,本科,2022,升学,中国传媒大学,1
人文学部,外国语学院,本科,2022,升学,中国农业大学,1
人文学部,外国语学院,本科,2022,升学,中山大学,2
人文学部,外国语学院,本科,2022,升学,兰州大学,1
人文学部,外国语学院,本科,2022,升学,北京外国语大学,1
人文学部,外国语学院,本科,2022,升学,北京师范大学,2
人文学部,外国语学院,本科,2022,升学,北京理工大学,1
人文学部,外国语学院,本科,2022,升学,华东师范大学,1
人文学部,外国语学院,本科,2022,升学,华中师范大学,1
人文学部,外国语学院,本科,2022,升学,华中科技大学,1
人文学部,外国语学院,本科,2022,升学,南京大学,2
人文学部,外国语学院,本科,2022,升学,吉林大学,1
人文学部,外国语学院,本科,2022,升学,四川大学,3
人文学部,外国语学院,本科,2022,升学,对外经济贸易大学,1
人文学部,外国语学院,本科,2022,升学,山东大学,1
人文学部,外国语学院,本科,2022,升学,武汉大学,3
人文学部,外国语学院,本科,2022,升学,浙江大学,2
人文学部,外国语学院,本科,2022,升学,湖南大学,1
人文学部,外国语学院,本科,2022,升学,西南财经大学,1
人文学部,外国语学院,本科,2022,升学,西安交通大学,2
人文学部,外国语学院,本科,2022,就业,其他,18
人文学部,外国语学院,本科,2022,就业,重庆大学,13
人文学部,外国语学院,本科,2022,志愿服务西部计划,北京立德未来助学公益基金会,2
人文学部,外国语学院,本科,2022,志愿服务西部计划,璧山区八塘镇经济发展办公室,1
人文学部,外国语学院,本科,2022,志愿服务西部计划,重庆市綦江区隆盛镇人民政府,1
人文学部,外国语学院,本科,2022,选调生,中共陕西省委组织部,1
人文学部,外国语学院,本科,2022,选调生,中共黔南州委组织部,1
人文学部,外国语学院,本科,2023,出国(境)留学或工作,伦敦国王学院,1
人文学部,外国语学院,本科,2023,出国(境)留学或工作,伦敦大学学院,4
人文学部,外国语学院,本科,2023,出国(境)留学或工作,华威大学,1
人文学部,外国语学院,本科,2023,出国(境)留学或工作,图宾根大学,1
人文学部,外国语学院,本科,2023,出国(境)留学或工作,墨尔本大学,1
人文学部,外国语学院,本科,2023,出国(境)留学或工作,早稻田大学,1
人文学部,外国语学院,本科,2023,出国(境)留学或工作,澳门大学,1
人文学部,外国语学院,本科,2023,出国(境)留学或工作,爱丁堡大学,1
人文学部,外国语学院,本科,2023,出国(境)留学或工作,阿伯丁大学,1
人文学部,外国语学院,本科,2023,出国(境)留学或工作,香港中文大学,2
人文学部,外国语学院,本科,2023,出国(境)留学或工作,香港大学,1
人文学部,外国语学院,本科,2023,出国(境)留学或工作,香港理工大学,1
人文学部,外国语学院,本科,2023,升学,上海交通大学,1
人文学部,外国语学院,本科,2023,升学,上海外国语大学,2
人文学部,外国语学院,本科,2023,升学,东南大学,1
人文学部,外国语学院,本科,2023,升学,中南大学,1
人文学部,外国语学院,本科,2023,升学,中国传媒大学,1
人文学部,外国语学院,本科,2023,升学,中国政法大学,1
人文学部,外国语学院,本科,2023,升学,北京师范大学,1
人文学部,外国语学院,本科,2023,升学,华东师范大学,2
人文学部,外国语学院,本科,2023,升学,华中科技大学,2
人文学部,外国语学院,本科,2023,升学,南京大学,1
人文学部,外国语学院,本科,2023,升学,同济大学,1
人文学部,外国语学院,本科,2023,升学,四川外国语大学,1
人文学部,外国语学院,本科,2023,升学,四川大学,3
人文学部,外国语学院,本科,2023,升学,天津大学,1
人文学部,外国语学院,本科,2023,升学,暨南大学,1
人文学部,外国语学院,本科,2023,升学,浙江大学,1
人文学部,外国语学院,本科,2023,升学,湖南大学,2
人文学部,外国语学院,本科,2023,升学,西南大学,1
人文学部,外国语学院,本科,2023,升学,辽宁大学,1
人文学部,外国语学院,本科,2023,升学,重庆大学,11
人文学部,外国语学院,本科,2023,就业,其他,14
人文学部,外国语学院,本科,2023,就业,比亚迪股份有限公司,6
人文学部,外国语学院,本科,2023,志愿服务西部计划,湖北省西部计划项目办,1
人文学部,外国语学院,本科,2023,选调生,中共三元区委组织部信息化办,1
人文学部,外国语学院,硕士,2021,升学,上海交通大学,1
人文学部,外国语学院,硕士,2021,就业,其他,75
人文学部,外国语学院,硕士,2021,就业,彭水苗族土家族自治县教育委员会,3
人文学部,外国语学院,硕士,2021,就业,重庆市九龙坡区杨石路小学校,2
人文学部,外国语学院,硕士,2021,就业,重庆市南开中学校,2
人文学部,外国语学院,硕士,2021,就业,重庆高新技术产业开发区管理委员会,3
人文学部,外国语学院,硕士,2021,选调生,中共乐山市委组织部,1
人文学部,外国语学院,硕士,2021,选调生,中共南充市委组织部,1
人文学部,外国语学院,硕士,2021,选调生,中共陕西省委组织部,1
人文学部,外国语学院,硕士,2021,选调生,中国共产党达州市委员会组织部,1
人文学部,外国语学院,硕士,2022,出国(境)留学或工作,名古屋大学,1
人文学部,外国语学院,硕士,2022,出国(境)留学或工作,麦考瑞大学,1
人文学部,外国语学院,硕士,2022,升学,上海外国语大学,1
人文学部,外国语学院,硕士,2022,就业,其他,58
人文学部,外国语学院,硕士,2022,就业,重庆人文科技学院,2
人文学部,外国语学院,硕士,2022,就业,鸿富锦精密电子(成都)有限公司,2
人文学部,外国语学院,硕士,2022,选调生,中共内江市委组织部,1
人文学部,外国语学院,硕士,2022,选调生,中共许昌市委组织部,1
人文学部,外国语学院,硕士,2022,选调生,中共贵阳市委组织部,1
人文学部,外国语学院,硕士,2022,选调生,中共黔东南州委组织部(黔东南州公务员局),1
人文学部,外国语学院,硕士,2022,选调生,中共黔南州委组织部,1
人文学部,外国语学院,硕士,2022,选调生,中国共产党广安市委员会组织部,1
人文学部,外国语学院,硕士,2022,选调生,中国共产党成都市委员会组织部,1
人文学部,外国语学院,硕士,2022,选调生,中国共产党遂宁市委员会组织部,2
人文学部,外国语学院,硕士,2022,选调生,山西省退役军人事务厅,1
人文学部,外国语学院,硕士,2022,选调生,海南省高级人民法院,1
人文学部,外国语学院,硕士,2023,升学,上海外国语大学,1
人文学部,外国语学院,硕士,2023,升学,重庆大学,3
人文学部,外国语学院,硕士,2023,就业,其他,57
人文学部,外国语学院,硕士,2023,就业,重庆新东方教育培训学校有限公司,2
人文学部,外国语学院,硕士,2023,就业,鸿富锦精密电子(成都)有限公司,4
人文学部,外国语学院,硕士,2023,选调生,中共云阳县委组织部,1
人文学部,外国语学院,硕士,2023,选调生,中共铜陵市委组织部,1
人文学部,外国语学院,硕士,2023,选调生,中共陕西省委组织部,3
人文学部,外国语学院,硕士,2023,选调生,中国人民政治协商会议全国委员会办公厅,1
人文学部,外国语学院,硕士,2023,选调生,中国共产党达州市委员会组织部,3
人文学部,外国语学院,硕士,2023,选调生,中国共产党重庆市合川区委员会组织部,1
人文学部,外国语学院,硕士,2023,选调生,中国共产党雅安市委员会组织部,1
人文学部,外国语学院,硕士,2023,选调生,开州区委组织部,1
人文学部,美视电影学院,本科,2021,出国(境)留学或工作,伦敦大学国王学院,5
人文学部,美视电影学院,本科,2021,出国(境)留学或工作,伦敦大学学院,3
人文学部,美视电影学院,本科,2021,出国(境)留学或工作,华威大学,1
人文学部,美视电影学院,本科,2021,出国(境)留学或工作,南加州大学,1
人文学部,美视电影学院,本科,2021,出国(境)留学或工作,布里斯托大学,2
人文学部,美视电影学院,本科,2021,出国(境)留学或工作,弘益大学,1
人文学部,美视电影学院,本科,2021,出国(境)留学或工作,格拉斯哥大学,2
人文学部,美视电影学院,本科,2021,出国(境)留学或工作,那不勒斯美院,1
人文学部,美视电影学院,本科,2021,出国(境)留学或工作,香港中文大学,2
人文学部,美视电影学院,本科,2021,升学,上海交通大学,1
人文学部,美视电影学院,本科,2021,升学,上海戏剧学院,2
人文学部,美视电影学院,本科,2021,升学,东南大学,1
人文学部,美视电影学院,本科,2021,升学,中国传媒大学,6
人文学部,美视电影学院,本科,2021,升学,中国电影艺术研究中心,1
人文学部,美视电影学院,本科,2021,升学,中央戏剧学院,1
人文学部,美视电影学院,本科,2021,升学,北京大学,1
人文学部,美视电影学院,本科,2021,升学,北京电影学院,2
人文学部,美视电影学院,本科,2021,升学,华中科技大学,2
人文学部,美视电影学院,本科,2021,升学,南京大学,2
人文学部,美视电影学院,本科,2021,升学,南京航空航天大学,1
人文学部,美视电影学院,本科,2021,升学,吉林大学,1
人文学部,美视电影学院,本科,2021,升学,四川大学,2
人文学部,美视电影学院,本科,2021,升学,复旦大学,1
人文学部,美视电影学院,本科,2021,升学,武汉大学,1
人文学部,美视电影学院,本科,2021,升学,江南大学,1
人文学部,美视电影学院,本科,2021,升学,浙江大学,1
人文学部,美视电影学院,本科,2021,升学,湖南大学,1
人文学部,美视电影学院,本科,2021,升学,苏州大学,1
人文学部,美视电影学院,本科,2021,升学,西安交通大学,2
人文学部,美视电影学院,本科,2021,升学,重庆大学,13
人文学部,美视电影学院,本科,2021,升学,重庆师范大学,1
人文学部,美视电影学院,本科,2021,就业,其他,56
人文学部,美视电影学院,本科,2021,就业,广州博冠信息科技有限公司,2
人文学部,美视电影学院,本科,2021,就业,广州富力地产(重庆)有限公司,2
人文学部,美视电影学院,本科,2021,就业,白马星重庆演艺经纪有限公司,2
人文学部,美视电影学院,本科,2021,选调生,中共黑龙江省委组织部,2
人文学部,美视电影学院,本科,2022,出国(境)留学或工作,东京早稻田外国语学校,1
人文学部,美视电影学院,本科,2022,出国(境)留学或工作,伦敦国王学院,1
人文学部,美视电影学院,本科,2022,出国(境)留学或工作,伦敦艺术大学,1
人文学部,美视电影学院,本科,2022,出国(境)留学或工作,俄罗斯国立舞台艺术学院,2
人文学部,美视电影学院,本科,2022,出国(境)留学或工作,利兹大学,1
人文学部,美视电影学院,本科,2022,出国(境)留学或工作,华威大学,1
人文学部,美视电影学院,本科,2022,出国(境)留学或工作,墨尔本大学,1
人文学部,美视电影学院,本科,2022,出国(境)留学或工作,布里斯托大学,1
人文学部,美视电影学院,本科,2022,出国(境)留学或工作,庆熙大学,1
人文学部,美视电影学院,本科,2022,出国(境)留学或工作,新南威尔士大学,1
人文学部,美视电影学院,本科,2022,出国(境)留学或工作,日本京进语言学校,1
人文学部,美视电影学院,本科,2022,出国(境)留学或工作,曼彻斯特大学,3
人文学部,美视电影学院,本科,2022,出国(境)留学或工作,格拉斯哥大学,1
人文学部,美视电影学院,本科,2022,出国(境)留学或工作,爱丁堡大学,2
人文学部,美视电影学院,本科,2022,出国(境)留学或工作,罗斯布鲁佛学院,1
人文学部,美视电影学院,本科,2022,出国(境)留学或工作,萨凡纳艺术设计学院,1
人文学部,美视电影学院,本科,2022,出国(境)留学或工作,诺丁汉大学,1
人文学部,美视电影学院,本科,2022,出国(境)留学或工作,香港城市大学,1
人文学部,美视电影学院,本科,2022,出国(境)留学或工作,香港浸会大学,1
人文学部,美视电影学院,本科,2022,出国(境)留学或工作,马来西亚博特拉大学,1
人文学部,美视电影学院,本科,2022,升学,上海大学,2
人文学部,美视电影学院,本科,2022,升学,上海师范大学,1
人文学部,美视电影学院,本科,2022,升学,上海戏剧学院,1
人文学部,美视电影学院,本科,2022,升学,中国人民大学,1
人文学部,美视电影学院,本科,2022,升学,中国传媒大学,10
人文学部,美视电影学院,本科,2022,升学,中国美术学院,1
人文学部,美视电影学院,本科,2022,升学,北京交通大学,1
人文学部,美视电影学院,本科,2022,升学,北京师范大学,2
人文学部,美视电影学院,本科,2022,升学,北京师范大学(珠海校区),1
人文学部,美视电影学院,本科,2022,升学,华东师范大学,2
人文学部,美视电影学院,本科,2022,升学,华中科技大学,2
人文学部,美视电影学院,本科,2022,升学,华南师范大学,1
人文学部,美视电影学院,本科,2022,升学,南京大学,1
人文学部,美视电影学院,本科,2022,升学,山东大学,1
人文学部,美视电影学院,本科,2022,升学,暨南大学,1
人文学部,美视电影学院,本科,2022,升学,武汉大学,1
人文学部,美视电影学院,本科,2022,升学,清华大学,1
人文学部,美视电影学院,本科,2022,升学,西华师范大学,1
人文学部,美视电影学院,本科,2022,升学,西安交通大学,2
人文学部,美视电影学院,本科,2022,升学,重庆大学,15
人文学部,美视电影学院,本科,2022,就业,其他,41
人文学部,美视电影学院,本科,2022,就业,北京罗克维尔斯科技有限公司,4
人文学部,美视电影学院,本科,2022,就业,明基电通科技(上海)有限公司苏州第一分公司,2
人文学部,美视电影学院,本科,2022,志愿服务西部计划,重庆市荣昌区铜鼓镇,1
人文学部,美视电影学院,本科,2022,选调生,宁夏中卫市沙坡头区香山乡,1
人文学部,美视电影学院,本科,2023,出国(境)留学或工作,伦敦大学学院,5
人文学部,美视电影学院,本科,2023,出国(境)留学或工作,华威大学,4
人文学部,美视电影学院,本科,2023,出国(境)留学或工作,墨尔本大学,2
人文学部,美视电影学院,本科,2023,出国(境)留学或工作,布里斯托大学,1
人文学部,美视电影学院,本科,2023,出国(境)留学或工作,德保罗大学,1
人文学部,美视电影学院,本科,2023,出国(境)留学或工作,悉尼大学,1
人文学部,美视电影学院,本科,2023,出国(境)留学或工作,曼彻斯特大学,1
人文学部,美视电影学院,本科,2023,出国(境)留学或工作,杜伦大学,1
人文学部,美视电影学院,本科,2023,出国(境)留学或工作,格拉斯哥大学,2
人文学部,美视电影学院,本科,2023,出国(境)留学或工作,爱丁堡大学,2
人文学部,美视电影学院,本科,2023,出国(境)留学或工作,香港中文大学,2
人文学部,美视电影学院,本科,2023,出国(境)留学或工作,香港城市大学,5
人文学部,美视电影学院,本科,2023,升学,上海交通大学,1
人文学部,美视电影学院,本科,2023,升学,上海大学,4
人文学部,美视电影学院,本科,2023,升学,上海戏剧学院,1
人文学部,美视电影学院,本科,2023,升学,中国传媒大学,4
人文学部,美视电影学院,本科,2023,升学,中国社会科学院大学,1
人文学部,美视电影学院,本科,2023,升学,北京师范大学,2
人文学部,美视电影学院,本科,2023,升学,华南理工大学,1
人文学部,美视电影学院,本科,2023,升学,南开大学,1
人文学部,美视电影学院,本科,2023,升学,南昌大学,1
人文学部,美视电影学院,本科,2023,升学,厦门大学,1
人文学部,美视电影学院,本科,2023,升学,四川大学,2
人文学部,美视电影学院,本科,2023,升学,山东大学,2
人文学部,美视电影学院,本科,2023,升学,广州大学,1
人文学部,美视电影学院,本科,2023,升学,武汉大学,3
人文学部,美视电影学院,本科,2023,升学,浙江大学,3
人文学部,美视电影学院,本科,2023,升学,湖南大学,1
人文学部,美视电影学院,本科,2023,升学,西南大学,1
人文学部,美视电影学院,本科,2023,升学,西安交通大学,2
人文学部,美视电影学院,本科,2023,升学,重庆大学,12
人文学部,美视电影学院,本科,2023,就业,其他,37
人文学部,美视电影学院,本科,2023,就业,重庆一九四九演艺文化有限公司,3
人文学部,美视电影学院,本科,2023,选调生,中共黔南州委组织部,1
人文学部,美视电影学院,硕士,2021,就业,其他,32
人文学部,美视电影学院,硕士,2021,选调生,中共乐山市委组织部,2
人文学部,美视电影学院,硕士,2021,选调生,中共德阳市委组织部,1
人文学部,美视电影学院,硕士,2021,选调生,中共成都市委组织部,2
人文学部,美视电影学院,硕士,2021,选调生,中共攀枝花市委组织部,1
人文学部,美视电影学院,硕士,2021,选调生,中共遵义市委组织部,1
人文学部,美视电影学院,硕士,2021,选调生,中共重庆市委组织部,1
人文学部,美视电影学院,硕士,2021,选调生,中共雅安市委组织部,1
人文学部,美视电影学院,硕士,2021,选调生,中共黑龙江省委组织部,2
人文学部,美视电影学院,硕士,2021,选调生,中国共产党宁波市海曙区委员会组织部,1
人文学部,美视电影学院,硕士,2021,选调生,中国共产党自贡市委员会组织部,1
人文学部,美视电影学院,硕士,2022,就业,其他,34
人文学部,美视电影学院,硕士,2022,就业,重庆国际传播中心有限公司,2
人文学部,美视电影学院,硕士,2022,就业,重庆邮电大学移通学院,2
人文学部,美视电影学院,硕士,2022,就业,重庆长安汽车股份有限公司,2
人文学部,美视电影学院,硕士,2022,选调生,中共南昌市委组织部,1
人文学部,美视电影学院,硕士,2022,选调生,中共商丘市委组织部,1
人文学部,美视电影学院,硕士,2022,选调生,中共安顺市委组织部,1
人文学部,美视电影学院,硕士,2022,选调生,中共廊坊市委组织部,1
人文学部,美视电影学院,硕士,2022,选调生,中共成都市委组织部,1
人文学部,美视电影学院,硕士,2022,选调生,中国共产党宜宾市委员会组织部,1
人文学部,美视电影学院,硕士,2022,选调生,中国共产党广安市委员会组织部,1
人文学部,美视电影学院,硕士,2023,就业,其他,24
人文学部,美视电影学院,硕士,2023,就业,四川传媒学院,3
人文学部,美视电影学院,硕士,2023,就业,重庆城市科技学院,4
人文学部,美视电影学院,硕士,2023,就业,重庆长安汽车股份有限公司,3
人文学部,美视电影学院,硕士,2023,选调生,中共安顺市委组织部,1
人文学部,艺术学院,本科,2021,出国(境)留学或工作,东京JCLI日本语学校,1
人文学部,艺术学院,本科,2021,出国(境)留学或工作,伦敦大学学院,2
人文学部,艺术学院,本科,2021,出国(境)留学或工作,伦敦大学金史密斯学院,1
人文学部,艺术学院,本科,2021,出国(境)留学或工作,伦敦艺术大学,1
人文学部,艺术学院,本科,2021,出国(境)留学或工作,布莱顿大学,1
人文学部,艺术学院,本科,2021,出国(境)留学或工作,建筑联盟学院,1
人文学部,艺术学院,本科,2021,出国(境)留学或工作,拉夫堡大学,1
人文学部,艺术学院,本科,2021,出国(境)留学或工作,普瑞特艺术学院,1
人文学部,艺术学院,本科,2021,出国(境)留学或工作,格拉斯哥艺术学院,1
人文学部,艺术学院,本科,2021,出国(境)留学或工作,爱丁堡大学,1
人文学部,艺术学院,本科,2021,出国(境)留学或工作,美都里慕日本语学校,1
人文学部,艺术学院,本科,2021,出国(境)留学或工作,那不勒斯美院,1
人文学部,艺术学院,本科,2021,出国(境)留学或工作,金斯顿大学,1
人文学部,艺术学院,本科,2021,出国(境)留学或工作,香港大学,1
人文学部,艺术学院,本科,2021,升学,四川大学,3
人文学部,艺术学院,本科,2021,升学,四川美术学院,3
人文学部,艺术学院,本科,2021,升学,武汉大学,1
人文学部,艺术学院,本科,2021,升学,武汉理工大学,1
人文学部,艺术学院,本科,2021,升学,江南大学,1
人文学部,艺术学院,本科,2021,升学,深圳大学,1
人文学部,艺术学院,本科,2021,升学,湖南大学,2
人文学部,艺术学院,本科,2021,升学,苏州大学,2
人文学部,艺术学院,本科,2021,升学,西安交通大学,1
人文学部,艺术学院,本科,2021,升学,重庆大学,21
人文学部,艺术学院,本科,2021,升学,陕西师范大学,1
人文学部,艺术学院,本科,2021,就业,上海德邦物流有限公司,2
人文学部,艺术学院,本科,2021,就业,中建八局第三建设有限公司,2
人文学部,艺术学院,本科,2021,就业,其他,65
人文学部,艺术学院,本科,2021,就业,广州恒大民族歌舞团有限公司,4
人文学部,艺术学院,本科,2021,就业,成都邻你生活股份有限公司,2
人文学部,艺术学院,本科,2021,就业,深圳奥雅设计股份有限公司,2
人文学部,艺术学院,本科,2021,就业,重庆卓创开文园林设计工程有限公司,2
人文学部,艺术学院,本科,2021,就业,重庆巴南巴蜀小学校,2
人文学部,艺术学院,本科,2021,就业,重庆市北碚区文化馆,2
人文学部,艺术学院,本科,2021,就业,重庆玖夏文化传媒有限责任公司,2
人文学部,艺术学院,本科,2021,选调生,中共雅安市委组织部,1
人文学部,艺术学院,本科,2021,选调生,中共黑龙江省委组织部,1
人文学部,艺术学院,本科,2022,出国(境)留学或工作,东京国际文化学院,1
人文学部,艺术学院,本科,2022,出国(境)留学或工作,东京言语教育学校,1
人文学部,艺术学院,本科,2022,出国(境)留学或工作,伦敦大学学院,2
人文学部,艺术学院,本科,2022,出国(境)留学或工作,伦敦大学金史密斯学院,1
人文学部,艺术学院,本科,2022,出国(境)留学或工作,伦敦艺术大学,2
人文学部,艺术学院,本科,2022,出国(境)留学或工作,佛罗伦萨但丁语言学校,1
人文学部,艺术学院,本科,2022,出国(境)留学或工作,布里斯托大学,1
人文学部,艺术学院,本科,2022,出国(境)留学或工作,拉夫堡大学,2
人文学部,艺术学院,本科,2022,出国(境)留学或工作,爱丁堡大学,2
人文学部,艺术学院,本科,2022,出国(境)留学或工作,考文垂大学,2
人文学部,艺术学院,本科,2022,出国(境)留学或工作,谢菲尔德大学,1
人文学部,艺术学院,本科,2022,出国(境)留学或工作,那不勒斯音乐学院,1
人文学部,艺术学院,本科,2022,出国(境)留学或工作,香港城市大学,1
人文学部,艺术学院,本科,2022,升学,上海戏剧学院,1
人文学部,艺术学院,本科,2022,升学,中国科学院大学,1
人文学部,艺术学院,本科,2022,升学,中国艺术研究院,1
人文学部,艺术学院,本科,2022,升学,中国音乐学院,1
人文学部,艺术学院,本科,2022,升学,中山大学,1
人文学部,艺术学院,本科,2022,升学,北京理工大学,2
人文学部,艺术学院,本科,2022,升学,南京师范大学,1
人文学部,艺术学院,本科,2022,升学,南京艺术学院,1
人文学部,艺术学院,本科,2022,升学,同济大学,1
人文学部,艺术学院,本科,2022,升学,四川美术学院,1
人文学部,艺术学院,本科,2022,升学,太原理工大学,1
人文学部,艺术学院,本科,2022,升学,宁夏大学,1
人文学部,艺术学院,本科,2022,升学,山东艺术学院,1
人文学部,艺术学院,本科,2022,升学,广州美术学院,1
人文学部,艺术学院,本科,2022,升学,暨南大学,1
人文学部,艺术学院,本科,2022,升学,武汉理工大学,1
人文学部,艺术学院,本科,2022,升学,江南大学,3
人文学部,艺术学院,本科,2022,升学,深圳大学,1
人文学部,艺术学院,本科,2022,升学,湖南师范大学,1
人文学部,艺术学院,本科,2022,升学,湘潭大学,1
人文学部,艺术学院,本科,2022,升学,福州大学,1
人文学部,艺术学院,本科,2022,升学,苏州大学,1
人文学部,艺术学院,本科,2022,升学,西南大学,1
人文学部,艺术学院,本科,2022,升学,重庆大学,22
人文学部,艺术学院,本科,2022,升学,重庆师范大学,1
人文学部,艺术学院,本科,2022,就业,中建三局集团有限公司,2
人文学部,艺术学院,本科,2022,就业,其他,69
人文学部,艺术学院,本科,2022,就业,重庆市北碚区文化馆,2
人文学部,艺术学院,本科,2022,就业,重庆漫想族文化传播有限公司,2
人文学部,艺术学院,本科,2022,就业,重庆长安汽车股份有限公司,5
人文学部,艺术学院,本科,2022,志愿服务西部计划,北京立德未来助学公益基金会,2
人文学部,艺术学院,本科,2023,出国(境)留学或工作,不来梅大学,1
人文学部,艺术学院,本科,2023,出国(境)留学或工作,利兹大学,1
人文学部,艺术学院,本科,2023,出国(境)留学或工作,威尼斯大学,1
人文学部,艺术学院,本科,2023,出国(境)留学或工作,宝龙国际学校,1
人文学部,艺术学院,本科,2023,出国(境)留学或工作,新加坡国立大学,1
人文学部,艺术学院,本科,2023,出国(境)留学或工作,曼彻斯特大学,1
人文学部,艺术学院,本科,2023,出国(境)留学或工作,澳门城市大学,1
人文学部,艺术学院,本科,2023,出国(境)留学或工作,澳门理工大学,1
人文学部,艺术学院,本科,2023,出国(境)留学或工作,肯特州立大学,1
人文学部,艺术学院,本科,2023,出国(境)留学或工作,谢菲尔德大学,1
人文学部,艺术学院,本科,2023,出国(境)留学或工作,香港城市大学,1
人文学部,艺术学院,本科,2023,出国(境)留学或工作,香港理工大学,1
人文学部,艺术学院,本科,2023,升学,上海大学,2
人文学部,艺术学院,本科,2023,升学,中南大学,2
人文学部,艺术学院,本科,2023,升学,兰州大学,1
人文学部,艺术学院,本科,2023,升学,北京理工大学,2
人文学部,艺术学院,本科,2023,升学,北京舞蹈学院,1
人文学部,艺术学院,本科,2023,升学,四川美术学院,1
人文学部,艺术学院,本科,2023,升学,四川音乐学院,1
人文学部,艺术学院,本科,2023,升学,天津科技大学,1
人文学部,艺术学院,本科,2023,升学,广州大学,1
人文学部,艺术学院,本科,2023,升学,武汉大学,1
人文学部,艺术学院,本科,2023,升学,江南大学,2
人文学部,艺术学院,本科,2023,升学,浙江师范大学,1
人文学部,艺术学院,本科,2023,升学,湖南大学,1
人文学部,艺术学院,本科,2023,升学,湖南师范大学,1
人文学部,艺术学院,本科,2023,升学,苏州大学,1
人文学部,艺术学院,本科,2023,升学,西南交通大学,1
人文学部,艺术学院,本科,2023,升学,西安交通大学,1
人文学部,艺术学院,本科,2023,升学,重庆大学,28
人文学部,艺术学院,本科,2023,就业,其他,56
人文学部,艺术学院,本科,2023,就业,比亚迪股份有限公司,2
人文学部,艺术学院,本科,2023,就业,重庆市北碚区文化馆,2
人文学部,艺术学院,本科,2023,就业,重庆歌舞团有限责任公司,5
人文学部,艺术学院,本科,2023,就业,重庆长安汽车股份有限公司,6
人文学部,艺术学院,本科,2023,志愿服务西部计划,北京立德未来助学公益基金会,3
人文学部,艺术学院,本科,2023,志愿服务西部计划,宗场镇人民政府,1
人文学部,艺术学院,本科,2023,志愿服务西部计划,重庆市彭水县项目办,1
人文学部,艺术学院,硕士,2021,升学,东南大学,1
人文学部,艺术学院,硕士,2021,升学,南京艺术学院,1
人文学部,艺术学院,硕士,2021,就业,其他,41
人文学部,艺术学院,硕士,2021,就业,重庆大学,3
人文学部,艺术学院,硕士,2021,选调生,广西壮族自治区党委组织部干部规划办(定向选调生),1
人文学部,艺术学院,硕士,2022,出国(境)留学或工作,乌隆他尼皇家大学,1
人文学部,艺术学院,硕士,2022,出国(境)留学或工作,伦敦大学金史密斯学院,1
人文学部,艺术学院,硕士,2022,升学,北京理工大学,1
人文学部,艺术学院,硕士,2022,就业,其他,40
人文学部,艺术学院,硕士,2022,选调生,中共和田地委组织部,1
人文学部,艺术学院,硕士,2022,选调生,中国共产党宜宾市委员会组织部,1
人文学部,艺术学院,硕士,2022,选调生,太原市人民政府金融工作办公室,1
人文学部,艺术学院,硕士,2022,选调生,贵州省安顺市组织部,1
人文学部,艺术学院,硕士,2023,升学,重庆大学,2
人文学部,艺术学院,硕士,2023,就业,其他,24
人文学部,艺术学院,硕士,2023,就业,比亚迪股份有限公司,5
人文学部,艺术学院,硕士,2023,就业,重庆长安汽车股份有限公司,5
人文学部,艺术学院,硕士,2023,就业,重庆高新技术产业开发区管理委员会,2
人文学部,艺术学院,硕士,2023,选调生,中共成都市委组织部,1
信息学部,光电工程学院,博士,2021,就业,上海华为技术有限公司,1
信息学部,光电工程学院,博士,2021,就业,中国科学院福建物质结构研究所,1
信息学部,光电工程学院,博士,2021,就业,中煤科工集团重庆研究院有限公司,1
信息学部,光电工程学院,博士,2021,就业,以色列理工学院,1
信息学部,光电工程学院,博士,2021,就业,北京京东世纪贸易有限公司,1
信息学部,光电工程学院,博士,2021,就业,华中光电技术研究所,1
信息学部,光电工程学院,博士,2021,就业,南方科技大学,1
信息学部,光电工程学院,博士,2021,就业,四川航天电子设备研究所,1
信息学部,光电工程学院,博士,2021,就业,成都华为技术有限公司,1
信息学部,光电工程学院,博士,2021,就业,枣庄学院,1
信息学部,光电工程学院,博士,2021,就业,武汉联影生命科学仪器有限公司,1
信息学部,光电工程学院,博士,2021,就业,河北工业大学,1
信息学部,光电工程学院,博士,2021,就业,河南工业大学,1
信息学部,光电工程学院,博士,2021,就业,海南大学,1
信息学部,光电工程学院,博士,2021,就业,西安空间无线电技术研究所,1
信息学部,光电工程学院,博士,2021,就业,重庆交通大学,1
信息学部,光电工程学院,博士,2021,就业,重庆理工大学,3
信息学部,光电工程学院,博士,2021,就业,重庆科技学院,1
信息学部,光电工程学院,博士,2022,出国(境)留学或工作,南洋理工大学,2
信息学部,光电工程学院,博士,2022,出国(境)留学或工作,新加坡国立大学,1
信息学部,光电工程学院,博士,2022,出国(境)留学或工作,洛桑联邦理工学院,1
信息学部,光电工程学院,博士,2022,就业,中国兵器工业集团第二〇二研究所,1
信息学部,光电工程学院,博士,2022,就业,华为技术有限公司,1
信息学部,光电工程学院,博士,2022,就业,广东以色列理工学院,1
信息学部,光电工程学院,博士,2022,就业,成都信息工程大学,1
信息学部,光电工程学院,博士,2022,就业,战略支援部队信息工程大学,1
信息学部,光电工程学院,博士,2022,就业,江门市人才工作局,1
信息学部,光电工程学院,博士,2022,就业,河南工业大学,1
信息学部,光电工程学院,博士,2022,就业,河南师范大学,1
信息学部,光电工程学院,博士,2022,就业,清华大学,1
信息学部,光电工程学院,博士,2022,就业,烟台大学,1
信息学部,光电工程学院,博士,2022,就业,重庆工商大学,1
信息学部,光电工程学院,博士,2022,就业,重庆师范大学,2
信息学部,光电工程学院,博士,2022,就业,重庆科技学院,1
信息学部,光电工程学院,博士,2022,就业,铜仁学院,1
信息学部,光电工程学院,博士,2022,就业,香港大学,1
信息学部,光电工程学院,博士,2022,选调生,中共巴中市委组织部,1
信息学部,光电工程学院,博士,2023,就业,上海华为数字能源技术有限公司,1
信息学部,光电工程学院,博士,2023,就业,中国工程物理研究院流体物理研究所,1
信息学部,光电工程学院,博士,2023,就业,中国电子科技集团公司第二十九研究所,1
信息学部,光电工程学院,博士,2023,就业,中国科学院光电技术研究所,1
信息学部,光电工程学院,博士,2023,就业,中国科学院大连化学物理研究所,1
信息学部,光电工程学院,博士,2023,就业,中山大学,1
信息学部,光电工程学院,博士,2023,就业,佛罗里达州立大学,1
信息学部,光电工程学院,博士,2023,就业,内蒙古工业大学,1
信息学部,光电工程学院,博士,2023,就业,华为技术有限公司,2
信息学部,光电工程学院,博士,2023,就业,成都工业学院,1
信息学部,光电工程学院,博士,2023,就业,比亚迪股份有限公司,1
信息学部,光电工程学院,博士,2023,就业,河南理工大学,1
信息学部,光电工程学院,博士,2023,就业,西北农林科技大学,1
信息学部,光电工程学院,博士,2023,就业,西华大学,1
信息学部,光电工程学院,博士,2023,就业,重庆交通大学,1
信息学部,光电工程学院,博士,2023,就业,重庆师范大学,1
信息学部,光电工程学院,博士,2023,就业,重庆理工大学,1
信息学部,光电工程学院,博士,2023,就业,重庆电子工程职业学院,2
信息学部,光电工程学院,博士,2023,就业,重庆邮电大学,2
信息学部,光电工程学院,博士,2023,就业,长江大学,1
信息学部,光电工程学院,博士,2023,就业,香港理工大学,1
信息学部,光电工程学院,博士,2023,选调生,中共重庆市委组织部,1
信息学部,光电工程学院,本科,2021,出国(境)留学或工作,哥伦比亚大学,1
信息学部,光电工程学院,本科,2021,出国(境)留学或工作,悉尼大学,1
信息学部,光电工程学院,本科,2021,出国(境)留学或工作,新加坡国立大学,1
信息学部,光电工程学院,本科,2021,出国(境)留学或工作,莱布尼兹汉诺威大学,1
信息学部,光电工程学院,本科,2021,出国(境)留学或工作,香港科技大学,1
信息学部,光电工程学院,本科,2021,升学,上海交通大学,5
信息学部,光电工程学院,本科,2021,升学,上海大学,1
信息学部,光电工程学院,本科,2021,升学,东南大学,5
信息学部,光电工程学院,本科,2021,升学,中国科学技术大学,3
信息学部,光电工程学院,本科,2021,升学,中国科学院上海光学精密机械研究所,1
信息学部,光电工程学院,本科,2021,升学,中国科学院光电技术研究所,1
信息学部,光电工程学院,本科,2021,升学,中国科学院微电子研究所,1
信息学部,光电工程学院,本科,2021,升学,中国科学院沈阳自动化研究所,1
信息学部,光电工程学院,本科,2021,升学,云南大学,1
信息学部,光电工程学院,本科,2021,升学,北京大学,1
信息学部,光电工程学院,本科,2021,升学,北京航空航天大学,6
信息学部,光电工程学院,本科,2021,升学,华中科技大学,5
信息学部,光电工程学院,本科,2021,升学,华南理工大学,2
信息学部,光电工程学院,本科,2021,升学,哈尔滨工业大学(深圳),1
信息学部,光电工程学院,本科,2021,升学,国防科技大学,2
信息学部,光电工程学院,本科,2021,升学,天津大学,7
信息学部,光电工程学院,本科,2021,升学,浙江大学,5
信息学部,光电工程学院,本科,2021,升学,海南大学,1
信息学部,光电工程学院,本科,2021,升学,深圳大学,2
信息学部,光电工程学院,本科,2021,升学,清华大学深圳研究生院,2
信息学部,光电工程学院,本科,2021,升学,电子科技大学,3
信息学部,光电工程学院,本科,2021,升学,西安交通大学,2
信息学部,光电工程学院,本科,2021,升学,重庆大学,59
信息学部,光电工程学院,本科,2021,就业,中电科技集团重庆声光电有限公司,2
信息学部,光电工程学院,本科,2021,就业,其他,37
信息学部,光电工程学院,本科,2021,就业,华为技术有限公司,4
信息学部,光电工程学院,本科,2021,就业,四川华丰企业集团有限公司,2
信息学部,光电工程学院,本科,2021,就业,成都凯天电子股份有限公司,6
信息学部,光电工程学院,本科,2021,就业,成都芯源系统有限公司,3
信息学部,光电工程学院,本科,2021,就业,成都飞机工业(集团)有限责任公司,4
信息学部,光电工程学院,本科,2021,就业,比亚迪股份有限公司,4
信息学部,光电工程学院,本科,2021,就业,海信集团控股股份有限公司,2
信息学部,光电工程学院,本科,2021,就业,深圳市华星光电技术有限公司,2
信息学部,光电工程学院,本科,2021,就业,烽火通信科技股份有限公司,2
信息学部,光电工程学院,本科,2021,就业,紫金矿业集团股份有限公司,3
信息学部,光电工程学院,本科,2021,就业,重庆京东方显示技术有限公司,7
信息学部,光电工程学院,本科,2021,就业,重庆市沙坪坝区学而思培优课外培训学校有限公司,2
信息学部,光电工程学院,本科,2021,就业,重庆长安汽车股份有限公司,3
信息学部,光电工程学院,本科,2022,出国(境)留学或工作,南安普敦大学,1
信息学部,光电工程学院,本科,2022,出国(境)留学或工作,南洋理工大学,1
信息学部,光电工程学院,本科,2022,出国(境)留学或工作,格拉斯哥大学,1
信息学部,光电工程学院,本科,2022,出国(境)留学或工作,诺丁汉大学,1
信息学部,光电工程学院,本科,2022,出国(境)留学或工作,香港科技大学,1
信息学部,光电工程学院,本科,2022,升学,上海交通大学,2
信息学部,光电工程学院,本科,2022,升学,东南大学,1
信息学部,光电工程学院,本科,2022,升学,中国科学技术大学,1
信息学部,光电工程学院,本科,2022,升学,中国科学院上海光学精密机械研究所,1
信息学部,光电工程学院,本科,2022,升学,中国科学院上海微系统与信息技术研究所,1
信息学部,光电工程学院,本科,2022,升学,中国科学院光电技术研究所,1
信息学部,光电工程学院,本科,2022,升学,中国科学院大学,2
信息学部,光电工程学院,本科,2022,升学,中国科学院空天信息创新研究院,1
信息学部,光电工程学院,本科,2022,升学,北京信息科技大学,1
信息学部,光电工程学院,本科,2022,升学,北京航空航天大学,6
信息学部,光电工程学院,本科,2022,升学,华中光电技术研究所,1
信息学部,光电工程学院,本科,2022,升学,华中科技大学,2
信息学部,光电工程学院,本科,2022,升学,华南师范大学,2
信息学部,光电工程学院,本科,2022,升学,华南理工大学,1
信息学部,光电工程学院,本科,2022,升学,南开大学,1
信息学部,光电工程学院,本科,2022,升学,哈尔滨工业大学,2
信息学部,光电工程学院,本科,2022,升学,国防科技大学,1
信息学部,光电工程学院,本科,2022,升学,复旦大学,1
信息学部,光电工程学院,本科,2022,升学,大连理工大学,1
信息学部,光电工程学院,本科,2022,升学,天津大学,6
信息学部,光电工程学院,本科,2022,升学,广西师范大学,1
信息学部,光电工程学院,本科,2022,升学,武汉大学,2
信息学部,光电工程学院,本科,2022,升学,江南大学,1
信息学部,光电工程学院,本科,2022,升学,浙江大学,1
信息学部,光电工程学院,本科,2022,升学,清华大学,1
信息学部,光电工程学院,本科,2022,升学,电子科技大学,4
信息学部,光电工程学院,本科,2022,升学,西北工业大学,1
信息学部,光电工程学院,本科,2022,升学,西安交通大学,4
信息学部,光电工程学院,本科,2022,就业,中电科技集团重庆声光电有限公司,2
信息学部,光电工程学院,本科,2022,就业,中移物联网有限公司,4
信息学部,光电工程学院,本科,2022,就业,其他,54
信息学部,光电工程学院,本科,2022,就业,宁波舜宇光电信息有限公司,2
信息学部,光电工程学院,本科,2022,就业,成都飞机工业(集团)有限责任公司,2
信息学部,光电工程学院,本科,2022,就业,杭州联吉技术有限公司,2
信息学部,光电工程学院,本科,2022,就业,比亚迪股份有限公司,6
信息学部,光电工程学院,本科,2022,就业,潍柴动力股份有限公司重庆分公司,2
信息学部,光电工程学院,本科,2022,就业,重庆中科渝芯电子有限公司,2
信息学部,光电工程学院,本科,2022,就业,重庆传音通讯技术有限公司,2
信息学部,光电工程学院,本科,2022,就业,重庆大学,38
信息学部,光电工程学院,本科,2022,就业,重庆红宇精密工业集团有限公司,3
信息学部,光电工程学院,本科,2022,就业,重庆航天机电设计院,2
信息学部,光电工程学院,本科,2022,就业,重庆长安汽车股份有限公司,3
信息学部,光电工程学院,本科,2022,就业,锐石创芯(深圳)科技有限公司,6
信息学部,光电工程学院,本科,2022,志愿服务西部计划,乌鲁木齐县应急管理局,1
信息学部,光电工程学院,本科,2022,选调生,中国共产党遂宁市委员会组织部,1
信息学部,光电工程学院,本科,2022,选调生,广州市天河区市场监督管理局,1
信息学部,光电工程学院,本科,2023,出国(境)留学或工作,埃因霍温理工大学,1
信息学部,光电工程学院,本科,2023,出国(境)留学或工作,新加坡国立大学,1
信息学部,光电工程学院,本科,2023,出国(境)留学或工作,昆士兰大学,1
信息学部,光电工程学院,本科,2023,出国(境)留学或工作,谢菲尔德大学,1
信息学部,光电工程学院,本科,2023,出国(境)留学或工作,香港理工大学,1
信息学部,光电工程学院,本科,2023,升学,上海交通大学,2
信息学部,光电工程学院,本科,2023,升学,上海材料研究所,1
信息学部,光电工程学院,本科,2023,升学,上海科技大学,1
信息学部,光电工程学院,本科,2023,升学,东南大学,2
信息学部,光电工程学院,本科,2023,升学,中国工程物理研究院906所,1
信息学部,光电工程学院,本科,2023,升学,中国科学技术大学,2
信息学部,光电工程学院,本科,2023,升学,中国科学院大学,3
信息学部,光电工程学院,本科,2023,升学,中山大学,1
信息学部,光电工程学院,本科,2023,升学,北京工业大学,1
信息学部,光电工程学院,本科,2023,升学,北京理工大学,3
信息学部,光电工程学院,本科,2023,升学,北京航空航天大学,11
信息学部,光电工程学院,本科,2023,升学,华东理工大学,1
信息学部,光电工程学院,本科,2023,升学,南京大学,3
信息学部,光电工程学院,本科,2023,升学,厦门大学,1
信息学部,光电工程学院,本科,2023,升学,哈尔滨工业大学,1
信息学部,光电工程学院,本科,2023,升学,国防科学技术大学,3
信息学部,光电工程学院,本科,2023,升学,复旦大学,1
信息学部,光电工程学院,本科,2023,升学,天津大学,3
信息学部,光电工程学院,本科,2023,升学,太原理工大学,1
信息学部,光电工程学院,本科,2023,升学,浙江大学,2
信息学部,光电工程学院,本科,2023,升学,西北工业大学,1
信息学部,光电工程学院,本科,2023,升学,西安交通大学,3
信息学部,光电工程学院,本科,2023,升学,西安工业大学,1
信息学部,光电工程学院,本科,2023,升学,重庆大学,54
信息学部,光电工程学院,本科,2023,就业,其他,61
信息学部,光电工程学院,本科,2023,就业,奇瑞商用车(安徽)有限公司,2
信息学部,光电工程学院,本科,2023,就业,比亚迪股份有限公司,3
信息学部,光电工程学院,本科,2023,就业,深圳拓邦股份有限公司,2
信息学部,光电工程学院,本科,2023,就业,重庆中科渝芯电子有限公司,3
信息学部,光电工程学院,本科,2023,就业,重庆京东方显示技术有限公司,2
信息学部,光电工程学院,本科,2023,就业,重庆惠科金渝光电科技有限公司,2
信息学部,光电工程学院,本科,2023,志愿服务西部计划,北京立德未来助学公益基金会,1
信息学部,光电工程学院,本科,2023,选调生,中国共产党毕节市委员会组织部,1
信息学部,光电工程学院,本科,2023,选调生,潼南区委组织部,1
信息学部,光电工程学院,硕士,2021,出国(境)留学或工作,斯特拉斯堡大学,1
信息学部,光电工程学院,硕士,2021,出国(境)留学或工作,筑波大学,1
信息学部,光电工程学院,硕士,2021,升学,中国工程物理研究院,1
信息学部,光电工程学院,硕士,2021,升学,重庆大学,2
信息学部,光电工程学院,硕士,2021,就业,中兴通讯股份有限公司,2
信息学部,光电工程学院,硕士,2021,就业,中冶赛迪重庆信息技术有限公司,2
信息学部,光电工程学院,硕士,2021,就业,中国电子科技集团公司第二十九研究所,2
信息学部,光电工程学院,硕士,2021,就业,中国电子科技集团公司第十研究所,2
信息学部,光电工程学院,硕士,2021,就业,中电科技集团重庆声光电有限公司,5
信息学部,光电工程学院,硕士,2021,就业,其他,69
信息学部,光电工程学院,硕士,2021,就业,华为技术有限公司,3
信息学部,光电工程学院,硕士,2021,就业,成都华为技术有限公司,3
信息学部,光电工程学院,硕士,2021,就业,成都欧珀通信科技有限公司,2
信息学部,光电工程学院,硕士,2021,就业,成都飞机工业(集团)有限责任公司,2
信息学部,光电工程学院,硕士,2021,就业,杭州海康威视数字技术股份有限公司,2
信息学部,光电工程学院,硕士,2021,就业,武汉锐科光纤激光技术股份有限公司,2
信息学部,光电工程学院,硕士,2021,就业,浙江大华技术股份有限公司,3
信息学部,光电工程学院,硕士,2021,就业,深圳迈瑞生物医疗电子股份有限公司,2
信息学部,光电工程学院,硕士,2021,就业,紫光展锐(重庆)科技有限公司,3
信息学部,光电工程学院,硕士,2021,就业,重庆京东方显示技术有限公司,3
信息学部,光电工程学院,硕士,2021,就业,重庆传音通讯技术有限公司,2
信息学部,光电工程学院,硕士,2021,就业,重庆四联测控技术有限公司,2
信息学部,光电工程学院,硕士,2021,就业,重庆川仪自动化股份有限公司技术中心,4
信息学部,光电工程学院,硕士,2021,就业,重庆川仪自动化股份有限公司流量仪表分公司,2
信息学部,光电工程学院,硕士,2021,选调生,中共乐山市委组织部,1
信息学部,光电工程学院,硕士,2021,选调生,中共江西省委组织部,1
信息学部,光电工程学院,硕士,2021,选调生,中国共产党吕梁市纪律检查委员会,1
信息学部,光电工程学院,硕士,2022,出国(境)留学或工作,新加坡国立大学,1
信息学部,光电工程学院,硕士,2022,升学,东南大学,1
信息学部,光电工程学院,硕士,2022,升学,华中科技大学,1
信息学部,光电工程学院,硕士,2022,升学,浙江大学,1
信息学部,光电工程学院,硕士,2022,就业,中国电子科技集团公司第五十八研究所,3
信息学部,光电工程学院,硕士,2022,就业,中电科技集团重庆声光电有限公司,10
信息学部,光电工程学院,硕士,2022,就业,中船重工安谱(湖北)仪器有限公司,2
信息学部,光电工程学院,硕士,2022,就业,其他,59
信息学部,光电工程学院,硕士,2022,就业,华为技术有限公司,3
信息学部,光电工程学院,硕士,2022,就业,小米通讯技术有限公司,4
信息学部,光电工程学院,硕士,2022,就业,成都华为技术有限公司,7
信息学部,光电工程学院,硕士,2022,就业,杭州华为企业通信技术有限公司,2
信息学部,光电工程学院,硕士,2022,就业,杭州海康威视数字技术股份有限公司,2
信息学部,光电工程学院,硕士,2022,就业,海光信息技术股份有限公司,2
信息学部,光电工程学院,硕士,2022,就业,深圳市大疆创新科技有限公司,3
信息学部,光电工程学院,硕士,2022,就业,深圳市汇顶科技股份有限公司,4
信息学部,光电工程学院,硕士,2022,就业,深圳迈瑞生物医疗电子股份有限公司,5
信息学部,光电工程学院,硕士,2022,就业,用友网络科技股份有限公司,2
信息学部,光电工程学院,硕士,2022,就业,紫光展锐(重庆)科技有限公司,3
信息学部,光电工程学院,硕士,2022,就业,维沃移动通信有限公司,2
信息学部,光电工程学院,硕士,2022,就业,联发芯软件设计(成都)有限公司,2
信息学部,光电工程学院,硕士,2022,就业,联合微电子中心有限责任公司,5
信息学部,光电工程学院,硕士,2022,就业,西安华为技术有限公司,2
信息学部,光电工程学院,硕士,2022,就业,象帝先计算技术(重庆)有限公司,2
信息学部,光电工程学院,硕士,2022,就业,重庆金美通信有限责任公司,3
信息学部,光电工程学院,硕士,2022,选调生,中共巴中市委组织部,1
信息学部,光电工程学院,硕士,2022,选调生,中共彭水苗族土家族自治县委组织部,1
信息学部,光电工程学院,硕士,2022,选调生,中共江西省委组织部,1
信息学部,光电工程学院,硕士,2022,选调生,中国共产党宜宾市委员会组织部,1
信息学部,光电工程学院,硕士,2022,选调生,中国共产党富宁县纪律检查委员会,1
信息学部,光电工程学院,硕士,2022,选调生,中国共产党雅安市委员会组织部,1
信息学部,光电工程学院,硕士,2023,升学,上海交通大学,1
信息学部,光电工程学院,硕士,2023,升学,东南大学,1
信息学部,光电工程学院,硕士,2023,升学,哈尔滨工业大学(深圳),1
信息学部,光电工程学院,硕士,2023,升学,哈尔滨工业大学(深圳校区),1
信息学部,光电工程学院,硕士,2023,就业,中电科芯片技术(集团)有限公司,3
信息学部,光电工程学院,硕士,2023,就业,中航光电科技股份有限公司,2
信息学部,光电工程学院,硕士,2023,就业,其他,71
信息学部,光电工程学院,硕士,2023,就业,北方自动控制技术研究所,3
信息学部,光电工程学院,硕士,2023,就业,成都凯天电子股份有限公司,3
信息学部,光电工程学院,硕士,2023,就业,比亚迪股份有限公司,4
信息学部,光电工程学院,硕士,2023,就业,深圳市紫光同创电子有限公司成都分公司,2
信息学部,光电工程学院,硕士,2023,就业,珠海格力电器股份有限公司,2
信息学部,光电工程学院,硕士,2023,就业,瑞晟微电子(苏州)有限公司,2
信息学部,光电工程学院,硕士,2023,就业,芯原微电子(成都)有限公司,3
信息学部,光电工程学院,硕士,2023,就业,西南电子设备研究所(中国电子科技集团公司第二十九研究所),3
信息学部,光电工程学院,硕士,2023,就业,象帝先计算技术(重庆)有限公司,2
信息学部,光电工程学院,硕士,2023,就业,贵州天义电器有限责任公司,2
信息学部,光电工程学院,硕士,2023,就业,重庆大学,2
信息学部,光电工程学院,硕士,2023,就业,重庆金美通信有限责任公司,2
信息学部,光电工程学院,硕士,2023,就业,重庆长安汽车软件科技有限公司,9
信息学部,光电工程学院,硕士,2023,选调生,中共六盘水市委组织部,1
信息学部,光电工程学院,硕士,2023,选调生,中共重庆市铜梁区委组织部,1
信息学部,光电工程学院,硕士,2023,选调生,中国共产党遂宁市委员会组织部,1
信息学部,光电工程学院,硕士,2023,选调生,江西省委组织部,2
信息学部,大数据与软件学院,博士,2021,就业,浙江大学,1
信息学部,大数据与软件学院,博士,2021,就业,西南石油大学,1
信息学部,大数据与软件学院,博士,2021,就业,陆军军医大学,1
信息学部,大数据与软件学院,博士,2022,就业,中国科学技术大学苏州高等研究院,1
信息学部,大数据与软件学院,博士,2022,就业,华为技术有限公司南京研究所,1
信息学部,大数据与软件学院,博士,2022,就业,安徽工程大学,1
信息学部,大数据与软件学院,博士,2022,就业,贵州医科大学,1
信息学部,大数据与软件学院,博士,2022,就业,重庆师范大学,1
信息学部,大数据与软件学院,博士,2023,就业,中冶赛迪信息技术(重庆)有限公司,1
信息学部,大数据与软件学院,博士,2023,就业,北京大学,1
信息学部,大数据与软件学院,博士,2023,就业,杭州华为企业通信技术有限公司,1
信息学部,大数据与软件学院,本科,2021,出国(境)留学或工作,东北大学,1
信息学部,大数据与软件学院,本科,2021,出国(境)留学或工作,伦敦大学学院,1
信息学部,大数据与软件学院,本科,2021,出国(境)留学或工作,匹兹堡大学,1
信息学部,大数据与软件学院,本科,2021,出国(境)留学或工作,南洋理工大学,1
信息学部,大数据与软件学院,本科,2021,出国(境)留学或工作,圣路易斯华盛顿大学,1
信息学部,大数据与软件学院,本科,2021,出国(境)留学或工作,墨尔本大学,1
信息学部,大数据与软件学院,本科,2021,出国(境)留学或工作,新南威尔士大学,1
信息学部,大数据与软件学院,本科,2021,出国(境)留学或工作,昆士兰大学,1
信息学部,大数据与软件学院,本科,2021,出国(境)留学或工作,渥太华大学,1
信息学部,大数据与软件学院,本科,2021,出国(境)留学或工作,纽约大学,1
信息学部,大数据与软件学院,本科,2021,出国(境)留学或工作,莱顿大学,1
信息学部,大数据与软件学院,本科,2021,出国(境)留学或工作,香港中文大学,1
信息学部,大数据与软件学院,本科,2021,出国(境)留学或工作,香港大学,1
信息学部,大数据与软件学院,本科,2021,出国(境)留学或工作,香港理工大学,1
信息学部,大数据与软件学院,本科,2021,升学,东南大学,3
信息学部,大数据与软件学院,本科,2021,升学,中国科学技术大学,2
信息学部,大数据与软件学院,本科,2021,升学,中国科学院信息工程研究所,1
信息学部,大数据与软件学院,本科,2021,升学,中国科学院大学,1
信息学部,大数据与软件学院,本科,2021,升学,中国科学院计算技术研究所,1
信息学部,大数据与软件学院,本科,2021,升学,中山大学,3
信息学部,大数据与软件学院,本科,2021,升学,北京大学深圳研究生院,1
信息学部,大数据与软件学院,本科,2021,升学,北京理工大学,6
信息学部,大数据与软件学院,本科,2021,升学,北京航空航天大学,2
信息学部,大数据与软件学院,本科,2021,升学,华东师范大学,1
信息学部,大数据与软件学院,本科,2021,升学,华南理工大学,5
信息学部,大数据与软件学院,本科,2021,升学,南京大学,6
信息学部,大数据与软件学院,本科,2021,升学,厦门大学,1
信息学部,大数据与软件学院,本科,2021,升学,四川大学,2
信息学部,大数据与软件学院,本科,2021,升学,国科大杭州高等研究院,1
信息学部,大数据与软件学院,本科,2021,升学,国防科技大学,2
信息学部,大数据与软件学院,本科,2021,升学,复旦大学,2
信息学部,大数据与软件学院,本科,2021,升学,电子科技大学,1
信息学部,大数据与软件学院,本科,2021,升学,西安交通大学,2
信息学部,大数据与软件学院,本科,2021,升学,西安微电子技术研究所,1
信息学部,大数据与软件学院,本科,2021,升学,重庆大学,41
信息学部,大数据与软件学院,本科,2021,就业,上海汉得信息技术股份有限公司成都分公司,4
信息学部,大数据与软件学院,本科,2021,就业,中国银行股份有限公司陕西省分行,2
信息学部,大数据与软件学院,本科,2021,就业,其他,50
信息学部,大数据与软件学院,本科,2021,就业,商飞软件有限公司,3
信息学部,大数据与软件学院,本科,2021,就业,广州博冠信息科技有限公司,2
信息学部,大数据与软件学院,本科,2021,就业,招银网络科技(深圳)有限公司成都分公司,2
信息学部,大数据与软件学院,本科,2021,就业,普联技术有限公司,3
信息学部,大数据与软件学院,本科,2021,就业,畅索软件科技(上海)有限公司,2
信息学部,大数据与软件学院,本科,2021,就业,腾讯科技(深圳)有限公司,4
信息学部,大数据与软件学院,本科,2021,就业,花旗金融信息服务(中国)有限公司,4
信息学部,大数据与软件学院,本科,2021,就业,马上消费金融股份有限公司,3
信息学部,大数据与软件学院,本科,2021,选调生,中国共产党丽江市委员会组织部,1
信息学部,大数据与软件学院,本科,2022,出国(境)留学或工作,东北大学,2
信息学部,大数据与软件学院,本科,2022,出国(境)留学或工作,亚琛工业大学,1
信息学部,大数据与软件学院,本科,2022,出国(境)留学或工作,伦敦大学学院,1
信息学部,大数据与软件学院,本科,2022,出国(境)留学或工作,匹兹堡大学,1
信息学部,大数据与软件学院,本科,2022,出国(境)留学或工作,德克萨斯大学阿灵顿分校,1
信息学部,大数据与软件学院,本科,2022,出国(境)留学或工作,悉尼大学,1
信息学部,大数据与软件学院,本科,2022,出国(境)留学或工作,悉尼科技大学,14
信息学部,大数据与软件学院,本科,2022,出国(境)留学或工作,新南威尔士大学,2
信息学部,大数据与软件学院,本科,2022,出国(境)留学或工作,格拉斯哥大学,2
信息学部,大数据与软件学院,本科,2022,出国(境)留学或工作,波士顿大学,1
信息学部,大数据与软件学院,本科,2022,出国(境)留学或工作,纽约大学,1
信息学部,大数据与软件学院,本科,2022,出国(境)留学或工作,西澳大学,5
信息学部,大数据与软件学院,本科,2022,出国(境)留学或工作,香港城市大学,1
信息学部,大数据与软件学院,本科,2022,出国(境)留学或工作,香港大学,1
信息学部,大数据与软件学院,本科,2022,升学,东南大学,1
信息学部,大数据与软件学院,本科,2022,升学,中国石油大学(华东),1
信息学部,大数据与软件学院,本科,2022,升学,中国科学技术大学,1
信息学部,大数据与软件学院,本科,2022,升学,中国科学院大学深圳先进技术研究院,1
信息学部,大数据与软件学院,本科,2022,升学,中国科学院大学计算技术研究所,1
信息学部,大数据与软件学院,本科,2022,升学,中国科学院计算技术研究所,3
信息学部,大数据与软件学院,本科,2022,升学,中山大学,2
信息学部,大数据与软件学院,本科,2022,升学,北京大学深圳研究生院,1
信息学部,大数据与软件学院,本科,2022,升学,北京师范大学(非全日制),1
信息学部,大数据与软件学院,本科,2022,升学,北京理工大学,1
信息学部,大数据与软件学院,本科,2022,升学,华东师范大学(非全日制),1
信息学部,大数据与软件学院,本科,2022,升学,华中科技大学,1
信息学部,大数据与软件学院,本科,2022,升学,华南理工大学,1
信息学部,大数据与软件学院,本科,2022,升学,南京大学,9
信息学部,大数据与软件学院,本科,2022,升学,厦门大学,1
信息学部,大数据与软件学院,本科,2022,升学,国防科技大学,5
信息学部,大数据与软件学院,本科,2022,升学,天津大学,3
信息学部,大数据与软件学院,本科,2022,升学,广东技术师范大学,1
信息学部,大数据与软件学院,本科,2022,升学,浙江大学,2
信息学部,大数据与软件学院,本科,2022,升学,西北农林科技大学,1
信息学部,大数据与软件学院,本科,2022,升学,西安交通大学,1
信息学部,大数据与软件学院,本科,2022,升学,重庆大学,46
信息学部,大数据与软件学院,本科,2022,就业,上海梦创双杨数据科技股份有限公司,2
信息学部,大数据与软件学院,本科,2022,就业,中国联合网络通信有限公司重庆市分公司,2
信息学部,大数据与软件学院,本科,2022,就业,中国船舶重工集团海装风电股份有限公司,3
信息学部,大数据与软件学院,本科,2022,就业,中移物联网有限公司,3
信息学部,大数据与软件学院,本科,2022,就业,交通银行股份有限公司四川省分行,2
信息学部,大数据与软件学院,本科,2022,就业,其他,62
信息学部,大数据与软件学院,本科,2022,就业,北京有竹居网络技术有限公司,2
信息学部,大数据与软件学院,本科,2022,就业,华为技术有限公司,3
信息学部,大数据与软件学院,本科,2022,就业,广州四三九九信息科技有限公司,2
信息学部,大数据与软件学院,本科,2022,就业,德勤华庆商务服务有限公司,3
信息学部,大数据与软件学院,本科,2022,就业,成都市联洲国际技术有限公司,2
信息学部,大数据与软件学院,本科,2022,就业,民生科技有限责任公司,2
信息学部,大数据与软件学院,本科,2022,就业,浪潮集团有限公司,2
信息学部,大数据与软件学院,本科,2022,就业,深圳开鸿数字产业发展有限公司,2
信息学部,大数据与软件学院,本科,2022,就业,腾讯科技(深圳)有限公司,2
信息学部,大数据与软件学院,本科,2022,就业,花旗金融信息服务(中国)有限公司,2
信息学部,大数据与软件学院,本科,2022,就业,重庆长安汽车股份有限公司,2
信息学部,大数据与软件学院,本科,2022,就业,重庆长安汽车软件科技有限公司,2
信息学部,大数据与软件学院,本科,2022,选调生,中共青海省委组织部,1
信息学部,大数据与软件学院,本科,2022,选调生,中华人民共和国海关总署,1
信息学部,大数据与软件学院,本科,2022,选调生,中国共产党内江市委员会组织部,1
信息学部,大数据与软件学院,本科,2022,选调生,玉门市发展和改革局(玉门市粮食和物资储备局、玉门市能源局),1
信息学部,大数据与软件学院,本科,2023,出国(境)留学或工作,东北大学,1
信息学部,大数据与软件学院,本科,2023,出国(境)留学或工作,伦敦大学学院,2
信息学部,大数据与软件学院,本科,2023,出国(境)留学或工作,利物浦大学,1
信息学部,大数据与软件学院,本科,2023,出国(境)留学或工作,弗吉尼亚理工大学,1
信息学部,大数据与软件学院,本科,2023,出国(境)留学或工作,悉尼大学,3
信息学部,大数据与软件学院,本科,2023,出国(境)留学或工作,悉尼科技大学,2
信息学部,大数据与软件学院,本科,2023,出国(境)留学或工作,新加坡国立大学,1
信息学部,大数据与软件学院,本科,2023,出国(境)留学或工作,格拉斯哥大学,1
信息学部,大数据与软件学院,本科,2023,出国(境)留学或工作,波士顿大学,1
信息学部,大数据与软件学院,本科,2023,出国(境)留学或工作,爱丁堡大学,1
信息学部,大数据与软件学院,本科,2023,出国(境)留学或工作,纽约大学,2
信息学部,大数据与软件学院,本科,2023,出国(境)留学或工作,西澳大学,8
信息学部,大数据与软件学院,本科,2023,出国(境)留学或工作,阿德莱德大学,5
信息学部,大数据与软件学院,本科,2023,出国(境)留学或工作,香港中文大学,1
信息学部,大数据与软件学院,本科,2023,出国(境)留学或工作,香港城市大学,2
信息学部,大数据与软件学院,本科,2023,出国(境)留学或工作,香港大学,1
信息学部,大数据与软件学院,本科,2023,出国(境)留学或工作,香港理工大学,2
信息学部,大数据与软件学院,本科,2023,升学,东南大学,3
信息学部,大数据与软件学院,本科,2023,升学,中国人民大学,1
信息学部,大数据与软件学院,本科,2023,升学,中国科学技术大学,1
信息学部,大数据与软件学院,本科,2023,升学,中国科学院大学,2
信息学部,大数据与软件学院,本科,2023,升学,中国科学院自动化研究所,2
信息学部,大数据与软件学院,本科,2023,升学,中国科学院软件研究所,2
信息学部,大数据与软件学院,本科,2023,升学,北京大学,2
信息学部,大数据与软件学院,本科,2023,升学,北京理工大学,1
信息学部,大数据与软件学院,本科,2023,升学,北京航空航天大学,1
信息学部,大数据与软件学院,本科,2023,升学,华东师范大学,1
信息学部,大数据与软件学院,本科,2023,升学,华南理工大学,2
信息学部,大数据与软件学院,本科,2023,升学,南京大学,5
信息学部,大数据与软件学院,本科,2023,升学,南开大学,1
信息学部,大数据与软件学院,本科,2023,升学,四川大学,1
信息学部,大数据与软件学院,本科,2023,升学,国防科学技术大学,6
信息学部,大数据与软件学院,本科,2023,升学,复旦大学,1
信息学部,大数据与软件学院,本科,2023,升学,天津大学,3
信息学部,大数据与软件学院,本科,2023,升学,武汉大学,2
信息学部,大数据与软件学院,本科,2023,升学,浙江大学,2
信息学部,大数据与软件学院,本科,2023,升学,清华大学,1
信息学部,大数据与软件学院,本科,2023,升学,电子科技大学,2
信息学部,大数据与软件学院,本科,2023,升学,西安交通大学,3
信息学部,大数据与软件学院,本科,2023,升学,重庆大学,40
信息学部,大数据与软件学院,本科,2023,就业,上海宝信软件股份有限公司,3
信息学部,大数据与软件学院,本科,2023,就业,上海汉得信息技术股份有限公司,2
信息学部,大数据与软件学院,本科,2023,就业,中国联合网络通信有限公司重庆市分公司,3
信息学部,大数据与软件学院,本科,2023,就业,中国重型汽车集团有限公司,3
信息学部,大数据与软件学院,本科,2023,就业,中车株洲电力机车研究所有限公司,2
信息学部,大数据与软件学院,本科,2023,就业,交通银行股份有限公司四川省分行,2
信息学部,大数据与软件学院,本科,2023,就业,其他,28
信息学部,大数据与软件学院,本科,2023,就业,比亚迪股份有限公司,2
信息学部,大数据与软件学院,本科,2023,就业,花旗金融信息服务(中国)有限公司,7
信息学部,大数据与软件学院,本科,2023,选调生,中共成都市委组织部,1
信息学部,大数据与软件学院,本科,2023,选调生,中共黔西南州委组织部,1
信息学部,大数据与软件学院,本科,2023,选调生,保山市隆阳区人民政府办公室,1
信息学部,大数据与软件学院,本科,2023,选调生,青海省统计局,1
信息学部,大数据与软件学院,硕士,2021,出国(境)留学或工作,墨尔本大学,1
信息学部,大数据与软件学院,硕士,2021,出国(境)留学或工作,阿尔伯塔大学,1
信息学部,大数据与软件学院,硕士,2021,升学,浙江大学,1
信息学部,大数据与软件学院,硕士,2021,就业,其他,33
信息学部,大数据与软件学院,硕士,2021,就业,成都华为技术有限公司,2
信息学部,大数据与软件学院,硕士,2021,就业,花旗金融信息服务(中国)有限公司,6
信息学部,大数据与软件学院,硕士,2021,就业,行吟信息科技(上海)有限公司,2
信息学部,大数据与软件学院,硕士,2021,选调生,中共南充市委组织部,1
信息学部,大数据与软件学院,硕士,2022,出国(境)留学或工作,香港科技大学,1
信息学部,大数据与软件学院,硕士,2022,就业,中冶赛迪重庆信息技术有限公司,3
信息学部,大数据与软件学院,硕士,2022,就业,其他,54
信息学部,大数据与软件学院,硕士,2022,就业,华为技术有限公司,2
信息学部,大数据与软件学院,硕士,2022,就业,成都东方财富信息技术有限公司,3
信息学部,大数据与软件学院,硕士,2022,就业,成都华为技术有限公司,4
信息学部,大数据与软件学院,硕士,2022,就业,杭州巨量引擎网络技术有限公司,2
信息学部,大数据与软件学院,硕士,2022,就业,杭州海康威视数字技术股份有限公司,2
信息学部,大数据与软件学院,硕士,2022,就业,重庆位图信息技术有限公司,2
信息学部,大数据与软件学院,硕士,2022,就业,重庆大学,2
信息学部,大数据与软件学院,硕士,2022,就业,重庆长安汽车软件科技有限公司,3
信息学部,大数据与软件学院,硕士,2022,选调生,中共遵义市委组织部,1
信息学部,大数据与软件学院,硕士,2022,选调生,中国共产党内江市委员会组织部(待分配),1
信息学部,大数据与软件学院,硕士,2022,选调生,中国共产党泸州市委员会组织部,1
信息学部,大数据与软件学院,硕士,2022,选调生,北京市昌平区经济和信息化局,1
信息学部,大数据与软件学院,硕士,2023,出国(境)留学或工作,德克萨斯大学圣安东尼奥分校,1
信息学部,大数据与软件学院,硕士,2023,升学,哈尔滨工业大学(深圳),1
信息学部,大数据与软件学院,硕士,2023,就业,其他,51
信息学部,大数据与软件学院,硕士,2023,就业,蚂蚁蓉信(成都)网络科技有限公司,3
信息学部,大数据与软件学院,硕士,2023,就业,重庆农村商业银行股份有限公司,2
信息学部,大数据与软件学院,硕士,2023,就业,重庆星网网络系统研究院有限公司,4
信息学部,大数据与软件学院,硕士,2023,就业,重庆长安新能源汽车科技有限公司,2
信息学部,大数据与软件学院,硕士,2023,就业,重庆长安汽车股份有限公司,4
信息学部,大数据与软件学院,硕士,2023,就业,重庆长安汽车软件科技有限公司,5
信息学部,大数据与软件学院,硕士,2023,选调生,云南省司法厅,1
信息学部,微电子与通信工程学院,博士,2021,出国(境)留学或工作,南洋理工大学,1
信息学部,微电子与通信工程学院,博士,2021,就业,安徽大学,1
信息学部,微电子与通信工程学院,博士,2021,就业,重庆工商大学,1
信息学部,微电子与通信工程学院,博士,2021,就业,重庆科技学院,1
信息学部,微电子与通信工程学院,博士,2021,就业,重庆邮电大学,3
信息学部,微电子与通信工程学院,博士,2022,就业,中国兵器工业第五九研究所,1
信息学部,微电子与通信工程学院,博士,2022,就业,中电科技集团重庆声光电有限公司,1
信息学部,微电子与通信工程学院,博士,2022,就业,北京理工大学重庆创新中心,1
信息学部,微电子与通信工程学院,博士,2022,就业,华中光电技术研究所,1
信息学部,微电子与通信工程学院,博士,2022,就业,安徽大学,1
信息学部,微电子与通信工程学院,博士,2022,就业,河南大学,2
信息学部,微电子与通信工程学院,博士,2022,就业,清华大学,1
信息学部,微电子与通信工程学院,博士,2022,就业,湖北大学,1
信息学部,微电子与通信工程学院,博士,2022,就业,澳门大学,1
信息学部,微电子与通信工程学院,博士,2022,就业,重庆邮电大学,2
信息学部,微电子与通信工程学院,博士,2022,选调生,中共山西省委办公厅,1
信息学部,微电子与通信工程学院,博士,2022,选调生,中共重庆市委组织部,1
信息学部,微电子与通信工程学院,博士,2023,就业,上海伏达半导体有限公司,1
信息学部,微电子与通信工程学院,博士,2023,就业,华为技术有限公司,1
信息学部,微电子与通信工程学院,博士,2023,就业,大连海事大学,1
信息学部,微电子与通信工程学院,博士,2023,就业,安阳工学院,1
信息学部,微电子与通信工程学院,博士,2023,就业,新加坡国立大学重庆研究院,1
信息学部,微电子与通信工程学院,博士,2023,就业,昆明理工大学,1
信息学部,微电子与通信工程学院,博士,2023,就业,河南师范大学,1
信息学部,微电子与通信工程学院,博士,2023,就业,西南大学,1
信息学部,微电子与通信工程学院,博士,2023,就业,重庆交通大学,1
信息学部,微电子与通信工程学院,博士,2023,就业,重庆理工大学,1
信息学部,微电子与通信工程学院,博士,2023,就业,重庆邮电大学,1
信息学部,微电子与通信工程学院,本科,2021,出国(境)留学或工作,伯明翰大学,1
信息学部,微电子与通信工程学院,本科,2021,出国(境)留学或工作,北卡罗来纳州立大学,1
信息学部,微电子与通信工程学院,本科,2021,出国(境)留学或工作,布里斯托大学,1
信息学部,微电子与通信工程学院,本科,2021,出国(境)留学或工作,广岛大学,1
信息学部,微电子与通信工程学院,本科,2021,出国(境)留学或工作,新加坡国立大学,1
信息学部,微电子与通信工程学院,本科,2021,出国(境)留学或工作,昆士兰大学,1
信息学部,微电子与通信工程学院,本科,2021,出国(境)留学或工作,格拉斯哥大学,1
信息学部,微电子与通信工程学院,本科,2021,出国(境)留学或工作,鲁汶大学,1
信息学部,微电子与通信工程学院,本科,2021,升学,上海交通大学,1
信息学部,微电子与通信工程学院,本科,2021,升学,上海体育学院,1
信息学部,微电子与通信工程学院,本科,2021,升学,东南大学,9
信息学部,微电子与通信工程学院,本科,2021,升学,中国工程物理研究院,1
信息学部,微电子与通信工程学院,本科,2021,升学,中国工程物理研究院电子工程研究所,1
信息学部,微电子与通信工程学院,本科,2021,升学,中国科学技术大学,2
信息学部,微电子与通信工程学院,本科,2021,升学,中国科学院声学研究所,1
信息学部,微电子与通信工程学院,本科,2021,升学,中国科学院微电子研究所,2
信息学部,微电子与通信工程学院,本科,2021,升学,中国科学院空天信息创新研究院,2
信息学部,微电子与通信工程学院,本科,2021,升学,中国航天科工集团第二研究院,1
信息学部,微电子与通信工程学院,本科,2021,升学,中国铁道科学研究院,1
信息学部,微电子与通信工程学院,本科,2021,升学,中山大学,1
信息学部,微电子与通信工程学院,本科,2021,升学,北京大学,1
信息学部,微电子与通信工程学院,本科,2021,升学,北京大学深圳研究生院,1
信息学部,微电子与通信工程学院,本科,2021,升学,北京理工大学,1
信息学部,微电子与通信工程学院,本科,2021,升学,华中科技大学,3
信息学部,微电子与通信工程学院,本科,2021,升学,华南理工大学,1
信息学部,微电子与通信工程学院,本科,2021,升学,南京大学,1
信息学部,微电子与通信工程学院,本科,2021,升学,哈尔滨工业大学,1
信息学部,微电子与通信工程学院,本科,2021,升学,复旦大学,1
信息学部,微电子与通信工程学院,本科,2021,升学,天津大学,2
信息学部,微电子与通信工程学院,本科,2021,升学,清华大学,2
信息学部,微电子与通信工程学院,本科,2021,升学,清华大学深圳国际研究生院,1
信息学部,微电子与通信工程学院,本科,2021,升学,清华大学深圳研究生院,1
信息学部,微电子与通信工程学院,本科,2021,升学,电信科学技术研究院,1
信息学部,微电子与通信工程学院,本科,2021,升学,电子科技大学,23
信息学部,微电子与通信工程学院,本科,2021,升学,西北工业大学,1
信息学部,微电子与通信工程学院,本科,2021,升学,西安交通大学,5
信息学部,微电子与通信工程学院,本科,2021,升学,西安电子科技大学,2
信息学部,微电子与通信工程学院,本科,2021,升学,贵州大学,1
信息学部,微电子与通信工程学院,本科,2021,就业,世源科技工程有限公司,2
信息学部,微电子与通信工程学院,本科,2021,就业,中兴通讯股份有限公司,2
信息学部,微电子与通信工程学院,本科,2021,就业,中国联合网络通信有限公司重庆市分公司,2
信息学部,微电子与通信工程学院,本科,2021,就业,其他,69
信息学部,微电子与通信工程学院,本科,2021,就业,北京六方云科技有限公司,2
信息学部,微电子与通信工程学院,本科,2021,就业,华为技术有限公司,4
信息学部,微电子与通信工程学院,本科,2021,就业,比亚迪股份有限公司,3
信息学部,微电子与通信工程学院,本科,2021,就业,西安闻泰信息技术有限公司,2
信息学部,微电子与通信工程学院,本科,2021,就业,重庆大学,67
信息学部,微电子与通信工程学院,本科,2021,就业,重庆长安汽车股份有限公司,2
信息学部,微电子与通信工程学院,本科,2021,选调生,中共黔东南州委组织部,1
信息学部,微电子与通信工程学院,本科,2021,选调生,广西壮族自治区党委组织部干部规划办,1
信息学部,微电子与通信工程学院,本科,2021,选调生,广西壮族自治区党委组织部干部规划办(定向选调生),1
信息学部,微电子与通信工程学院,本科,2021,选调生,江城县工信局,1
信息学部,微电子与通信工程学院,本科,2022,出国(境)留学或工作,伦敦大学学院,1
信息学部,微电子与通信工程学院,本科,2022,出国(境)留学或工作,密歇根大学,1
信息学部,微电子与通信工程学院,本科,2022,出国(境)留学或工作,新加坡国立大学,3
信息学部,微电子与通信工程学院,本科,2022,出国(境)留学或工作,早稻田大学,1
信息学部,微电子与通信工程学院,本科,2022,出国(境)留学或工作,澳门大学,3
信息学部,微电子与通信工程学院,本科,2022,出国(境)留学或工作,纽约大学,1
信息学部,微电子与通信工程学院,本科,2022,出国(境)留学或工作,西北大学,1
信息学部,微电子与通信工程学院,本科,2022,出国(境)留学或工作,香港城市大学,2
信息学部,微电子与通信工程学院,本科,2022,出国(境)留学或工作,香港大学,1
信息学部,微电子与通信工程学院,本科,2022,出国(境)留学或工作,香港科技大学,4
信息学部,微电子与通信工程学院,本科,2022,升学,上海交通大学,2
信息学部,微电子与通信工程学院,本科,2022,升学,上海科技大学,1
信息学部,微电子与通信工程学院,本科,2022,升学,东南大学,8
信息学部,微电子与通信工程学院,本科,2022,升学,中国传媒大学,1
信息学部,微电子与通信工程学院,本科,2022,升学,中国北方车辆研究所,1
信息学部,微电子与通信工程学院,本科,2022,升学,中国电子科技集团公司第十研究所,1
信息学部,微电子与通信工程学院,本科,2022,升学,中国石油大学(华东),1
信息学部,微电子与通信工程学院,本科,2022,升学,中国科学院大学,6
信息学部,微电子与通信工程学院,本科,2022,升学,中国空间技术研究院,1
信息学部,微电子与通信工程学院,本科,2022,升学,中国运载火箭技术研究院772所,1
信息学部,微电子与通信工程学院,本科,2022,升学,云南大学,1
信息学部,微电子与通信工程学院,本科,2022,升学,兰州大学,1
信息学部,微电子与通信工程学院,本科,2022,升学,北京大学,2
信息学部,微电子与通信工程学院,本科,2022,升学,北京师范大学,1
信息学部,微电子与通信工程学院,本科,2022,升学,北京理工大学,3
信息学部,微电子与通信工程学院,本科,2022,升学,北京航空航天大学,1
信息学部,微电子与通信工程学院,本科,2022,升学,华中科技大学,2
信息学部,微电子与通信工程学院,本科,2022,升学,华南理工大学,3
信息学部,微电子与通信工程学院,本科,2022,升学,南京大学,3
信息学部,微电子与通信工程学院,本科,2022,升学,厦门大学,1
信息学部,微电子与通信工程学院,本科,2022,升学,哈尔滨工业大学,1
信息学部,微电子与通信工程学院,本科,2022,升学,哈尔滨工程大学,1
信息学部,微电子与通信工程学院,本科,2022,升学,四川大学,1
信息学部,微电子与通信工程学院,本科,2022,升学,国科大杭州高等研究院,1
信息学部,微电子与通信工程学院,本科,2022,升学,国防科技大学,1
信息学部,微电子与通信工程学院,本科,2022,升学,复旦大学,1
信息学部,微电子与通信工程学院,本科,2022,升学,天津大学,1
信息学部,微电子与通信工程学院,本科,2022,升学,新疆大学,1
信息学部,微电子与通信工程学院,本科,2022,升学,武汉大学,2
信息学部,微电子与通信工程学院,本科,2022,升学,浙江大学,3
信息学部,微电子与通信工程学院,本科,2022,升学,清华大学,1
信息学部,微电子与通信工程学院,本科,2022,升学,电子科技大学,32
信息学部,微电子与通信工程学院,本科,2022,升学,电子科技大学(非全日制),1
信息学部,微电子与通信工程学院,本科,2022,升学,西安交通大学,1
信息学部,微电子与通信工程学院,本科,2022,升学,西安电子科技大学,1
信息学部,微电子与通信工程学院,本科,2022,升学,重庆大学,72
信息学部,微电子与通信工程学院,本科,2022,就业,上汽通用五菱汽车股份有限公司,2
信息学部,微电子与通信工程学院,本科,2022,就业,中兴通讯股份有限公司,4
信息学部,微电子与通信工程学院,本科,2022,就业,中电科技集团重庆声光电有限公司,3
信息学部,微电子与通信工程学院,本科,2022,就业,中移物联网有限公司,4
信息学部,微电子与通信工程学院,本科,2022,就业,其他,43
信息学部,微电子与通信工程学院,本科,2022,就业,华为技术有限公司,2
信息学部,微电子与通信工程学院,本科,2022,就业,厦门亿联网络技术股份有限公司,2
信息学部,微电子与通信工程学院,本科,2022,就业,成都储迅科技有限责任公司上海分公司,2
信息学部,微电子与通信工程学院,本科,2022,就业,普联技术有限公司,5
信息学部,微电子与通信工程学院,本科,2022,就业,杭州熠芯科技有限公司,2
信息学部,微电子与通信工程学院,本科,2022,就业,海能达通信股份有限公司,2
信息学部,微电子与通信工程学院,本科,2022,就业,深圳和而泰智能控制股份有限公司,2
信息学部,微电子与通信工程学院,本科,2022,就业,火光课堂教育科技(重庆)有限公司,2
信息学部,微电子与通信工程学院,本科,2022,就业,苏州睿新微系统技术有限公司,5
信息学部,微电子与通信工程学院,本科,2022,就业,记忆科技(深圳)有限公司,2
信息学部,微电子与通信工程学院,本科,2022,选调生,中共黔西南州委组织部,1
信息学部,微电子与通信工程学院,本科,2023,出国(境)留学或工作,东洋言语学院,1
信息学部,微电子与通信工程学院,本科,2023,出国(境)留学或工作,代尔夫特理工大学,1
信息学部,微电子与通信工程学院,本科,2023,出国(境)留学或工作,优尼塔斯日本语学校甲府校,1
信息学部,微电子与通信工程学院,本科,2023,出国(境)留学或工作,加州大学洛杉矶分校,1
信息学部,微电子与通信工程学院,本科,2023,出国(境)留学或工作,布里斯托大学,1
信息学部,微电子与通信工程学院,本科,2023,出国(境)留学或工作,悉尼大学,1
信息学部,微电子与通信工程学院,本科,2023,出国(境)留学或工作,新加坡国立大学,2
信息学部,微电子与通信工程学院,本科,2023,出国(境)留学或工作,格拉斯哥大学,1
信息学部,微电子与通信工程学院,本科,2023,出国(境)留学或工作,雪城大学,1
信息学部,微电子与通信工程学院,本科,2023,出国(境)留学或工作,香港科技大学,1
信息学部,微电子与通信工程学院,本科,2023,出国(境)留学或工作,香港科技大学(广州校区),1
信息学部,微电子与通信工程学院,本科,2023,升学,上海交通大学,2
信息学部,微电子与通信工程学院,本科,2023,升学,东南大学,5
信息学部,微电子与通信工程学院,本科,2023,升学,中国工程物理研究院,1
信息学部,微电子与通信工程学院,本科,2023,升学,中国电子科技集团公司第五十五研究所,2
信息学部,微电子与通信工程学院,本科,2023,升学,中国石油大学(华东),1
信息学部,微电子与通信工程学院,本科,2023,升学,中国科学技术大学,1
信息学部,微电子与通信工程学院,本科,2023,升学,中国科学院信息工程研究所,1
信息学部,微电子与通信工程学院,本科,2023,升学,中国科学院大学,1
信息学部,微电子与通信工程学院,本科,2023,升学,中山大学,2
信息学部,微电子与通信工程学院,本科,2023,升学,兰州大学,1
信息学部,微电子与通信工程学院,本科,2023,升学,北京理工大学,4
信息学部,微电子与通信工程学院,本科,2023,升学,北京邮电大学,1
信息学部,微电子与通信工程学院,本科,2023,升学,华东师范大学,1
信息学部,微电子与通信工程学院,本科,2023,升学,华中科技大学,5
信息学部,微电子与通信工程学院,本科,2023,升学,华南理工大学,5
信息学部,微电子与通信工程学院,本科,2023,升学,南京大学,7
信息学部,微电子与通信工程学院,本科,2023,升学,南方科技大学,3
信息学部,微电子与通信工程学院,本科,2023,升学,厦门大学,1
信息学部,微电子与通信工程学院,本科,2023,升学,哈尔滨工业大学,1
信息学部,微电子与通信工程学院,本科,2023,升学,四川大学,1
信息学部,微电子与通信工程学院,本科,2023,升学,国防科学技术大学,1
信息学部,微电子与通信工程学院,本科,2023,升学,复旦大学,2
信息学部,微电子与通信工程学院,本科,2023,升学,武汉大学,3
信息学部,微电子与通信工程学院,本科,2023,升学,浙江大学,5
信息学部,微电子与通信工程学院,本科,2023,升学,深圳大学,1
信息学部,微电子与通信工程学院,本科,2023,升学,清华大学深圳国际研究生院,1
信息学部,微电子与通信工程学院,本科,2023,升学,电子科技大学,25
信息学部,微电子与通信工程学院,本科,2023,升学,西南大学,2
信息学部,微电子与通信工程学院,本科,2023,升学,西南科技大学,1
信息学部,微电子与通信工程学院,本科,2023,升学,西安交通大学,5
信息学部,微电子与通信工程学院,本科,2023,升学,郑州大学,1
信息学部,微电子与通信工程学院,本科,2023,升学,重庆大学,53
信息学部,微电子与通信工程学院,本科,2023,就业,中电科芯片技术(集团)有限公司,2
信息学部,微电子与通信工程学院,本科,2023,就业,其他,44
信息学部,微电子与通信工程学院,本科,2023,就业,广东电网有限责任公司,2
信息学部,微电子与通信工程学院,本科,2023,就业,成都华为技术有限公司,2
信息学部,微电子与通信工程学院,本科,2023,就业,比亚迪股份有限公司,6
信息学部,微电子与通信工程学院,本科,2023,就业,深圳市洲明科技股份有限公司,3
信息学部,微电子与通信工程学院,本科,2023,就业,深圳拓邦股份有限公司,2
信息学部,微电子与通信工程学院,本科,2023,就业,湖北三江航天红峰控制有限公司,4
信息学部,微电子与通信工程学院,硕士,2021,出国(境)留学或工作,伦敦大学玛丽女王学院,2
信息学部,微电子与通信工程学院,硕士,2021,出国(境)留学或工作,根特大学,1
信息学部,微电子与通信工程学院,硕士,2021,出国(境)留学或工作,纽约大学,1
信息学部,微电子与通信工程学院,硕士,2021,出国(境)留学或工作,莱斯大学,1
信息学部,微电子与通信工程学院,硕士,2021,升学,东南大学,1
信息学部,微电子与通信工程学院,硕士,2021,升学,四川大学,1
信息学部,微电子与通信工程学院,硕士,2021,就业,上海浦东发展银行股份有限公司成都分行,4
信息学部,微电子与通信工程学院,硕士,2021,就业,上海艾为电子技术股份有限公司,3
信息学部,微电子与通信工程学院,硕士,2021,就业,东方红卫星移动通信有限公司,3
信息学部,微电子与通信工程学院,硕士,2021,就业,中兴通讯股份有限公司,2
信息学部,微电子与通信工程学院,硕士,2021,就业,中国电子科技集团公司第二十九研究所,2
信息学部,微电子与通信工程学院,硕士,2021,就业,中电科技集团重庆声光电有限公司,4
信息学部,微电子与通信工程学院,硕士,2021,就业,其他,61
信息学部,微电子与通信工程学院,硕士,2021,就业,北京三快在线科技有限公司,3
信息学部,微电子与通信工程学院,硕士,2021,就业,华为技术有限公司,2
信息学部,微电子与通信工程学院,硕士,2021,就业,奇安信科技集团股份有限公司,2
信息学部,微电子与通信工程学院,硕士,2021,就业,安徽芯纪元科技有限公司,2
信息学部,微电子与通信工程学院,硕士,2021,就业,展讯半导体(成都)有限公司,5
信息学部,微电子与通信工程学院,硕士,2021,就业,成都华为技术有限公司,6
信息学部,微电子与通信工程学院,硕士,2021,就业,招银网络科技(深圳)有限公司成都分公司,5
信息学部,微电子与通信工程学院,硕士,2021,就业,浙江大华技术股份有限公司,2
信息学部,微电子与通信工程学院,硕士,2021,就业,百度在线网络技术(北京)有限公司,3
信息学部,微电子与通信工程学院,硕士,2021,就业,紫光展锐(重庆)科技有限公司,6
信息学部,微电子与通信工程学院,硕士,2021,就业,腾讯科技(深圳)有限公司,2
信息学部,微电子与通信工程学院,硕士,2021,就业,重庆两江卫星移动通信有限公司,2
信息学部,微电子与通信工程学院,硕士,2021,就业,顺丰科技有限公司,2
信息学部,微电子与通信工程学院,硕士,2021,选调生,中共德阳市委组织部,1
信息学部,微电子与通信工程学院,硕士,2021,选调生,中共成都市委组织部,1
信息学部,微电子与通信工程学院,硕士,2021,选调生,中共毕节市委组织部,1
信息学部,微电子与通信工程学院,硕士,2021,选调生,中共泸州市委组织部,1
信息学部,微电子与通信工程学院,硕士,2021,选调生,中共益阳市委组织部,1
信息学部,微电子与通信工程学院,硕士,2021,选调生,中共贵州省委组织部,1
信息学部,微电子与通信工程学院,硕士,2021,选调生,中共重庆市委组织部,2
信息学部,微电子与通信工程学院,硕士,2021,选调生,广西壮族自治区党委组织部干部规划办(定向选调生),1
信息学部,微电子与通信工程学院,硕士,2022,出国(境)留学或工作,伦敦大学皇后玛丽学院,1
信息学部,微电子与通信工程学院,硕士,2022,出国(境)留学或工作,西安大略大学,1
信息学部,微电子与通信工程学院,硕士,2022,升学,重庆大学,6
信息学部,微电子与通信工程学院,硕士,2022,就业,中兴通讯股份有限公司,2
信息学部,微电子与通信工程学院,硕士,2022,就业,中电科技集团重庆声光电有限公司,5
信息学部,微电子与通信工程学院,硕士,2022,就业,其他,58
信息学部,微电子与通信工程学院,硕士,2022,就业,北森云计算有限公司,2
信息学部,微电子与通信工程学院,硕士,2022,就业,国网重庆市电力公司,2
信息学部,微电子与通信工程学院,硕士,2022,就业,小米通讯技术有限公司,8
信息学部,微电子与通信工程学院,硕士,2022,就业,成都华为技术有限公司,10
信息学部,微电子与通信工程学院,硕士,2022,就业,成都大华智联信息技术有限公司,3
信息学部,微电子与通信工程学院,硕士,2022,就业,成都市联洲国际技术有限公司,2
信息学部,微电子与通信工程学院,硕士,2022,就业,杭州巨量引擎网络技术有限公司,3
信息学部,微电子与通信工程学院,硕士,2022,就业,杭州海康威视数字技术股份有限公司,2
信息学部,微电子与通信工程学院,硕士,2022,就业,百度智能云(成都)科技有限公司,2
信息学部,微电子与通信工程学院,硕士,2022,就业,科大讯飞股份有限公司,2
信息学部,微电子与通信工程学院,硕士,2022,就业,紫光展锐(重庆)科技有限公司,5
信息学部,微电子与通信工程学院,硕士,2022,就业,联发科技(合肥)有限公司,4
信息学部,微电子与通信工程学院,硕士,2022,就业,联发芯软件设计(成都)有限公司,3
信息学部,微电子与通信工程学院,硕士,2022,就业,联合微电子中心有限责任公司,2
信息学部,微电子与通信工程学院,硕士,2022,就业,腾讯科技(成都)有限公司,2
信息学部,微电子与通信工程学院,硕士,2022,就业,腾讯科技(深圳)有限公司,3
信息学部,微电子与通信工程学院,硕士,2022,就业,超威半导体(上海)有限公司,2
信息学部,微电子与通信工程学院,硕士,2022,就业,重庆吉芯科技有限公司,3
信息学部,微电子与通信工程学院,硕士,2022,就业,锐捷网络股份有限公司,3
信息学部,微电子与通信工程学院,硕士,2022,就业,阿里巴巴(中国)有限公司,2
信息学部,微电子与通信工程学院,硕士,2022,选调生,中共贵阳市委组织部,1
信息学部,微电子与通信工程学院,硕士,2022,选调生,中国共产党重庆市委员会组织部,1
信息学部,微电子与通信工程学院,硕士,2022,选调生,中国共产党长治市委员会办公室,1
信息学部,微电子与通信工程学院,硕士,2023,升学,华中科技大学,1
信息学部,微电子与通信工程学院,硕士,2023,升学,哈尔滨工业大学(深圳),1
信息学部,微电子与通信工程学院,硕士,2023,升学,清华大学深圳国际研究生院,1
信息学部,微电子与通信工程学院,硕士,2023,升学,电子科技大学,1
信息学部,微电子与通信工程学院,硕士,2023,升学,苏州大学,1
信息学部,微电子与通信工程学院,硕士,2023,升学,重庆大学,6
信息学部,微电子与通信工程学院,硕士,2023,就业,中兴通讯股份有限公司,2
信息学部,微电子与通信工程学院,硕士,2023,就业,中国星网网络应用有限公司,2
信息学部,微电子与通信工程学院,硕士,2023,就业,中电科技集团重庆声光电有限公司,9
信息学部,微电子与通信工程学院,硕士,2023,就业,中电科芯片技术(集团)有限公司,3
信息学部,微电子与通信工程学院,硕士,2023,就业,其他,73
信息学部,微电子与通信工程学院,硕士,2023,就业,华为技术有限公司,4
信息学部,微电子与通信工程学院,硕士,2023,就业,成都华微电子科技股份有限公司,2
信息学部,微电子与通信工程学院,硕士,2023,就业,成都飞机工业(集团)有限责任公司,3
信息学部,微电子与通信工程学院,硕士,2023,就业,比亚迪股份有限公司,2
信息学部,微电子与通信工程学院,硕士,2023,就业,湖南国科微电子股份有限公司,2
信息学部,微电子与通信工程学院,硕士,2023,就业,芯原微电子(成都)有限公司,2
信息学部,微电子与通信工程学院,硕士,2023,就业,西南电子设备研究所(中国电子科技集团公司第二十九研究所),2
信息学部,微电子与通信工程学院,硕士,2023,就业,重庆长安汽车股份有限公司,2
信息学部,微电子与通信工程学院,硕士,2023,就业,重庆长安汽车软件科技有限公司,2
信息学部,微电子与通信工程学院,硕士,2023,就业,锐捷网络股份有限公司,2
信息学部,微电子与通信工程学院,硕士,2023,就业,青岛海尔人力资源开发有限公司,2
信息学部,微电子与通信工程学院,硕士,2023,选调生,中共荆门市委组织部,1
信息学部,微电子与通信工程学院,硕士,2023,选调生,中共遵义市委组织部,1
信息学部,微电子与通信工程学院,硕士,2023,选调生,中国共产党达州市委员会组织部,1
信息学部,自动化学院,博士,2021,就业,中国人民解放军63790部队,1
信息学部,自动化学院,博士,2021,就业,中国矿业大学,1
信息学部,自动化学院,博士,2021,就业,南昌大学,2
信息学部,自动化学院,博士,2021,就业,合肥工业大学,1
信息学部,自动化学院,博士,2021,就业,太原理工大学,1
信息学部,自动化学院,博士,2021,就业,山东大学,1
信息学部,自动化学院,博士,2021,就业,山东理工大学,1
信息学部,自动化学院,博士,2021,就业,成都信息工程大学,1
信息学部,自动化学院,博士,2021,就业,昆明理工大学,1
信息学部,自动化学院,博士,2021,就业,浙江大学,1
信息学部,自动化学院,博士,2021,就业,谢菲尔德大学,1
信息学部,自动化学院,博士,2021,就业,贵州大学,1
信息学部,自动化学院,博士,2021,就业,重庆交通大学,1
信息学部,自动化学院,博士,2021,就业,重庆科技学院,2
信息学部,自动化学院,博士,2021,就业,重庆邮电大学,1
信息学部,自动化学院,博士,2021,就业,重庆长安工业(集团)有限责任公司,1
信息学部,自动化学院,博士,2022,出国(境)留学或工作,南洋理工大学,1
信息学部,自动化学院,博士,2022,就业,中国科学技术大学,1
信息学部,自动化学院,博士,2022,就业,西南交通大学,1
信息学部,自动化学院,博士,2022,就业,重庆工商大学,1
信息学部,自动化学院,博士,2022,就业,重庆科技学院,1
信息学部,自动化学院,博士,2022,就业,重庆邮电大学,6
信息学部,自动化学院,博士,2022,就业,陕西科技大学,1
信息学部,自动化学院,博士,2022,就业,香港理工大学,1
信息学部,自动化学院,博士,2022,选调生,中国共产党重庆市委员会组织部,1
信息学部,自动化学院,博士,2023,就业,中国科学院深圳先进技术研究院,1
信息学部,自动化学院,博士,2023,就业,昆明理工大学,1
信息学部,自动化学院,博士,2023,就业,河南工业大学,1
信息学部,自动化学院,博士,2023,就业,西安建筑科技大学,1
信息学部,自动化学院,博士,2023,就业,重庆科技学院,2
信息学部,自动化学院,博士,2023,就业,重庆邮电大学,3
信息学部,自动化学院,博士,2023,就业,香港城市大学,1
信息学部,自动化学院,本科,2021,出国(境)留学或工作,伦敦大学学院,1
信息学部,自动化学院,本科,2021,出国(境)留学或工作,凯斯西储大学,1
信息学部,自动化学院,本科,2021,出国(境)留学或工作,南洋理工大学,1
信息学部,自动化学院,本科,2021,出国(境)留学或工作,名古屋工业大学,1
信息学部,自动化学院,本科,2021,出国(境)留学或工作,埃尔朗根-纽伦堡大学,1
信息学部,自动化学院,本科,2021,出国(境)留学或工作,墨尔本大学,1
信息学部,自动化学院,本科,2021,出国(境)留学或工作,香港中文大学(深圳),1
信息学部,自动化学院,本科,2021,出国(境)留学或工作,香港城市大学,1
信息学部,自动化学院,本科,2021,出国(境)留学或工作,鲁汶大学(荷语),1
信息学部,自动化学院,本科,2021,升学,上海交通大学,2
信息学部,自动化学院,本科,2021,升学,上海科技大学,1
信息学部,自动化学院,本科,2021,升学,东南大学,3
信息学部,自动化学院,本科,2021,升学,中南大学,1
信息学部,自动化学院,本科,2021,升学,中南财经政法大学(第二学位),1
信息学部,自动化学院,本科,2021,升学,中国科学技术大学,1
信息学部,自动化学院,本科,2021,升学,中国科学院光电技术研究所,1
信息学部,自动化学院,本科,2021,升学,中国科学院国家空间科学中心,1
信息学部,自动化学院,本科,2021,升学,中国科学院自动化所,1
信息学部,自动化学院,本科,2021,升学,中国科学院长春光学精密机械与物理研究所,1
信息学部,自动化学院,本科,2021,升学,北京师范大学,1
信息学部,自动化学院,本科,2021,升学,北京理工大学,2
信息学部,自动化学院,本科,2021,升学,北京科技大学,1
信息学部,自动化学院,本科,2021,升学,北京航空航天大学,1
信息学部,自动化学院,本科,2021,升学,华中科技大学,3
信息学部,自动化学院,本科,2021,升学,华南理工大学,3
信息学部,自动化学院,本科,2021,升学,南京航空航天大学,1
信息学部,自动化学院,本科,2021,升学,哈尔滨工业大学,1
信息学部,自动化学院,本科,2021,升学,哈尔滨工业大学(深圳),1
信息学部,自动化学院,本科,2021,升学,复旦大学,1
信息学部,自动化学院,本科,2021,升学,天津大学,1
信息学部,自动化学院,本科,2021,升学,浙江大学,1
信息学部,自动化学院,本科,2021,升学,清华大学深圳国际研究生院,1
信息学部,自动化学院,本科,2021,升学,电子科技大学,1
信息学部,自动化学院,本科,2021,升学,西北工业大学,3
信息学部,自动化学院,本科,2021,升学,西安交通大学,6
信息学部,自动化学院,本科,2021,升学,贵州航天控制技术有限公司,1
信息学部,自动化学院,本科,2021,升学,重庆大学,78
信息学部,自动化学院,本科,2021,就业,三诺生物传感股份有限公司,3
信息学部,自动化学院,本科,2021,就业,上汽通用五菱汽车股份有限公司,2
信息学部,自动化学院,本科,2021,就业,东风汽车集团有限公司技术中心,2
信息学部,自动化学院,本科,2021,就业,中兴通讯股份有限公司,2
信息学部,自动化学院,本科,2021,就业,中国建筑第四工程局有限公司,2
信息学部,自动化学院,本科,2021,就业,中电科技集团重庆声光电有限公司,2
信息学部,自动化学院,本科,2021,就业,其他,63
信息学部,自动化学院,本科,2021,就业,江西洪都航空工业集团有限责任公司,2
信息学部,自动化学院,本科,2021,就业,紫金矿业集团股份有限公司,4
信息学部,自动化学院,本科,2021,就业,重庆长安民生物流股份有限公司,3
信息学部,自动化学院,本科,2021,就业,重庆长安汽车股份有限公司,8
信息学部,自动化学院,本科,2021,就业,重庆长安汽车软件科技有限公司,2
信息学部,自动化学院,本科,2021,选调生,中共贵阳市委组织部,1
信息学部,自动化学院,本科,2022,出国(境)留学或工作,东北大学,1
信息学部,自动化学院,本科,2022,出国(境)留学或工作,代尔夫特理工大学,1
信息学部,自动化学院,本科,2022,出国(境)留学或工作,华威大学,1
信息学部,自动化学院,本科,2022,出国(境)留学或工作,蒙纳士大学,1
信息学部,自动化学院,本科,2022,出国(境)留学或工作,香港大学,3
信息学部,自动化学院,本科,2022,出国(境)留学或工作,香港理工大学,1
信息学部,自动化学院,本科,2022,升学,上海交通大学,1
信息学部,自动化学院,本科,2022,升学,上海大学,1
信息学部,自动化学院,本科,2022,升学,东南大学,4
信息学部,自动化学院,本科,2022,升学,中南大学,1
信息学部,自动化学院,本科,2022,升学,中国人民解放军国防科技大学,2
信息学部,自动化学院,本科,2022,升学,中国原子能科学研究院,1
信息学部,自动化学院,本科,2022,升学,中国科学技术大学,3
信息学部,自动化学院,本科,2022,升学,中国科学院大学,2
信息学部,自动化学院,本科,2022,升学,中国科学院大学自动化研究所,1
信息学部,自动化学院,本科,2022,升学,中国科学院近代物理研究所,2
信息学部,自动化学院,本科,2022,升学,兰州大学,2
信息学部,自动化学院,本科,2022,升学,北京航空航天大学,1
信息学部,自动化学院,本科,2022,升学,华中科技大学,7
信息学部,自动化学院,本科,2022,升学,华南理工大学,2
信息学部,自动化学院,本科,2022,升学,南京理工大学,1
信息学部,自动化学院,本科,2022,升学,南京航空航天大学,2
信息学部,自动化学院,本科,2022,升学,厦门大学,1
信息学部,自动化学院,本科,2022,升学,同济大学,1
信息学部,自动化学院,本科,2022,升学,哈尔滨工业大学,1
信息学部,自动化学院,本科,2022,升学,四川大学(非全日制),1
信息学部,自动化学院,本科,2022,升学,山东大学,1
信息学部,自动化学院,本科,2022,升学,广西民族大学,1
信息学部,自动化学院,本科,2022,升学,浙江大学,1
信息学部,自动化学院,本科,2022,升学,湖南师范大学,1
信息学部,自动化学院,本科,2022,升学,电子科技大学,2
信息学部,自动化学院,本科,2022,升学,西北工业大学,2
信息学部,自动化学院,本科,2022,升学,西北工业大学(非全日制),1
信息学部,自动化学院,本科,2022,升学,西安交通大学,10
信息学部,自动化学院,本科,2022,就业,三峡物资招标管理有限公司,2
信息学部,自动化学院,本科,2022,就业,中电科技集团重庆声光电有限公司,4
信息学部,自动化学院,本科,2022,就业,其他,63
信息学部,自动化学院,本科,2022,就业,北京四方继保自动化股份有限公司,2
信息学部,自动化学院,本科,2022,就业,成都飞机工业(集团)有限责任公司,2
信息学部,自动化学院,本科,2022,就业,比亚迪股份有限公司,4
信息学部,自动化学院,本科,2022,就业,潍柴动力股份有限公司重庆分公司,3
信息学部,自动化学院,本科,2022,就业,重庆博张机电设备有限公司,3
信息学部,自动化学院,本科,2022,就业,重庆大学,79
信息学部,自动化学院,本科,2022,就业,重庆川仪分析仪器有限公司,2
信息学部,自动化学院,本科,2022,就业,重庆长安汽车软件科技有限公司,3
信息学部,自动化学院,本科,2022,志愿服务西部计划,綦江区通惠街道办事处,1
信息学部,自动化学院,本科,2022,选调生,中共成都市委组织部,2
信息学部,自动化学院,本科,2022,选调生,宁夏固原市泾源县泾河源镇,1
信息学部,自动化学院,本科,2023,出国(境)留学或工作,伦敦国王学院,1
信息学部,自动化学院,本科,2023,出国(境)留学或工作,南安普顿大学,1
信息学部,自动化学院,本科,2023,出国(境)留学或工作,德累斯顿工业大学,1
信息学部,自动化学院,本科,2023,出国(境)留学或工作,香港大学,1
信息学部,自动化学院,本科,2023,升学,上海交通大学,1
信息学部,自动化学院,本科,2023,升学,东北大学,1
信息学部,自动化学院,本科,2023,升学,东南大学,4
信息学部,自动化学院,本科,2023,升学,中南大学,2
信息学部,自动化学院,本科,2023,升学,中国科学技术大学,2
信息学部,自动化学院,本科,2023,升学,中国科学院国家空间科学中心,1
信息学部,自动化学院,本科,2023,升学,中国科学院大学,1
信息学部,自动化学院,本科,2023,升学,中国科学院空天信息研究院,1
信息学部,自动化学院,本科,2023,升学,中国航天空气动力技术研究院,1
信息学部,自动化学院,本科,2023,升学,兰州大学,1
信息学部,自动化学院,本科,2023,升学,北京理工大学,2
信息学部,自动化学院,本科,2023,升学,华中科技大学,12
信息学部,自动化学院,本科,2023,升学,华南理工大学,4
信息学部,自动化学院,本科,2023,升学,南京理工大学,4
信息学部,自动化学院,本科,2023,升学,南京航空航天大学,2
信息学部,自动化学院,本科,2023,升学,南方科技大学,1
信息学部,自动化学院,本科,2023,升学,哈尔滨工业大学,1
信息学部,自动化学院,本科,2023,升学,哈尔滨工程大学青岛创新发展基地,1
信息学部,自动化学院,本科,2023,升学,四川大学,1
信息学部,自动化学院,本科,2023,升学,国防科学技术大学,4
信息学部,自动化学院,本科,2023,升学,天津大学,2
信息学部,自动化学院,本科,2023,升学,山东大学,1
信息学部,自动化学院,本科,2023,升学,武汉大学,1
信息学部,自动化学院,本科,2023,升学,浙江大学,4
信息学部,自动化学院,本科,2023,升学,清华大学,2
信息学部,自动化学院,本科,2023,升学,电信科学技术研究院,1
信息学部,自动化学院,本科,2023,升学,电子科技大学,1
信息学部,自动化学院,本科,2023,升学,西北工业大学,2
信息学部,自动化学院,本科,2023,升学,西安交通大学,7
信息学部,自动化学院,本科,2023,升学,重庆大学,47
信息学部,自动化学院,本科,2023,就业,一汽解放汽车有限公司无锡柴油机厂,2
信息学部,自动化学院,本科,2023,就业,东风汽车集团股份有限公司,2
信息学部,自动化学院,本科,2023,就业,中国建筑第七工程局有限公司,2
信息学部,自动化学院,本科,2023,就业,中航天建设工程集团有限公司,2
信息学部,自动化学院,本科,2023,就业,中铁大桥局集团有限公司,2
信息学部,自动化学院,本科,2023,就业,其他,65
信息学部,自动化学院,本科,2023,就业,华能重庆珞璜发电有限责任公司,2
信息学部,自动化学院,本科,2023,就业,宁德时代新能源科技股份有限公司,2
信息学部,自动化学院,本科,2023,就业,比亚迪股份有限公司,16
信息学部,自动化学院,本科,2023,就业,珠海格力电器股份有限公司,3
信息学部,自动化学院,本科,2023,就业,赛力斯汽车有限公司,2
信息学部,自动化学院,本科,2023,就业,重庆四联传感器技术有限公司,3
信息学部,自动化学院,本科,2023,就业,重庆药友制药有限责任公司,2
信息学部,自动化学院,本科,2023,就业,重庆长安汽车股份有限公司,3
信息学部,自动化学院,本科,2023,就业,雅砻江流域水电开发有限公司,2
信息学部,自动化学院,本科,2023,就业,零八一电子集团有限公司,2
信息学部,自动化学院,本科,2023,选调生,中共安顺市委组织部,1
信息学部,自动化学院,本科,2023,选调生,中共遵义市委组织部,1
信息学部,自动化学院,本科,2023,选调生,中共陕西省委组织部,1
信息学部,自动化学院,本科,2023,选调生,中国共产党内江市委员会组织部(待分配),1
信息学部,自动化学院,本科,2023,选调生,孟连县政务服务管理局,1
信息学部,自动化学院,硕士,2021,升学,东南大学,1
信息学部,自动化学院,硕士,2021,升学,北京理工大学,1
信息学部,自动化学院,硕士,2021,升学,重庆大学,4
信息学部,自动化学院,硕士,2021,就业,上海浦东发展银行股份有限公司成都分行,3
信息学部,自动化学院,硕士,2021,就业,东方红卫星移动通信有限公司,9
信息学部,自动化学院,硕士,2021,就业,中国电子科技集团公司第三十研究所,2
信息学部,自动化学院,硕士,2021,就业,中国航发贵州黎阳航空发动机有限公司,2
信息学部,自动化学院,硕士,2021,就业,中电科技集团重庆声光电有限公司,3
信息学部,自动化学院,硕士,2021,就业,其他,63
信息学部,自动化学院,硕士,2021,就业,北京三快在线科技有限公司,2
信息学部,自动化学院,硕士,2021,就业,北京达佳互联信息技术有限公司,2
信息学部,自动化学院,硕士,2021,就业,华为技术有限公司,2
信息学部,自动化学院,硕士,2021,就业,建信金融科技有限责任公司,3
信息学部,自动化学院,硕士,2021,就业,成都华为技术有限公司,3
信息学部,自动化学院,硕士,2021,就业,新华三技术有限公司成都分公司,2
信息学部,自动化学院,硕士,2021,就业,易企银(杭州)科技有限公司,2
信息学部,自动化学院,硕士,2021,就业,汉海信息技术(上海)有限公司,2
信息学部,自动化学院,硕士,2021,就业,浙江大华技术股份有限公司,4
信息学部,自动化学院,硕士,2021,就业,深信服科技股份有限公司,2
信息学部,自动化学院,硕士,2021,就业,潍柴动力股份有限公司,3
信息学部,自动化学院,硕士,2021,就业,腾讯科技(深圳)有限公司,2
信息学部,自动化学院,硕士,2021,就业,重庆两江卫星移动通信有限公司,2
信息学部,自动化学院,硕士,2021,就业,重庆中兴软件有限责任公司,3
信息学部,自动化学院,硕士,2021,就业,重庆中科云从科技有限公司,2
信息学部,自动化学院,硕士,2021,就业,顺丰科技有限公司,2
信息学部,自动化学院,硕士,2021,选调生,中共江西省委组织部,1
信息学部,自动化学院,硕士,2021,选调生,中共重庆市委组织部,2
信息学部,自动化学院,硕士,2021,选调生,中国共产党遂宁市委员会组织部,1
信息学部,自动化学院,硕士,2022,出国(境)留学或工作,萨里大学,1
信息学部,自动化学院,硕士,2022,升学,中国科学技术大学,1
信息学部,自动化学院,硕士,2022,升学,华中科技大学,1
信息学部,自动化学院,硕士,2022,升学,浙江大学,2
信息学部,自动化学院,硕士,2022,升学,重庆大学,4
信息学部,自动化学院,硕士,2022,就业,上海浦东发展银行股份有限公司成都分行,2
信息学部,自动化学院,硕士,2022,就业,中国航空工业集团公司洛阳电光设备研究所,2
信息学部,自动化学院,硕士,2022,就业,中电科技集团重庆声光电有限公司,3
信息学部,自动化学院,硕士,2022,就业,其他,82
信息学部,自动化学院,硕士,2022,就业,成都华为技术有限公司,10
信息学部,自动化学院,硕士,2022,就业,成都市联洲国际技术有限公司,3
信息学部,自动化学院,硕士,2022,就业,支付宝(杭州)信息技术有限公司,2
信息学部,自动化学院,硕士,2022,就业,普联技术有限公司,2
信息学部,自动化学院,硕士,2022,就业,杭州华为企业通信技术有限公司,2
信息学部,自动化学院,硕士,2022,就业,浙江菜鸟传橙网络技术有限公司,3
信息学部,自动化学院,硕士,2022,就业,深圳市大疆创新科技有限公司,2
信息学部,自动化学院,硕士,2022,就业,百度在线网络技术(北京)有限公司,2
信息学部,自动化学院,硕士,2022,就业,谱瑞集成电路(重庆)有限公司,2
信息学部,自动化学院,硕士,2022,就业,重庆万塘信息技术有限公司,3
信息学部,自动化学院,硕士,2022,就业,重庆川仪自动化股份有限公司技术中心,3
信息学部,自动化学院,硕士,2022,就业,重庆长安新能源汽车科技有限公司,2
信息学部,自动化学院,硕士,2022,就业,重庆长安汽车软件科技有限公司,2
信息学部,自动化学院,硕士,2022,就业,阳光电源股份有限公司,3
信息学部,自动化学院,硕士,2022,选调生,中共南昌市委组织部,1
信息学部,自动化学院,硕士,2022,选调生,中共彭水苗族土家族自治县委组织部,1
信息学部,自动化学院,硕士,2022,选调生,中共重庆市委组织部,1
信息学部,自动化学院,硕士,2022,选调生,中共金华市婺城区委组织部,1
信息学部,自动化学院,硕士,2022,选调生,中国共产党宜宾市委员会组织部,1
信息学部,自动化学院,硕士,2022,选调生,中国共产党重庆市委员会组织部,1
信息学部,自动化学院,硕士,2023,升学,同济大学,1
信息学部,自动化学院,硕士,2023,升学,西安交通大学,1
信息学部,自动化学院,硕士,2023,升学,重庆大学,6
信息学部,自动化学院,硕士,2023,就业,中冶赛迪信息技术(重庆)有限公司,3
信息学部,自动化学院,硕士,2023,就业,中国电子科技集团公司第三十研究所,2
信息学部,自动化学院,硕士,2023,就业,中国科学院光电技术研究所,2
信息学部,自动化学院,硕士,2023,就业,中国长安汽车集团有限公司重庆底盘系统分公司,3
信息学部,自动化学院,硕士,2023,就业,中电科技集团重庆声光电有限公司,6
信息学部,自动化学院,硕士,2023,就业,中移(杭州)信息技术有限公司,2
信息学部,自动化学院,硕士,2023,就业,其他,54
信息学部,自动化学院,硕士,2023,就业,北京经纬恒润科技股份有限公司,3
信息学部,自动化学院,硕士,2023,就业,华为技术有限公司,2
信息学部,自动化学院,硕士,2023,就业,南京南瑞继保电气有限公司,2
信息学部,自动化学院,硕士,2023,就业,成都华为技术有限公司,2
信息学部,自动化学院,硕士,2023,就业,新华三技术有限公司成都分公司,2
信息学部,自动化学院,硕士,2023,就业,比亚迪股份有限公司,5
信息学部,自动化学院,硕士,2023,就业,赛力斯汽车有限公司,4
信息学部,自动化学院,硕士,2023,就业,重庆吉芯科技有限公司,3
信息学部,自动化学院,硕士,2023,就业,重庆川仪自动化股份有限公司技术中心,3
信息学部,自动化学院,硕士,2023,就业,重庆星网网络系统研究院有限公司,2
信息学部,自动化学院,硕士,2023,就业,重庆长安汽车股份有限公司,2
信息学部,自动化学院,硕士,2023,就业,重庆长安汽车软件科技有限公司,10
信息学部,自动化学院,硕士,2023,选调生,中共德阳市委组织部,1
信息学部,自动化学院,硕士,2023,选调生,中共重庆市委组织部,2
信息学部,自动化学院,硕士,2023,选调生,中国共产党宜宾市委员会组织部,1
信息学部,自动化学院,硕士,2023,选调生,中国共产党重庆市委员会组织部,1
信息学部,计算机学院,博士,2021,就业,新加坡国立大学,1
信息学部,计算机学院,博士,2021,就业,曙光信息产业(北京)有限公司,1
信息学部,计算机学院,博士,2021,就业,湖南大学,1
信息学部,计算机学院,博士,2021,就业,西北工业大学,1
信息学部,计算机学院,博士,2021,就业,西北师范大学,1
信息学部,计算机学院,博士,2021,就业,贵州中医药大学,1
信息学部,计算机学院,博士,2021,就业,贵州财经大学,1
信息学部,计算机学院,博士,2021,就业,重庆理工大学,1
信息学部,计算机学院,博士,2021,就业,重庆科技学院,1
信息学部,计算机学院,博士,2021,就业,重庆邮电大学,3
信息学部,计算机学院,博士,2022,出国(境)留学或工作,新加坡国立大学,1
信息学部,计算机学院,博士,2022,就业,华为技术有限公司,1
信息学部,计算机学院,博士,2022,就业,南京林业大学,1
信息学部,计算机学院,博士,2022,就业,昆明理工大学,2
信息学部,计算机学院,博士,2022,就业,河南大学,1
信息学部,计算机学院,博士,2022,就业,深圳大学,1
信息学部,计算机学院,博士,2022,就业,贵州大学,1
信息学部,计算机学院,博士,2022,就业,重庆交通大学,3
信息学部,计算机学院,博士,2022,就业,重庆工商大学,1
信息学部,计算机学院,博士,2022,就业,重庆师范大学,1
信息学部,计算机学院,博士,2022,就业,重庆邮电大学,2
信息学部,计算机学院,博士,2022,就业,香港中文大学,1
信息学部,计算机学院,博士,2023,就业,中国联合网络通信有限公司重庆市分公司,1
信息学部,计算机学院,博士,2023,就业,哈尔滨工业大学重庆研究院,1
信息学部,计算机学院,博士,2023,就业,新加坡南洋理工大学,1
信息学部,计算机学院,博士,2023,就业,江南造船(集团)有限责任公司,1
信息学部,计算机学院,博士,2023,就业,湖北民族大学,1
信息学部,计算机学院,博士,2023,就业,电子科技大学(深圳)高等研究院,1
信息学部,计算机学院,博士,2023,就业,西南大学,1
信息学部,计算机学院,博士,2023,就业,贵州大学,1
信息学部,计算机学院,博士,2023,就业,重庆理工大学,1
信息学部,计算机学院,博士,2023,就业,重庆邮电大学,2
信息学部,计算机学院,博士,2023,就业,香港理工大学,1
信息学部,计算机学院,本科,2021,出国(境)留学或工作,东京大学,2
信息学部,计算机学院,本科,2021,出国(境)留学或工作,东北大学,1
信息学部,计算机学院,本科,2021,出国(境)留学或工作,南加利福尼亚大学,1
信息学部,计算机学院,本科,2021,出国(境)留学或工作,卡耐基梅隆大学,1
信息学部,计算机学院,本科,2021,出国(境)留学或工作,名古屋大学,1
信息学部,计算机学院,本科,2021,出国(境)留学或工作,圣路易斯华盛顿,1
信息学部,计算机学院,本科,2021,出国(境)留学或工作,圣路易斯华盛顿大学,2
信息学部,计算机学院,本科,2021,出国(境)留学或工作,墨尔本大学,1
信息学部,计算机学院,本科,2021,出国(境)留学或工作,悉尼大学,3
信息学部,计算机学院,本科,2021,出国(境)留学或工作,慕尼黑工业大学,1
信息学部,计算机学院,本科,2021,出国(境)留学或工作,新加坡国立大学,2
信息学部,计算机学院,本科,2021,出国(境)留学或工作,新南威尔士大学,1
信息学部,计算机学院,本科,2021,出国(境)留学或工作,曼彻斯特大学,1
信息学部,计算机学院,本科,2021,出国(境)留学或工作,温莎大学,1
信息学部,计算机学院,本科,2021,出国(境)留学或工作,莱斯大学,1
信息学部,计算机学院,本科,2021,出国(境)留学或工作,香港中文大学,1
信息学部,计算机学院,本科,2021,出国(境)留学或工作,香港科技大学,2
信息学部,计算机学院,本科,2021,升学,上海科技大学,1
信息学部,计算机学院,本科,2021,升学,上海财经大学,1
信息学部,计算机学院,本科,2021,升学,东南大学,1
信息学部,计算机学院,本科,2021,升学,中南大学,1
信息学部,计算机学院,本科,2021,升学,中国人民大学,1
信息学部,计算机学院,本科,2021,升学,中国原子能科学研究院反应堆工程设计部,1
信息学部,计算机学院,本科,2021,升学,中国地质大学(武汉),2
信息学部,计算机学院,本科,2021,升学,中国科学技术大学,4
信息学部,计算机学院,本科,2021,升学,中国科学院信息工程研究所,3
信息学部,计算机学院,本科,2021,升学,中国科学院计算技术研究所,1
信息学部,计算机学院,本科,2021,升学,中国科学院计算机网络信息中心,1
信息学部,计算机学院,本科,2021,升学,中国科学院软件研究所,1
信息学部,计算机学院,本科,2021,升学,中央财经大学,1
信息学部,计算机学院,本科,2021,升学,中山大学,4
信息学部,计算机学院,本科,2021,升学,云南大学,1
信息学部,计算机学院,本科,2021,升学,北京交通大学,1
信息学部,计算机学院,本科,2021,升学,北京大学,1
信息学部,计算机学院,本科,2021,升学,北京理工大学,6
信息学部,计算机学院,本科,2021,升学,北京航空航天大学,1
信息学部,计算机学院,本科,2021,升学,北京邮电大学,3
信息学部,计算机学院,本科,2021,升学,华中科技大学,4
信息学部,计算机学院,本科,2021,升学,南京大学,3
信息学部,计算机学院,本科,2021,升学,南开大学,2
信息学部,计算机学院,本科,2021,升学,南方科技大学,1
信息学部,计算机学院,本科,2021,升学,厦门大学,1
信息学部,计算机学院,本科,2021,升学,哈尔滨工业大学(深圳),1
信息学部,计算机学院,本科,2021,升学,四川大学,2
信息学部,计算机学院,本科,2021,升学,国防科技大学,1
信息学部,计算机学院,本科,2021,升学,复旦大学,1
信息学部,计算机学院,本科,2021,升学,天津大学,5
信息学部,计算机学院,本科,2021,升学,武汉大学,2
信息学部,计算机学院,本科,2021,升学,浙江大学,1
信息学部,计算机学院,本科,2021,升学,清华大学,3
信息学部,计算机学院,本科,2021,升学,电子科技大学,2
信息学部,计算机学院,本科,2021,升学,西南大学,2
信息学部,计算机学院,本科,2021,升学,西安交通大学,3
信息学部,计算机学院,本科,2021,就业,中国葛洲坝集团易普力股份有限公司,2
信息学部,计算机学院,本科,2021,就业,中国铁建重工集团股份有限公司,2
信息学部,计算机学院,本科,2021,就业,其他,78
信息学部,计算机学院,本科,2021,就业,北京华宇信息技术有限公司,2
信息学部,计算机学院,本科,2021,就业,北京字节跳动网络技术有限公司,2
信息学部,计算机学院,本科,2021,就业,华为技术有限公司,3
信息学部,计算机学院,本科,2021,就业,四川长虹网络科技有限责任公司,2
信息学部,计算机学院,本科,2021,就业,山石网科通信技术股份有限公司,6
信息学部,计算机学院,本科,2021,就业,广州博冠信息科技有限公司,3
信息学部,计算机学院,本科,2021,就业,恒生电子股份有限公司,2
信息学部,计算机学院,本科,2021,就业,维沃移动通信(深圳)有限公司,2
信息学部,计算机学院,本科,2021,就业,重庆医药数据信息科技有限公司,2
信息学部,计算机学院,本科,2021,就业,重庆大学,70
信息学部,计算机学院,本科,2021,就业,重庆新世纪电气有限公司,3
信息学部,计算机学院,本科,2021,就业,重庆长安工业(集团)有限责任公司,2
信息学部,计算机学院,本科,2021,就业,重庆长安汽车软件科技有限公司,3
信息学部,计算机学院,本科,2021,选调生,中共同德县委组织部,1
信息学部,计算机学院,本科,2021,选调生,中共德阳市委组织部,2
信息学部,计算机学院,本科,2021,选调生,广西壮族自治区党委组织部干部规划办,1
信息学部,计算机学院,本科,2022,出国(境)留学或工作,乔治亚理工学院,1
信息学部,计算机学院,本科,2022,出国(境)留学或工作,亚琛工业大学,1
信息学部,计算机学院,本科,2022,出国(境)留学或工作,佛罗里达大学,1
信息学部,计算机学院,本科,2022,出国(境)留学或工作,俄亥俄州立大学,1
信息学部,计算机学院,本科,2022,出国(境)留学或工作,南安普敦大学,1
信息学部,计算机学院,本科,2022,出国(境)留学或工作,宾汉姆顿大学,1
信息学部,计算机学院,本科,2022,出国(境)留学或工作,巴黎理工学院,1
信息学部,计算机学院,本科,2022,出国(境)留学或工作,悉尼大学,2
信息学部,计算机学院,本科,2022,出国(境)留学或工作,新加坡国立大学,1
信息学部,计算机学院,本科,2022,出国(境)留学或工作,昆士兰大学,1
信息学部,计算机学院,本科,2022,出国(境)留学或工作,波士顿大学,2
信息学部,计算机学院,本科,2022,出国(境)留学或工作,约翰霍普金斯大学,1
信息学部,计算机学院,本科,2022,出国(境)留学或工作,纽约大学,1
信息学部,计算机学院,本科,2022,出国(境)留学或工作,纽约州立大学宾汉姆顿分校,2
信息学部,计算机学院,本科,2022,出国(境)留学或工作,香港中文大学,1
信息学部,计算机学院,本科,2022,出国(境)留学或工作,香港城市大学,3
信息学部,计算机学院,本科,2022,出国(境)留学或工作,香港理工大学,1
信息学部,计算机学院,本科,2022,出国(境)留学或工作,香港科技大学,1
信息学部,计算机学院,本科,2022,升学,上海交通大学,1
信息学部,计算机学院,本科,2022,升学,东南大学,1
信息学部,计算机学院,本科,2022,升学,中国人民大学,1
信息学部,计算机学院,本科,2022,升学,中国科学技术大学,3
信息学部,计算机学院,本科,2022,升学,中国科学院信息工程研究所,2
信息学部,计算机学院,本科,2022,升学,中国科学院大学信息工程研究所,4
信息学部,计算机学院,本科,2022,升学,中国科学院大学自动化研究所,2
信息学部,计算机学院,本科,2022,升学,中国航空研究院631所,1
信息学部,计算机学院,本科,2022,升学,中山大学,1
信息学部,计算机学院,本科,2022,升学,北京大学,2
信息学部,计算机学院,本科,2022,升学,北京师范大学,1
信息学部,计算机学院,本科,2022,升学,北京理工大学,3
信息学部,计算机学院,本科,2022,升学,北京科技大学,1
信息学部,计算机学院,本科,2022,升学,北京航空航天大学,4
信息学部,计算机学院,本科,2022,升学,北京邮电大学,2
信息学部,计算机学院,本科,2022,升学,华中科技大学,2
信息学部,计算机学院,本科,2022,升学,南京大学,5
信息学部,计算机学院,本科,2022,升学,南开大学,1
信息学部,计算机学院,本科,2022,升学,哈尔滨工业大学(深圳),1
信息学部,计算机学院,本科,2022,升学,国科大杭州高等研究院,1
信息学部,计算机学院,本科,2022,升学,复旦大学,2
信息学部,计算机学院,本科,2022,升学,天津大学,11
信息学部,计算机学院,本科,2022,升学,武汉大学,2
信息学部,计算机学院,本科,2022,升学,浙江大学,7
信息学部,计算机学院,本科,2022,升学,清华大学,2
信息学部,计算机学院,本科,2022,升学,电子科技大学,5
信息学部,计算机学院,本科,2022,升学,电子科技大学(非全日制),2
信息学部,计算机学院,本科,2022,升学,西安交通大学,2
信息学部,计算机学院,本科,2022,升学,重庆大学,65
信息学部,计算机学院,本科,2022,就业,中兴(成都)智能科技有限公司,3
信息学部,计算机学院,本科,2022,就业,中国电信股份有限公司河北分公司,2
信息学部,计算机学院,本科,2022,就业,中建三局安装工程有限公司,2
信息学部,计算机学院,本科,2022,就业,中移物联网有限公司,9
信息学部,计算机学院,本科,2022,就业,其他,91
信息学部,计算机学院,本科,2022,就业,华为技术有限公司,4
信息学部,计算机学院,本科,2022,就业,成都市联洲国际技术有限公司,3
信息学部,计算机学院,本科,2022,就业,普联技术有限公司,5
信息学部,计算机学院,本科,2022,就业,杭州联吉技术有限公司,3
信息学部,计算机学院,本科,2022,就业,深圳金三立视频科技股份有限公司,2
信息学部,计算机学院,本科,2022,就业,腾讯科技(深圳)有限公司,2
信息学部,计算机学院,本科,2022,就业,花旗金融信息服务(中国)有限公司,3
信息学部,计算机学院,本科,2022,选调生,广西壮族自治区党委组织部干部规划办(定向选调生),2
信息学部,计算机学院,本科,2023,出国(境)留学或工作,华威大学,1
信息学部,计算机学院,本科,2023,出国(境)留学或工作,卡耐基梅隆大学,1
信息学部,计算机学院,本科,2023,出国(境)留学或工作,圣路易斯华盛顿大学,1
信息学部,计算机学院,本科,2023,出国(境)留学或工作,宾夕法尼亚州立大学,1
信息学部,计算机学院,本科,2023,出国(境)留学或工作,布里斯托大学,1
信息学部,计算机学院,本科,2023,出国(境)留学或工作,德累斯顿工业大学,1
信息学部,计算机学院,本科,2023,出国(境)留学或工作,新加坡国立大学,5
信息学部,计算机学院,本科,2023,出国(境)留学或工作,新南威尔士大学,1
信息学部,计算机学院,本科,2023,出国(境)留学或工作,科罗拉多大学博尔德分校,1
信息学部,计算机学院,本科,2023,出国(境)留学或工作,筑波大学,1
信息学部,计算机学院,本科,2023,出国(境)留学或工作,纽约大学,1
信息学部,计算机学院,本科,2023,出国(境)留学或工作,纽约州立大学宾汉姆顿分校,1
信息学部,计算机学院,本科,2023,出国(境)留学或工作,范德堡大学,1
信息学部,计算机学院,本科,2023,出国(境)留学或工作,莫纳什大学,1
信息学部,计算机学院,本科,2023,出国(境)留学或工作,行知学园日本语学校,1
信息学部,计算机学院,本科,2023,出国(境)留学或工作,香港中文大学,1
信息学部,计算机学院,本科,2023,出国(境)留学或工作,香港城市大学,2
信息学部,计算机学院,本科,2023,出国(境)留学或工作,鲁汶大学,1
信息学部,计算机学院,本科,2023,升学,上海科技大学,1
信息学部,计算机学院,本科,2023,升学,中国人民大学,1
信息学部,计算机学院,本科,2023,升学,中国科学技术大学,4
信息学部,计算机学院,本科,2023,升学,中国科学院大学,3
信息学部,计算机学院,本科,2023,升学,中国科学院计算技术研究所,2
信息学部,计算机学院,本科,2023,升学,中山大学,4
信息学部,计算机学院,本科,2023,升学,北京大学,3
信息学部,计算机学院,本科,2023,升学,北京航空航天大学,2
信息学部,计算机学院,本科,2023,升学,北京邮电大学,1
信息学部,计算机学院,本科,2023,升学,华东师范大学,3
信息学部,计算机学院,本科,2023,升学,华中科技大学,1
信息学部,计算机学院,本科,2023,升学,华南师范大学,1
信息学部,计算机学院,本科,2023,升学,南京大学,5
信息学部,计算机学院,本科,2023,升学,南开大学,4
信息学部,计算机学院,本科,2023,升学,南方科技大学,1
信息学部,计算机学院,本科,2023,升学,厦门大学,3
信息学部,计算机学院,本科,2023,升学,吉林大学,1
信息学部,计算机学院,本科,2023,升学,哈尔滨工业大学,1
信息学部,计算机学院,本科,2023,升学,四川大学,1
信息学部,计算机学院,本科,2023,升学,国防科学技术大学,9
信息学部,计算机学院,本科,2023,升学,复旦大学,4
信息学部,计算机学院,本科,2023,升学,天津大学,1
信息学部,计算机学院,本科,2023,升学,广西大学,1
信息学部,计算机学院,本科,2023,升学,武汉大学,2
信息学部,计算机学院,本科,2023,升学,浙江大学,1
信息学部,计算机学院,本科,2023,升学,清华大学,1
信息学部,计算机学院,本科,2023,升学,清华大学深圳国际研究生院,1
信息学部,计算机学院,本科,2023,升学,电子科技大学,1
信息学部,计算机学院,本科,2023,升学,西安交通大学,1
信息学部,计算机学院,本科,2023,升学,重庆大学,57
信息学部,计算机学院,本科,2023,就业,上海中广核工程科技有限公司,4
信息学部,计算机学院,本科,2023,就业,中国联合网络通信有限公司湖南省分公司,2
信息学部,计算机学院,本科,2023,就业,中国重型汽车集团有限公司,3
信息学部,计算机学院,本科,2023,就业,中移物联网有限公司,2
信息学部,计算机学院,本科,2023,就业,交通银行股份有限公司四川省分行,2
信息学部,计算机学院,本科,2023,就业,其他,69
信息学部,计算机学院,本科,2023,就业,北京广利核系统工程有限公司,2
信息学部,计算机学院,本科,2023,就业,广州基正管理软件有限公司,3
信息学部,计算机学院,本科,2023,就业,成都市联洲国际技术有限公司,2
信息学部,计算机学院,本科,2023,就业,杭州迪普科技股份有限公司,2
信息学部,计算机学院,本科,2023,就业,比亚迪股份有限公司,6
信息学部,计算机学院,本科,2023,就业,浙江大华技术股份有限公司,2
信息学部,计算机学院,本科,2023,选调生,中共贵州省委组织部,1
信息学部,计算机学院,本科,2023,选调生,中共遵义市委组织部,1
信息学部,计算机学院,本科,2023,选调生,中共铜仁市委组织部,1
信息学部,计算机学院,本科,2023,选调生,中共黑龙江省委组织部,1
信息学部,计算机学院,本科,2023,选调生,中共黔西南州委组织部,1
信息学部,计算机学院,本科,2023,选调生,中国共产党镇沅彝族哈尼族拉祜族自治县纪律检查委员会,1
信息学部,计算机学院,本科,2023,选调生,澄迈县住房和城乡建设局,1
信息学部,计算机学院,硕士,2021,出国(境)留学或工作,室兰工业大学,1
信息学部,计算机学院,硕士,2021,出国(境)留学或工作,麦考瑞大学,1
信息学部,计算机学院,硕士,2021,升学,华中科技大学,1
信息学部,计算机学院,硕士,2021,升学,厦门大学,1
信息学部,计算机学院,硕士,2021,升学,重庆大学,3
信息学部,计算机学院,硕士,2021,升学,重庆邮电大学,1
信息学部,计算机学院,硕士,2021,就业,上海哔哩哔哩科技有限公司,2
信息学部,计算机学院,硕士,2021,就业,中冶赛迪重庆信息技术有限公司,4
信息学部,计算机学院,硕士,2021,就业,中国农业银行股份有限公司湖北省分行,3
信息学部,计算机学院,硕士,2021,就业,中国核动力研究设计院,2
信息学部,计算机学院,硕士,2021,就业,中国邮政储蓄银行股份有限公司,2
信息学部,计算机学院,硕士,2021,就业,其他,69
信息学部,计算机学院,硕士,2021,就业,北京三快在线科技有限公司,7
信息学部,计算机学院,硕士,2021,就业,北京嘀嘀无限科技发展有限公司,2
信息学部,计算机学院,硕士,2021,就业,华为技术有限公司,2
信息学部,计算机学院,硕士,2021,就业,成都华为技术有限公司,5
信息学部,计算机学院,硕士,2021,就业,杭州海康威视数字技术股份有限公司,2
信息学部,计算机学院,硕士,2021,就业,深信服科技股份有限公司,2
信息学部,计算机学院,硕士,2021,就业,深圳市龙岗区教育局,2
信息学部,计算机学院,硕士,2021,就业,百度在线网络技术(北京)有限公司,5
信息学部,计算机学院,硕士,2021,就业,网易(杭州)网络有限公司,2
信息学部,计算机学院,硕士,2021,就业,腾讯科技(深圳)有限公司,5
信息学部,计算机学院,硕士,2021,就业,重庆农村商业银行股份有限公司,2
信息学部,计算机学院,硕士,2021,就业,重庆城市管理职业学院,2
信息学部,计算机学院,硕士,2021,就业,重庆红宇精密工业集团有限公司,2
信息学部,计算机学院,硕士,2021,选调生,中共贵州省委组织部,1
信息学部,计算机学院,硕士,2021,选调生,中共重庆市委组织部,1
信息学部,计算机学院,硕士,2021,选调生,中国共产党南充市委员会组织部,1
信息学部,计算机学院,硕士,2021,选调生,中国共产党遂宁市委员会组织部,1
信息学部,计算机学院,硕士,2021,选调生,广西壮族自治区党委组织部干部规划办,1
信息学部,计算机学院,硕士,2021,选调生,江苏扬州维扬经济开发区社会事业管理中心,1
信息学部,计算机学院,硕士,2022,出国(境)留学或工作,悉尼科技大学,1
信息学部,计算机学院,硕士,2022,出国(境)留学或工作,香港理工大学,1
信息学部,计算机学院,硕士,2022,升学,上海交通大学,1
信息学部,计算机学院,硕士,2022,升学,中山大学,1
信息学部,计算机学院,硕士,2022,升学,华中科技大学,1
信息学部,计算机学院,硕士,2022,升学,厦门大学,1
信息学部,计算机学院,硕士,2022,升学,四川大学,1
信息学部,计算机学院,硕士,2022,升学,重庆大学,4
信息学部,计算机学院,硕士,2022,就业,上海浦东发展银行股份有限公司成都分行,2
信息学部,计算机学院,硕士,2022,就业,上海随训通电子科技有限公司,3
信息学部,计算机学院,硕士,2022,就业,中冶赛迪重庆信息技术有限公司,2
信息学部,计算机学院,硕士,2022,就业,中国工商银行股份有限公司,4
信息学部,计算机学院,硕士,2022,就业,中国银行保险监督管理委员会重庆监管局,2
信息学部,计算机学院,硕士,2022,就业,中移物联网有限公司,2
信息学部,计算机学院,硕士,2022,就业,兴业银行股份有限公司,2
信息学部,计算机学院,硕士,2022,就业,其他,75
信息学部,计算机学院,硕士,2022,就业,华为技术有限公司,5
信息学部,计算机学院,硕士,2022,就业,成都不亦说乎科技有限公司,2
信息学部,计算机学院,硕士,2022,就业,成都华为技术有限公司,9
信息学部,计算机学院,硕士,2022,就业,杭州海康威视数字技术股份有限公司,3
信息学部,计算机学院,硕士,2022,就业,百度在线网络技术(北京)有限公司,2
信息学部,计算机学院,硕士,2022,就业,科大讯飞股份有限公司,2
信息学部,计算机学院,硕士,2022,就业,联合微电子中心有限责任公司,2
信息学部,计算机学院,硕士,2022,就业,腾讯科技(深圳)有限公司,4
信息学部,计算机学院,硕士,2022,就业,蚂蚁蓉信(成都)网络科技有限公司,2
信息学部,计算机学院,硕士,2022,就业,象帝先计算技术(重庆)有限公司,4
信息学部,计算机学院,硕士,2022,就业,重庆万塘信息技术有限公司,2
信息学部,计算机学院,硕士,2022,就业,重庆位图信息技术有限公司,2
信息学部,计算机学院,硕士,2022,就业,重庆农村商业银行股份有限公司,2
信息学部,计算机学院,硕士,2022,就业,重庆蚂蚁消费金融有限公司,4
信息学部,计算机学院,硕士,2022,就业,重庆长安工业(集团)有限责任公司,2
信息学部,计算机学院,硕士,2022,选调生,中共安顺市委组织部,1
信息学部,计算机学院,硕士,2022,选调生,中共重庆市委组织部,1
信息学部,计算机学院,硕士,2022,选调生,中国共产党巴中市委员会组织部,1
信息学部,计算机学院,硕士,2022,选调生,中国共产党洛阳市委员会组织部,1
信息学部,计算机学院,硕士,2022,选调生,中国共产党重庆市委员会组织部,1
信息学部,计算机学院,硕士,2022,选调生,文山壮族苗族自治州公安局,1
信息学部,计算机学院,硕士,2023,出国(境)留学或工作,休斯顿大学,1
信息学部,计算机学院,硕士,2023,出国(境)留学或工作,北卡罗莱纳州立大学,1
信息学部,计算机学院,硕士,2023,出国(境)留学或工作,新加坡科技设计大学,1
信息学部,计算机学院,硕士,2023,升学,北京航空航天大学,1
信息学部,计算机学院,硕士,2023,升学,复旦大学,1
信息学部,计算机学院,硕士,2023,升学,西南大学,1
信息学部,计算机学院,硕士,2023,升学,重庆大学,1
信息学部,计算机学院,硕士,2023,升学,重庆邮电大学,2
信息学部,计算机学院,硕士,2023,就业,上海蔚来汽车有限公司,2
信息学部,计算机学院,硕士,2023,就业,中兴通讯股份有限公司,4
信息学部,计算机学院,硕士,2023,就业,中冶赛迪信息技术(重庆)有限公司,2
信息学部,计算机学院,硕士,2023,就业,中国邮政储蓄银行股份有限公司,2
信息学部,计算机学院,硕士,2023,就业,其他,72
信息学部,计算机学院,硕士,2023,就业,北京三快在线科技有限公司,2
信息学部,计算机学院,硕士,2023,就业,国网重庆市电力公司,2
信息学部,计算机学院,硕士,2023,就业,成都华为技术有限公司,5
信息学部,计算机学院,硕士,2023,就业,杭州海康威视数字技术股份有限公司,2
信息学部,计算机学院,硕士,2023,就业,芯动微电子科技(珠海)有限公司,2
信息学部,计算机学院,硕士,2023,就业,象帝先计算技术(重庆)有限公司,7
信息学部,计算机学院,硕士,2023,就业,赛力斯汽车有限公司,2
信息学部,计算机学院,硕士,2023,就业,重庆农村商业银行股份有限公司,3
信息学部,计算机学院,硕士,2023,就业,重庆星网网络系统研究院有限公司,2
信息学部,计算机学院,硕士,2023,就业,重庆蚂蚁消费金融有限公司,2
信息学部,计算机学院,硕士,2023,就业,重庆长安汽车软件科技有限公司,6
信息学部,计算机学院,硕士,2023,就业,阿里云计算有限公司,4
信息学部,计算机学院,硕士,2023,就业,阿里巴巴(北京)软件服务有限公司,3
信息学部,计算机学院,硕士,2023,选调生,中共重庆市渝北区委组织部,1
信息学部,计算机学院,硕士,2023,选调生,河南省工业和信息化厅,1
医学部,医学院,硕士,2023,出国(境)留学或工作,莱布尼茨神经生物研究所,1
医学部,医学院,硕士,2023,出国(境)留学或工作,香港科技大学(广州),2
医学部,医学院,硕士,2023,升学,中国人民解放军总医院,1
医学部,医学院,硕士,2023,升学,天津大学,1
医学部,医学院,硕士,2023,升学,电子科技大学,1
医学部,医学院,硕士,2023,升学,第三军医大学,1
医学部,医学院,硕士,2023,升学,重庆医科大学,4
医学部,医学院,硕士,2023,升学,重庆大学,2
医学部,医学院,硕士,2023,升学,陆军军医大学,3
医学部,医学院,硕士,2023,就业,其他,21
医学部,医学院,硕士,2023,就业,重庆大学附属肿瘤医院,3
医学部,医学院,硕士,2023,就业,陆军特色医学中心,3
医学部,医学院,硕士,2023,选调生,宜宾市人力资源和社会保障局,1
医学部,生物工程学院,博士,2021,就业,上海交通大学医学院附属瑞金医院,1
医学部,生物工程学院,博士,2021,就业,中国人民解放军海军军医大学,1
医学部,生物工程学院,博士,2021,就业,中国人民解放军陆军军医大学第一附属医院,1
医学部,生物工程学院,博士,2021,就业,中国人民解放军陆军军医大学第二附属医院,1
医学部,生物工程学院,博士,2021,就业,南方医科大学,1
医学部,生物工程学院,博士,2021,就业,国科大重庆学院,1
医学部,生物工程学院,博士,2021,就业,安徽医科大学,1
医学部,生物工程学院,博士,2021,就业,新乡医学院,2
医学部,生物工程学院,博士,2021,就业,江南大学,1
医学部,生物工程学院,博士,2021,就业,苏州大学,1
医学部,生物工程学院,博士,2021,就业,重庆医科大学第一临床学院,1
医学部,生物工程学院,博士,2021,就业,重庆医科大学附属第二医院,2
医学部,生物工程学院,博士,2021,就业,重庆大学附属三峡医院,1
医学部,生物工程学院,博士,2021,就业,重庆大学附属肿瘤医院,1
医学部,生物工程学院,博士,2021,就业,重庆理工大学,1
医学部,生物工程学院,博士,2021,就业,重庆电子工程职业学院,1
医学部,生物工程学院,博士,2022,出国(境)留学或工作,杜克大学,1
医学部,生物工程学院,博士,2022,就业,上海交通大学,1
医学部,生物工程学院,博士,2022,就业,中国人民解放军陆军军医大学基础医学院,1
医学部,生物工程学院,博士,2022,就业,中国人民解放军陆军军医大学第二附属医院,1
医学部,生物工程学院,博士,2022,就业,中国科学院深圳先进技术研究院,1
医学部,生物工程学院,博士,2022,就业,中国科学院第三方评估研究支撑中心,1
医学部,生物工程学院,博士,2022,就业,四川外语大学,1
医学部,生物工程学院,博士,2022,就业,安徽中医药大学,1
医学部,生物工程学院,博士,2022,就业,山东大学,1
医学部,生物工程学院,博士,2022,就业,成都医学院,2
医学部,生物工程学院,博士,2022,就业,成都大学,1
医学部,生物工程学院,博士,2022,就业,扬州大学,1
医学部,生物工程学院,博士,2022,就业,江西省农业科学院水稻研究所,1
医学部,生物工程学院,博士,2022,就业,河南农业大学,1
医学部,生物工程学院,博士,2022,就业,泸州北方化学工业有限公司,1
医学部,生物工程学院,博士,2022,就业,海南大学,1
医学部,生物工程学院,博士,2022,就业,深圳湾实验室,1
医学部,生物工程学院,博士,2022,就业,贵州中医药大学,2
医学部,生物工程学院,博士,2022,就业,贵州医科大学,3
医学部,生物工程学院,博士,2022,就业,重庆三峡中心医院,3
医学部,生物工程学院,博士,2022,就业,重庆三峡医药高等专科学校,1
医学部,生物工程学院,博士,2022,就业,重庆城市管理职业学院,1
医学部,生物工程学院,博士,2022,就业,重庆大学附属江津医院,1
医学部,生物工程学院,博士,2022,就业,重庆文理学院,1
医学部,生物工程学院,博士,2022,就业,重庆理工大学,1
医学部,生物工程学院,博士,2022,就业,重庆电子工程职业学院,1
医学部,生物工程学院,博士,2022,就业,陆军军医大学第二附属医院(新桥医院),1
医学部,生物工程学院,博士,2023,就业,中国科学院深圳先进技术研究院,1
医学部,生物工程学院,博士,2023,就业,南通大学,1
医学部,生物工程学院,博士,2023,就业,国家纳米科学中心,1
医学部,生物工程学院,博士,2023,就业,成都体育学院,1
医学部,生物工程学院,博士,2023,就业,新乡医学院,1
医学部,生物工程学院,博士,2023,就业,淮阴工学院,1
医学部,生物工程学院,博士,2023,就业,西北农林科技大学,1
医学部,生物工程学院,博士,2023,就业,西华大学,1
医学部,生物工程学院,博士,2023,就业,重庆医科大学,2
医学部,生物工程学院,博士,2023,就业,重庆医科大学附属第一医院,1
医学部,生物工程学院,博士,2023,就业,重庆市中医院(重庆市中西医结合医院、重庆市中医研究院、重庆市第一人民医院),1
医学部,生物工程学院,博士,2023,就业,重庆市江津区中心医院,1
医学部,生物工程学院,博士,2023,就业,重庆精准生物产业技术研究院有限公司,1
医学部,生物工程学院,博士,2023,就业,金凤实验室,1
医学部,生物工程学院,博士,2023,就业,陆军军医大学第二附属医院(新桥医院),1
医学部,生物工程学院,本科,2021,出国(境)留学或工作,圣路易斯华盛顿大学,1
医学部,生物工程学院,本科,2021,出国(境)留学或工作,宾夕法尼亚州州立大学,1
医学部,生物工程学院,本科,2021,出国(境)留学或工作,爱丁堡大学,1
医学部,生物工程学院,本科,2021,出国(境)留学或工作,香港中文大学,1
医学部,生物工程学院,本科,2021,升学,上海交通大学,1
医学部,生物工程学院,本科,2021,升学,东南大学,2
医学部,生物工程学院,本科,2021,升学,中国科学技术大学,2
医学部,生物工程学院,本科,2021,升学,中国科学院北京基因组研究所,1
医学部,生物工程学院,本科,2021,升学,中国科学院广州生物医药与健康研究所,1
医学部,生物工程学院,本科,2021,升学,中国科学院昆明动物研究所,1
医学部,生物工程学院,本科,2021,升学,中国科学院苏州生物医学工程技术研究所,1
医学部,生物工程学院,本科,2021,升学,中山大学,1
医学部,生物工程学院,本科,2021,升学,华中科技大学,2
医学部,生物工程学院,本科,2021,升学,华南理工大学,3
医学部,生物工程学院,本科,2021,升学,南京大学,1
医学部,生物工程学院,本科,2021,升学,四川大学,1
医学部,生物工程学院,本科,2021,升学,天津大学,1
医学部,生物工程学院,本科,2021,升学,山东大学,2
医学部,生物工程学院,本科,2021,升学,浙江大学,2
医学部,生物工程学院,本科,2021,升学,重庆大学,25
医学部,生物工程学院,本科,2021,就业,三诺生物传感股份有限公司,3
医学部,生物工程学院,本科,2021,就业,其他,16
医学部,生物工程学院,本科,2021,就业,江西正邦科技股份有限公司,2
医学部,生物工程学院,本科,2021,就业,深圳市科曼医疗设备有限公司,2
医学部,生物工程学院,本科,2021,选调生,中共江西省委组织部,1
医学部,生物工程学院,本科,2021,选调生,中国共产党昌都市委员会组织部,1
医学部,生物工程学院,本科,2022,出国(境)留学或工作,亚琛工业大学,1
医学部,生物工程学院,本科,2022,出国(境)留学或工作,伦敦国王学院,2
医学部,生物工程学院,本科,2022,出国(境)留学或工作,利兹大学,1
医学部,生物工程学院,本科,2022,出国(境)留学或工作,慕尼黑工业大学,1
医学部,生物工程学院,本科,2022,出国(境)留学或工作,曼彻斯特大学,1
医学部,生物工程学院,本科,2022,出国(境)留学或工作,格勒诺布尔商学院,1
医学部,生物工程学院,本科,2022,升学,上海交通大学,3
医学部,生物工程学院,本科,2022,升学,东南大学,3
医学部,生物工程学院,本科,2022,升学,中南大学,1
医学部,生物工程学院,本科,2022,升学,中国科学技术大学,1
医学部,生物工程学院,本科,2022,升学,中国科学院大学,1
医学部,生物工程学院,本科,2022,升学,中国科学院大学上海有机化学研究所生物与化学交叉研究中心,1
医学部,生物工程学院,本科,2022,升学,中国科学院大学杭州高等研究院,1
医学部,生物工程学院,本科,2022,升学,中国科学院微生物研究所,1
医学部,生物工程学院,本科,2022,升学,中国科学院昆明植物研究所,1
医学部,生物工程学院,本科,2022,升学,中国科学院深圳先进技术研究院,2
医学部,生物工程学院,本科,2022,升学,中山大学,2
医学部,生物工程学院,本科,2022,升学,北京协和医学院,1
医学部,生物工程学院,本科,2022,升学,华东师范大学,1
医学部,生物工程学院,本科,2022,升学,华中科技大学,2
医学部,生物工程学院,本科,2022,升学,华南理工大学,1
医学部,生物工程学院,本科,2022,升学,四川大学,5
医学部,生物工程学院,本科,2022,升学,复旦大学,5
医学部,生物工程学院,本科,2022,升学,天津大学,2
医学部,生物工程学院,本科,2022,升学,武汉大学,1
医学部,生物工程学院,本科,2022,升学,浙江大学,3
医学部,生物工程学院,本科,2022,升学,清华大学,2
医学部,生物工程学院,本科,2022,升学,电子科技大学,1
医学部,生物工程学院,本科,2022,升学,西安交通大学,1
医学部,生物工程学院,本科,2022,升学,郑州大学,1
医学部,生物工程学院,本科,2022,升学,重庆大学,9
医学部,生物工程学院,本科,2022,就业,其他,10
医学部,生物工程学院,本科,2022,就业,深圳市安保科技有限公司,2
医学部,生物工程学院,本科,2022,志愿服务西部计划,重庆市璧山区璧泉街道办事处,1
医学部,生物工程学院,本科,2022,选调生,中共廊坊市委组织部,1
医学部,生物工程学院,本科,2022,选调生,中共西藏区委组织部,1
医学部,生物工程学院,本科,2023,出国(境)留学或工作,乌特勒支大学,1
医学部,生物工程学院,本科,2023,出国(境)留学或工作,乔治华盛顿大学,1
医学部,生物工程学院,本科,2023,出国(境)留学或工作,亚琛工业大学,1
医学部,生物工程学院,本科,2023,出国(境)留学或工作,悉尼大学,1
医学部,生物工程学院,本科,2023,出国(境)留学或工作,曼彻斯特大学,1
医学部,生物工程学院,本科,2023,出国(境)留学或工作,杜克大学,1
医学部,生物工程学院,本科,2023,出国(境)留学或工作,隆德大学,1
医学部,生物工程学院,本科,2023,出国(境)留学或工作,香港城市大学,1
医学部,生物工程学院,本科,2023,升学,上海交通大学,2
医学部,生物工程学院,本科,2023,升学,东北大学,1
医学部,生物工程学院,本科,2023,升学,东南大学,1
医学部,生物工程学院,本科,2023,升学,中国科学技术大学,5
医学部,生物工程学院,本科,2023,升学,中国科学院大学,1
医学部,生物工程学院,本科,2023,升学,中国科学院广州生物医药与健康研究院,1
医学部,生物工程学院,本科,2023,升学,中国科学院生物物理研究所,1
医学部,生物工程学院,本科,2023,升学,中央戏剧学院,1
医学部,生物工程学院,本科,2023,升学,中山大学,2
医学部,生物工程学院,本科,2023,升学,北京航空航天大学,1
医学部,生物工程学院,本科,2023,升学,华东师范大学,1
医学部,生物工程学院,本科,2023,升学,华中科技大学,3
医学部,生物工程学院,本科,2023,升学,南方科技大学,2
医学部,生物工程学院,本科,2023,升学,厦门大学,3
医学部,生物工程学院,本科,2023,升学,四川大学,3
医学部,生物工程学院,本科,2023,升学,大连理工大学,1
医学部,生物工程学院,本科,2023,升学,天津大学,2
医学部,生物工程学院,本科,2023,升学,浙江大学,5
医学部,生物工程学院,本科,2023,升学,清华大学,2
医学部,生物工程学院,本科,2023,升学,湖北省三支一扶工作协调管理办公室,1
医学部,生物工程学院,本科,2023,升学,湖南大学,2
医学部,生物工程学院,本科,2023,升学,电子科技大学,2
医学部,生物工程学院,本科,2023,升学,西北工业大学,1
医学部,生物工程学院,本科,2023,升学,西安交通大学,1
医学部,生物工程学院,本科,2023,升学,重庆大学,6
医学部,生物工程学院,本科,2023,就业,其他,15
医学部,生物工程学院,硕士,2021,升学,南京大学,1
医学部,生物工程学院,硕士,2021,升学,四川大学,1
医学部,生物工程学院,硕士,2021,升学,重庆大学,4
医学部,生物工程学院,硕士,2021,升学,首都师范大学,1
医学部,生物工程学院,硕士,2021,就业,其他,56
医学部,生物工程学院,硕士,2021,就业,强生(上海)医疗器材有限公司,2
医学部,生物工程学院,硕士,2021,就业,成都华为技术有限公司,2
医学部,生物工程学院,硕士,2021,就业,深圳市科曼医疗设备有限公司,3
医学部,生物工程学院,硕士,2021,就业,深圳迈瑞生物医疗电子股份有限公司,4
医学部,生物工程学院,硕士,2021,就业,重庆中元生物技术有限公司,5
医学部,生物工程学院,硕士,2021,就业,重庆大学附属肿瘤医院,2
医学部,生物工程学院,硕士,2021,就业,重庆药友制药有限责任公司,3
医学部,生物工程学院,硕士,2021,就业,重庆高晋生物科技有限公司,2
医学部,生物工程学院,硕士,2021,选调生,中共安顺市委组织部,1
医学部,生物工程学院,硕士,2021,选调生,中共德阳市委组织部,2
医学部,生物工程学院,硕士,2021,选调生,中共成都市委组织部,1
医学部,生物工程学院,硕士,2021,选调生,中共泸州市委组织部,1
医学部,生物工程学院,硕士,2021,选调生,中共衡水市委组织部,1
医学部,生物工程学院,硕士,2021,选调生,中共达州市委组织部,1
医学部,生物工程学院,硕士,2021,选调生,中共黔东南州委组织部,1
医学部,生物工程学院,硕士,2021,选调生,中国共产党广安市委员会组织部,1
医学部,生物工程学院,硕士,2021,选调生,中国共产党自贡市委员会组织部,1
医学部,生物工程学院,硕士,2022,出国(境)留学或工作,哈索·普拉特纳研究所,1
医学部,生物工程学院,硕士,2022,升学,复旦大学,1
医学部,生物工程学院,硕士,2022,升学,成都体育学院,1
医学部,生物工程学院,硕士,2022,升学,重庆大学,6
医学部,生物工程学院,硕士,2022,就业,中元汇吉生物技术股份有限公司,3
医学部,生物工程学院,硕士,2022,就业,中兴通讯股份有限公司,3
医学部,生物工程学院,硕士,2022,就业,中国人民解放军陆军特色医学中心,5
医学部,生物工程学院,硕士,2022,就业,其他,58
医学部,生物工程学院,硕士,2022,就业,成都华为技术有限公司,4
医学部,生物工程学院,硕士,2022,就业,武汉迈瑞医疗技术研究院有限公司,2
医学部,生物工程学院,硕士,2022,就业,泸州老窖股份有限公司,2
医学部,生物工程学院,硕士,2022,就业,深圳市科曼医疗设备有限公司,2
医学部,生物工程学院,硕士,2022,就业,深圳开立生物医疗科技股份有限公司,2
医学部,生物工程学院,硕士,2022,就业,深圳迈瑞生物医疗电子股份有限公司,3
医学部,生物工程学院,硕士,2022,就业,深圳麦克韦尔科技有限公司,2
医学部,生物工程学院,硕士,2022,就业,重庆大学附属肿瘤医院,3
医学部,生物工程学院,硕士,2022,就业,重庆太极实业(集团)股份有限公司,2
医学部,生物工程学院,硕士,2022,就业,重庆药友制药有限责任公司,2
医学部,生物工程学院,硕士,2022,就业,重庆金域医学检验所有限公司,3
医学部,生物工程学院,硕士,2022,就业,金凤实验室,3
医学部,生物工程学院,硕士,2022,选调生,中共乐山市委组织部,2
医学部,生物工程学院,硕士,2022,选调生,中共剑阁县委组织部,1
医学部,生物工程学院,硕士,2022,选调生,中共甘孜州委组织部,1
医学部,生物工程学院,硕士,2022,选调生,中共自贡市委组织部,2
医学部,生物工程学院,硕士,2022,选调生,中共贵阳市委组织部,1
医学部,生物工程学院,硕士,2022,选调生,中共达州市委组织部,1
医学部,生物工程学院,硕士,2022,选调生,中共铜仁市委组织部,2
医学部,生物工程学院,硕士,2022,选调生,中国共产党内江市委员会组织部,1
医学部,生物工程学院,硕士,2022,选调生,中国共产党广安市委员会组织部,1
医学部,生物工程学院,硕士,2022,选调生,中国共产党泸州市委员会组织部,1
医学部,生物工程学院,硕士,2022,选调生,中国共产党重庆市委员会组织部,3
医学部,生物工程学院,硕士,2023,升学,东南大学,2
医学部,生物工程学院,硕士,2023,升学,中南大学,1
医学部,生物工程学院,硕士,2023,升学,华中农业大学,1
医学部,生物工程学院,硕士,2023,升学,厦门大学,1
医学部,生物工程学院,硕士,2023,升学,湖南大学,1
医学部,生物工程学院,硕士,2023,升学,重庆大学,5
医学部,生物工程学院,硕士,2023,就业,中元汇吉生物技术股份有限公司,3
医学部,生物工程学院,硕士,2023,就业,其他,55
医学部,生物工程学院,硕士,2023,就业,比亚迪股份有限公司,2
医学部,生物工程学院,硕士,2023,就业,泸州老窖股份有限公司,2
医学部,生物工程学院,硕士,2023,就业,深圳开立生物医疗科技股份有限公司,2
医学部,生物工程学院,硕士,2023,就业,迈克生物股份有限公司,2
医学部,生物工程学院,硕士,2023,就业,金凤实验室,3
医学部,生物工程学院,硕士,2023,选调生,中共遵义市委组织部,1
医学部,生物工程学院,硕士,2023,选调生,中共重庆市委组织部,2
医学部,生物工程学院,硕士,2023,选调生,中共铜仁市委组织部,1
医学部,生物工程学院,硕士,2023,选调生,中国共产党泸州市委员会组织部,1
医学部,生物工程学院,硕士,2023,选调生,中国共产党资阳市委员会组织部,1
医学部,生物工程学院,硕士,2023,选调生,中国共产党遂宁市委员会组织部,1
医学部,生物工程学院,硕士,2023,选调生,重庆市开州区政府,1
医学部,生物工程学院,硕士,2023,选调生,重庆市梁平区委组织部,1
医学部,生物工程学院,硕士,2023,选调生,长治市红十字会,1
医学部,药学院,博士,2021,出国(境)留学或工作,加尼福尼亚大学伯克利分校,1
医学部,药学院,博士,2021,就业,中国科学院重庆绿色智能技术研究院,1
医学部,药学院,博士,2021,就业,临沂大学,1
医学部,药学院,博士,2021,就业,北京大学医学部,1
医学部,药学院,博士,2021,就业,广西医科大学,1
医学部,药学院,博士,2021,就业,成都倍特药业股份有限公司,1
医学部,药学院,博士,2021,就业,成都市市级机关国有资产管理服务中心,1
医学部,药学院,博士,2021,就业,成都药明康德新药开发有限公司,1
医学部,药学院,博士,2021,就业,深圳信立泰药业股份有限公司,1
医学部,药学院,博士,2021,就业,深圳市新阳唯康科技有限公司,1
医学部,药学院,博士,2021,就业,福安药业集团重庆礼邦药物开发有限公司,1
医学部,药学院,博士,2021,就业,西南医科大学,1
医学部,药学院,博士,2021,就业,西昌学院,1
医学部,药学院,博士,2021,就业,遵义医科大学附属医院,1
医学部,药学院,博士,2021,就业,重庆博腾制药科技股份有限公司,1
医学部,药学院,博士,2021,就业,香港中文大学(深圳),1
医学部,药学院,博士,2022,就业,延安大学,1
医学部,药学院,博士,2022,就业,成都药明康德新药开发有限公司,1
医学部,药学院,博士,2022,就业,浙江省人民医院,1
医学部,药学院,博士,2022,就业,海南大学,1
医学部,药学院,博士,2022,就业,湖北工业大学,1
医学部,药学院,博士,2022,就业,郑州大学,1
医学部,药学院,博士,2022,就业,重庆中医药学院,1
医学部,药学院,博士,2022,就业,重庆医药高等专科学校,1
医学部,药学院,博士,2022,就业,重庆市江津区中心医院,1
医学部,药学院,博士,2022,就业,重庆药友制药有限责任公司,1
医学部,药学院,博士,2023,就业,南开大学,1
医学部,药学院,博士,2023,就业,川北医学院,1
医学部,药学院,博士,2023,就业,康龙化成(北京)新药技术股份有限公司,1
医学部,药学院,博士,2023,就业,成都医学院,1
医学部,药学院,博士,2023,就业,成都药明康德新药开发有限公司,1
医学部,药学院,博士,2023,就业,浙江大学医学院附属邵逸夫医院,1
医学部,药学院,博士,2023,就业,湖南医药学院,1
医学部,药学院,博士,2023,就业,福安药业集团宁波天衡制药有限公司,1
医学部,药学院,博士,2023,就业,重庆三峡中心医院,1
医学部,药学院,博士,2023,就业,重庆医科大学附属大学城医院,1
医学部,药学院,本科,2021,升学,上海交通大学,1
医学部,药学院,本科,2021,升学,中国科学院上海有机化学研究所,1
医学部,药学院,本科,2021,升学,中国科学院上海药物研究所,3
医学部,药学院,本科,2021,升学,中国药科大学,1
医学部,药学院,本科,2021,升学,北京协和医学院,1
医学部,药学院,本科,2021,升学,南开大学,1
医学部,药学院,本科,2021,升学,厦门大学,1
医学部,药学院,本科,2021,升学,同济大学,1
医学部,药学院,本科,2021,升学,武汉大学,4
医学部,药学院,本科,2021,升学,湖南大学,1
医学部,药学院,本科,2021,升学,重庆大学,10
医学部,药学院,本科,2021,就业,其他,13
医学部,药学院,本科,2021,选调生,融安县市场监督管理局,1
医学部,药学院,本科,2022,出国(境)留学或工作,格拉斯哥大学,1
医学部,药学院,本科,2022,升学,中国医学科学院药用植物研究所,1
医学部,药学院,本科,2022,升学,中国药科大学,1
医学部,药学院,本科,2022,升学,中山大学,3
医学部,药学院,本科,2022,升学,华中科技大学,1
医学部,药学院,本科,2022,升学,南方科技大学,1
医学部,药学院,本科,2022,升学,厦门大学,2
医学部,药学院,本科,2022,升学,四川大学,2
医学部,药学院,本科,2022,升学,新疆医科大学研究生院,1
医学部,药学院,本科,2022,升学,武汉大学,4
医学部,药学院,本科,2022,升学,浙江大学,2
医学部,药学院,本科,2022,就业,其他,13
医学部,药学院,本科,2022,就业,重庆大学,13
医学部,药学院,本科,2022,志愿服务西部计划,广西凭祥市友谊镇人民政府,1
医学部,药学院,本科,2022,选调生,鹤山市市场监督管理局,1
医学部,药学院,本科,2023,出国(境)留学或工作,新加坡国立大学,1
医学部,药学院,本科,2023,升学,上海交通大学,2
医学部,药学院,本科,2023,升学,中南大学,1
医学部,药学院,本科,2023,升学,中国科学院上海药物研究所,2
医学部,药学院,本科,2023,升学,中国科学院大学,2
医学部,药学院,本科,2023,升学,北京协和医学院,1
医学部,药学院,本科,2023,升学,华中科技大学,1
医学部,药学院,本科,2023,升学,厦门大学,1
医学部,药学院,本科,2023,升学,四川大学,1
医学部,药学院,本科,2023,升学,国科大杭州高等研究院,1
医学部,药学院,本科,2023,升学,武汉大学,2
医学部,药学院,本科,2023,升学,浙江大学,2
医学部,药学院,本科,2023,升学,重庆大学,11
医学部,药学院,本科,2023,升学,首都医科大学,1
医学部,药学院,本科,2023,就业,其他,5
医学部,药学院,本科,2023,选调生,中共贵港市委组织部,1
医学部,药学院,本科,2023,选调生,中国共产党宜宾市委员会组织部,1
医学部,药学院,本科,2023,选调生,墨江哈尼族自治县人民政府办公室,1
医学部,药学院,硕士,2021,出国(境)留学或工作,博洛尼亚大学,1
医学部,药学院,硕士,2021,升学,西南大学,1
医学部,药学院,硕士,2021,就业,其他,11
医学部,药学院,硕士,2021,就业,四川科伦药业股份有限公司邛崃分公司,2
医学部,药学院,硕士,2021,就业,成都百裕制药股份有限公司,2
医学部,药学院,硕士,2021,就业,福安药业集团重庆礼邦药物开发有限公司,2
医学部,药学院,硕士,2021,就业,重庆博腾制药科技股份有限公司,2
医学部,药学院,硕士,2021,就业,重庆大学,4
医学部,药学院,硕士,2021,选调生,中共泸州市委组织部,2
医学部,药学院,硕士,2021,选调生,中共重庆市委组织部,1
医学部,药学院,硕士,2021,选调生,中国共产党内江市委员会组织部,1
医学部,药学院,硕士,2021,选调生,中国共产党遂宁市委员会组织部,1
医学部,药学院,硕士,2021,选调生,广西壮族自治区党委组织部干部规划办,1
医学部,药学院,硕士,2022,出国(境)留学或工作,澳门大学,1
医学部,药学院,硕士,2022,出国(境)留学或工作,苏黎世联邦理工大学,1
医学部,药学院,硕士,2022,升学,湖南大学,1
医学部,药学院,硕士,2022,升学,重庆大学,1
医学部,药学院,硕士,2022,就业,其他,18
医学部,药学院,硕士,2022,就业,利尔化学股份有限公司,2
医学部,药学院,硕士,2022,就业,成都药明康德新药开发有限公司,2
医学部,药学院,硕士,2022,就业,福安药业集团重庆礼邦药物开发有限公司,3
医学部,药学院,硕士,2022,就业,重庆博腾制药科技股份有限公司,2
医学部,药学院,硕士,2022,就业,重庆博腾药业有限公司,2
医学部,药学院,硕士,2022,选调生,中共中央组织部,1
医学部,药学院,硕士,2022,选调生,中共乐山市委组织部,1
医学部,药学院,硕士,2022,选调生,中共遵义市委组织部,1
医学部,药学院,硕士,2022,选调生,中国共产党云龙县委办公室,1
医学部,药学院,硕士,2022,选调生,中国共产党达州市委员会组织部,1
医学部,药学院,硕士,2023,出国(境)留学或工作,巴塞尔大学,1
医学部,药学院,硕士,2023,出国(境)留学或工作,澳门大学,1
医学部,药学院,硕士,2023,出国(境)留学或工作,阿姆斯特丹大学,1
医学部,药学院,硕士,2023,升学,上海交通大学,1
医学部,药学院,硕士,2023,就业,中国人民解放军陆军特色医学中心,3
医学部,药学院,硕士,2023,就业,其他,23
医学部,药学院,硕士,2023,就业,成都倍特药业股份有限公司,2
医学部,药学院,硕士,2023,就业,成都先导药物开发股份有限公司,3
医学部,药学院,硕士,2023,就业,成都药明康德新药开发有限公司,4
医学部,药学院,硕士,2023,就业,扬子江药业集团江苏扬子江医药经营有限公司,2
医学部,药学院,硕士,2023,就业,深圳湾实验室,2
医学部,药学院,硕士,2023,就业,重庆华邦胜凯制药有限公司,2
医学部,药学院,硕士,2023,就业,重庆药友制药有限责任公司,2
医学部,药学院,硕士,2023,选调生,中共眉山市委组织部,1
医学部,药学院,硕士,2023,选调生,中共绵阳市委组织部,1
医学部,药学院,硕士,2023,选调生,中国共产党重庆市开州区委员会组织部,1
医学部,药学院,硕士,2023,选调生,昆明市市场监督管理局,1
医学部,药学院,硕士,2023,选调生,朝阳市卫生健康委员会,1
工程学部,机械与运载工程学院,博士,2021,就业,上汽依维柯红岩商用车有限公司,1
工程学部,机械与运载工程学院,博士,2021,就业,上海华为技术有限公司,1
工程学部,机械与运载工程学院,博士,2021,就业,中国工程物理研究院材料研究所,1
工程学部,机械与运载工程学院,博士,2021,就业,中国汽车工程研究院股份有限公司,1
工程学部,机械与运载工程学院,博士,2021,就业,南京信息工程大学,1
工程学部,机械与运载工程学院,博士,2021,就业,南京工业职业技术大学,1
工程学部,机械与运载工程学院,博士,2021,就业,南华大学,1
工程学部,机械与运载工程学院,博士,2021,就业,南昌大学,1
工程学部,机械与运载工程学院,博士,2021,就业,哈尔滨工业大学(深圳)(哈尔滨工业大学深圳科技创新研究院),1
工程学部,机械与运载工程学院,博士,2021,就业,太原理工大学,1
工程学部,机械与运载工程学院,博士,2021,就业,季华实验室,1
工程学部,机械与运载工程学院,博士,2021,就业,安徽理工大学,1
工程学部,机械与运载工程学院,博士,2021,就业,江苏徐工工程机械研究院有限公司,1
工程学部,机械与运载工程学院,博士,2021,就业,河北工业大学,1
工程学部,机械与运载工程学院,博士,2021,就业,河南科技大学,1
工程学部,机械与运载工程学院,博士,2021,就业,深圳联友科技有限公司广州分公司,1
工程学部,机械与运载工程学院,博士,2021,就业,清华大学,1
工程学部,机械与运载工程学院,博士,2021,就业,温州大学,1
工程学部,机械与运载工程学院,博士,2021,就业,电子科技大学,1
工程学部,机械与运载工程学院,博士,2021,就业,福特汽车工程研究(南京)有限公司,1
工程学部,机械与运载工程学院,博士,2021,就业,西北工业大学,1
工程学部,机械与运载工程学院,博士,2021,就业,西南交通大学,1
工程学部,机械与运载工程学院,博士,2021,就业,西南大学,1
工程学部,机械与运载工程学院,博士,2021,就业,郑州轻工业大学,1
工程学部,机械与运载工程学院,博士,2021,就业,重庆工商大学,1
工程学部,机械与运载工程学院,博士,2021,就业,重庆理工大学,1
工程学部,机械与运载工程学院,博士,2021,就业,重庆电子工程职业学院,3
工程学部,机械与运载工程学院,博士,2021,就业,重庆科技学院,5
工程学部,机械与运载工程学院,博士,2021,就业,重庆邮电大学,3
工程学部,机械与运载工程学院,博士,2021,就业,重庆长安新能源汽车科技有限公司,1
工程学部,机械与运载工程学院,博士,2021,就业,重庆长安汽车股份有限公司,1
工程学部,机械与运载工程学院,博士,2021,就业,重庆青山工业有限责任公司,1
工程学部,机械与运载工程学院,博士,2021,就业,青岛理工大学,1
工程学部,机械与运载工程学院,博士,2021,选调生,中共重庆市委组织部,2
工程学部,机械与运载工程学院,博士,2022,出国(境)留学或工作,布兰迪斯大学,1
工程学部,机械与运载工程学院,博士,2022,出国(境)留学或工作,斯坦福大学,1
工程学部,机械与运载工程学院,博士,2022,就业,上海ABB工程有限公司,1
工程学部,机械与运载工程学院,博士,2022,就业,上海华为技术有限公司,2
工程学部,机械与运载工程学院,博士,2022,就业,上海友道智途科技有限公司,1
工程学部,机械与运载工程学院,博士,2022,就业,中国汽车工程研究院股份有限公司,2
工程学部,机械与运载工程学院,博士,2022,就业,中国电子科技集团公司第十研究所,1
工程学部,机械与运载工程学院,博士,2022,就业,中航西安飞机工业集团股份有限公司,1
工程学部,机械与运载工程学院,博士,2022,就业,华东交通大学,1
工程学部,机械与运载工程学院,博士,2022,就业,季华实验室,1
工程学部,机械与运载工程学院,博士,2022,就业,安徽农业大学,1
工程学部,机械与运载工程学院,博士,2022,就业,安徽工业大学,1
工程学部,机械与运载工程学院,博士,2022,就业,广西大学,1
工程学部,机械与运载工程学院,博士,2022,就业,成都大学,1
工程学部,机械与运载工程学院,博士,2022,就业,机械工业仪器仪表综合技术经济研究所,1
工程学部,机械与运载工程学院,博士,2022,就业,杭州师范大学,1
工程学部,机械与运载工程学院,博士,2022,就业,河北工程大学,1
工程学部,机械与运载工程学院,博士,2022,就业,洛阳师范学院,1
工程学部,机械与运载工程学院,博士,2022,就业,洛阳理工学院,1
工程学部,机械与运载工程学院,博士,2022,就业,深圳职业技术学院,1
工程学部,机械与运载工程学院,博士,2022,就业,清华大学,1
工程学部,机械与运载工程学院,博士,2022,就业,湖北汽车工业学院,1
工程学部,机械与运载工程学院,博士,2022,就业,滨州学院,1
工程学部,机械与运载工程学院,博士,2022,就业,潍坊学院,1
工程学部,机械与运载工程学院,博士,2022,就业,烟台大学,1
工程学部,机械与运载工程学院,博士,2022,就业,西南交通大学,1
工程学部,机械与运载工程学院,博士,2022,就业,西南大学,1
工程学部,机械与运载工程学院,博士,2022,就业,贵州师范大学,1
工程学部,机械与运载工程学院,博士,2022,就业,重庆大学,2
工程学部,机械与运载工程学院,博士,2022,就业,重庆工业职业技术学院,1
工程学部,机械与运载工程学院,博士,2022,就业,重庆工商大学,5
工程学部,机械与运载工程学院,博士,2022,就业,重庆工程职业技术学院,2
工程学部,机械与运载工程学院,博士,2022,就业,重庆文理学院,1
工程学部,机械与运载工程学院,博士,2022,就业,重庆理工大学,3
工程学部,机械与运载工程学院,博士,2022,就业,重庆电子工程职业学院,2
工程学部,机械与运载工程学院,博士,2022,就业,重庆科技学院,2
工程学部,机械与运载工程学院,博士,2022,就业,重庆邮电大学,1
工程学部,机械与运载工程学院,博士,2022,就业,重庆长安汽车软件科技有限公司,1
工程学部,机械与运载工程学院,博士,2023,出国(境)留学或工作,香港理工大学,1
工程学部,机械与运载工程学院,博士,2023,就业,三峡大学,1
工程学部,机械与运载工程学院,博士,2023,就业,东南大学,1
工程学部,机械与运载工程学院,博士,2023,就业,中国汽车工程研究院股份有限公司,1
工程学部,机械与运载工程学院,博士,2023,就业,中汽院新能源科技有限公司,1
工程学部,机械与运载工程学院,博士,2023,就业,兰州理工大学,1
工程学部,机械与运载工程学院,博士,2023,就业,华东交通大学,1
工程学部,机械与运载工程学院,博士,2023,就业,华中科技大学,1
工程学部,机械与运载工程学院,博士,2023,就业,周口师范学院,1
工程学部,机械与运载工程学院,博士,2023,就业,国科大重庆学院,1
工程学部,机械与运载工程学院,博士,2023,就业,太行国家实验室,1
工程学部,机械与运载工程学院,博士,2023,就业,宁德时代新能源科技股份有限公司,1
工程学部,机械与运载工程学院,博士,2023,就业,新加坡国立大学,1
工程学部,机械与运载工程学院,博士,2023,就业,昆明理工大学,2
工程学部,机械与运载工程学院,博士,2023,就业,武汉工程大学,1
工程学部,机械与运载工程学院,博士,2023,就业,比亚迪股份有限公司,2
工程学部,机械与运载工程学院,博士,2023,就业,江西理工大学,1
工程学部,机械与运载工程学院,博士,2023,就业,河南理工大学,1
工程学部,机械与运载工程学院,博士,2023,就业,清华大学,2
工程学部,机械与运载工程学院,博士,2023,就业,西华大学,1
工程学部,机械与运载工程学院,博士,2023,就业,西南大学,1
工程学部,机械与运载工程学院,博士,2023,就业,西南石油大学,1
工程学部,机械与运载工程学院,博士,2023,就业,贵州大学,1
工程学部,机械与运载工程学院,博士,2023,就业,重庆中科汽车软件创新中心,1
工程学部,机械与运载工程学院,博士,2023,就业,重庆交通大学,2
工程学部,机械与运载工程学院,博士,2023,就业,重庆大学,2
工程学部,机械与运载工程学院,博士,2023,就业,重庆大学附属涪陵医院,1
工程学部,机械与运载工程学院,博士,2023,就业,重庆工业职业技术学院,1
工程学部,机械与运载工程学院,博士,2023,就业,重庆工商大学,1
工程学部,机械与运载工程学院,博士,2023,就业,重庆文理学院,5
工程学部,机械与运载工程学院,博士,2023,就业,重庆理工大学,4
工程学部,机械与运载工程学院,博士,2023,就业,重庆邮电大学,3
工程学部,机械与运载工程学院,博士,2023,就业,重庆长安新能源汽车科技有限公司,1
工程学部,机械与运载工程学院,博士,2023,就业,重庆长安民生物流股份有限公司,1
工程学部,机械与运载工程学院,博士,2023,就业,重庆长安汽车软件科技有限公司,1
工程学部,机械与运载工程学院,博士,2023,就业,重庆齿轮箱有限责任公司,1
工程学部,机械与运载工程学院,博士,2023,选调生,中国共产党安顺市委员会组织部,1
工程学部,机械与运载工程学院,博士,2023,选调生,广西壮族自治区工业和信息化厅,1
工程学部,机械与运载工程学院,本科,2021,出国(境)留学或工作,东京造形大学,1
工程学部,机械与运载工程学院,本科,2021,出国(境)留学或工作,伦敦大学学院,1
工程学部,机械与运载工程学院,本科,2021,出国(境)留学或工作,加州大学伯克利分校,1
工程学部,机械与运载工程学院,本科,2021,出国(境)留学或工作,华威大学,1
工程学部,机械与运载工程学院,本科,2021,出国(境)留学或工作,圣路易斯华盛顿大学,1
工程学部,机械与运载工程学院,本科,2021,出国(境)留学或工作,埃因霍温理工大学,1
工程学部,机械与运载工程学院,本科,2021,出国(境)留学或工作,墨尔本大学,1
工程学部,机械与运载工程学院,本科,2021,出国(境)留学或工作,宾夕法尼亚大学,1
工程学部,机械与运载工程学院,本科,2021,出国(境)留学或工作,新加坡国立大学,6
工程学部,机械与运载工程学院,本科,2021,出国(境)留学或工作,新加披国立大学,1
工程学部,机械与运载工程学院,本科,2021,出国(境)留学或工作,爱丁堡大学,1
工程学部,机械与运载工程学院,本科,2021,出国(境)留学或工作,瑞典皇家理工学院,1
工程学部,机械与运载工程学院,本科,2021,出国(境)留学或工作,米兰理工大学,1
工程学部,机械与运载工程学院,本科,2021,出国(境)留学或工作,香港理工大学,1
工程学部,机械与运载工程学院,本科,2021,出国(境)留学或工作,香港科技大学广州校区,1
工程学部,机械与运载工程学院,本科,2021,升学,上海交通大学,13
工程学部,机械与运载工程学院,本科,2021,升学,东南大学,2
工程学部,机械与运载工程学院,本科,2021,升学,中国农业大学,1
工程学部,机械与运载工程学院,本科,2021,升学,中国原子能科学研究院,2
工程学部,机械与运载工程学院,本科,2021,升学,中国地质大学(武汉),1
工程学部,机械与运载工程学院,本科,2021,升学,中国科学技术大学,2
工程学部,机械与运载工程学院,本科,2021,升学,中国科学院工程热物理研究所,1
工程学部,机械与运载工程学院,本科,2021,升学,中国科学院深圳先进技术研究院,1
工程学部,机械与运载工程学院,本科,2021,升学,中国科学院自动化研究所,1
工程学部,机械与运载工程学院,本科,2021,升学,北京大学深圳研究生院,1
工程学部,机械与运载工程学院,本科,2021,升学,北京师范大学,1
工程学部,机械与运载工程学院,本科,2021,升学,北京理工大学,4
工程学部,机械与运载工程学院,本科,2021,升学,北京航空航天大学,3
工程学部,机械与运载工程学院,本科,2021,升学,华东师范大学,1
工程学部,机械与运载工程学院,本科,2021,升学,华中科技大学,12
工程学部,机械与运载工程学院,本科,2021,升学,华南理工大学,3
工程学部,机械与运载工程学院,本科,2021,升学,南京理工大学,2
工程学部,机械与运载工程学院,本科,2021,升学,南京航空航天大学,2
工程学部,机械与运载工程学院,本科,2021,升学,南开大学,2
工程学部,机械与运载工程学院,本科,2021,升学,南方科技大学,2
工程学部,机械与运载工程学院,本科,2021,升学,吉林大学,1
工程学部,机械与运载工程学院,本科,2021,升学,同济大学,11
工程学部,机械与运载工程学院,本科,2021,升学,哈尔滨工业大学,6
工程学部,机械与运载工程学院,本科,2021,升学,哈尔滨工业大学(深圳),3
工程学部,机械与运载工程学院,本科,2021,升学,四川大学,3
工程学部,机械与运载工程学院,本科,2021,升学,国科大杭州高等研究院,1
工程学部,机械与运载工程学院,本科,2021,升学,国防科技大学,1
工程学部,机械与运载工程学院,本科,2021,升学,复旦大学,1
工程学部,机械与运载工程学院,本科,2021,升学,大连理工大学,1
工程学部,机械与运载工程学院,本科,2021,升学,天津大学,4
工程学部,机械与运载工程学院,本科,2021,升学,山东大学,2
工程学部,机械与运载工程学院,本科,2021,升学,浙江大学,12
工程学部,机械与运载工程学院,本科,2021,升学,清华大学深圳国际研究生院,1
工程学部,机械与运载工程学院,本科,2021,升学,电子科技大学,1
工程学部,机械与运载工程学院,本科,2021,升学,西安交通大学,32
工程学部,机械与运载工程学院,本科,2021,升学,重庆大学,121
工程学部,机械与运载工程学院,本科,2021,升学,青川县建峰镇人民政府,1
工程学部,机械与运载工程学院,本科,2021,就业,上汽通用五菱汽车股份有限公司,2
工程学部,机械与运载工程学院,本科,2021,就业,上汽通用五菱汽车股份有限公司重庆分公司,2
工程学部,机械与运载工程学院,本科,2021,就业,上海中联重科桩工机械有限公司,3
工程学部,机械与运载工程学院,本科,2021,就业,东方电气集团东方电机有限公司,2
工程学部,机械与运载工程学院,本科,2021,就业,中兴通讯股份有限公司,2
工程学部,机械与运载工程学院,本科,2021,就业,中国航发贵州黎阳航空发动机有限公司,4
工程学部,机械与运载工程学院,本科,2021,就业,中国重型汽车集团有限公司,6
工程学部,机械与运载工程学院,本科,2021,就业,中国重汽集团重庆燃油喷射系统有限公司,12
工程学部,机械与运载工程学院,本科,2021,就业,中建三局第一建设工程有限责任公司,2
工程学部,机械与运载工程学院,本科,2021,就业,中建八局第三建设有限公司,2
工程学部,机械与运载工程学院,本科,2021,就业,中建八局第二建设有限公司,2
工程学部,机械与运载工程学院,本科,2021,就业,中建西部建设西南有限公司,6
工程学部,机械与运载工程学院,本科,2021,就业,中科泓泰电子有限公司,3
工程学部,机械与运载工程学院,本科,2021,就业,中船黄埔文冲船舶有限公司,2
工程学部,机械与运载工程学院,本科,2021,就业,中车株洲电力机车有限公司,2
工程学部,机械与运载工程学院,本科,2021,就业,其他,102
工程学部,机械与运载工程学院,本科,2021,就业,华为技术有限公司,2
工程学部,机械与运载工程学院,本科,2021,就业,四川航天长征装备制造有限公司,2
工程学部,机械与运载工程学院,本科,2021,就业,宁德时代新能源科技股份有限公司,3
工程学部,机械与运载工程学院,本科,2021,就业,广西柳工机械股份有限公司,4
工程学部,机械与运载工程学院,本科,2021,就业,普联技术有限公司,3
工程学部,机械与运载工程学院,本科,2021,就业,比亚迪股份有限公司,2
工程学部,机械与运载工程学院,本科,2021,就业,江西铜业股份有限公司,2
工程学部,机械与运载工程学院,本科,2021,就业,浙江春风动力股份有限公司,8
工程学部,机械与运载工程学院,本科,2021,就业,深圳顺丰泰森控股(集团)有限公司,2
工程学部,机械与运载工程学院,本科,2021,就业,紫金矿业集团股份有限公司,2
工程学部,机械与运载工程学院,本科,2021,就业,重庆建设工业(集团)有限责任公司,3
工程学部,机械与运载工程学院,本科,2021,就业,重庆新东方教育培训学校有限公司,2
工程学部,机械与运载工程学院,本科,2021,就业,重庆药友制药有限责任公司,3
工程学部,机械与运载工程学院,本科,2021,就业,重庆长安汽车股份有限公司,11
工程学部,机械与运载工程学院,本科,2021,就业,陕西汽车控股集团有限公司,5
工程学部,机械与运载工程学院,本科,2021,就业,陕西法士特汽车传动集团有限责任公司,3
工程学部,机械与运载工程学院,本科,2021,选调生,中共德阳市委组织部,2
工程学部,机械与运载工程学院,本科,2021,选调生,中共成都市委组织部,1
工程学部,机械与运载工程学院,本科,2021,选调生,中共泸州市委组织部,1
工程学部,机械与运载工程学院,本科,2021,选调生,中共甘南州委组织部,1
工程学部,机械与运载工程学院,本科,2021,选调生,中共重庆市委组织部,2
工程学部,机械与运载工程学院,本科,2021,选调生,中共青海省委组织部,1
工程学部,机械与运载工程学院,本科,2021,选调生,中国共产党内江市委员会组织部,3
工程学部,机械与运载工程学院,本科,2021,选调生,中国共产党自贡市委员会组织部,1
工程学部,机械与运载工程学院,本科,2021,选调生,中国共产党遂宁市委员会组织部,1
工程学部,机械与运载工程学院,本科,2022,出国(境)留学或工作,上智大学,1
工程学部,机械与运载工程学院,本科,2022,出国(境)留学或工作,伯明翰大学,1
工程学部,机械与运载工程学院,本科,2022,出国(境)留学或工作,华威大学,1
工程学部,机械与运载工程学院,本科,2022,出国(境)留学或工作,南安普敦大学,1
工程学部,机械与运载工程学院,本科,2022,出国(境)留学或工作,名古屋大学,1
工程学部,机械与运载工程学院,本科,2022,出国(境)留学或工作,慕尼黑工业大学,1
工程学部,机械与运载工程学院,本科,2022,出国(境)留学或工作,新加坡国立大学,5
工程学部,机械与运载工程学院,本科,2022,出国(境)留学或工作,谢菲尔德大学,1
工程学部,机械与运载工程学院,本科,2022,出国(境)留学或工作,香港大学,2
工程学部,机械与运载工程学院,本科,2022,出国(境)留学或工作,香港理工大学,1
工程学部,机械与运载工程学院,本科,2022,升学,上海交通大学,7
工程学部,机械与运载工程学院,本科,2022,升学,东南大学,4
工程学部,机械与运载工程学院,本科,2022,升学,中国农业大学,1
工程学部,机械与运载工程学院,本科,2022,升学,中国工程物理研究院机械制造工艺研究所,1
工程学部,机械与运载工程学院,本科,2022,升学,中国科学院大学,2
工程学部,机械与运载工程学院,本科,2022,升学,中国科学院自动化研究所,1
工程学部,机械与运载工程学院,本科,2022,升学,北京理工大学,3
工程学部,机械与运载工程学院,本科,2022,升学,北京矿冶研究总院,1
工程学部,机械与运载工程学院,本科,2022,升学,北京航空航天大学,1
工程学部,机械与运载工程学院,本科,2022,升学,北京邮电大学,1
工程学部,机械与运载工程学院,本科,2022,升学,华中科技大学,14
工程学部,机械与运载工程学院,本科,2022,升学,华南理工大学,2
工程学部,机械与运载工程学院,本科,2022,升学,南京大学,2
工程学部,机械与运载工程学院,本科,2022,升学,南京理工大学,1
工程学部,机械与运载工程学院,本科,2022,升学,南京航空航天大学,1
工程学部,机械与运载工程学院,本科,2022,升学,南方科技大学,1
工程学部,机械与运载工程学院,本科,2022,升学,厦门大学,2
工程学部,机械与运载工程学院,本科,2022,升学,同济大学,11
工程学部,机械与运载工程学院,本科,2022,升学,同济大学汽车学院,2
工程学部,机械与运载工程学院,本科,2022,升学,哈尔滨工业大学,3
工程学部,机械与运载工程学院,本科,2022,升学,哈尔滨工业大学(深圳),3
工程学部,机械与运载工程学院,本科,2022,升学,国防科技大学,1
工程学部,机械与运载工程学院,本科,2022,升学,复旦大学,2
工程学部,机械与运载工程学院,本科,2022,升学,大连理工大学,1
工程学部,机械与运载工程学院,本科,2022,升学,天津大学,1
工程学部,机械与运载工程学院,本科,2022,升学,广州大学,1
工程学部,机械与运载工程学院,本科,2022,升学,暨南大学,1
工程学部,机械与运载工程学院,本科,2022,升学,武汉理工大学,1
工程学部,机械与运载工程学院,本科,2022,升学,浙江大学,5
工程学部,机械与运载工程学院,本科,2022,升学,清华大学,1
工程学部,机械与运载工程学院,本科,2022,升学,湖南大学,1
工程学部,机械与运载工程学院,本科,2022,升学,电子科技大学,3
工程学部,机械与运载工程学院,本科,2022,升学,西北工业大学,3
工程学部,机械与运载工程学院,本科,2022,升学,西南财经大学,1
工程学部,机械与运载工程学院,本科,2022,升学,西安交通大学,53
工程学部,机械与运载工程学院,本科,2022,升学,重庆大学,78
工程学部,机械与运载工程学院,本科,2022,就业,一汽解放汽车有限公司成都分公司,2
工程学部,机械与运载工程学院,本科,2022,就业,上汽大众汽车有限公司,3
工程学部,机械与运载工程学院,本科,2022,就业,上汽通用五菱汽车股份有限公司,2
工程学部,机械与运载工程学院,本科,2022,就业,世芯电子科技(重庆)有限公司,2
工程学部,机械与运载工程学院,本科,2022,就业,中国建筑第八工程局有限公司西南分公司,8
工程学部,机械与运载工程学院,本科,2022,就业,中国电子科技集团公司第十研究所,2
工程学部,机械与运载工程学院,本科,2022,就业,中建三局安装工程有限公司,3
工程学部,机械与运载工程学院,本科,2022,就业,中建科工集团有限公司,5
工程学部,机械与运载工程学院,本科,2022,就业,中建西部建设西南有限公司,2
工程学部,机械与运载工程学院,本科,2022,就业,中车资阳机车有限公司,2
工程学部,机械与运载工程学院,本科,2022,就业,其他,106
工程学部,机械与运载工程学院,本科,2022,就业,华为技术有限公司,3
工程学部,机械与运载工程学院,本科,2022,就业,宁德时代新能源科技股份有限公司,3
工程学部,机械与运载工程学院,本科,2022,就业,宝钛集团有限公司,3
工程学部,机械与运载工程学院,本科,2022,就业,小鹏汽车销售有限公司,2
工程学部,机械与运载工程学院,本科,2022,就业,延锋汽车饰件系统重庆有限公司,2
工程学部,机械与运载工程学院,本科,2022,就业,成都飞机工业(集团)有限责任公司,2
工程学部,机械与运载工程学院,本科,2022,就业,普联技术有限公司,8
工程学部,机械与运载工程学院,本科,2022,就业,极氪汽车(宁波杭州湾新区)有限公司,6
工程学部,机械与运载工程学院,本科,2022,就业,比亚迪股份有限公司,3
工程学部,机械与运载工程学院,本科,2022,就业,潍柴动力股份有限公司,2
工程学部,机械与运载工程学院,本科,2022,就业,潍柴动力股份有限公司重庆分公司,2
工程学部,机械与运载工程学院,本科,2022,就业,贵阳航空电机有限公司,3
工程学部,机械与运载工程学院,本科,2022,就业,郑州宇通集团有限公司,2
工程学部,机械与运载工程学院,本科,2022,就业,重庆传音通讯技术有限公司,2
工程学部,机械与运载工程学院,本科,2022,就业,重庆华伟工业(集团)有限责任公司,2
工程学部,机械与运载工程学院,本科,2022,就业,重庆小康工业集团股份有限公司,15
工程学部,机械与运载工程学院,本科,2022,就业,重庆药友制药有限责任公司,5
工程学部,机械与运载工程学院,本科,2022,就业,重庆长安新能源汽车科技有限公司,2
工程学部,机械与运载工程学院,本科,2022,就业,重庆长安汽车股份有限公司,9
工程学部,机械与运载工程学院,本科,2022,就业,重庆长安汽车软件科技有限公司,2
工程学部,机械与运载工程学院,本科,2022,就业,重汽(重庆)轻型汽车有限公司,5
工程学部,机械与运载工程学院,本科,2022,就业,重油高科电控燃油喷射系统(重庆)有限公司,2
工程学部,机械与运载工程学院,本科,2022,就业,陕西汽车控股集团有限公司,2
工程学部,机械与运载工程学院,本科,2022,志愿服务西部计划,乌鲁木齐县萨尔达坂乡人民政府,1
工程学部,机械与运载工程学院,本科,2022,选调生,中共六盘水市委组织部,1
工程学部,机械与运载工程学院,本科,2022,选调生,中共重庆市丰都县委组织部,1
工程学部,机械与运载工程学院,本科,2022,选调生,中共重庆市忠县委组织部,1
工程学部,机械与运载工程学院,本科,2022,选调生,中共铜仁市委组织部,1
工程学部,机械与运载工程学院,本科,2022,选调生,中国共产党泸州市委员会组织部,1
工程学部,机械与运载工程学院,本科,2022,选调生,广西壮族自治区党委组织部,1
工程学部,机械与运载工程学院,本科,2023,出国(境)留学或工作,SAMU语言学校,1
工程学部,机械与运载工程学院,本科,2023,出国(境)留学或工作,伍斯特理工学院,1
工程学部,机械与运载工程学院,本科,2023,出国(境)留学或工作,南洋理工大学,1
工程学部,机械与运载工程学院,本科,2023,出国(境)留学或工作,史蒂文斯理工学院,1
工程学部,机械与运载工程学院,本科,2023,出国(境)留学或工作,新加坡国立大学,2
工程学部,机械与运载工程学院,本科,2023,出国(境)留学或工作,比利时鲁汶大学,1
工程学部,机械与运载工程学院,本科,2023,出国(境)留学或工作,纽约大学,1
工程学部,机械与运载工程学院,本科,2023,出国(境)留学或工作,莫纳什大学,2
工程学部,机械与运载工程学院,本科,2023,出国(境)留学或工作,香港大学,2
工程学部,机械与运载工程学院,本科,2023,升学,上海交通大学,10
工程学部,机械与运载工程学院,本科,2023,升学,上海大学,1
工程学部,机械与运载工程学院,本科,2023,升学,东南大学,5
工程学部,机械与运载工程学院,本科,2023,升学,中南大学,1
工程学部,机械与运载工程学院,本科,2023,升学,中国科学院力学研究所,1
工程学部,机械与运载工程学院,本科,2023,升学,中国美术学院,1
工程学部,机械与运载工程学院,本科,2023,升学,兰州大学,1
工程学部,机械与运载工程学院,本科,2023,升学,北京体育大学,1
工程学部,机械与运载工程学院,本科,2023,升学,北京理工大学,3
工程学部,机械与运载工程学院,本科,2023,升学,北京航空航天大学,2
工程学部,机械与运载工程学院,本科,2023,升学,北京邮电大学,1
工程学部,机械与运载工程学院,本科,2023,升学,华中科技大学,12
工程学部,机械与运载工程学院,本科,2023,升学,华南理工大学,2
工程学部,机械与运载工程学院,本科,2023,升学,南京理工大学,1
工程学部,机械与运载工程学院,本科,2023,升学,南京航天航空大学,1
工程学部,机械与运载工程学院,本科,2023,升学,厦门大学,1
工程学部,机械与运载工程学院,本科,2023,升学,同济大学,12
工程学部,机械与运载工程学院,本科,2023,升学,哈尔滨工业大学,3
工程学部,机械与运载工程学院,本科,2023,升学,哈尔滨工业大学(深圳),1
工程学部,机械与运载工程学院,本科,2023,升学,哈尔滨工程大学,1
工程学部,机械与运载工程学院,本科,2023,升学,四川美术学院,1
工程学部,机械与运载工程学院,本科,2023,升学,国防科学技术大学,1
工程学部,机械与运载工程学院,本科,2023,升学,天津大学,1
工程学部,机械与运载工程学院,本科,2023,升学,太原理工大学,1
工程学部,机械与运载工程学院,本科,2023,升学,暨南大学,1
工程学部,机械与运载工程学院,本科,2023,升学,浙江大学,3
工程学部,机械与运载工程学院,本科,2023,升学,清华大学,1
工程学部,机械与运载工程学院,本科,2023,升学,电子科技大学,1
工程学部,机械与运载工程学院,本科,2023,升学,西北农林科技大学,1
工程学部,机械与运载工程学院,本科,2023,升学,西安交通大学,28
工程学部,机械与运载工程学院,本科,2023,升学,重庆大学,70
工程学部,机械与运载工程学院,本科,2023,就业,三门核电有限公司,2
工程学部,机械与运载工程学院,本科,2023,就业,上海汽车集团股份有限公司技术中心,2
工程学部,机械与运载工程学院,本科,2023,就业,上海理想汽车科技有限公司,2
工程学部,机械与运载工程学院,本科,2023,就业,东方电气(广州)重型机器有限公司,2
工程学部,机械与运载工程学院,本科,2023,就业,东方电气集团东方汽轮机有限公司,3
工程学部,机械与运载工程学院,本科,2023,就业,东风汽车集团股份有限公司,3
工程学部,机械与运载工程学院,本科,2023,就业,中国第一汽车股份有限公司,3
工程学部,机械与运载工程学院,本科,2023,就业,中国航发动力股份有限公司,3
工程学部,机械与运载工程学院,本科,2023,就业,中国重型汽车集团有限公司,3
工程学部,机械与运载工程学院,本科,2023,就业,中国长安汽车集团有限公司重庆底盘系统分公司,3
工程学部,机械与运载工程学院,本科,2023,就业,中广核工程有限公司,2
工程学部,机械与运载工程学院,本科,2023,就业,中建一局华江建设有限公司,2
工程学部,机械与运载工程学院,本科,2023,就业,中建西部建设股份有限公司,2
工程学部,机械与运载工程学院,本科,2023,就业,中车株洲电力机车有限公司,5
工程学部,机械与运载工程学院,本科,2023,就业,中车株洲电力机车研究所有限公司,3
工程学部,机械与运载工程学院,本科,2023,就业,中车资阳机车有限公司,2
工程学部,机械与运载工程学院,本科,2023,就业,其他,76
工程学部,机械与运载工程学院,本科,2023,就业,华为技术有限公司,6
工程学部,机械与运载工程学院,本科,2023,就业,宁德时代新能源科技股份有限公司,7
工程学部,机械与运载工程学院,本科,2023,就业,宁德时代润智软件科技有限公司,3
工程学部,机械与运载工程学院,本科,2023,就业,株洲时代新材料科技股份有限公司,6
工程学部,机械与运载工程学院,本科,2023,就业,比亚迪股份有限公司,18
工程学部,机械与运载工程学院,本科,2023,就业,深圳吉阳智能科技有限公司,3
工程学部,机械与运载工程学院,本科,2023,就业,潍柴动力股份有限公司,4
工程学部,机械与运载工程学院,本科,2023,就业,贵州航天电器股份有限公司,3
工程学部,机械与运载工程学院,本科,2023,就业,赛力斯汽车有限公司,6
工程学部,机械与运载工程学院,本科,2023,就业,郑州宇通集团有限公司,2
工程学部,机械与运载工程学院,本科,2023,就业,重庆万盛福耀玻璃有限公司,3
工程学部,机械与运载工程学院,本科,2023,就业,重庆清平机械有限责任公司,2
工程学部,机械与运载工程学院,本科,2023,就业,重庆药友制药有限责任公司,4
工程学部,机械与运载工程学院,本科,2023,就业,重庆长安望江工业集团有限公司,2
工程学部,机械与运载工程学院,本科,2023,就业,重庆长安汽车股份有限公司,8
工程学部,机械与运载工程学院,本科,2023,就业,重油高科电控燃油喷射系统(重庆)有限公司,3
工程学部,机械与运载工程学院,本科,2023,就业,长安福特汽车有限公司,2
工程学部,机械与运载工程学院,本科,2023,就业,阿维塔科技(重庆)有限公司,2
工程学部,机械与运载工程学院,本科,2023,就业,陕西法士特汽车传动集团有限责任公司,2
工程学部,机械与运载工程学院,本科,2023,选调生,中共安徽省委组织部,1
工程学部,机械与运载工程学院,本科,2023,选调生,中共眉山市委组织部,1
工程学部,机械与运载工程学院,本科,2023,选调生,中共重庆市忠县县委组织部,1
工程学部,机械与运载工程学院,本科,2023,选调生,中共铜仁市委组织部,1
工程学部,机械与运载工程学院,本科,2023,选调生,中国共产党南充市委员会组织部,1
工程学部,机械与运载工程学院,本科,2023,选调生,广东省中山市石岐街道办事处,1
工程学部,机械与运载工程学院,本科,2023,选调生,广西壮族自治区桂林市市场监督管理局,1
工程学部,机械与运载工程学院,本科,2023,选调生,桂林市市场监督管理局,1
工程学部,机械与运载工程学院,硕士,2021,出国(境)留学或工作,卢森堡大学,1
工程学部,机械与运载工程学院,硕士,2021,出国(境)留学或工作,奥尔堡大学,1
工程学部,机械与运载工程学院,硕士,2021,出国(境)留学或工作,昂热大学,1
工程学部,机械与运载工程学院,硕士,2021,出国(境)留学或工作,香港理工大学,1
工程学部,机械与运载工程学院,硕士,2021,升学,北京大学深圳研究生院,1
工程学部,机械与运载工程学院,硕士,2021,升学,同济大学,1
工程学部,机械与运载工程学院,硕士,2021,升学,哈尔滨工业大学,1
工程学部,机械与运载工程学院,硕士,2021,升学,四川大学,1
工程学部,机械与运载工程学院,硕士,2021,升学,天津大学,2
工程学部,机械与运载工程学院,硕士,2021,升学,西安交通大学,2
工程学部,机械与运载工程学院,硕士,2021,升学,重庆大学,17
工程学部,机械与运载工程学院,硕士,2021,就业,OPPO广东移动通信有限公司,2
工程学部,机械与运载工程学院,硕士,2021,就业,TCL通讯科技(成都)有限公司,2
工程学部,机械与运载工程学院,硕士,2021,就业,三一汽车起重机械有限公司,2
工程学部,机械与运载工程学院,硕士,2021,就业,上汽大众汽车有限公司,4
工程学部,机械与运载工程学院,硕士,2021,就业,上海汽车集团股份有限公司技术中心,13
工程学部,机械与运载工程学院,硕士,2021,就业,上海汽车集团股份有限公司零束软件分公司,2
工程学部,机械与运载工程学院,硕士,2021,就业,东方红卫星移动通信有限公司,7
工程学部,机械与运载工程学院,硕士,2021,就业,中兴通讯股份有限公司,3
工程学部,机械与运载工程学院,硕士,2021,就业,中冶赛迪装备有限公司,2
工程学部,机械与运载工程学院,硕士,2021,就业,中国人民解放军第五七一九工厂,2
工程学部,机械与运载工程学院,硕士,2021,就业,中国核动力研究设计院,4
工程学部,机械与运载工程学院,硕士,2021,就业,中国汽车工程研究院股份有限公司,4
工程学部,机械与运载工程学院,硕士,2021,就业,中国电子科技集团公司第十四研究所,5
工程学部,机械与运载工程学院,硕士,2021,就业,中国科学院光电技术研究所,3
工程学部,机械与运载工程学院,硕士,2021,就业,中国航发商用航空发动机有限责任公司,2
工程学部,机械与运载工程学院,硕士,2021,就业,中国航空工业集团公司成都飞机设计研究所,2
工程学部,机械与运载工程学院,硕士,2021,就业,中国航空工业集团公司西安航空计算技术研究所,2
工程学部,机械与运载工程学院,硕士,2021,就业,中电科技集团重庆声光电有限公司,4
工程学部,机械与运载工程学院,硕士,2021,就业,中车株洲电力机车研究所有限公司,3
工程学部,机械与运载工程学院,硕士,2021,就业,中铁二局集团有限公司,2
工程学部,机械与运载工程学院,硕士,2021,就业,先进科技(中国)有限公司,2
工程学部,机械与运载工程学院,硕士,2021,就业,其他,160
工程学部,机械与运载工程学院,硕士,2021,就业,北京字跳网络技术有限公司,2
工程学部,机械与运载工程学院,硕士,2021,就业,北京经纬恒润科技有限公司,3
工程学部,机械与运载工程学院,硕士,2021,就业,北京经纬恒润科技有限公司成都分公司,2
工程学部,机械与运载工程学院,硕士,2021,就业,华为技术有限公司,17
工程学部,机械与运载工程学院,硕士,2021,就业,华为技术有限公司武汉研究所,2
工程学部,机械与运载工程学院,硕士,2021,就业,南京高速齿轮制造有限公司,3
工程学部,机械与运载工程学院,硕士,2021,就业,四川航天烽火伺服控制技术有限公司,2
工程学部,机械与运载工程学院,硕士,2021,就业,四川航天系统工程研究所,2
工程学部,机械与运载工程学院,硕士,2021,就业,宁德时代新能源科技股份有限公司,3
工程学部,机械与运载工程学院,硕士,2021,就业,小米通讯技术有限公司,3
工程学部,机械与运载工程学院,硕士,2021,就业,展讯半导体(成都)有限公司,3
工程学部,机械与运载工程学院,硕士,2021,就业,广东博智林机器人有限公司,3
工程学部,机械与运载工程学院,硕士,2021,就业,广东美芝制冷设备有限公司,2
工程学部,机械与运载工程学院,硕士,2021,就业,广州汽车集团股份有限公司汽车工程研究院,2
工程学部,机械与运载工程学院,硕士,2021,就业,思特沃克软件技术(武汉)有限公司,2
工程学部,机械与运载工程学院,硕士,2021,就业,恒玄科技(上海)股份有限公司,2
工程学部,机械与运载工程学院,硕士,2021,就业,恒生电子股份有限公司,3
工程学部,机械与运载工程学院,硕士,2021,就业,成都华为技术有限公司,4
工程学部,机械与运载工程学院,硕士,2021,就业,成都飞机工业(集团)有限责任公司,7
工程学部,机械与运载工程学院,硕士,2021,就业,招商局检测车辆技术研究院有限公司,3
工程学部,机械与运载工程学院,硕士,2021,就业,杭州海康威视数字技术股份有限公司,8
工程学部,机械与运载工程学院,硕士,2021,就业,武汉中科医疗科技工业技术研究院有限公司,2
工程学部,机械与运载工程学院,硕士,2021,就业,武汉华星光电技术有限公司,2
工程学部,机械与运载工程学院,硕士,2021,就业,比亚迪汽车有限公司,2
工程学部,机械与运载工程学院,硕士,2021,就业,比亚迪股份有限公司,2
工程学部,机械与运载工程学院,硕士,2021,就业,浙江大华技术股份有限公司,2
工程学部,机械与运载工程学院,硕士,2021,就业,深信服科技股份有限公司,2
工程学部,机械与运载工程学院,硕士,2021,就业,深圳迈瑞生物医疗电子股份有限公司,5
工程学部,机械与运载工程学院,硕士,2021,就业,深圳顺丰泰森控股(集团)有限公司,4
工程学部,机械与运载工程学院,硕士,2021,就业,百度在线网络技术(北京)有限公司,2
工程学部,机械与运载工程学院,硕士,2021,就业,紫光展锐(重庆)科技有限公司,5
工程学部,机械与运载工程学院,硕士,2021,就业,维沃移动通信有限公司,2
工程学部,机械与运载工程学院,硕士,2021,就业,联合汽车电子有限公司,2
工程学部,机械与运载工程学院,硕士,2021,就业,苏州汇川技术有限公司,2
工程学部,机械与运载工程学院,硕士,2021,就业,英特尔产品(成都)有限公司,4
工程学部,机械与运载工程学院,硕士,2021,就业,西南技术物理研究所,2
工程学部,机械与运载工程学院,硕士,2021,就业,西安荣耀终端有限公司,5
工程学部,机械与运载工程学院,硕士,2021,就业,郑州机械研究所有限公司,2
工程学部,机械与运载工程学院,硕士,2021,就业,重庆中元生物技术有限公司,2
工程学部,机械与运载工程学院,硕士,2021,就业,重庆中兴软件有限责任公司,2
工程学部,机械与运载工程学院,硕士,2021,就业,重庆京东方显示技术有限公司,2
工程学部,机械与运载工程学院,硕士,2021,就业,重庆前卫科技集团有限公司,4
工程学部,机械与运载工程学院,硕士,2021,就业,重庆川仪自动化股份有限公司执行器分公司,2
工程学部,机械与运载工程学院,硕士,2021,就业,重庆川仪自动化股份有限公司流量仪表分公司,3
工程学部,机械与运载工程学院,硕士,2021,就业,重庆川仪调节阀有限公司,2
工程学部,机械与运载工程学院,硕士,2021,就业,重庆红宇精密工业集团有限公司,2
工程学部,机械与运载工程学院,硕士,2021,就业,重庆铁马工业集团有限公司,3
工程学部,机械与运载工程学院,硕士,2021,就业,重庆长安新能源汽车科技有限公司,4
工程学部,机械与运载工程学院,硕士,2021,就业,重庆长安汽车股份有限公司,12
工程学部,机械与运载工程学院,硕士,2021,就业,重庆长安汽车软件科技有限公司,5
工程学部,机械与运载工程学院,硕士,2021,就业,韶关市人民政府办公室,2
工程学部,机械与运载工程学院,硕士,2021,选调生,中共乐山市委组织部,1
工程学部,机械与运载工程学院,硕士,2021,选调生,中共内江市委组织部,1
工程学部,机械与运载工程学院,硕士,2021,选调生,中共凉山州委组织部,1
工程学部,机械与运载工程学院,硕士,2021,选调生,中共南阳市委办公室,1
工程学部,机械与运载工程学院,硕士,2021,选调生,中共右玉县委组织部,1
工程学部,机械与运载工程学院,硕士,2021,选调生,中共德阳市委组织部,2
工程学部,机械与运载工程学院,硕士,2021,选调生,中共成都市委组织部,6
工程学部,机械与运载工程学院,硕士,2021,选调生,中共毕节市委组织部,1
工程学部,机械与运载工程学院,硕士,2021,选调生,中共江西省委组织部,1
工程学部,机械与运载工程学院,硕士,2021,选调生,中共绵阳市委组织部,1
工程学部,机械与运载工程学院,硕士,2021,选调生,中共贵阳市委组织部,1
工程学部,机械与运载工程学院,硕士,2021,选调生,中共达州市委组织部,1
工程学部,机械与运载工程学院,硕士,2021,选调生,中共运城市委机构编制委员会办公室,1
工程学部,机械与运载工程学院,硕士,2021,选调生,中共遵义市委组织部,1
工程学部,机械与运载工程学院,硕士,2021,选调生,中共重庆市委组织部,3
工程学部,机械与运载工程学院,硕士,2021,选调生,中共黄冈市委组织部,1
工程学部,机械与运载工程学院,硕士,2021,选调生,中国共产党内江市委员会组织部(待分配),1
工程学部,机械与运载工程学院,硕士,2021,选调生,中国共产党南充市委员会组织部,2
工程学部,机械与运载工程学院,硕士,2021,选调生,中国共产党宜宾市委员会组织部,2
工程学部,机械与运载工程学院,硕士,2021,选调生,中国共产党巴中市委员会组织部,1
工程学部,机械与运载工程学院,硕士,2021,选调生,中国共产党广安市委员会组织部,1
工程学部,机械与运载工程学院,硕士,2021,选调生,中国共产党自贡市委员会组织部,5
工程学部,机械与运载工程学院,硕士,2021,选调生,中国共产党长治市委员会组织部,1
工程学部,机械与运载工程学院,硕士,2021,选调生,云南省会泽县教育体育局,1
工程学部,机械与运载工程学院,硕士,2021,选调生,天津市宁河区委组织部,1
工程学部,机械与运载工程学院,硕士,2021,选调生,宁波市镇海区澥浦镇人民政府,1
工程学部,机械与运载工程学院,硕士,2021,选调生,山西省商务厅,1
工程学部,机械与运载工程学院,硕士,2021,选调生,广西壮族自治区党委组织部干部规划办,3
工程学部,机械与运载工程学院,硕士,2021,选调生,沈阳市交通运输局,1
工程学部,机械与运载工程学院,硕士,2022,出国(境)留学或工作,凯斯西储大学,1
工程学部,机械与运载工程学院,硕士,2022,出国(境)留学或工作,多伦多大学,1
工程学部,机械与运载工程学院,硕士,2022,出国(境)留学或工作,德克萨斯大学奥斯汀分校,1
工程学部,机械与运载工程学院,硕士,2022,出国(境)留学或工作,诺丁汉大学,1
工程学部,机械与运载工程学院,硕士,2022,出国(境)留学或工作,香港理工大学,1
工程学部,机械与运载工程学院,硕士,2022,出国(境)留学或工作,香港科技大学,1
工程学部,机械与运载工程学院,硕士,2022,升学,中国铁道科学研究院,1
工程学部,机械与运载工程学院,硕士,2022,升学,中山大学,1
工程学部,机械与运载工程学院,硕士,2022,升学,北京大学,1
工程学部,机械与运载工程学院,硕士,2022,升学,华中科技大学,1
工程学部,机械与运载工程学院,硕士,2022,升学,同济大学,2
工程学部,机械与运载工程学院,硕士,2022,升学,哈尔滨工业大学,1
工程学部,机械与运载工程学院,硕士,2022,升学,浙江大学,2
工程学部,机械与运载工程学院,硕士,2022,升学,西北工业大学,1
工程学部,机械与运载工程学院,硕士,2022,升学,重庆大学,15
工程学部,机械与运载工程学院,硕士,2022,就业,一汽—大众汽车有限公司,2
工程学部,机械与运载工程学院,硕士,2022,就业,上汽大众汽车有限公司,3
工程学部,机械与运载工程学院,硕士,2022,就业,上海中兴软件有限责任公司,2
工程学部,机械与运载工程学院,硕士,2022,就业,上海华为技术有限公司,21
工程学部,机械与运载工程学院,硕士,2022,就业,上海汽车集团股份有限公司技术中心,6
工程学部,机械与运载工程学院,硕士,2022,就业,上海理想汽车科技有限公司,3
工程学部,机械与运载工程学院,硕士,2022,就业,上海随训通电子科技有限公司,2
工程学部,机械与运载工程学院,硕士,2022,就业,中兴通讯股份有限公司,3
工程学部,机械与运载工程学院,硕士,2022,就业,中冶赛迪技术研究中心有限公司,2
工程学部,机械与运载工程学院,硕士,2022,就业,中冶赛迪重庆信息技术有限公司,3
工程学部,机械与运载工程学院,硕士,2022,就业,中冶赛迪集团有限公司,4
工程学部,机械与运载工程学院,硕士,2022,就业,中国电子科技集团公司第二十九研究所,4
工程学部,机械与运载工程学院,硕士,2022,就业,中国电子科技集团公司第十研究所,2
工程学部,机械与运载工程学院,硕士,2022,就业,中国航空工业集团公司洛阳电光设备研究所,4
工程学部,机械与运载工程学院,硕士,2022,就业,中国航空工业集团公司西安飞机设计研究所,2
工程学部,机械与运载工程学院,硕士,2022,就业,中国重型汽车集团有限公司,2
工程学部,机械与运载工程学院,硕士,2022,就业,中电科技集团重庆声光电有限公司,3
工程学部,机械与运载工程学院,硕士,2022,就业,中航光电科技股份有限公司,2
工程学部,机械与运载工程学院,硕士,2022,就业,中车株洲电力机车研究所有限公司,2
工程学部,机械与运载工程学院,硕士,2022,就业,其他,173
工程学部,机械与运载工程学院,硕士,2022,就业,北京三快在线科技有限公司,2
工程学部,机械与运载工程学院,硕士,2022,就业,北京亚控科技发展有限公司,7
工程学部,机械与运载工程学院,硕士,2022,就业,北京小米移动软件有限公司上海分公司,3
工程学部,机械与运载工程学院,硕士,2022,就业,北京罗克维尔斯科技有限公司,2
工程学部,机械与运载工程学院,硕士,2022,就业,华为技术有限公司,16
工程学部,机械与运载工程学院,硕士,2022,就业,小米通讯技术有限公司,3
工程学部,机械与运载工程学院,硕士,2022,就业,广州小鹏汽车科技有限公司,4
工程学部,机械与运载工程学院,硕士,2022,就业,广州小鹏自动驾驶科技有限公司,2
工程学部,机械与运载工程学院,硕士,2022,就业,广州汽车集团股份有限公司汽车工程研究院,3
工程学部,机械与运载工程学院,硕士,2022,就业,成都华为技术有限公司,7
工程学部,机械与运载工程学院,硕士,2022,就业,成都大华智联信息技术有限公司,2
工程学部,机械与运载工程学院,硕士,2022,就业,成都奕斯伟集成电路有限公司,2
工程学部,机械与运载工程学院,硕士,2022,就业,成都市联洲国际技术有限公司,3
工程学部,机械与运载工程学院,硕士,2022,就业,摩尔线程智能科技(成都)有限责任公司,2
工程学部,机械与运载工程学院,硕士,2022,就业,普联技术有限公司,3
工程学部,机械与运载工程学院,硕士,2022,就业,杭州海康威视数字技术股份有限公司,6
工程学部,机械与运载工程学院,硕士,2022,就业,极氪汽车(宁波杭州湾新区)有限公司,2
工程学部,机械与运载工程学院,硕士,2022,就业,比亚迪汽车工业有限公司,2
工程学部,机械与运载工程学院,硕士,2022,就业,江西洪都航空工业集团有限责任公司,2
工程学部,机械与运载工程学院,硕士,2022,就业,浙江晶盛机电股份有限公司,2
工程学部,机械与运载工程学院,硕士,2022,就业,深圳市大疆创新科技有限公司,5
工程学部,机械与运载工程学院,硕士,2022,就业,深圳市汇川技术股份有限公司,2
工程学部,机械与运载工程学院,硕士,2022,就业,深圳开立生物医疗科技股份有限公司,3
工程学部,机械与运载工程学院,硕士,2022,就业,深圳虾皮信息科技有限公司,4
工程学部,机械与运载工程学院,硕士,2022,就业,深圳迈瑞生物医疗电子股份有限公司,2
工程学部,机械与运载工程学院,硕士,2022,就业,深圳麦克韦尔科技有限公司,4
工程学部,机械与运载工程学院,硕士,2022,就业,特斯拉(上海)有限公司,2
工程学部,机械与运载工程学院,硕士,2022,就业,珠海格力电器股份有限公司,2
工程学部,机械与运载工程学院,硕士,2022,就业,维沃移动通信有限公司,5
工程学部,机械与运载工程学院,硕士,2022,就业,联合微电子中心有限责任公司,2
工程学部,机械与运载工程学院,硕士,2022,就业,联合汽车电子有限公司,2
工程学部,机械与运载工程学院,硕士,2022,就业,航天时代飞鸿技术有限公司,2
工程学部,机械与运载工程学院,硕士,2022,就业,荣耀终端有限公司,7
工程学部,机械与运载工程学院,硕士,2022,就业,襄阳达安汽车检测中心有限公司,2
工程学部,机械与运载工程学院,硕士,2022,就业,西安华为技术有限公司,2
工程学部,机械与运载工程学院,硕士,2022,就业,西安荣耀终端有限公司,3
工程学部,机械与运载工程学院,硕士,2022,就业,贝壳找房(北京)科技有限公司,2
工程学部,机械与运载工程学院,硕士,2022,就业,贵州航天电器股份有限公司,2
工程学部,机械与运载工程学院,硕士,2022,就业,重庆小康工业集团股份有限公司,3
工程学部,机械与运载工程学院,硕士,2022,就业,重庆美的通用制冷设备有限公司,2
工程学部,机械与运载工程学院,硕士,2022,就业,重庆长安新能源汽车科技有限公司,11
工程学部,机械与运载工程学院,硕士,2022,就业,重庆长安汽车股份有限公司,14
工程学部,机械与运载工程学院,硕士,2022,就业,重庆长安汽车软件科技有限公司,6
工程学部,机械与运载工程学院,硕士,2022,就业,阳光电源股份有限公司,2
工程学部,机械与运载工程学院,硕士,2022,就业,阿里巴巴(中国)网络技术有限公司,2
工程学部,机械与运载工程学院,硕士,2022,就业,驭势(上海)汽车科技有限公司,2
工程学部,机械与运载工程学院,硕士,2022,选调生,中共南昌市委组织部,1
工程学部,机械与运载工程学院,硕士,2022,选调生,中共宁波市委组织部,1
工程学部,机械与运载工程学院,硕士,2022,选调生,中共德阳市委组织部,2
工程学部,机械与运载工程学院,硕士,2022,选调生,中共成都市委组织部,2
工程学部,机械与运载工程学院,硕士,2022,选调生,中共扬州市委组织部,1
工程学部,机械与运载工程学院,硕士,2022,选调生,中共贵阳市委组织部,1
工程学部,机械与运载工程学院,硕士,2022,选调生,中共重庆市委组织部,1
工程学部,机械与运载工程学院,硕士,2022,选调生,中共重庆市璧山区委组织部,1
工程学部,机械与运载工程学院,硕士,2022,选调生,中共铜仁市委组织部,1
工程学部,机械与运载工程学院,硕士,2022,选调生,中共黑龙江省委组织部,1
工程学部,机械与运载工程学院,硕士,2022,选调生,中共黔西南州委组织部,1
工程学部,机械与运载工程学院,硕士,2022,选调生,中华全国工商业联合会,1
工程学部,机械与运载工程学院,硕士,2022,选调生,中国共产党内江市委员会组织部,4
工程学部,机械与运载工程学院,硕士,2022,选调生,中国共产党宁波市奉化区委员会组织部,1
工程学部,机械与运载工程学院,硕士,2022,选调生,中国共产党宜宾市委员会组织部,1
工程学部,机械与运载工程学院,硕士,2022,选调生,中国共产党德阳市委员会组织部,1
工程学部,机械与运载工程学院,硕士,2022,选调生,中国共产党重庆市委员会组织部,8
工程学部,机械与运载工程学院,硕士,2022,选调生,广西壮族自治区党委组织部,1
工程学部,机械与运载工程学院,硕士,2023,出国(境)留学或工作,加州大学,1
工程学部,机械与运载工程学院,硕士,2023,出国(境)留学或工作,曼彻斯特大学,1
工程学部,机械与运载工程学院,硕士,2023,出国(境)留学或工作,香港理工大学,1
工程学部,机械与运载工程学院,硕士,2023,升学,上海交通大学,1
工程学部,机械与运载工程学院,硕士,2023,升学,北京理工大学,1
工程学部,机械与运载工程学院,硕士,2023,升学,北京航空航天大学,1
工程学部,机械与运载工程学院,硕士,2023,升学,华中科技大学,5
工程学部,机械与运载工程学院,硕士,2023,升学,华南理工大学,2
工程学部,机械与运载工程学院,硕士,2023,升学,吉林大学,1
工程学部,机械与运载工程学院,硕士,2023,升学,同济大学,1
工程学部,机械与运载工程学院,硕士,2023,升学,哈尔滨工业大学,1
工程学部,机械与运载工程学院,硕士,2023,升学,哈尔滨工业大学(深圳),2
工程学部,机械与运载工程学院,硕士,2023,升学,浙江大学,2
工程学部,机械与运载工程学院,硕士,2023,升学,西北工业大学,2
工程学部,机械与运载工程学院,硕士,2023,升学,西安交通大学,2
工程学部,机械与运载工程学院,硕士,2023,升学,重庆大学,11
工程学部,机械与运载工程学院,硕士,2023,就业,上汽大众汽车有限公司,3
工程学部,机械与运载工程学院,硕士,2023,就业,上海华为技术有限公司,6
工程学部,机械与运载工程学院,硕士,2023,就业,上海理想汽车科技有限公司,5
工程学部,机械与运载工程学院,硕士,2023,就业,中兴通讯股份有限公司,2
工程学部,机械与运载工程学院,硕士,2023,就业,中冶赛迪集团有限公司,2
工程学部,机械与运载工程学院,硕士,2023,就业,中国兵器装备集团自动化研究所有限公司,2
工程学部,机械与运载工程学院,硕士,2023,就业,中国工程物理研究院机械制造工艺研究所,7
工程学部,机械与运载工程学院,硕士,2023,就业,中国工程物理研究院材料研究所,3
工程学部,机械与运载工程学院,硕士,2023,就业,中国汽车工程研究院股份有限公司,2
工程学部,机械与运载工程学院,硕士,2023,就业,中国特种飞行器研究所,2
工程学部,机械与运载工程学院,硕士,2023,就业,中航光电科技股份有限公司,11
工程学部,机械与运载工程学院,硕士,2023,就业,中车株洲电力机车研究所有限公司,2
工程学部,机械与运载工程学院,硕士,2023,就业,先进科技(中国)有限公司,2
工程学部,机械与运载工程学院,硕士,2023,就业,其他,156
工程学部,机械与运载工程学院,硕士,2023,就业,北京经纬恒润科技股份有限公司,5
工程学部,机械与运载工程学院,硕士,2023,就业,华为技术有限公司,9
工程学部,机械与运载工程学院,硕士,2023,就业,南京电子工程研究所(中国电子科技集团公司第二十八研究所),2
工程学部,机械与运载工程学院,硕士,2023,就业,吉利汽车研究院(宁波)有限公司,3
工程学部,机械与运载工程学院,硕士,2023,就业,四川时代新能源科技有限公司,2
工程学部,机械与运载工程学院,硕士,2023,就业,四川航天烽火伺服控制技术有限公司,3
工程学部,机械与运载工程学院,硕士,2023,就业,四川航天长征装备制造有限公司,4
工程学部,机械与运载工程学院,硕士,2023,就业,宁德时代新能源科技股份有限公司,2
工程学部,机械与运载工程学院,硕士,2023,就业,广州汽车集团股份有限公司汽车工程研究院,2
工程学部,机械与运载工程学院,硕士,2023,就业,成都飞机工业(集团)有限责任公司,5
工程学部,机械与运载工程学院,硕士,2023,就业,招银网络科技(深圳)有限公司成都分公司,2
工程学部,机械与运载工程学院,硕士,2023,就业,李斯特技术中心(上海)有限公司,4
工程学部,机械与运载工程学院,硕士,2023,就业,比亚迪股份有限公司,35
工程学部,机械与运载工程学院,硕士,2023,就业,浙江零跑科技股份有限公司,3
工程学部,机械与运载工程学院,硕士,2023,就业,深圳市大疆创新科技有限公司,2
工程学部,机械与运载工程学院,硕士,2023,就业,深圳市欢太科技有限公司,2
工程学部,机械与运载工程学院,硕士,2023,就业,珠海格力电器股份有限公司,6
工程学部,机械与运载工程学院,硕士,2023,就业,福思(杭州)智能科技有限公司,2
工程学部,机械与运载工程学院,硕士,2023,就业,纵目科技(重庆)有限公司,2
工程学部,机械与运载工程学院,硕士,2023,就业,联合汽车电子有限公司,3
工程学部,机械与运载工程学院,硕士,2023,就业,联合汽车电子有限公司重庆分公司,5
工程学部,机械与运载工程学院,硕士,2023,就业,苏州汇川联合动力系统有限公司,2
工程学部,机械与运载工程学院,硕士,2023,就业,西南电子设备研究所(中国电子科技集团公司第二十九研究所),2
工程学部,机械与运载工程学院,硕士,2023,就业,西安精密机械研究所昆明分部,2
工程学部,机械与运载工程学院,硕士,2023,就业,贵州航天林泉电机有限公司,3
工程学部,机械与运载工程学院,硕士,2023,就业,赛力斯汽车有限公司,16
工程学部,机械与运载工程学院,硕士,2023,就业,郑州航天电子技术有限公司,2
工程学部,机械与运载工程学院,硕士,2023,就业,重庆华渝电气集团有限公司,3
工程学部,机械与运载工程学院,硕士,2023,就业,重庆四联测控技术有限公司,2
工程学部,机械与运载工程学院,硕士,2023,就业,重庆星网网络系统研究院有限公司,2
工程学部,机械与运载工程学院,硕士,2023,就业,重庆长安新能源汽车科技有限公司,9
工程学部,机械与运载工程学院,硕士,2023,就业,重庆长安望江工业集团有限公司,2
工程学部,机械与运载工程学院,硕士,2023,就业,重庆长安汽车股份有限公司,7
工程学部,机械与运载工程学院,硕士,2023,就业,重庆长安汽车软件科技有限公司,8
工程学部,机械与运载工程学院,硕士,2023,就业,阳光电源股份有限公司,2
工程学部,机械与运载工程学院,硕士,2023,选调生,中共云南省委军民融合发展委员会办公室,1
工程学部,机械与运载工程学院,硕士,2023,选调生,中共包头市委员会组织部,1
工程学部,机械与运载工程学院,硕士,2023,选调生,中共南充市委组织部,1
工程学部,机械与运载工程学院,硕士,2023,选调生,中共山西省委老干部局,1
工程学部,机械与运载工程学院,硕士,2023,选调生,中共常山县委组织部,1
工程学部,机械与运载工程学院,硕士,2023,选调生,中共广元市委组织部,1
工程学部,机械与运载工程学院,硕士,2023,选调生,中共德阳市委组织部,1
工程学部,机械与运载工程学院,硕士,2023,选调生,中共眉山市委组织部,1
工程学部,机械与运载工程学院,硕士,2023,选调生,中共遵义市委组织部,1
工程学部,机械与运载工程学院,硕士,2023,选调生,中共重庆市委组织部,6
工程学部,机械与运载工程学院,硕士,2023,选调生,中共重庆市市委组织部,1
工程学部,机械与运载工程学院,硕士,2023,选调生,中国共产党南充市委员会组织部,1
工程学部,机械与运载工程学院,硕士,2023,选调生,中国共产党泸州市委员会组织部,1
工程学部,机械与运载工程学院,硕士,2023,选调生,中国共产党遂宁市委员会组织部,1
工程学部,材料科学与工程学院,博士,2021,就业,上海交通大学,1
工程学部,材料科学与工程学院,博士,2021,就业,上海大学,1
工程学部,材料科学与工程学院,博士,2021,就业,东北大学,1
工程学部,材料科学与工程学院,博士,2021,就业,东莞理工学院,2
工程学部,材料科学与工程学院,博士,2021,就业,中冶赛迪工程技术股份有限公司,1
工程学部,材料科学与工程学院,博士,2021,就业,中冶赛迪重庆信息技术有限公司,1
工程学部,材料科学与工程学院,博士,2021,就业,中国兵器工业第五九研究所,1
工程学部,材料科学与工程学院,博士,2021,就业,中国民用航空飞行学院,1
工程学部,材料科学与工程学院,博士,2021,就业,中国科学院过程工程研究所,1
工程学部,材料科学与工程学院,博士,2021,就业,中国航发成都发动机有限公司,1
工程学部,材料科学与工程学院,博士,2021,就业,云南电网责任有限公司电力科学研究院,1
工程学部,材料科学与工程学院,博士,2021,就业,井冈山大学,1
工程学部,材料科学与工程学院,博士,2021,就业,北京理工大学重庆创新中心,1
工程学部,材料科学与工程学院,博士,2021,就业,北京科技大学,1
工程学部,材料科学与工程学院,博士,2021,就业,北京航空航天大学宁波创新研究院,1
工程学部,材料科学与工程学院,博士,2021,就业,北京航空航天大学宁波研究院,1
工程学部,材料科学与工程学院,博士,2021,就业,华北理工大学,1
工程学部,材料科学与工程学院,博士,2021,就业,南京工业大学,1
工程学部,材料科学与工程学院,博士,2021,就业,南昌航空大学,1
工程学部,材料科学与工程学院,博士,2021,就业,台州学院,1
工程学部,材料科学与工程学院,博士,2021,就业,宝山钢铁股份有限公司,1
工程学部,材料科学与工程学院,博士,2021,就业,山东科技大学,1
工程学部,材料科学与工程学院,博士,2021,就业,广东工业大学,1
工程学部,材料科学与工程学院,博士,2021,就业,广西科技大学,1
工程学部,材料科学与工程学院,博士,2021,就业,扬州工业职业技术学院,1
工程学部,材料科学与工程学院,博士,2021,就业,攀钢集团攀枝花钢铁研究院有限公司,2
工程学部,材料科学与工程学院,博士,2021,就业,攀钢集团研究院有限公司,4
工程学部,材料科学与工程学院,博士,2021,就业,日本原子力研究开发机构,1
工程学部,材料科学与工程学院,博士,2021,就业,昆明理工大学,1
工程学部,材料科学与工程学院,博士,2021,就业,江苏大学,1
工程学部,材料科学与工程学院,博士,2021,就业,河南科技大学,1
工程学部,材料科学与工程学院,博士,2021,就业,潍柴动力股份有限公司,1
工程学部,材料科学与工程学院,博士,2021,就业,燕山大学,1
工程学部,材料科学与工程学院,博士,2021,就业,福州大学,1
工程学部,材料科学与工程学院,博士,2021,就业,绍兴文理学院,1
工程学部,材料科学与工程学院,博士,2021,就业,衢江区绿色产业发展研究院,1
工程学部,材料科学与工程学院,博士,2021,就业,西华大学,1
工程学部,材料科学与工程学院,博士,2021,就业,西南铝业(集团)有限责任公司,1
工程学部,材料科学与工程学院,博士,2021,就业,西安稀有金属材料研究院有限公司,2
工程学部,材料科学与工程学院,博士,2021,就业,贵州大学,1
工程学部,材料科学与工程学院,博士,2021,就业,重庆大学,2
工程学部,材料科学与工程学院,博士,2021,就业,重庆工业职业技术学院,1
工程学部,材料科学与工程学院,博士,2021,就业,重庆红宇精密工业集团有限公司,1
工程学部,材料科学与工程学院,博士,2021,就业,重庆红江机械有限责任公司,1
工程学部,材料科学与工程学院,博士,2021,就业,重庆邮电大学,1
工程学部,材料科学与工程学院,博士,2021,就业,长安大学,1
工程学部,材料科学与工程学院,博士,2021,就业,鞍钢集团北京研究院有限公司,1
工程学部,材料科学与工程学院,博士,2021,就业,香港理工大学,1
工程学部,材料科学与工程学院,博士,2021,选调生,中共重庆市委组织部,4
工程学部,材料科学与工程学院,博士,2021,选调生,中共马鞍山市委组织部,1
工程学部,材料科学与工程学院,博士,2021,选调生,曲靖市工业和信息化局,1
工程学部,材料科学与工程学院,博士,2022,出国(境)留学或工作,新加坡科技研究局,1
工程学部,材料科学与工程学院,博士,2022,就业,上海宝钢新型建材科技有限公司,1
工程学部,材料科学与工程学院,博士,2022,就业,中冶赛迪技术研究中心有限公司,1
工程学部,材料科学与工程学院,博士,2022,就业,中冶赛迪重庆信息技术有限公司,1
工程学部,材料科学与工程学院,博士,2022,就业,中南大学,1
工程学部,材料科学与工程学院,博士,2022,就业,中国工程物理研究院机械制造工艺研究所,1
工程学部,材料科学与工程学院,博士,2022,就业,中国工程物理研究院核物理与化学研究所,1
工程学部,材料科学与工程学院,博士,2022,就业,中国民用航空飞行学院,1
工程学部,材料科学与工程学院,博士,2022,就业,中国汽车工程研究院股份有限公司,1
工程学部,材料科学与工程学院,博士,2022,就业,兰州理工大学,1
工程学部,材料科学与工程学院,博士,2022,就业,北京动力机械研究所,1
工程学部,材料科学与工程学院,博士,2022,就业,华北理工大学,2
工程学部,材料科学与工程学院,博士,2022,就业,南京工业大学,1
工程学部,材料科学与工程学院,博士,2022,就业,太原科技大学,1
工程学部,材料科学与工程学院,博士,2022,就业,宝钢金属有限公司,1
工程学部,材料科学与工程学院,博士,2022,就业,徐州工程学院,1
工程学部,材料科学与工程学院,博士,2022,就业,成都信息工程大学,1
工程学部,材料科学与工程学院,博士,2022,就业,昆明理工大学,1
工程学部,材料科学与工程学院,博士,2022,就业,武汉纺织大学,1
工程学部,材料科学与工程学院,博士,2022,就业,比亚迪股份有限公司,1
工程学部,材料科学与工程学院,博士,2022,就业,江西省科学院应用物理研究所,2
工程学部,材料科学与工程学院,博士,2022,就业,河南城建学院,1
工程学部,材料科学与工程学院,博士,2022,就业,济南大学,1
工程学部,材料科学与工程学院,博士,2022,就业,浙江大学杭州国际科创中心,1
工程学部,材料科学与工程学院,博士,2022,就业,海南大学,1
工程学部,材料科学与工程学院,博士,2022,就业,清华大学,1
工程学部,材料科学与工程学院,博士,2022,就业,滨州学院,1
工程学部,材料科学与工程学院,博士,2022,就业,苏州科技大学,1
工程学部,材料科学与工程学院,博士,2022,就业,西南大学,1
工程学部,材料科学与工程学院,博士,2022,就业,西南石油大学,1
工程学部,材料科学与工程学院,博士,2022,就业,西安稀有金属材料研究院有限公司,2
工程学部,材料科学与工程学院,博士,2022,就业,西部金属材料股份有限公司,1
工程学部,材料科学与工程学院,博士,2022,就业,郑州大学,1
工程学部,材料科学与工程学院,博士,2022,就业,重庆中科超容科技有限公司,1
工程学部,材料科学与工程学院,博士,2022,就业,重庆变望电气(集团)股份有限公司,1
工程学部,材料科学与工程学院,博士,2022,就业,重庆大学,3
工程学部,材料科学与工程学院,博士,2022,就业,重庆川仪自动化股份有限公司技术中心,1
工程学部,材料科学与工程学院,博士,2022,就业,重庆工业职业技术学院,2
工程学部,材料科学与工程学院,博士,2022,就业,重庆工商大学,2
工程学部,材料科学与工程学院,博士,2022,就业,重庆工程职业技术学院,1
工程学部,材料科学与工程学院,博士,2022,就业,重庆电子工程职业学院,1
工程学部,材料科学与工程学院,博士,2022,就业,重庆航天职业技术学院,2
工程学部,材料科学与工程学院,博士,2022,就业,重庆邮电大学,1
工程学部,材料科学与工程学院,博士,2022,就业,钢铁研究总院有限公司,1
工程学部,材料科学与工程学院,博士,2023,就业,中国兵器工业第五九研究所,1
工程学部,材料科学与工程学院,博士,2023,就业,中国科学院重庆绿色智能技术研究院,1
工程学部,材料科学与工程学院,博士,2023,就业,云南省公路科学技术研究院,1
工程学部,材料科学与工程学院,博士,2023,就业,兰溪市金兰创新城开发建设中心,2
工程学部,材料科学与工程学院,博士,2023,就业,北京钢研高纳科技股份有限公司,1
工程学部,材料科学与工程学院,博士,2023,就业,复旦大学,1
工程学部,材料科学与工程学院,博士,2023,就业,安徽工业大学,1
工程学部,材料科学与工程学院,博士,2023,就业,广西大学,1
工程学部,材料科学与工程学院,博士,2023,就业,攀钢集团研究院有限公司,1
工程学部,材料科学与工程学院,博士,2023,就业,松山湖材料实验室,1
工程学部,材料科学与工程学院,博士,2023,就业,比亚迪股份有限公司,2
工程学部,材料科学与工程学院,博士,2023,就业,河南理工大学,1
工程学部,材料科学与工程学院,博士,2023,就业,湖北汽车工业学院,1
工程学部,材料科学与工程学院,博士,2023,就业,电子科技大学,1
工程学部,材料科学与工程学院,博士,2023,就业,苏州国家实验室,1
工程学部,材料科学与工程学院,博士,2023,就业,西安稀有金属材料研究院有限公司,1
工程学部,材料科学与工程学院,博士,2023,就业,西部金属材料股份有限公司,2
工程学部,材料科学与工程学院,博士,2023,就业,贵州大学,2
工程学部,材料科学与工程学院,博士,2023,就业,郑州大学第一附属医院,1
工程学部,材料科学与工程学院,博士,2023,就业,重庆大学,1
工程学部,材料科学与工程学院,博士,2023,就业,重庆工业职业技术学院,2
工程学部,材料科学与工程学院,博士,2023,就业,重庆师范大学,1
工程学部,材料科学与工程学院,博士,2023,就业,重庆文理学院,1
工程学部,材料科学与工程学院,博士,2023,就业,重庆水利电力职业技术学院,1
工程学部,材料科学与工程学院,博士,2023,就业,重庆理工大学,1
工程学部,材料科学与工程学院,博士,2023,就业,首尔大学,1
工程学部,材料科学与工程学院,本科,2021,出国(境)留学或工作,东京大学,1
工程学部,材料科学与工程学院,本科,2021,出国(境)留学或工作,伦敦大学国王学院,1
工程学部,材料科学与工程学院,本科,2021,出国(境)留学或工作,伦敦大学学院,2
工程学部,材料科学与工程学院,本科,2021,出国(境)留学或工作,大阪大学,1
工程学部,材料科学与工程学院,本科,2021,出国(境)留学或工作,悉尼大学,1
工程学部,材料科学与工程学院,本科,2021,出国(境)留学或工作,新加坡国立大学,1
工程学部,材料科学与工程学院,本科,2021,出国(境)留学或工作,曼彻斯特大学,1
工程学部,材料科学与工程学院,本科,2021,出国(境)留学或工作,苏黎世联邦理工学院,1
工程学部,材料科学与工程学院,本科,2021,出国(境)留学或工作,香港城市大学,1
工程学部,材料科学与工程学院,本科,2021,升学,上海交通大学,9
工程学部,材料科学与工程学院,本科,2021,升学,东南大学,2
工程学部,材料科学与工程学院,本科,2021,升学,中南大学,1
工程学部,材料科学与工程学院,本科,2021,升学,中国地质大学(武汉),1
工程学部,材料科学与工程学院,本科,2021,升学,中国建材总院,1
工程学部,材料科学与工程学院,本科,2021,升学,中国建筑材料科学研究总院,1
工程学部,材料科学与工程学院,本科,2021,升学,中国社会科学院大学,1
工程学部,材料科学与工程学院,本科,2021,升学,中国科学技术大学,6
工程学部,材料科学与工程学院,本科,2021,升学,中国科学院上海微系统与信息技术研究所,1
工程学部,材料科学与工程学院,本科,2021,升学,中国科学院上海硅酸盐研究所,1
工程学部,材料科学与工程学院,本科,2021,升学,中国科学院上海高等研究院,1
工程学部,材料科学与工程学院,本科,2021,升学,中国科学院大学,1
工程学部,材料科学与工程学院,本科,2021,升学,中国科学院大连化学物理研究所,1
工程学部,材料科学与工程学院,本科,2021,升学,中国科学院理化技术研究所,1
工程学部,材料科学与工程学院,本科,2021,升学,中国科学院重庆绿色智能技术研究院,1
工程学部,材料科学与工程学院,本科,2021,升学,中山大学,1
工程学部,材料科学与工程学院,本科,2021,升学,兰州大学,1
工程学部,材料科学与工程学院,本科,2021,升学,北京师范大学,1
工程学部,材料科学与工程学院,本科,2021,升学,北京理工大学,4
工程学部,材料科学与工程学院,本科,2021,升学,北京科技大学,2
工程学部,材料科学与工程学院,本科,2021,升学,北京航空航天大学,1
工程学部,材料科学与工程学院,本科,2021,升学,华中科技大学,3
工程学部,材料科学与工程学院,本科,2021,升学,华南理工大学,1
工程学部,材料科学与工程学院,本科,2021,升学,南京大学,1
工程学部,材料科学与工程学院,本科,2021,升学,南方科技大学,1
工程学部,材料科学与工程学院,本科,2021,升学,同济大学,4
工程学部,材料科学与工程学院,本科,2021,升学,国防科技大学,1
工程学部,材料科学与工程学院,本科,2021,升学,复旦大学,2
工程学部,材料科学与工程学院,本科,2021,升学,天津大学,1
工程学部,材料科学与工程学院,本科,2021,升学,宁波大学,1
工程学部,材料科学与工程学院,本科,2021,升学,浙江大学,7
工程学部,材料科学与工程学院,本科,2021,升学,深圳大学,1
工程学部,材料科学与工程学院,本科,2021,升学,清华大学,2
工程学部,材料科学与工程学院,本科,2021,升学,西北工业大学,3
工程学部,材料科学与工程学院,本科,2021,升学,西南大学,1
工程学部,材料科学与工程学院,本科,2021,升学,西南财经大学,1
工程学部,材料科学与工程学院,本科,2021,升学,西安交通大学,12
工程学部,材料科学与工程学院,本科,2021,升学,西安近代化学研究所,2
工程学部,材料科学与工程学院,本科,2021,升学,郑州大学,1
工程学部,材料科学与工程学院,本科,2021,升学,重庆大学,88
工程学部,材料科学与工程学院,本科,2021,就业,一汽解放汽车有限公司,2
工程学部,材料科学与工程学院,本科,2021,就业,上汽通用五菱汽车股份有限公司重庆分公司,2
工程学部,材料科学与工程学院,本科,2021,就业,东方电气集团东方锅炉股份有限公司,2
工程学部,材料科学与工程学院,本科,2021,就业,中国建筑第七工程局有限公司,2
工程学部,材料科学与工程学院,本科,2021,就业,中国建筑第八工程局有限公司上海分公司,2
工程学部,材料科学与工程学院,本科,2021,就业,中国建筑第八工程局有限公司西南分公司,10
工程学部,材料科学与工程学院,本科,2021,就业,中国航发贵州黎阳航空发动机有限公司,2
工程学部,材料科学与工程学院,本科,2021,就业,中建东方装饰有限公司,2
工程学部,材料科学与工程学院,本科,2021,就业,中建八局发展建设有限公司,2
工程学部,材料科学与工程学院,本科,2021,就业,中建八局第一建设有限公司,2
工程学部,材料科学与工程学院,本科,2021,就业,中建八局第三建设有限公司,2
工程学部,材料科学与工程学院,本科,2021,就业,中建新疆建工土木工程有限公司,3
工程学部,材料科学与工程学院,本科,2021,就业,中建铁路投资建设集团有限公司,2
工程学部,材料科学与工程学院,本科,2021,就业,中车贵阳车辆有限公司,2
工程学部,材料科学与工程学院,本科,2021,就业,其他,62
工程学部,材料科学与工程学院,本科,2021,就业,厦门卡伦特科技有限公司,2
工程学部,材料科学与工程学院,本科,2021,就业,厦门厦钨新能源材料股份有限公司,2
工程学部,材料科学与工程学院,本科,2021,就业,四川时代新能源科技有限公司,2
工程学部,材料科学与工程学院,本科,2021,就业,广州富力地产股份有限公司,2
工程学部,材料科学与工程学院,本科,2021,就业,攀钢集团攀枝花钢钒有限公司,3
工程学部,材料科学与工程学院,本科,2021,就业,江苏苏博特新材料股份有限公司,2
工程学部,材料科学与工程学院,本科,2021,就业,深圳市建筑装饰(集团)有限公司,6
工程学部,材料科学与工程学院,本科,2021,就业,苏州热工研究院有限公司深圳分公司,2
工程学部,材料科学与工程学院,本科,2021,就业,重庆京东方光电科技有限公司,3
工程学部,材料科学与工程学院,本科,2021,就业,重庆京东方显示技术有限公司,2
工程学部,材料科学与工程学院,本科,2021,就业,铜仁市人力资源和社会保障局,2
工程学部,材料科学与工程学院,本科,2021,志愿服务西部计划,卓筒井镇人民镇府党建办,1
工程学部,材料科学与工程学院,本科,2021,选调生,中共乐山市委组织部,1
工程学部,材料科学与工程学院,本科,2021,选调生,中共宁夏区委组织部,1
工程学部,材料科学与工程学院,本科,2021,选调生,中共广元市委组织部,1
工程学部,材料科学与工程学院,本科,2021,选调生,中共重庆市委组织部,1
工程学部,材料科学与工程学院,本科,2021,选调生,中国共产党内江市委员会组织部,1
工程学部,材料科学与工程学院,本科,2021,选调生,中国共产党达州市委员会组织部,1
工程学部,材料科学与工程学院,本科,2022,出国(境)留学或工作,东北大学,1
工程学部,材料科学与工程学院,本科,2022,出国(境)留学或工作,亚琛工业大学,1
工程学部,材料科学与工程学院,本科,2022,出国(境)留学或工作,伦敦大学学院,1
工程学部,材料科学与工程学院,本科,2022,出国(境)留学或工作,克劳斯塔尔工业大学,1
工程学部,材料科学与工程学院,本科,2022,出国(境)留学或工作,新加坡国立大学,2
工程学部,材料科学与工程学院,本科,2022,出国(境)留学或工作,曼彻斯特大学,1
工程学部,材料科学与工程学院,本科,2022,出国(境)留学或工作,爱丁堡大学,1
工程学部,材料科学与工程学院,本科,2022,出国(境)留学或工作,谢菲尔德大学,1
工程学部,材料科学与工程学院,本科,2022,出国(境)留学或工作,香港城市大学,1
工程学部,材料科学与工程学院,本科,2022,升学,上海交通大学,3
工程学部,材料科学与工程学院,本科,2022,升学,上海大学,2
工程学部,材料科学与工程学院,本科,2022,升学,东南大学,1
工程学部,材料科学与工程学院,本科,2022,升学,中南大学,2
工程学部,材料科学与工程学院,本科,2022,升学,中国人民大学,1
工程学部,材料科学与工程学院,本科,2022,升学,中国传媒大学,1
工程学部,材料科学与工程学院,本科,2022,升学,中国工程物理研究院,1
工程学部,材料科学与工程学院,本科,2022,升学,中国科学技术大学,4
工程学部,材料科学与工程学院,本科,2022,升学,中国科学技术大学材料科学与工程学院,1
工程学部,材料科学与工程学院,本科,2022,升学,中国科学技术大学苏州纳米所,1
工程学部,材料科学与工程学院,本科,2022,升学,中国科学院深圳先进技术研究院,1
工程学部,材料科学与工程学院,本科,2022,升学,中国科学院物理研究所,1
工程学部,材料科学与工程学院,本科,2022,升学,中国科学院西安光学精密机械研究所,1
工程学部,材料科学与工程学院,本科,2022,升学,中央财经大学,1
工程学部,材料科学与工程学院,本科,2022,升学,中山大学,1
工程学部,材料科学与工程学院,本科,2022,升学,兰州大学,2
工程学部,材料科学与工程学院,本科,2022,升学,北京科技大学,3
工程学部,材料科学与工程学院,本科,2022,升学,北京航空航天大学,1
工程学部,材料科学与工程学院,本科,2022,升学,华中科技大学,6
工程学部,材料科学与工程学院,本科,2022,升学,南京大学,2
工程学部,材料科学与工程学院,本科,2022,升学,南京航天航空大学,1
工程学部,材料科学与工程学院,本科,2022,升学,厦门大学,2
工程学部,材料科学与工程学院,本科,2022,升学,同济大学,7
工程学部,材料科学与工程学院,本科,2022,升学,哈尔滨工业大学,1
工程学部,材料科学与工程学院,本科,2022,升学,四川大学,2
工程学部,材料科学与工程学院,本科,2022,升学,天津大学,1
工程学部,材料科学与工程学院,本科,2022,升学,太原理工大学,1
工程学部,材料科学与工程学院,本科,2022,升学,山东大学,2
工程学部,材料科学与工程学院,本科,2022,升学,广西大学,2
工程学部,材料科学与工程学院,本科,2022,升学,武汉大学,1
工程学部,材料科学与工程学院,本科,2022,升学,浙江大学,2
工程学部,材料科学与工程学院,本科,2022,升学,深圳大学,1
工程学部,材料科学与工程学院,本科,2022,升学,清华大学,3
工程学部,材料科学与工程学院,本科,2022,升学,清华大学深圳国际研究生院,2
工程学部,材料科学与工程学院,本科,2022,升学,清华大学深圳研究院,1
工程学部,材料科学与工程学院,本科,2022,升学,苏州大学,1
工程学部,材料科学与工程学院,本科,2022,升学,西北工业大学,1
工程学部,材料科学与工程学院,本科,2022,升学,西安交通大学,14
工程学部,材料科学与工程学院,本科,2022,升学,重庆大学,81
工程学部,材料科学与工程学院,本科,2022,升学,钢铁研究总院,1
工程学部,材料科学与工程学院,本科,2022,就业,东方雨虹民用建材有限责任公司,2
工程学部,材料科学与工程学院,本科,2022,就业,东风本田汽车有限公司,3
工程学部,材料科学与工程学院,本科,2022,就业,中国建筑第八工程局有限公司西南分公司,4
工程学部,材料科学与工程学院,本科,2022,就业,中建三局第二建设工程有限责任公司,3
工程学部,材料科学与工程学院,本科,2022,就业,中建八局发展建设有限公司,2
工程学部,材料科学与工程学院,本科,2022,就业,中建八局第一建设有限公司,2
工程学部,材料科学与工程学院,本科,2022,就业,中建深圳装饰有限公司,4
工程学部,材料科学与工程学院,本科,2022,就业,其他,63
工程学部,材料科学与工程学院,本科,2022,就业,北京东方雨虹防水技术股份有限公司,2
工程学部,材料科学与工程学院,本科,2022,就业,大冶特殊钢有限公司,2
工程学部,材料科学与工程学院,本科,2022,就业,宝钛集团有限公司,3
工程学部,材料科学与工程学院,本科,2022,就业,常州建筑科学研究院集团股份有限公司,2
工程学部,材料科学与工程学院,本科,2022,就业,普联技术有限公司,4
工程学部,材料科学与工程学院,本科,2022,就业,比亚迪股份有限公司,2
工程学部,材料科学与工程学院,本科,2022,就业,江阴兴澄特种钢铁有限公司,4
工程学部,材料科学与工程学院,本科,2022,就业,浪潮集团有限公司,2
工程学部,材料科学与工程学院,本科,2022,就业,湖南华菱涟源钢铁有限公司,3
工程学部,材料科学与工程学院,本科,2022,就业,重庆长安新能源汽车科技有限公司,2
工程学部,材料科学与工程学院,本科,2022,志愿服务西部计划,柯坪县民政局,1
工程学部,材料科学与工程学院,本科,2022,选调生,中共张家口市委组织部,1
工程学部,材料科学与工程学院,本科,2022,选调生,中共新疆维吾尔自治区党委组织部,1
工程学部,材料科学与工程学院,本科,2022,选调生,中国共产党毕节市委员会组织部,1
工程学部,材料科学与工程学院,本科,2023,出国(境)留学或工作,加州大学圣迭戈分校,1
工程学部,材料科学与工程学院,本科,2023,出国(境)留学或工作,南加州大学,1
工程学部,材料科学与工程学院,本科,2023,出国(境)留学或工作,新加坡国立大学,2
工程学部,材料科学与工程学院,本科,2023,出国(境)留学或工作,新南威尔士大学,1
工程学部,材料科学与工程学院,本科,2023,出国(境)留学或工作,早稻田大学,1
工程学部,材料科学与工程学院,本科,2023,出国(境)留学或工作,曼彻斯特大学,1
工程学部,材料科学与工程学院,本科,2023,出国(境)留学或工作,澳洲国立大学,1
工程学部,材料科学与工程学院,本科,2023,出国(境)留学或工作,英属哥伦比亚大学,1
工程学部,材料科学与工程学院,本科,2023,出国(境)留学或工作,英属哥伦毕业大学,1
工程学部,材料科学与工程学院,本科,2023,升学,上海交通大学,5
工程学部,材料科学与工程学院,本科,2023,升学,东南大学,6
工程学部,材料科学与工程学院,本科,2023,升学,中南大学,1
工程学部,材料科学与工程学院,本科,2023,升学,中国工程物理研究院,1
工程学部,材料科学与工程学院,本科,2023,升学,中国建筑材料科学研究总院,1
工程学部,材料科学与工程学院,本科,2023,升学,中国科学院大学,1
工程学部,材料科学与工程学院,本科,2023,升学,中国科学院空天信息创新研究院,1
工程学部,材料科学与工程学院,本科,2023,升学,兰州大学,3
工程学部,材料科学与工程学院,本科,2023,升学,兰州理工大学,1
工程学部,材料科学与工程学院,本科,2023,升学,北京有色金属研究总院,1
工程学部,材料科学与工程学院,本科,2023,升学,北京理工大学,3
工程学部,材料科学与工程学院,本科,2023,升学,北京科技大学,1
工程学部,材料科学与工程学院,本科,2023,升学,北京航空航天大学,6
工程学部,材料科学与工程学院,本科,2023,升学,华中科技大学,5
工程学部,材料科学与工程学院,本科,2023,升学,华南理工大学,3
工程学部,材料科学与工程学院,本科,2023,升学,南京大学,3
工程学部,材料科学与工程学院,本科,2023,升学,南开大学,3
工程学部,材料科学与工程学院,本科,2023,升学,合肥工业大学,1
工程学部,材料科学与工程学院,本科,2023,升学,同济大学,9
工程学部,材料科学与工程学院,本科,2023,升学,哈尔滨工业大学,7
工程学部,材料科学与工程学院,本科,2023,升学,哈尔滨工业大学(威海),1
工程学部,材料科学与工程学院,本科,2023,升学,哈尔滨工业大学(深圳),3
工程学部,材料科学与工程学院,本科,2023,升学,天津大学,1
工程学部,材料科学与工程学院,本科,2023,升学,山东大学,1
工程学部,材料科学与工程学院,本科,2023,升学,广西大学,1
工程学部,材料科学与工程学院,本科,2023,升学,昆明理工大学,1
工程学部,材料科学与工程学院,本科,2023,升学,浙江大学,2
工程学部,材料科学与工程学院,本科,2023,升学,深圳大学,1
工程学部,材料科学与工程学院,本科,2023,升学,清华大学,2
工程学部,材料科学与工程学院,本科,2023,升学,电子科技大学,1
工程学部,材料科学与工程学院,本科,2023,升学,西北工业大学,1
工程学部,材料科学与工程学院,本科,2023,升学,西安交通大学,15
工程学部,材料科学与工程学院,本科,2023,升学,重庆大学,54
工程学部,材料科学与工程学院,本科,2023,就业,中国建筑第八工程局有限公司上海分公司,2
工程学部,材料科学与工程学院,本科,2023,就业,中国建筑第八工程局有限公司西北分公司,2
工程学部,材料科学与工程学院,本科,2023,就业,中国建筑第八工程局有限公司西南分公司,2
工程学部,材料科学与工程学院,本科,2023,就业,中国长安汽车集团有限公司重庆底盘系统分公司,2
工程学部,材料科学与工程学院,本科,2023,就业,中建-大成建筑有限责任公司,2
工程学部,材料科学与工程学院,本科,2023,就业,中建八局发展建设有限公司,4
工程学部,材料科学与工程学院,本科,2023,就业,中建八局第二建设有限公司,4
工程学部,材料科学与工程学院,本科,2023,就业,中车眉山车辆有限公司,3
工程学部,材料科学与工程学院,本科,2023,就业,其他,61
工程学部,材料科学与工程学院,本科,2023,就业,宁德时代新能源科技股份有限公司,2
工程学部,材料科学与工程学院,本科,2023,就业,比亚迪股份有限公司,4
工程学部,材料科学与工程学院,本科,2023,就业,西南铝业(集团)有限责任公司,2
工程学部,材料科学与工程学院,本科,2023,就业,贵州安大航空锻造有限责任公司,3
工程学部,材料科学与工程学院,本科,2023,就业,贵阳安大宇航材料工程有限公司,3
工程学部,材料科学与工程学院,本科,2023,就业,重庆思创汇联科技咨询有限公司,2
工程学部,材料科学与工程学院,本科,2023,就业,重庆长安汽车股份有限公司,2
工程学部,材料科学与工程学院,本科,2023,选调生,中共张家口市委组织部,1
工程学部,材料科学与工程学院,本科,2023,选调生,中共彭水苗族土家族自治县委组织部,1
工程学部,材料科学与工程学院,本科,2023,选调生,中共陕西省委组织部,1
工程学部,材料科学与工程学院,硕士,2021,出国(境)留学或工作,东北大学(日本),1
工程学部,材料科学与工程学院,硕士,2021,出国(境)留学或工作,亥姆-霍兹联合会吉斯特哈特材料研究所,1
工程学部,材料科学与工程学院,硕士,2021,出国(境)留学或工作,香港理工大学,1
工程学部,材料科学与工程学院,硕士,2021,升学,上海大学,1
工程学部,材料科学与工程学院,硕士,2021,升学,东北大学,1
工程学部,材料科学与工程学院,硕士,2021,升学,东南大学,1
工程学部,材料科学与工程学院,硕士,2021,升学,北京理工大学,1
工程学部,材料科学与工程学院,硕士,2021,升学,哈尔滨工业大学(深圳),1
工程学部,材料科学与工程学院,硕士,2021,升学,西北工业大学,2
工程学部,材料科学与工程学院,硕士,2021,升学,西安交通大学,1
工程学部,材料科学与工程学院,硕士,2021,升学,重庆大学,11
工程学部,材料科学与工程学院,硕士,2021,就业,中冶赛迪集团有限公司,3
工程学部,材料科学与工程学院,硕士,2021,就业,中国核动力研究设计院,3
工程学部,材料科学与工程学院,硕士,2021,就业,中国电子科技集团公司第十研究所,2
工程学部,材料科学与工程学院,硕士,2021,就业,中国航发贵州黎阳航空发动机有限公司,2
工程学部,材料科学与工程学院,硕士,2021,就业,中国重型汽车集团有限公司,3
工程学部,材料科学与工程学院,硕士,2021,就业,中电科技集团重庆声光电有限公司,3
工程学部,材料科学与工程学院,硕士,2021,就业,其他,103
工程学部,材料科学与工程学院,硕士,2021,就业,宁德时代新能源科技股份有限公司,2
工程学部,材料科学与工程学院,硕士,2021,就业,宜宾三江机械有限责任公司,2
工程学部,材料科学与工程学院,硕士,2021,就业,常州市建筑科学研究院集团股份有限公司,4
工程学部,材料科学与工程学院,硕士,2021,就业,成都京东方光电科技有限公司,2
工程学部,材料科学与工程学院,硕士,2021,就业,成都凯天电子股份有限公司,2
工程学部,材料科学与工程学院,硕士,2021,就业,成都天奥电子股份有限公司,2
工程学部,材料科学与工程学院,硕士,2021,就业,攀钢集团研究院有限公司,2
工程学部,材料科学与工程学院,硕士,2021,就业,河钢集团钢研总院,2
工程学部,材料科学与工程学院,硕士,2021,就业,浙江春风动力股份有限公司,2
工程学部,材料科学与工程学院,硕士,2021,就业,重庆京东方光电科技有限公司,3
工程学部,材料科学与工程学院,硕士,2021,就业,重庆京东方显示技术有限公司,7
工程学部,材料科学与工程学院,硕士,2021,就业,重庆建工建材物流有限公司,2
工程学部,材料科学与工程学院,硕士,2021,就业,重庆长安汽车股份有限公司,3
工程学部,材料科学与工程学院,硕士,2021,就业,长安福特汽车有限公司,3
工程学部,材料科学与工程学院,硕士,2021,选调生,中共南充市委组织部,1
工程学部,材料科学与工程学院,硕士,2021,选调生,中共大同市委组织部,1
工程学部,材料科学与工程学院,硕士,2021,选调生,中共天津市北辰区委组织部,1
工程学部,材料科学与工程学院,硕士,2021,选调生,中共德阳市委组织部,3
工程学部,材料科学与工程学院,硕士,2021,选调生,中共成都市委组织部,1
工程学部,材料科学与工程学院,硕士,2021,选调生,中共毕节市委组织部,1
工程学部,材料科学与工程学院,硕士,2021,选调生,中共绵阳市委组织部,1
工程学部,材料科学与工程学院,硕士,2021,选调生,中共贵阳市委组织部,1
工程学部,材料科学与工程学院,硕士,2021,选调生,中共遵义市委组织部,1
工程学部,材料科学与工程学院,硕士,2021,选调生,中共重庆市委组织部,6
工程学部,材料科学与工程学院,硕士,2021,选调生,中共驻马店市委组织部,1
工程学部,材料科学与工程学院,硕士,2021,选调生,中国共产党余姚市委员会组织部,1
工程学部,材料科学与工程学院,硕士,2021,选调生,中国共产党内江市委会组织部,1
工程学部,材料科学与工程学院,硕士,2021,选调生,中国共产党内江市委员会组织部,5
工程学部,材料科学与工程学院,硕士,2021,选调生,中国共产党内江市委员会组织部(待分配),2
工程学部,材料科学与工程学院,硕士,2021,选调生,中国共产党广安市委员会组织部,2
工程学部,材料科学与工程学院,硕士,2021,选调生,中国共产党达州市委员会组织部,1
工程学部,材料科学与工程学院,硕士,2021,选调生,中国共产党遂宁市委员会组织部,2
工程学部,材料科学与工程学院,硕士,2021,选调生,广西壮族自治区党委组织部干部规划办,1
工程学部,材料科学与工程学院,硕士,2021,选调生,广西壮族自治区党委组织部干部规划办(定向选调生),2
工程学部,材料科学与工程学院,硕士,2022,出国(境)留学或工作,东京大学,1
工程学部,材料科学与工程学院,硕士,2022,出国(境)留学或工作,亥姆霍兹海荣研究中心,1
工程学部,材料科学与工程学院,硕士,2022,出国(境)留学或工作,新加坡国立大学,2
工程学部,材料科学与工程学院,硕士,2022,出国(境)留学或工作,香港城市大学,2
工程学部,材料科学与工程学院,硕士,2022,升学,上海交通大学,2
工程学部,材料科学与工程学院,硕士,2022,升学,北京科技大学,1
工程学部,材料科学与工程学院,硕士,2022,升学,北京航空航天大学,1
工程学部,材料科学与工程学院,硕士,2022,升学,华中科技大学,1
工程学部,材料科学与工程学院,硕士,2022,升学,哈尔滨工业大学(深圳),1
工程学部,材料科学与工程学院,硕士,2022,升学,西安交通大学,1
工程学部,材料科学与工程学院,硕士,2022,升学,重庆大学,10
工程学部,材料科学与工程学院,硕士,2022,就业,上汽大众汽车有限公司,2
工程学部,材料科学与工程学院,硕士,2022,就业,上海海思技术有限公司,2
工程学部,材料科学与工程学院,硕士,2022,就业,中冶建工集团有限公司,2
工程学部,材料科学与工程学院,硕士,2022,就业,中冶赛迪重庆信息技术有限公司,6
工程学部,材料科学与工程学院,硕士,2022,就业,中国航发贵州黎阳航空发动机有限公司,2
工程学部,材料科学与工程学院,硕士,2022,就业,中电科技集团重庆声光电有限公司,7
工程学部,材料科学与工程学院,硕士,2022,就业,中车株洲电力机车研究所有限公司,3
工程学部,材料科学与工程学院,硕士,2022,就业,其他,89
工程学部,材料科学与工程学院,硕士,2022,就业,北京东方雨虹防水技术股份有限公司,2
工程学部,材料科学与工程学院,硕士,2022,就业,华为技术有限公司,3
工程学部,材料科学与工程学院,硕士,2022,就业,四川省建筑科学研究院有限公司,2
工程学部,材料科学与工程学院,硕士,2022,就业,宁德时代新能源科技股份有限公司,4
工程学部,材料科学与工程学院,硕士,2022,就业,常州建筑科学研究院集团股份有限公司,4
工程学部,材料科学与工程学院,硕士,2022,就业,广东美的制冷设备有限公司,2
工程学部,材料科学与工程学院,硕士,2022,就业,广州小鹏汽车科技有限公司,2
工程学部,材料科学与工程学院,硕士,2022,就业,成都京东方光电科技有限公司,2
工程学部,材料科学与工程学院,硕士,2022,就业,成都飞机工业(集团)有限责任公司,2
工程学部,材料科学与工程学院,硕士,2022,就业,武汉新芯集成电路制造有限公司,3
工程学部,材料科学与工程学院,硕士,2022,就业,比亚迪股份有限公司,3
工程学部,材料科学与工程学院,硕士,2022,就业,深信服科技股份有限公司,2
工程学部,材料科学与工程学院,硕士,2022,就业,联合微电子中心有限责任公司,12
工程学部,材料科学与工程学院,硕士,2022,就业,英特尔产品(成都)有限公司,4
工程学部,材料科学与工程学院,硕士,2022,就业,荣耀终端有限公司,2
工程学部,材料科学与工程学院,硕士,2022,就业,重庆赛迪热工环保工程技术有限公司,2
工程学部,材料科学与工程学院,硕士,2022,就业,重庆长安新能源汽车科技有限公司,6
工程学部,材料科学与工程学院,硕士,2022,就业,重庆长安汽车股份有限公司,10
工程学部,材料科学与工程学院,硕士,2022,选调生,中共乐山市委组织部,1
工程学部,材料科学与工程学院,硕士,2022,选调生,中共南充市委组织部,1
工程学部,材料科学与工程学院,硕士,2022,选调生,中共天津市武清区委组织部(中共天津市武清区非公有制经济组织工作委员会、天津市武清区公务员局),1
工程学部,材料科学与工程学院,硕士,2022,选调生,中共山西省委宣传部,1
工程学部,材料科学与工程学院,硕士,2022,选调生,中共成都市委组织部,1
工程学部,材料科学与工程学院,硕士,2022,选调生,中共毕节市委组织部,2
工程学部,材料科学与工程学院,硕士,2022,选调生,中共江西省委组织部,1
工程学部,材料科学与工程学院,硕士,2022,选调生,中共衢州市衢江区委组织部,1
工程学部,材料科学与工程学院,硕士,2022,选调生,中共遵义市委组织部,1
工程学部,材料科学与工程学院,硕士,2022,选调生,中共重庆市万州区委组织部,1
工程学部,材料科学与工程学院,硕士,2022,选调生,中共黔南州委组织部,1
工程学部,材料科学与工程学院,硕士,2022,选调生,中国共产党江苏省委员会组织部,1
工程学部,材料科学与工程学院,硕士,2022,选调生,中国共产党泸州市委员会组织部,1
工程学部,材料科学与工程学院,硕士,2022,选调生,中国共产党遂宁市委员会组织部,1
工程学部,材料科学与工程学院,硕士,2022,选调生,中国共产党重庆市委员会组织部,4
工程学部,材料科学与工程学院,硕士,2022,选调生,大庆高新技术产业开发区,1
工程学部,材料科学与工程学院,硕士,2023,出国(境)留学或工作,东京大学,2
工程学部,材料科学与工程学院,硕士,2023,出国(境)留学或工作,亥姆霍兹海荣研究中心,1
工程学部,材料科学与工程学院,硕士,2023,升学,上海交通大学,3
工程学部,材料科学与工程学院,硕士,2023,升学,东北大学,1
工程学部,材料科学与工程学院,硕士,2023,升学,四川大学,1
工程学部,材料科学与工程学院,硕士,2023,升学,复旦大学,1
工程学部,材料科学与工程学院,硕士,2023,升学,重庆大学,14
工程学部,材料科学与工程学院,硕士,2023,就业,中冶赛迪信息技术(重庆)有限公司,2
工程学部,材料科学与工程学院,硕士,2023,就业,中国航发贵州红林航空动力控制科技有限公司,2
工程学部,材料科学与工程学院,硕士,2023,就业,中国航发贵州黎阳航空发动机有限公司,3
工程学部,材料科学与工程学院,硕士,2023,就业,中电科技集团重庆声光电有限公司,10
工程学部,材料科学与工程学院,硕士,2023,就业,中电科芯片技术(集团)有限公司,2
工程学部,材料科学与工程学院,硕士,2023,就业,中芯集成电路制造(绍兴)有限公司,2
工程学部,材料科学与工程学院,硕士,2023,就业,其他,87
工程学部,材料科学与工程学院,硕士,2023,就业,华为技术有限公司,3
工程学部,材料科学与工程学院,硕士,2023,就业,华润微电子(重庆)有限公司,2
工程学部,材料科学与工程学院,硕士,2023,就业,宁德时代新能源科技股份有限公司,2
工程学部,材料科学与工程学院,硕士,2023,就业,株洲时代新材料科技股份有限公司,2
工程学部,材料科学与工程学院,硕士,2023,就业,比亚迪股份有限公司,22
工程学部,材料科学与工程学院,硕士,2023,就业,江苏博睿光电股份有限公司,2
工程学部,材料科学与工程学院,硕士,2023,就业,深圳市昇维旭技术有限公司,4
工程学部,材料科学与工程学院,硕士,2023,就业,深圳市鹏芯微集成电路制造有限公司,2
工程学部,材料科学与工程学院,硕士,2023,就业,湖北三江航天江河化工科技有限公司,2
工程学部,材料科学与工程学院,硕士,2023,就业,赛力斯汽车有限公司,5
工程学部,材料科学与工程学院,硕士,2023,就业,远景动力技术(江苏)有限公司,2
工程学部,材料科学与工程学院,硕士,2023,就业,重庆国创轻合金研究院有限公司,2
工程学部,材料科学与工程学院,硕士,2023,就业,重庆长安新能源汽车科技有限公司,4
工程学部,材料科学与工程学院,硕士,2023,就业,重庆长安望江工业集团有限公司,3
工程学部,材料科学与工程学院,硕士,2023,就业,重庆长安汽车股份有限公司,20
工程学部,材料科学与工程学院,硕士,2023,选调生,中共乐山市委组织部,1
工程学部,材料科学与工程学院,硕士,2023,选调生,中共六盘水市委组织部,2
工程学部,材料科学与工程学院,硕士,2023,选调生,中共巴中市委组织部,1
工程学部,材料科学与工程学院,硕士,2023,选调生,中共德阳市委组织部,2
工程学部,材料科学与工程学院,硕士,2023,选调生,中共成都市委组织部,2
工程学部,材料科学与工程学院,硕士,2023,选调生,中共福州市委组织部,1
工程学部,材料科学与工程学院,硕士,2023,选调生,中共贵阳市委组织部,1
工程学部,材料科学与工程学院,硕士,2023,选调生,中共通辽市委组织部,1
工程学部,材料科学与工程学院,硕士,2023,选调生,中共重庆市委组织部,5
工程学部,材料科学与工程学院,硕士,2023,选调生,中共重庆市秀山土家族苗族自治县组织部,1
工程学部,材料科学与工程学院,硕士,2023,选调生,中共陕西省委组织部,1
工程学部,材料科学与工程学院,硕士,2023,选调生,中共黑龙江省委组织部,1
工程学部,材料科学与工程学院,硕士,2023,选调生,中国共产党宜宾市委员会组织部,1
工程学部,材料科学与工程学院,硕士,2023,选调生,中国共产党简阳市委员会组织部,1
工程学部,材料科学与工程学院,硕士,2023,选调生,四川省宜宾县财政局,1
工程学部,材料科学与工程学院,硕士,2023,选调生,宜宾三江新区办公室,1
工程学部,电气工程学院,博士,2021,就业,三峡大学,1
工程学部,电气工程学院,博士,2021,就业,东北电力大学,1
工程学部,电气工程学院,博士,2021,就业,东方电气集团东方电机有限公司,1
工程学部,电气工程学院,博士,2021,就业,中国人民解放军陆军勤务学院,1
工程学部,电气工程学院,博士,2021,就业,中国工程物理研究院电子工程研究所,1
工程学部,电气工程学院,博士,2021,就业,中国电力科学研究院有限公司,1
工程学部,电气工程学院,博士,2021,就业,南方电网科学研究院有限责任公司,1
工程学部,电气工程学院,博士,2021,就业,南方电网能源发展研究院有限责任公司,1
工程学部,电气工程学院,博士,2021,就业,四川大学,1
工程学部,电气工程学院,博士,2021,就业,国网四川省电力公司博士后科研工作站,1
工程学部,电气工程学院,博士,2021,就业,国网四川省电力公司电力科学研究院,1
工程学部,电气工程学院,博士,2021,就业,国网山东省电力公司青岛供电公司,1
工程学部,电气工程学院,博士,2021,就业,国网江苏省电力有限公司电力科学研究院,1
工程学部,电气工程学院,博士,2021,就业,国网河北省电力有限公司电力科学研究院,1
工程学部,电气工程学院,博士,2021,就业,国网浙江省电力有限公司电力科学研究院,1
工程学部,电气工程学院,博士,2021,就业,国网湖北省电力有限公司电力科学研究院,1
工程学部,电气工程学院,博士,2021,就业,国网重庆市电力公司,2
工程学部,电气工程学院,博士,2021,就业,常熟理工学院,1
工程学部,电气工程学院,博士,2021,就业,广州汽车集团股份有限公司汽车工程研究院,1
工程学部,电气工程学院,博士,2021,就业,武汉理工大学,1
工程学部,电气工程学院,博士,2021,就业,河北工业大学,1
工程学部,电气工程学院,博士,2021,就业,深圳航天科技创新研究院,1
工程学部,电气工程学院,博士,2021,就业,清华大学,1
工程学部,电气工程学院,博士,2021,就业,澳门大学,1
工程学部,电气工程学院,博士,2021,就业,电力规划总院有限公司,1
工程学部,电气工程学院,博士,2021,就业,西南交通大学,1
工程学部,电气工程学院,博士,2021,就业,贵州大学,1
工程学部,电气工程学院,博士,2021,就业,郑州大学,1
工程学部,电气工程学院,博士,2021,就业,重庆交通大学,2
工程学部,电气工程学院,博士,2021,就业,重庆嘉陵华光光电科技有限公司,1
工程学部,电气工程学院,博士,2021,就业,重庆大学,3
工程学部,电气工程学院,博士,2021,就业,重庆理工大学,2
工程学部,电气工程学院,博士,2021,就业,重庆科技学院,1
工程学部,电气工程学院,博士,2021,就业,重庆邮电大学,3
工程学部,电气工程学院,博士,2021,就业,香港中文大学,1
工程学部,电气工程学院,博士,2021,选调生,中共重庆市委组织部,1
工程学部,电气工程学院,博士,2022,就业,三峡大学,1
工程学部,电气工程学院,博士,2022,就业,上海海思技术有限公司,1
工程学部,电气工程学院,博士,2022,就业,中国矿业大学,1
工程学部,电气工程学院,博士,2022,就业,中国船舶集团海装风电股份有限公司,1
工程学部,电气工程学院,博士,2022,就业,加州大学尔湾分校,1
工程学部,电气工程学院,博士,2022,就业,北京怀柔实验室,1
工程学部,电气工程学院,博士,2022,就业,华东交通大学,1
工程学部,电气工程学院,博士,2022,就业,南方电网科学研究院有限责任公司,1
工程学部,电气工程学院,博士,2022,就业,国网四川省电力公司经济技术研究院,1
工程学部,电气工程学院,博士,2022,就业,国网江苏省电力有限公司超高压分公司,1
工程学部,电气工程学院,博士,2022,就业,国网河南省电力公司经济技术研究院,1
工程学部,电气工程学院,博士,2022,就业,国网重庆市电力公司,2
工程学部,电气工程学院,博士,2022,就业,太原理工大学,1
工程学部,电气工程学院,博士,2022,就业,广东电网有限责任公司广州供电局,1
工程学部,电气工程学院,博士,2022,就业,广东电网有限责任公司惠州供电局,1
工程学部,电气工程学院,博士,2022,就业,广东电网有限责任公司电力科学研究院,1
工程学部,电气工程学院,博士,2022,就业,广西大学,1
工程学部,电气工程学院,博士,2022,就业,成都信息工程大学,1
工程学部,电气工程学院,博士,2022,就业,成都大学,1
工程学部,电气工程学院,博士,2022,就业,杭州维纳安可医疗科技有限责任公司,2
工程学部,电气工程学院,博士,2022,就业,江西财经大学,1
工程学部,电气工程学院,博士,2022,就业,清华大学,2
工程学部,电气工程学院,博士,2022,就业,澳门大学,1
工程学部,电气工程学院,博士,2022,就业,重庆交通大学,1
工程学部,电气工程学院,博士,2022,就业,重庆大学,4
工程学部,电气工程学院,博士,2022,就业,重庆平创半导体研究院有限责任公司,1
工程学部,电气工程学院,博士,2022,就业,重庆电子工程职业学院,1
工程学部,电气工程学院,博士,2022,就业,重庆科技学院,1
工程学部,电气工程学院,博士,2022,就业,长沙理工大学,1
工程学部,电气工程学院,博士,2022,就业,阳光电源股份有限公司,1
工程学部,电气工程学院,博士,2023,就业,中国电力科学研究院有限公司,1
工程学部,电气工程学院,博士,2023,就业,四川大学,1
工程学部,电气工程学院,博士,2023,就业,国网四川省电力公司电力科学研究院,1
工程学部,电气工程学院,博士,2023,就业,国网四川省电力公司营销服务中心,1
工程学部,电气工程学院,博士,2023,就业,国网湖南省电力有限公司超高压变电公司,1
工程学部,电气工程学院,博士,2023,就业,国网重庆市电力公司,1
工程学部,电气工程学院,博士,2023,就业,宁德时代未来能源(上海)研究院有限公司,1
工程学部,电气工程学院,博士,2023,就业,招商局重庆交通科研设计院有限公司,1
工程学部,电气工程学院,博士,2023,就业,武汉理工大学,1
工程学部,电气工程学院,博士,2023,就业,江苏神马电力股份有限公司,1
工程学部,电气工程学院,博士,2023,就业,泰开集团有限公司,1
工程学部,电气工程学院,博士,2023,就业,深圳迈瑞生物医疗电子股份有限公司,1
工程学部,电气工程学院,博士,2023,就业,电子科技大学,1
工程学部,电气工程学院,博士,2023,就业,贵州电网有限责任公司电力科学研究院,1
工程学部,电气工程学院,博士,2023,就业,重庆交通大学,1
工程学部,电气工程学院,博士,2023,就业,重庆大学,1
工程学部,电气工程学院,博士,2023,就业,重庆工程职业技术学院,1
工程学部,电气工程学院,博士,2023,就业,重庆理工大学,1
工程学部,电气工程学院,博士,2023,就业,重庆科技学院,1
工程学部,电气工程学院,博士,2023,就业,长沙理工大学,1
工程学部,电气工程学院,博士,2023,选调生,中共重庆市委组织部,1
工程学部,电气工程学院,博士,2023,选调生,中国共产党重庆市委员会组织部,1
工程学部,电气工程学院,博士,2023,选调生,福建省工业和信息化厅,1
工程学部,电气工程学院,本科,2021,出国(境)留学或工作,东京工业大学,1
工程学部,电气工程学院,本科,2021,出国(境)留学或工作,亚琛工业大学,1
工程学部,电气工程学院,本科,2021,出国(境)留学或工作,佐治亚理工学院,1
工程学部,电气工程学院,本科,2021,出国(境)留学或工作,加州大学伯克利分校,1
工程学部,电气工程学院,本科,2021,出国(境)留学或工作,华威大学,1
工程学部,电气工程学院,本科,2021,出国(境)留学或工作,南安普顿大学,1
工程学部,电气工程学院,本科,2021,出国(境)留学或工作,多伦多大学,1
工程学部,电气工程学院,本科,2021,出国(境)留学或工作,宾夕法尼亚大学,1
工程学部,电气工程学院,本科,2021,出国(境)留学或工作,密歇根大学安娜堡分校,1
工程学部,电气工程学院,本科,2021,出国(境)留学或工作,布里斯托大学,1
工程学部,电气工程学院,本科,2021,出国(境)留学或工作,慕尼黑工业大学,1
工程学部,电气工程学院,本科,2021,出国(境)留学或工作,曼彻斯特大学,1
工程学部,电气工程学院,本科,2021,出国(境)留学或工作,澳门大学,1
工程学部,电气工程学院,本科,2021,出国(境)留学或工作,罗切斯特大学,1
工程学部,电气工程学院,本科,2021,升学,上海交通大学,4
工程学部,电气工程学院,本科,2021,升学,东南大学,1
工程学部,电气工程学院,本科,2021,升学,中南大学,1
工程学部,电气工程学院,本科,2021,升学,北京大学(非全日制),1
工程学部,电气工程学院,本科,2021,升学,华中科技大学,15
工程学部,电气工程学院,本科,2021,升学,同济大学,1
工程学部,电气工程学院,本科,2021,升学,哈尔滨工业大学(深圳),1
工程学部,电气工程学院,本科,2021,升学,国网电力科学研究院,1
工程学部,电气工程学院,本科,2021,升学,江苏海洋大学,1
工程学部,电气工程学院,本科,2021,升学,浙江大学,3
工程学部,电气工程学院,本科,2021,升学,清华大学,2
工程学部,电气工程学院,本科,2021,升学,清华大学深圳国际研究生院,1
工程学部,电气工程学院,本科,2021,升学,西安交通大学,41
工程学部,电气工程学院,本科,2021,升学,重庆大学,99
工程学部,电气工程学院,本科,2021,就业,东方电气集团东方电机有限公司,3
工程学部,电气工程学院,本科,2021,就业,中国南方电网有限责任公司超高压输电公司,2
工程学部,电气工程学院,本科,2021,就业,中国建筑第八工程局有限公司西南分公司,2
工程学部,电气工程学院,本科,2021,就业,中国长江电力股份有限公司,4
工程学部,电气工程学院,本科,2021,就业,云南电网有限责任公司曲靖供电局,2
工程学部,电气工程学院,本科,2021,就业,其他,77
工程学部,电气工程学院,本科,2021,就业,华为技术有限公司,2
工程学部,电气工程学院,本科,2021,就业,国网四川省电力公司南充供电公司,2
工程学部,电气工程学院,本科,2021,就业,国网四川省电力公司宜宾供电公司,2
工程学部,电气工程学院,本科,2021,就业,国网四川省电力公司自贡供电公司,2
工程学部,电气工程学院,本科,2021,就业,国网宁夏电力有限公司,2
工程学部,电气工程学院,本科,2021,就业,国网浙江省电力有限公司宁波供电公司,2
工程学部,电气工程学院,本科,2021,就业,国网重庆市电力公司,4
工程学部,电气工程学院,本科,2021,就业,国网重庆市电力公司綦南供电分公司,3
工程学部,电气工程学院,本科,2021,就业,国网重庆市电力公司长寿供电分公司,2
工程学部,电气工程学院,本科,2021,就业,庆铃汽车(集团)有限公司,3
工程学部,电气工程学院,本科,2021,就业,成都基准方中建筑设计有限公司重庆分公司,2
工程学部,电气工程学院,本科,2021,就业,深圳市华阳国际工程设计股份有限公司,2
工程学部,电气工程学院,本科,2021,就业,贵州电网有限责任公司兴义供电局,2
工程学部,电气工程学院,本科,2021,就业,贵州电网有限责任公司贵阳供电局,3
工程学部,电气工程学院,本科,2021,就业,贵州电网有限责任公司遵义供电局,2
工程学部,电气工程学院,本科,2021,就业,重庆科凯前卫风电设备有限责任公司,2
工程学部,电气工程学院,本科,2021,就业,雅砻江流域水电开发有限公司,6
工程学部,电气工程学院,本科,2021,选调生,中共成都市委组织部,1
工程学部,电气工程学院,本科,2022,出国(境)留学或工作,代尔夫特理工大学,1
工程学部,电气工程学院,本科,2022,出国(境)留学或工作,剑桥大学,1
工程学部,电气工程学院,本科,2022,出国(境)留学或工作,加州大学圣地亚哥分校,1
工程学部,电气工程学院,本科,2022,出国(境)留学或工作,加州大学洛杉矶分校,1
工程学部,电气工程学院,本科,2022,出国(境)留学或工作,南洋理工大学,1
工程学部,电气工程学院,本科,2022,出国(境)留学或工作,宾夕法尼亚大学,1
工程学部,电气工程学院,本科,2022,出国(境)留学或工作,密歇根大学,1
工程学部,电气工程学院,本科,2022,出国(境)留学或工作,新加坡国立大学,2
工程学部,电气工程学院,本科,2022,出国(境)留学或工作,皇家理工学院,1
工程学部,电气工程学院,本科,2022,出国(境)留学或工作,鲁汶大学,1
工程学部,电气工程学院,本科,2022,升学,上海交通大学,6
工程学部,电气工程学院,本科,2022,升学,中国工程物理研究院,2
工程学部,电气工程学院,本科,2022,升学,中国科学院大学,2
工程学部,电气工程学院,本科,2022,升学,中国科学院空间应用工程与技术中心,1
工程学部,电气工程学院,本科,2022,升学,华中科技大学,17
工程学部,电气工程学院,本科,2022,升学,南方科技大学,1
工程学部,电气工程学院,本科,2022,升学,广西大学,1
工程学部,电气工程学院,本科,2022,升学,武汉大学,1
工程学部,电气工程学院,本科,2022,升学,江苏大学,1
工程学部,电气工程学院,本科,2022,升学,江西理工大学,1
工程学部,电气工程学院,本科,2022,升学,浙江大学,2
工程学部,电气工程学院,本科,2022,升学,清华大学,4
工程学部,电气工程学院,本科,2022,升学,西安交通大学,38
工程学部,电气工程学院,本科,2022,升学,重庆大学,68
工程学部,电气工程学院,本科,2022,就业,东方电气风电有限公司,4
工程学部,电气工程学院,本科,2022,就业,中建三局安装工程有限公司,2
工程学部,电气工程学院,本科,2022,就业,其他,76
工程学部,电气工程学院,本科,2022,就业,华能重庆两江燃机发电有限责任公司,3
工程学部,电气工程学院,本科,2022,就业,南京南瑞继保电气有限公司,5
工程学部,电气工程学院,本科,2022,就业,国核电力规划设计研究院重庆有限公司,3
工程学部,电气工程学院,本科,2022,就业,国网新疆电力有限公司超高压分公司,2
工程学部,电气工程学院,本科,2022,就业,国网浙江省电力有限公司丽水供电公司,2
工程学部,电气工程学院,本科,2022,就业,国网甘肃省电力公司兰州供电公司,2
工程学部,电气工程学院,本科,2022,就业,国网重庆市电力公司,7
工程学部,电气工程学院,本科,2022,就业,广东电网有限责任公司东莞供电局,2
工程学部,电气工程学院,本科,2022,就业,无锡先导智能装备股份有限公司,2
工程学部,电气工程学院,本科,2022,就业,西安西变中特电气有限责任公司成都分公司,2
工程学部,电气工程学院,本科,2022,就业,贵州电网有限责任公司遵义供电局,2
工程学部,电气工程学院,本科,2022,就业,重庆ABB变压器有限公司,2
工程学部,电气工程学院,本科,2022,就业,重庆长安汽车软件科技有限公司,2
工程学部,电气工程学院,本科,2022,就业,长沙比亚迪电子有限公司,2
工程学部,电气工程学院,本科,2022,选调生,中共石家庄市长安区委组织部,1
工程学部,电气工程学院,本科,2022,选调生,中共重庆市北碚区委组织部,1
工程学部,电气工程学院,本科,2023,出国(境)留学或工作,ISI日本语学校,1
工程学部,电气工程学院,本科,2023,出国(境)留学或工作,伦敦大学学院,1
工程学部,电气工程学院,本科,2023,出国(境)留学或工作,华威大学,1
工程学部,电气工程学院,本科,2023,出国(境)留学或工作,南安普顿大学,1
工程学部,电气工程学院,本科,2023,出国(境)留学或工作,德累斯顿工业大学,2
工程学部,电气工程学院,本科,2023,出国(境)留学或工作,悉尼大学,1
工程学部,电气工程学院,本科,2023,出国(境)留学或工作,新加坡国立大学,5
工程学部,电气工程学院,本科,2023,出国(境)留学或工作,曼彻斯特大学,1
工程学部,电气工程学院,本科,2023,出国(境)留学或工作,纽约大学,1
工程学部,电气工程学院,本科,2023,出国(境)留学或工作,谢菲尔德大学,1
工程学部,电气工程学院,本科,2023,出国(境)留学或工作,达特茅斯学院,1
工程学部,电气工程学院,本科,2023,出国(境)留学或工作,香港城市大学,3
工程学部,电气工程学院,本科,2023,出国(境)留学或工作,香港大学,1
工程学部,电气工程学院,本科,2023,升学,上海交通大学,2
工程学部,电气工程学院,本科,2023,升学,东南大学,1
工程学部,电气工程学院,本科,2023,升学,中国工程物理研究院电子工程研究所,1
工程学部,电气工程学院,本科,2023,升学,中国矿业大学,2
工程学部,电气工程学院,本科,2023,升学,中国空间技术研究院,1
工程学部,电气工程学院,本科,2023,升学,北京理工大学,1
工程学部,电气工程学院,本科,2023,升学,华中科技大学,16
工程学部,电气工程学院,本科,2023,升学,南方科技大学,1
工程学部,电气工程学院,本科,2023,升学,浙江大学,1
工程学部,电气工程学院,本科,2023,升学,清华大学,5
工程学部,电气工程学院,本科,2023,升学,湖南大学,1
工程学部,电气工程学院,本科,2023,升学,西安交通大学,26
工程学部,电气工程学院,本科,2023,升学,重庆大学,50
工程学部,电气工程学院,本科,2023,就业,东方电气集团东方电机有限公司,3
工程学部,电气工程学院,本科,2023,就业,中国南方电网有限责任公司超高压输电公司,2
工程学部,电气工程学院,本科,2023,就业,其他,50
工程学部,电气工程学院,本科,2023,就业,华能霞浦核电有限公司,3
工程学部,电气工程学院,本科,2023,就业,国核电力规划设计研究院重庆有限公司,2
工程学部,电气工程学院,本科,2023,就业,国网重庆市电力公司,17
工程学部,电气工程学院,本科,2023,就业,广东电网有限责任公司,5
工程学部,电气工程学院,本科,2023,就业,广东电网有限责任公司东莞供电局,2
工程学部,电气工程学院,本科,2023,就业,广西电网有限责任公司南宁供电局,3
工程学部,电气工程学院,本科,2023,就业,广西电网有限责任公司柳州供电局,3
工程学部,电气工程学院,本科,2023,就业,比亚迪股份有限公司,3
工程学部,电气工程学院,本科,2023,就业,江苏金智科技股份有限公司,2
工程学部,电气工程学院,本科,2023,就业,特变电工衡阳变压器有限公司,2
工程学部,电气工程学院,本科,2023,就业,福建福清核电有限公司,2
工程学部,电气工程学院,本科,2023,就业,贵州电网有限责任公司遵义供电局,2
工程学部,电气工程学院,本科,2023,就业,重庆泰山电缆有限公司,2
工程学部,电气工程学院,本科,2023,选调生,中共涪陵区委组织部,1
工程学部,电气工程学院,本科,2023,选调生,中共重庆市铜梁区委组织部,1
工程学部,电气工程学院,硕士,2021,出国(境)留学或工作,华威大学,1
工程学部,电气工程学院,硕士,2021,出国(境)留学或工作,南洋理工大学,1
工程学部,电气工程学院,硕士,2021,出国(境)留学或工作,巴黎综合理工学院,1
工程学部,电气工程学院,硕士,2021,出国(境)留学或工作,布里斯托大学,1
工程学部,电气工程学院,硕士,2021,出国(境)留学或工作,西蒙弗雷泽大学,1
工程学部,电气工程学院,硕士,2021,出国(境)留学或工作,香港城市大学,1
工程学部,电气工程学院,硕士,2021,出国(境)留学或工作,香港大学,1
工程学部,电气工程学院,硕士,2021,升学,上海交通大学,1
工程学部,电气工程学院,硕士,2021,升学,重庆大学,3
工程学部,电气工程学院,硕士,2021,就业,中国电力工程顾问集团西南电力设计院有限公司,2
工程学部,电气工程学院,硕士,2021,就业,中国电子科技集团公司第二十九研究所,3
工程学部,电气工程学院,硕士,2021,就业,中国能源建设集团广东省电力设计研究院有限公司,2
工程学部,电气工程学院,硕士,2021,就业,中电科技集团重庆声光电有限公司,4
工程学部,电气工程学院,硕士,2021,就业,中车株洲电力机车研究所有限公司,2
工程学部,电气工程学院,硕士,2021,就业,云南电网有限责任公司电力科学研究院,2
工程学部,电气工程学院,硕士,2021,就业,其他,89
工程学部,电气工程学院,硕士,2021,就业,华为技术有限公司,5
工程学部,电气工程学院,硕士,2021,就业,南京南瑞继保电气有限公司,2
工程学部,电气工程学院,硕士,2021,就业,国网冀北电力有限公司秦皇岛供电公司,2
工程学部,电气工程学院,硕士,2021,就业,国网四川省电力公司天府新区供电公司,3
工程学部,电气工程学院,硕士,2021,就业,国网四川省电力公司成都供电公司,9
工程学部,电气工程学院,硕士,2021,就业,国网四川省电力公司检修公司,3
工程学部,电气工程学院,硕士,2021,就业,国网四川省电力公司绵阳供电公司,3
工程学部,电气工程学院,硕士,2021,就业,国网四川省电力公司遂宁供电公司,2
工程学部,电气工程学院,硕士,2021,就业,国网安徽省电力有限公司合肥供电公司,2
工程学部,电气工程学院,硕士,2021,就业,国网安徽省电力有限公司电力科学研究院,2
工程学部,电气工程学院,硕士,2021,就业,国网江苏省电力有限公司常州供电分公司,2
工程学部,电气工程学院,硕士,2021,就业,国网江苏省电力有限公司检修分公司,4
工程学部,电气工程学院,硕士,2021,就业,国网江苏省电力有限公司苏州供电分公司,3
工程学部,电气工程学院,硕士,2021,就业,国网河北省电力有限公司,4
工程学部,电气工程学院,硕士,2021,就业,国网河南省电力公司郑州供电公司,2
工程学部,电气工程学院,硕士,2021,就业,国网浙江省电力有限公司杭州供电公司,4
工程学部,电气工程学院,硕士,2021,就业,国网浙江省电力有限公司绍兴供电公司,4
工程学部,电气工程学院,硕士,2021,就业,国网湖北省电力有限公司,3
工程学部,电气工程学院,硕士,2021,就业,国网湖南省电力有限公司防灾减灾中心,2
工程学部,电气工程学院,硕士,2021,就业,国网福建省电力有限公司,3
工程学部,电气工程学院,硕士,2021,就业,国网重庆市电力公司,5
工程学部,电气工程学院,硕士,2021,就业,国网重庆市电力公司信息通信分公司,2
工程学部,电气工程学院,硕士,2021,就业,国网重庆市电力公司北碚供电分公司,2
工程学部,电气工程学院,硕士,2021,就业,国网重庆市电力公司市北供电分公司,3
工程学部,电气工程学院,硕士,2021,就业,国网重庆市电力公司市区供电分公司,3
工程学部,电气工程学院,硕士,2021,就业,国网重庆市电力公司市南供电分公司,3
工程学部,电气工程学院,硕士,2021,就业,国网重庆市电力公司建设分公司,2
工程学部,电气工程学院,硕士,2021,就业,国网重庆市电力公司检修分公司,2
工程学部,电气工程学院,硕士,2021,就业,国网重庆市电力公司永川供电分公司,3
工程学部,电气工程学院,硕士,2021,就业,国网重庆市电力公司物资分公司,2
工程学部,电气工程学院,硕士,2021,就业,国网重庆市电力公司綦南供电分公司,2
工程学部,电气工程学院,硕士,2021,就业,国网重庆市电力公司长寿供电分公司,2
工程学部,电气工程学院,硕士,2021,就业,国网陕西省电力公司西安供电公司,2
工程学部,电气工程学院,硕士,2021,就业,广东电网有限责任公司东莞供电局,2
工程学部,电气工程学院,硕士,2021,就业,广东电网有限责任公司中山供电局,2
工程学部,电气工程学院,硕士,2021,就业,广东电网有限责任公司广州供电局,7
工程学部,电气工程学院,硕士,2021,就业,广西电网有限责任公司南宁供电局,2
工程学部,电气工程学院,硕士,2021,就业,成都华为技术有限公司,2
工程学部,电气工程学院,硕士,2021,选调生,中共德阳市委组织部,1
工程学部,电气工程学院,硕士,2021,选调生,中共重庆市委组织部,2
工程学部,电气工程学院,硕士,2022,出国(境)留学或工作,奥尔堡大学,1
工程学部,电气工程学院,硕士,2022,出国(境)留学或工作,澳门大学,1
工程学部,电气工程学院,硕士,2022,出国(境)留学或工作,阿联酋哈利法大学,1
工程学部,电气工程学院,硕士,2022,出国(境)留学或工作,香港理工大学,1
工程学部,电气工程学院,硕士,2022,出国(境)留学或工作,香港科技大学,1
工程学部,电气工程学院,硕士,2022,出国(境)留学或工作,鲁汶大学,1
工程学部,电气工程学院,硕士,2022,升学,中国科学院电工研究所,1
工程学部,电气工程学院,硕士,2022,升学,重庆大学,1
工程学部,电气工程学院,硕士,2022,就业,中国工程物理研究院材料研究所,2
工程学部,电气工程学院,硕士,2022,就业,中国电子科技集团公司第二十九研究所,2
工程学部,电气工程学院,硕士,2022,就业,中国长江电力股份有限公司,2
工程学部,电气工程学院,硕士,2022,就业,中电科技集团重庆声光电有限公司,4
工程学部,电气工程学院,硕士,2022,就业,云南电力调度控制中心,3
工程学部,电气工程学院,硕士,2022,就业,其他,109
工程学部,电气工程学院,硕士,2022,就业,华为技术有限公司,9
工程学部,电气工程学院,硕士,2022,就业,国网上海市电力公司,3
工程学部,电气工程学院,硕士,2022,就业,国网四川省电力公司天府新区供电公司,4
工程学部,电气工程学院,硕士,2022,就业,国网四川省电力公司德阳供电公司,2
工程学部,电气工程学院,硕士,2022,就业,国网四川省电力公司成都供电公司,5
工程学部,电气工程学院,硕士,2022,就业,国网四川省电力公司特高压直流中心,2
工程学部,电气工程学院,硕士,2022,就业,国网四川省电力公司眉山供电公司,2
工程学部,电气工程学院,硕士,2022,就业,国网天津市电力公司,2
工程学部,电气工程学院,硕士,2022,就业,国网安徽省电力有限公司合肥供电公司,4
工程学部,电气工程学院,硕士,2022,就业,国网山东省电力公司超高压公司,2
工程学部,电气工程学院,硕士,2022,就业,国网江苏省电力有限公司南通供电分公司,2
工程学部,电气工程学院,硕士,2022,就业,国网江苏省电力有限公司镇江供电分公司,2
工程学部,电气工程学院,硕士,2022,就业,国网河南省电力公司直流中心,2
工程学部,电气工程学院,硕士,2022,就业,国网浙江省电力有限公司嘉兴供电公司,2
工程学部,电气工程学院,硕士,2022,就业,国网浙江省电力有限公司杭州供电公司,7
工程学部,电气工程学院,硕士,2022,就业,国网浙江省电力有限公司温州供电公司,2
工程学部,电气工程学院,硕士,2022,就业,国网浙江省电力有限公司金华供电公司,2
工程学部,电气工程学院,硕士,2022,就业,国网湖南省电力有限公司长沙供电分公司,2
工程学部,电气工程学院,硕士,2022,就业,国网福建省电力有限公司,10
工程学部,电气工程学院,硕士,2022,就业,国网重庆市电力公司,33
工程学部,电气工程学院,硕士,2022,就业,广东电网有限责任公司广州供电局,4
工程学部,电气工程学院,硕士,2022,就业,成都芯源系统有限公司,2
工程学部,电气工程学院,硕士,2022,就业,珠海格力电器股份有限公司,2
工程学部,电气工程学院,硕士,2022,就业,苏州汇川控制技术有限公司,2
工程学部,电气工程学院,硕士,2022,选调生,南通市崇川区人力资源服务中心,1
工程学部,电气工程学院,硕士,2023,出国(境)留学或工作,华威大学,1
工程学部,电气工程学院,硕士,2023,出国(境)留学或工作,根特大学,1
工程学部,电气工程学院,硕士,2023,出国(境)留学或工作,爱荷华州立大学,1
工程学部,电气工程学院,硕士,2023,出国(境)留学或工作,麦克马斯特大学,1
工程学部,电气工程学院,硕士,2023,升学,哈尔滨工业大学,2
工程学部,电气工程学院,硕士,2023,升学,清华大学,2
工程学部,电气工程学院,硕士,2023,升学,清华大学深圳国际研究生院,1
工程学部,电气工程学院,硕士,2023,升学,重庆大学,4
工程学部,电气工程学院,硕士,2023,就业,中国南方电网有限责任公司超高压输电公司,3
工程学部,电气工程学院,硕士,2023,就业,中国工程物理研究院电子工程研究所,2
工程学部,电气工程学院,硕士,2023,就业,中国电力科学研究院有限公司,2
工程学部,电气工程学院,硕士,2023,就业,中电科技集团重庆声光电有限公司,4
工程学部,电气工程学院,硕士,2023,就业,云南电力调度控制中心,2
工程学部,电气工程学院,硕士,2023,就业,云南电网有限责任公司电力科学研究院,2
工程学部,电气工程学院,硕士,2023,就业,其他,82
工程学部,电气工程学院,硕士,2023,就业,南京南瑞继保电气有限公司,2
工程学部,电气工程学院,硕士,2023,就业,国网冀北电力有限公司唐山供电公司,2
工程学部,电气工程学院,硕士,2023,就业,国网四川省电力公司天府新区供电公司,2
工程学部,电气工程学院,硕士,2023,就业,国网四川省电力公司成都供电公司,3
工程学部,电气工程学院,硕士,2023,就业,国网四川省电力公司技能培训中心,2
工程学部,电气工程学院,硕士,2023,就业,国网四川省电力公司遂宁供电公司,2
工程学部,电气工程学院,硕士,2023,就业,国网江苏省电力有限公司徐州供电分公司,3
工程学部,电气工程学院,硕士,2023,就业,国网江苏省电力有限公司无锡供电分公司,2
工程学部,电气工程学院,硕士,2023,就业,国网江西省电力有限公司南昌供电分公司,2
工程学部,电气工程学院,硕士,2023,就业,国网江西省电力有限公司赣州供电分公司,2
工程学部,电气工程学院,硕士,2023,就业,国网河南省电力公司洛阳供电公司,2
工程学部,电气工程学院,硕士,2023,就业,国网河南省电力公司郑州供电公司,2
工程学部,电气工程学院,硕士,2023,就业,国网浙江省电力有限公司丽水供电公司,2
工程学部,电气工程学院,硕士,2023,就业,国网浙江省电力有限公司台州供电公司,2
工程学部,电气工程学院,硕士,2023,就业,国网浙江省电力有限公司宁波供电公司,2
工程学部,电气工程学院,硕士,2023,就业,国网浙江省电力有限公司杭州供电公司,5
工程学部,电气工程学院,硕士,2023,就业,国网浙江省电力有限公司温州供电公司 第二名称：温州电力局,2
工程学部,电气工程学院,硕士,2023,就业,国网浙江省电力有限公司湖州供电公司,3
工程学部,电气工程学院,硕士,2023,就业,国网浙江省电力有限公司金华供电公司,2
工程学部,电气工程学院,硕士,2023,就业,国网湖北省电力有限公司,2
工程学部,电气工程学院,硕士,2023,就业,国网湖南省电力有限公司株洲供电分公司,2
工程学部,电气工程学院,硕士,2023,就业,国网湖南省电力有限公司长沙供电分公司,4
工程学部,电气工程学院,硕士,2023,就业,国网福建省电力有限公司,9
工程学部,电气工程学院,硕士,2023,就业,国网重庆市电力公司,33
工程学部,电气工程学院,硕士,2023,就业,广东电网有限责任公司广州供电局,4
工程学部,电气工程学院,硕士,2023,就业,成都芯源系统有限公司,2
工程学部,电气工程学院,硕士,2023,就业,比亚迪股份有限公司,2
工程学部,电气工程学院,硕士,2023,就业,贵州电网有限责任公司电力科学研究院,2
工程学部,电气工程学院,硕士,2023,就业,贵州电网有限责任公司贵阳供电局,4
工程学部,电气工程学院,硕士,2023,就业,贵州电网有限责任公司遵义供电局,2
工程学部,电气工程学院,硕士,2023,选调生,中共重庆市委组织部,2
工程学部,电气工程学院,硕士,2023,选调生,永川区委组织部,1
工程学部,能源与动力工程学院,博士,2021,就业,中国核动力研究设计院,1
工程学部,能源与动力工程学院,博士,2021,就业,中国民用航空飞行学院,1
工程学部,能源与动力工程学院,博士,2021,就业,常州大学,1
工程学部,能源与动力工程学院,博士,2021,就业,广东工业大学,1
工程学部,能源与动力工程学院,博士,2021,就业,扬州大学,1
工程学部,能源与动力工程学院,博士,2021,就业,江苏大学,1
工程学部,能源与动力工程学院,博士,2021,就业,河南科技大学,1
工程学部,能源与动力工程学院,博士,2021,就业,西南大学,1
工程学部,能源与动力工程学院,博士,2021,就业,西安近代化学研究所,1
工程学部,能源与动力工程学院,博士,2021,就业,郑州轻工业大学,1
工程学部,能源与动力工程学院,博士,2021,就业,重庆大学,1
工程学部,能源与动力工程学院,博士,2021,就业,重庆工业职业技术学院,1
工程学部,能源与动力工程学院,博士,2021,就业,重庆理工大学,1
工程学部,能源与动力工程学院,博士,2021,就业,重庆科技学院,1
工程学部,能源与动力工程学院,博士,2022,就业,中国人民解放军63833部队,1
工程学部,能源与动力工程学院,博士,2022,就业,中国工程物理研究院总体工程研究所,1
工程学部,能源与动力工程学院,博士,2022,就业,中国核动力研究设计院,1
工程学部,能源与动力工程学院,博士,2022,就业,中国科学院半导体研究所,1
工程学部,能源与动力工程学院,博士,2022,就业,中广核研究院有限公司,1
工程学部,能源与动力工程学院,博士,2022,就业,北京机电工程总体设计部,1
工程学部,能源与动力工程学院,博士,2022,就业,华北电力大学(保定),2
工程学部,能源与动力工程学院,博士,2022,就业,博世氢动力系统(重庆)有限公司,1
工程学部,能源与动力工程学院,博士,2022,就业,国家电投集团科学技术研究院有限公司,1
工程学部,能源与动力工程学院,博士,2022,就业,国科大杭州高等研究院,1
工程学部,能源与动力工程学院,博士,2022,就业,常州大学,1
工程学部,能源与动力工程学院,博士,2022,就业,扬州大学,1
工程学部,能源与动力工程学院,博士,2022,就业,桂林电子科技大学,1
工程学部,能源与动力工程学院,博士,2022,就业,浙江科技学院,1
工程学部,能源与动力工程学院,博士,2022,就业,清华大学,1
工程学部,能源与动力工程学院,博士,2022,就业,西安热工研究院有限公司,1
工程学部,能源与动力工程学院,博士,2022,就业,重庆市特种设备检测研究院(重庆市特种设备事故应急调查处理中心),2
工程学部,能源与动力工程学院,博士,2022,就业,重庆理工大学,1
工程学部,能源与动力工程学院,博士,2022,就业,重庆电子工程职业学院,1
工程学部,能源与动力工程学院,博士,2022,就业,重庆邮电大学,1
工程学部,能源与动力工程学院,博士,2022,选调生,中国共产党重庆市委员会组织部,1
工程学部,能源与动力工程学院,博士,2023,就业,中国航发四川燃气涡轮研究院,1
工程学部,能源与动力工程学院,博士,2023,就业,农业农村部成都沼气科学研究所,1
工程学部,能源与动力工程学院,博士,2023,就业,北京理工大学,1
工程学部,能源与动力工程学院,博士,2023,就业,华鼎国联四川动力电池有限公司,1
工程学部,能源与动力工程学院,博士,2023,就业,新加坡国立大学,1
工程学部,能源与动力工程学院,博士,2023,就业,河南省科学院激光制造研究所,1
工程学部,能源与动力工程学院,博士,2023,就业,湘潭大学,2
工程学部,能源与动力工程学院,博士,2023,就业,西安热工研究院有限公司,1
工程学部,能源与动力工程学院,博士,2023,就业,郑州轻工业大学,1
工程学部,能源与动力工程学院,本科,2021,出国(境)留学或工作,新加坡国立大学,6
工程学部,能源与动力工程学院,本科,2021,出国(境)留学或工作,澳门大学,1
工程学部,能源与动力工程学院,本科,2021,升学,上海交通大学,3
工程学部,能源与动力工程学院,本科,2021,升学,东南大学,2
工程学部,能源与动力工程学院,本科,2021,升学,中国原子能科学研究院,2
工程学部,能源与动力工程学院,本科,2021,升学,中国核动力研究设计院,1
工程学部,能源与动力工程学院,本科,2021,升学,中国矿业大学,1
工程学部,能源与动力工程学院,本科,2021,升学,中国科学技术大学,1
工程学部,能源与动力工程学院,本科,2021,升学,中国科学院工程热物理研究所,1
工程学部,能源与动力工程学院,本科,2021,升学,中国科学院理化技术研究所,6
工程学部,能源与动力工程学院,本科,2021,升学,中国科学院近代物理研究所,4
工程学部,能源与动力工程学院,本科,2021,升学,中国运载火箭技术研究院,1
工程学部,能源与动力工程学院,本科,2021,升学,中山大学,3
工程学部,能源与动力工程学院,本科,2021,升学,军事科学院,1
工程学部,能源与动力工程学院,本科,2021,升学,华中科技大学,1
工程学部,能源与动力工程学院,本科,2021,升学,华北电力大学,1
工程学部,能源与动力工程学院,本科,2021,升学,南京航空航天大学,1
工程学部,能源与动力工程学院,本科,2021,升学,大连海事大学,1
工程学部,能源与动力工程学院,本科,2021,升学,新疆大学,1
工程学部,能源与动力工程学院,本科,2021,升学,江苏海洋大学,1
工程学部,能源与动力工程学院,本科,2021,升学,浙江大学,3
工程学部,能源与动力工程学院,本科,2021,升学,湖南大学,1
工程学部,能源与动力工程学院,本科,2021,升学,煤炭科学研究总院,1
工程学部,能源与动力工程学院,本科,2021,升学,西北工业大学,1
工程学部,能源与动力工程学院,本科,2021,升学,西安交通大学,28
工程学部,能源与动力工程学院,本科,2021,升学,郑州大学,1
工程学部,能源与动力工程学院,本科,2021,升学,重庆大学,43
工程学部,能源与动力工程学院,本科,2021,就业,上海康恒环境股份有限公司,3
工程学部,能源与动力工程学院,本科,2021,就业,东方电气集团东方汽轮机有限公司,3
工程学部,能源与动力工程学院,本科,2021,就业,东方电气集团东方锅炉股份有限公司,3
工程学部,能源与动力工程学院,本科,2021,就业,中国电建集团都江电力设备有限公司,2
工程学部,能源与动力工程学院,本科,2021,就业,中国航发西安航空发动机有限公司,2
工程学部,能源与动力工程学院,本科,2021,就业,中国航发贵州黎阳航空发动机有限公司,2
工程学部,能源与动力工程学院,本科,2021,就业,中山粤海能源有限公司,2
工程学部,能源与动力工程学院,本科,2021,就业,中核核电运行管理有限公司,3
工程学部,能源与动力工程学院,本科,2021,就业,其他,43
工程学部,能源与动力工程学院,本科,2021,就业,海南核电有限公司,3
工程学部,能源与动力工程学院,本科,2021,就业,重庆长安汽车股份有限公司,2
工程学部,能源与动力工程学院,本科,2021,选调生,中共乐山市委组织部,1
工程学部,能源与动力工程学院,本科,2021,选调生,中共毕节市委组织部,1
工程学部,能源与动力工程学院,本科,2021,选调生,中共陕西省委组织部,1
工程学部,能源与动力工程学院,本科,2021,选调生,中国共产党广安市委员会组织部,2
工程学部,能源与动力工程学院,本科,2021,选调生,大连市科学技术局,1
工程学部,能源与动力工程学院,本科,2022,出国(境)留学或工作,成均馆大学,1
工程学部,能源与动力工程学院,本科,2022,出国(境)留学或工作,新加坡国立大学,9
工程学部,能源与动力工程学院,本科,2022,出国(境)留学或工作,杜伦大学,1
工程学部,能源与动力工程学院,本科,2022,出国(境)留学或工作,莱顿大学,1
工程学部,能源与动力工程学院,本科,2022,升学,上海交通大学,4
工程学部,能源与动力工程学院,本科,2022,升学,东南大学,2
工程学部,能源与动力工程学院,本科,2022,升学,中国传媒大学,1
工程学部,能源与动力工程学院,本科,2022,升学,中国原子能科学研究院,1
工程学部,能源与动力工程学院,本科,2022,升学,中国核动力研究设计院,1
工程学部,能源与动力工程学院,本科,2022,升学,中国科学技术大学,2
工程学部,能源与动力工程学院,本科,2022,升学,中国科学院大学,7
工程学部,能源与动力工程学院,本科,2022,升学,中国科学院近代物理研究所,1
工程学部,能源与动力工程学院,本科,2022,升学,华中科技大学,6
工程学部,能源与动力工程学院,本科,2022,升学,南京理工大学,1
工程学部,能源与动力工程学院,本科,2022,升学,南开大学,1
工程学部,能源与动力工程学院,本科,2022,升学,厦门大学,2
工程学部,能源与动力工程学院,本科,2022,升学,天津大学,1
工程学部,能源与动力工程学院,本科,2022,升学,浙江大学,5
工程学部,能源与动力工程学院,本科,2022,升学,深圳大学,1
工程学部,能源与动力工程学院,本科,2022,升学,清华大学,1
工程学部,能源与动力工程学院,本科,2022,升学,煤炭科学研究总院,1
工程学部,能源与动力工程学院,本科,2022,升学,西安交通大学,27
工程学部,能源与动力工程学院,本科,2022,就业,三门核电有限公司,2
工程学部,能源与动力工程学院,本科,2022,就业,东方电气集团东方汽轮机有限公司,4
工程学部,能源与动力工程学院,本科,2022,就业,其他,52
工程学部,能源与动力工程学院,本科,2022,就业,华能霞浦核电有限公司,2
工程学部,能源与动力工程学院,本科,2022,就业,四川长虹空调有限公司,2
工程学部,能源与动力工程学院,本科,2022,就业,广西玉柴机器股份有限公司,2
工程学部,能源与动力工程学院,本科,2022,就业,广西防城港核电有限公司,2
工程学部,能源与动力工程学院,本科,2022,就业,海南核电有限公司,3
工程学部,能源与动力工程学院,本科,2022,就业,福建宁德核电有限公司,2
工程学部,能源与动力工程学院,本科,2022,就业,贵州玉屏清洁热能有限公司,2
工程学部,能源与动力工程学院,本科,2022,就业,重庆大学,44
工程学部,能源与动力工程学院,本科,2022,志愿服务西部计划,重庆市涪陵高新区管委会,1
工程学部,能源与动力工程学院,本科,2022,志愿服务西部计划,长寿区龙河镇民政和社会事务办,1
工程学部,能源与动力工程学院,本科,2022,选调生,中国共产党毕节市委员会组织部,1
工程学部,能源与动力工程学院,本科,2023,出国(境)留学或工作,伦敦大学学院,1
工程学部,能源与动力工程学院,本科,2023,出国(境)留学或工作,佛罗里达大学,1
工程学部,能源与动力工程学院,本科,2023,出国(境)留学或工作,新加坡国立大学,4
工程学部,能源与动力工程学院,本科,2023,出国(境)留学或工作,昆士兰大学,1
工程学部,能源与动力工程学院,本科,2023,出国(境)留学或工作,西蒙菲莎大学,1
工程学部,能源与动力工程学院,本科,2023,升学,上海交通大学,3
工程学部,能源与动力工程学院,本科,2023,升学,中国原子能科学研究院,6
工程学部,能源与动力工程学院,本科,2023,升学,中国矿业大学,1
工程学部,能源与动力工程学院,本科,2023,升学,中国科学技术大学,2
工程学部,能源与动力工程学院,本科,2023,升学,中国科学院大学,1
工程学部,能源与动力工程学院,本科,2023,升学,中国科学院大学近代物理研究所,1
工程学部,能源与动力工程学院,本科,2023,升学,中国科学院理化技术研究所,4
工程学部,能源与动力工程学院,本科,2023,升学,中国科学院近代物理研究所,2
工程学部,能源与动力工程学院,本科,2023,升学,中国科学院高能物理研究所,1
工程学部,能源与动力工程学院,本科,2023,升学,中科院理化技术研究所,1
工程学部,能源与动力工程学院,本科,2023,升学,兰州大学,1
工程学部,能源与动力工程学院,本科,2023,升学,北京大学,1
工程学部,能源与动力工程学院,本科,2023,升学,北京大学深圳研究生院,1
工程学部,能源与动力工程学院,本科,2023,升学,北京理工大学,1
工程学部,能源与动力工程学院,本科,2023,升学,北京航空航天大学,2
工程学部,能源与动力工程学院,本科,2023,升学,华中科技大学,1
工程学部,能源与动力工程学院,本科,2023,升学,南京理工大学,2
工程学部,能源与动力工程学院,本科,2023,升学,南京航空航天大学,1
工程学部,能源与动力工程学院,本科,2023,升学,厦门大学,3
工程学部,能源与动力工程学院,本科,2023,升学,天津大学,1
工程学部,能源与动力工程学院,本科,2023,升学,浙江大学,10
工程学部,能源与动力工程学院,本科,2023,升学,深圳大学,1
工程学部,能源与动力工程学院,本科,2023,升学,清华大学,2
工程学部,能源与动力工程学院,本科,2023,升学,西安交通大学,23
工程学部,能源与动力工程学院,本科,2023,升学,重庆大学,28
工程学部,能源与动力工程学院,本科,2023,就业,上海电气电站设备有限公司上海汽轮机厂,2
工程学部,能源与动力工程学院,本科,2023,就业,东方电气集团东方汽轮机有限公司,5
工程学部,能源与动力工程学院,本科,2023,就业,东方菱日锅炉有限公司,2
工程学部,能源与动力工程学院,本科,2023,就业,中广核工程有限公司,2
工程学部,能源与动力工程学院,本科,2023,就业,中广核陆丰核电有限公司,2
工程学部,能源与动力工程学院,本科,2023,就业,其他,43
工程学部,能源与动力工程学院,本科,2023,就业,华能重庆珞璜发电有限责任公司,2
工程学部,能源与动力工程学院,本科,2023,就业,南京南瑞继保电气有限公司,3
工程学部,能源与动力工程学院,本科,2023,就业,四川川锅锅炉有限责任公司,2
工程学部,能源与动力工程学院,本科,2023,就业,福建宁德核电有限公司,2
工程学部,能源与动力工程学院,本科,2023,就业,贵州盘江电投发电有限公司,2
工程学部,能源与动力工程学院,本科,2023,选调生,中共丰都县委组织部,1
工程学部,能源与动力工程学院,硕士,2021,出国(境)留学或工作,亚利桑那大学,1
工程学部,能源与动力工程学院,硕士,2021,出国(境)留学或工作,弗吉尼亚理工大学,1
工程学部,能源与动力工程学院,硕士,2021,出国(境)留学或工作,格罗宁根大学,1
工程学部,能源与动力工程学院,硕士,2021,出国(境)留学或工作,香港城市大学,1
工程学部,能源与动力工程学院,硕士,2021,升学,上海交通大学,1
工程学部,能源与动力工程学院,硕士,2021,升学,天津大学,1
工程学部,能源与动力工程学院,硕士,2021,升学,西安交通大学,1
工程学部,能源与动力工程学院,硕士,2021,升学,重庆大学,1
工程学部,能源与动力工程学院,硕士,2021,就业,上海闻泰信息技术有限公司,2
工程学部,能源与动力工程学院,硕士,2021,就业,中国核动力研究设计院,3
工程学部,能源与动力工程学院,硕士,2021,就业,其他,53
工程学部,能源与动力工程学院,硕士,2021,就业,华为技术有限公司,4
工程学部,能源与动力工程学院,硕士,2021,就业,四川航天川南火工技术有限公司,2
工程学部,能源与动力工程学院,硕士,2021,就业,国家知识产权局专利局专利审查协作四川中心,2
工程学部,能源与动力工程学院,硕士,2021,就业,国药集团重庆医药设计院有限公司,2
工程学部,能源与动力工程学院,硕士,2021,就业,重庆三峰环境集团股份有限公司,5
工程学部,能源与动力工程学院,硕士,2021,选调生,中共德阳市委组织部,1
工程学部,能源与动力工程学院,硕士,2021,选调生,中共重庆市委组织部,2
工程学部,能源与动力工程学院,硕士,2021,选调生,中国共产党广安市委员会组织部,1
工程学部,能源与动力工程学院,硕士,2021,选调生,中国共产党淄博市委员会组织部,1
工程学部,能源与动力工程学院,硕士,2021,选调生,广西壮族自治区党委组织部干部规划办,1
工程学部,能源与动力工程学院,硕士,2022,出国(境)留学或工作,成均馆大学,1
工程学部,能源与动力工程学院,硕士,2022,出国(境)留学或工作,新加坡国立大学,1
工程学部,能源与动力工程学院,硕士,2022,出国(境)留学或工作,达姆施塔特技术大学,1
工程学部,能源与动力工程学院,硕士,2022,出国(境)留学或工作,香港科技大学,1
工程学部,能源与动力工程学院,硕士,2022,升学,厦门大学,1
工程学部,能源与动力工程学院,硕士,2022,升学,西安交通大学,1
工程学部,能源与动力工程学院,硕士,2022,就业,上海华为技术有限公司,5
工程学部,能源与动力工程学院,硕士,2022,就业,中国电子科技集团公司第四十八研究所,2
工程学部,能源与动力工程学院,硕士,2022,就业,中国航发四川燃气涡轮研究院,3
工程学部,能源与动力工程学院,硕士,2022,就业,中国航发贵阳发动机设计研究所,2
工程学部,能源与动力工程学院,硕士,2022,就业,其他,53
工程学部,能源与动力工程学院,硕士,2022,就业,博世动力总成有限公司,3
工程学部,能源与动力工程学院,硕士,2022,就业,博世氢动力系统(重庆)有限公司,2
工程学部,能源与动力工程学院,硕士,2022,就业,康明斯东亚研发有限公司,2
工程学部,能源与动力工程学院,硕士,2022,就业,康明斯电力(中国)有限公司,2
工程学部,能源与动力工程学院,硕士,2022,就业,成都凯天电子股份有限公司,3
工程学部,能源与动力工程学院,硕士,2022,就业,新乡航空工业(集团)有限公司,2
工程学部,能源与动力工程学院,硕士,2022,就业,株洲时代新材料科技股份有限公司,2
工程学部,能源与动力工程学院,硕士,2022,就业,深圳麦克韦尔科技有限公司,2
工程学部,能源与动力工程学院,硕士,2022,就业,联合汽车电子有限公司,3
工程学部,能源与动力工程学院,硕士,2022,就业,重庆大学,2
工程学部,能源与动力工程学院,硕士,2022,就业,重庆小康工业集团股份有限公司,8
工程学部,能源与动力工程学院,硕士,2022,就业,重庆美的通用制冷设备有限公司,2
工程学部,能源与动力工程学院,硕士,2022,就业,重庆长安新能源汽车科技有限公司,5
工程学部,能源与动力工程学院,硕士,2022,选调生,中共成都市委组织部,1
工程学部,能源与动力工程学院,硕士,2022,选调生,中共甘孜州委组织部,1
工程学部,能源与动力工程学院,硕士,2022,选调生,中国共产党周口市委办公室,1
工程学部,能源与动力工程学院,硕士,2022,选调生,中国共产党重庆市委员会组织部,1
工程学部,能源与动力工程学院,硕士,2022,选调生,墨江哈尼族自治县人民政府办公室,1
工程学部,能源与动力工程学院,硕士,2023,出国(境)留学或工作,普渡大学,1
工程学部,能源与动力工程学院,硕士,2023,升学,北京大学,1
工程学部,能源与动力工程学院,硕士,2023,升学,重庆大学,7
工程学部,能源与动力工程学院,硕士,2023,就业,中国核动力研究设计院,2
工程学部,能源与动力工程学院,硕士,2023,就业,其他,44
工程学部,能源与动力工程学院,硕士,2023,就业,南京南瑞继保电气有限公司,2
工程学部,能源与动力工程学院,硕士,2023,就业,比亚迪股份有限公司,15
工程学部,能源与动力工程学院,硕士,2023,就业,赛力斯汽车有限公司,6
工程学部,能源与动力工程学院,硕士,2023,就业,重庆长安新能源汽车科技有限公司,12
工程学部,能源与动力工程学院,硕士,2023,就业,重庆长安汽车股份有限公司,5
工程学部,能源与动力工程学院,硕士,2023,就业,重庆长安汽车软件科技有限公司,2
工程学部,能源与动力工程学院,硕士,2023,就业,重庆青山工业有限责任公司,2
工程学部,能源与动力工程学院,硕士,2023,选调生,中共成都市委组织部,1
工程学部,能源与动力工程学院,硕士,2023,选调生,中共重庆市委组织部,1
工程学部,能源与动力工程学院,硕士,2023,选调生,中国共产党弥勒市委员会组织部,1
工程学部,能源与动力工程学院,硕士,2023,选调生,中国共产党泸州市委员会组织部,1
工程学部,能源与动力工程学院,硕士,2023,选调生,中国共产党重庆市委员会组织部,1
工程学部,能源与动力工程学院,硕士,2023,选调生,南宁市发展和改革委员会,1
工程学部,能源与动力工程学院,硕士,2023,选调生,广东省肇庆市高要区金利镇人民政府,1
工程学部,能源与动力工程学院,硕士,2023,选调生,忻州市能源局,1
工程学部,航空航天学院,博士,2021,就业,中国人民解放军63837部队,1
工程学部,航空航天学院,博士,2021,就业,京都大学,1
工程学部,航空航天学院,博士,2021,就业,北京理工大学,1
工程学部,航空航天学院,博士,2021,就业,北京理工大学重庆创新中心,1
工程学部,航空航天学院,博士,2021,就业,河北工业大学,2
工程学部,航空航天学院,博士,2021,就业,重庆交通大学,1
工程学部,航空航天学院,博士,2021,就业,重庆工业职业技术学院,1
工程学部,航空航天学院,博士,2022,就业,中国船舶集团海装风电股份有限公司,1
工程学部,航空航天学院,博士,2022,就业,北京大学,1
工程学部,航空航天学院,博士,2022,就业,北京理工大学,1
工程学部,航空航天学院,博士,2022,就业,浙江运达风电股份有限公司,1
工程学部,航空航天学院,博士,2022,就业,湖北汽车工业学院,1
工程学部,航空航天学院,博士,2022,就业,西南大学,1
工程学部,航空航天学院,博士,2022,就业,西南科技大学,1
工程学部,航空航天学院,博士,2022,就业,重庆工商大学,1
工程学部,航空航天学院,博士,2022,就业,重庆理工大学,1
工程学部,航空航天学院,博士,2022,就业,重庆电子工程职业学院,1
工程学部,航空航天学院,博士,2022,就业,重庆诺奖二维材料研究院有限公司,1
工程学部,航空航天学院,博士,2022,就业,香港理工大学,1
工程学部,航空航天学院,博士,2023,就业,北京大学,1
工程学部,航空航天学院,博士,2023,就业,比亚迪股份有限公司,1
工程学部,航空航天学院,博士,2023,就业,河北工业大学,1
工程学部,航空航天学院,博士,2023,就业,重庆大学,1
工程学部,航空航天学院,本科,2021,出国(境)留学或工作,东京大学,1
工程学部,航空航天学院,本科,2021,出国(境)留学或工作,新南威尔士大学,1
工程学部,航空航天学院,本科,2021,出国(境)留学或工作,香港大学,1
工程学部,航空航天学院,本科,2021,出国(境)留学或工作,香港科技大学,1
工程学部,航空航天学院,本科,2021,升学,上海交通大学,1
工程学部,航空航天学院,本科,2021,升学,中国工程物理研究院总体工程研究所,1
工程学部,航空航天学院,本科,2021,升学,中国核动力研究设计院,1
工程学部,航空航天学院,本科,2021,升学,中国科学技术大学,2
工程学部,航空航天学院,本科,2021,升学,中国科学院力学研究所,1
工程学部,航空航天学院,本科,2021,升学,中山大学,1
工程学部,航空航天学院,本科,2021,升学,兰州大学,1
工程学部,航空航天学院,本科,2021,升学,北京大学,1
工程学部,航空航天学院,本科,2021,升学,北京航空航天大学,3
工程学部,航空航天学院,本科,2021,升学,南京航天航空大学,1
工程学部,航空航天学院,本科,2021,升学,南京航空航天大学,3
工程学部,航空航天学院,本科,2021,升学,哈尔滨工业大学,1
工程学部,航空航天学院,本科,2021,升学,哈尔滨工业大学(深圳),1
工程学部,航空航天学院,本科,2021,升学,大连理工大学,2
工程学部,航空航天学院,本科,2021,升学,浙江大学,4
工程学部,航空航天学院,本科,2021,升学,西北工业大学,1
工程学部,航空航天学院,本科,2021,升学,西安交通大学,8
工程学部,航空航天学院,本科,2021,升学,重庆大学,20
工程学部,航空航天学院,本科,2021,就业,中国建筑第八工程局有限公司西南分公司,2
工程学部,航空航天学院,本科,2021,就业,其他,18
工程学部,航空航天学院,本科,2022,出国(境)留学或工作,伦敦大学学院,1
工程学部,航空航天学院,本科,2022,出国(境)留学或工作,加州大学圣地亚哥分校,1
工程学部,航空航天学院,本科,2022,出国(境)留学或工作,谢菲尔德大学,1
工程学部,航空航天学院,本科,2022,出国(境)留学或工作,香港城市大学,1
工程学部,航空航天学院,本科,2022,出国(境)留学或工作,香港科技大学,1
工程学部,航空航天学院,本科,2022,升学,上海交通大学,1
工程学部,航空航天学院,本科,2022,升学,上海大学,1
工程学部,航空航天学院,本科,2022,升学,中国传媒大学,1
工程学部,航空航天学院,本科,2022,升学,中国科学技术大学,2
工程学部,航空航天学院,本科,2022,升学,中国科学院力学研究所,1
工程学部,航空航天学院,本科,2022,升学,中国航天科技集团有限公司第六研究院第十一研究所,1
工程学部,航空航天学院,本科,2022,升学,中国航天科技集团第六研究院第十一研究所,1
工程学部,航空航天学院,本科,2022,升学,中山大学,3
工程学部,航空航天学院,本科,2022,升学,北京理工大学,1
工程学部,航空航天学院,本科,2022,升学,北京航空航天大学,2
工程学部,航空航天学院,本科,2022,升学,华中科技大学,3
工程学部,航空航天学院,本科,2022,升学,华北电力大学,1
工程学部,航空航天学院,本科,2022,升学,南京航空航天大学,2
工程学部,航空航天学院,本科,2022,升学,哈尔滨工业大学(深圳),2
工程学部,航空航天学院,本科,2022,升学,哈尔滨工业大学(深圳校区),1
工程学部,航空航天学院,本科,2022,升学,四川大学,1
工程学部,航空航天学院,本科,2022,升学,昆明理工大学,1
工程学部,航空航天学院,本科,2022,升学,武汉大学,1
工程学部,航空航天学院,本科,2022,升学,浙江大学,1
工程学部,航空航天学院,本科,2022,升学,清华大学,1
工程学部,航空航天学院,本科,2022,升学,电子科技大学,1
工程学部,航空航天学院,本科,2022,升学,西北工业大学,7
工程学部,航空航天学院,本科,2022,升学,西安交通大学,9
工程学部,航空航天学院,本科,2022,升学,西安航天动力技术研究所,1
工程学部,航空航天学院,本科,2022,升学,贵州航天天马机电科技有限公司,1
工程学部,航空航天学院,本科,2022,升学,重庆大学,24
工程学部,航空航天学院,本科,2022,就业,东风柳州汽车有限公司,2
工程学部,航空航天学院,本科,2022,就业,其他,14
工程学部,航空航天学院,本科,2022,就业,重庆航空有限责任公司,4
工程学部,航空航天学院,本科,2023,升学,上海大学,1
工程学部,航空航天学院,本科,2023,升学,中南财经政法大学,1
工程学部,航空航天学院,本科,2023,升学,中国科学技术大学,3
工程学部,航空航天学院,本科,2023,升学,中国运载火箭技术研究院,2
工程学部,航空航天学院,本科,2023,升学,北京大学,1
工程学部,航空航天学院,本科,2023,升学,北京理工大学,5
工程学部,航空航天学院,本科,2023,升学,北京航空航天大学,1
工程学部,航空航天学院,本科,2023,升学,南京理工大学,2
工程学部,航空航天学院,本科,2023,升学,厦门大学,1
工程学部,航空航天学院,本科,2023,升学,同济大学,1
工程学部,航空航天学院,本科,2023,升学,哈尔滨工业大学,1
工程学部,航空航天学院,本科,2023,升学,复旦大学,1
工程学部,航空航天学院,本科,2023,升学,大连理工大学,4
工程学部,航空航天学院,本科,2023,升学,电子科技大学,1
工程学部,航空航天学院,本科,2023,升学,西北工业大学,4
工程学部,航空航天学院,本科,2023,升学,西安交通大学,6
工程学部,航空航天学院,本科,2023,升学,重庆大学,20
工程学部,航空航天学院,本科,2023,就业,中国航发贵州黎阳航空动力有限公司,2
工程学部,航空航天学院,本科,2023,就业,其他,13
工程学部,航空航天学院,本科,2023,就业,重庆航空有限责任公司,4
工程学部,航空航天学院,硕士,2021,升学,中国工程物理研究院,1
工程学部,航空航天学院,硕士,2021,升学,北京航空航天大学,1
工程学部,航空航天学院,硕士,2021,就业,中电科技集团重庆声光电有限公司,2
工程学部,航空航天学院,硕士,2021,就业,其他,21
工程学部,航空航天学院,硕士,2021,选调生,中共德阳市委组织部,1
工程学部,航空航天学院,硕士,2021,选调生,中共成都市委组织部,2
工程学部,航空航天学院,硕士,2021,选调生,中共泸州市委组织部,1
工程学部,航空航天学院,硕士,2021,选调生,中共重庆市委组织部,1
工程学部,航空航天学院,硕士,2022,出国(境)留学或工作,澳大利亚国立大学,1
工程学部,航空航天学院,硕士,2022,升学,上海交通大学,1
工程学部,航空航天学院,硕士,2022,升学,华中科技大学,1
工程学部,航空航天学院,硕士,2022,升学,哈尔滨工业大学,1
工程学部,航空航天学院,硕士,2022,升学,浙江大学,1
工程学部,航空航天学院,硕士,2022,就业,中国航发贵州红林航空动力控制科技有限公司,2
工程学部,航空航天学院,硕士,2022,就业,中电科技集团重庆声光电有限公司,4
工程学部,航空航天学院,硕士,2022,就业,其他,27
工程学部,航空航天学院,硕士,2022,就业,成都凯天电子股份有限公司,2
工程学部,航空航天学院,硕士,2022,就业,联合微电子中心有限责任公司,3
工程学部,航空航天学院,硕士,2022,就业,重庆大学,2
工程学部,航空航天学院,硕士,2022,就业,重庆长安新能源汽车科技有限公司,3
工程学部,航空航天学院,硕士,2022,选调生,中共兰州市委组织部,1
工程学部,航空航天学院,硕士,2022,选调生,中共德阳市委组织部,1
工程学部,航空航天学院,硕士,2023,出国(境)留学或工作,波鸿大学,1
工程学部,航空航天学院,硕士,2023,出国(境)留学或工作,米兰理工大学,1
工程学部,航空航天学院,硕士,2023,升学,北京航空航天大学,1
工程学部,航空航天学院,硕士,2023,升学,华中科技大学,1
工程学部,航空航天学院,硕士,2023,升学,哈尔滨工业大学,1
工程学部,航空航天学院,硕士,2023,升学,重庆大学,3
工程学部,航空航天学院,硕士,2023,就业,其他,26
工程学部,航空航天学院,硕士,2023,就业,比亚迪股份有限公司,4
工程学部,航空航天学院,硕士,2023,就业,航天动力技术研究院,2
工程学部,航空航天学院,硕士,2023,就业,重庆长安新能源汽车科技有限公司,4
工程学部,航空航天学院,硕士,2023,就业,重庆长安汽车股份有限公司,4
工程学部,航空航天学院,硕士,2023,选调生,中共贵阳市委组织部,1
工程学部,航空航天学院,硕士,2023,选调生,中共重庆市铜梁区委组织部,1
工程学部,航空航天学院,硕士,2023,选调生,中共黔南州委组织部,1
工程学部,资源与安全学院,博士,2021,就业,中国电建集团华东勘测设计研究院有限公司,1
工程学部,资源与安全学院,博士,2021,就业,中国科学院江西稀土研究院,1
工程学部,资源与安全学院,博士,2021,就业,中建科技有限公司四川分公司,1
工程学部,资源与安全学院,博士,2021,就业,云南磷化集团有限公司,1
工程学部,资源与安全学院,博士,2021,就业,四川轻化工大学,1
工程学部,资源与安全学院,博士,2021,就业,太原理工大学,2
工程学部,资源与安全学院,博士,2021,就业,山东科技大学,1
工程学部,资源与安全学院,博士,2021,就业,山西能源学院,1
工程学部,资源与安全学院,博士,2021,就业,汕头市应急救援中心,1
工程学部,资源与安全学院,博士,2021,就业,河北工程大学,1
工程学部,资源与安全学院,博士,2021,就业,河南理工大学,1
工程学部,资源与安全学院,博士,2021,就业,深圳大学,1
工程学部,资源与安全学院,博士,2021,就业,煤炭科学研究总院,1
工程学部,资源与安全学院,博士,2021,就业,西华大学,1
工程学部,资源与安全学院,博士,2021,就业,西南交通大学,1
工程学部,资源与安全学院,博士,2021,就业,西南石油大学,1
工程学部,资源与安全学院,博士,2021,就业,西安科技大学,1
工程学部,资源与安全学院,博士,2021,就业,贵州大学,2
工程学部,资源与安全学院,博士,2021,就业,重庆科技学院,2
工程学部,资源与安全学院,博士,2021,选调生,中共成都市委组织部,1
工程学部,资源与安全学院,博士,2022,出国(境)留学或工作,丹麦技术大学,1
工程学部,资源与安全学院,博士,2022,就业,中国科学院武汉岩土力学研究所,1
工程学部,资源与安全学院,博士,2022,就业,中安智讯(北京)信息科技有限公司,1
工程学部,资源与安全学院,博士,2022,就业,中煤科工集团重庆研究院有限公司,3
工程学部,资源与安全学院,博士,2022,就业,中电科技集团重庆声光电有限公司,1
工程学部,资源与安全学院,博士,2022,就业,华东交通大学,1
工程学部,资源与安全学院,博士,2022,就业,安徽理工大学,1
工程学部,资源与安全学院,博士,2022,就业,广西大学,2
工程学部,资源与安全学院,博士,2022,就业,昆明理工大学,1
工程学部,资源与安全学院,博士,2022,就业,江西理工大学,2
工程学部,资源与安全学院,博士,2022,就业,河南理工大学,1
工程学部,资源与安全学院,博士,2022,就业,河南科技大学,1
工程学部,资源与安全学院,博士,2022,就业,湖南科技大学,1
工程学部,资源与安全学院,博士,2022,就业,煤炭科学研究总院,1
工程学部,资源与安全学院,博士,2022,就业,重庆文理学院,1
工程学部,资源与安全学院,博士,2022,就业,重庆科技学院,1
工程学部,资源与安全学院,博士,2022,就业,陆军勤务学院,1
工程学部,资源与安全学院,博士,2023,就业,中国安全生产科学研究院,1
工程学部,资源与安全学院,博士,2023,就业,中国石油集团工程技术研究院有限公司,1
工程学部,资源与安全学院,博士,2023,就业,中国石油集团测井有限公司,1
工程学部,资源与安全学院,博士,2023,就业,中国科学院重庆绿色智能技术研究院,1
工程学部,资源与安全学院,博士,2023,就业,南方科技大学,1
工程学部,资源与安全学院,博士,2023,就业,太原理工大学,1
工程学部,资源与安全学院,博士,2023,就业,湖南工学院,1
工程学部,资源与安全学院,博士,2023,就业,盾构及掘进技术国家重点实验室,1
工程学部,资源与安全学院,博士,2023,就业,神华新街能源有限责任公司,1
工程学部,资源与安全学院,博士,2023,就业,西华大学,2
工程学部,资源与安全学院,博士,2023,就业,重庆城投基础设施建设有限公司,1
工程学部,资源与安全学院,博士,2023,就业,重庆大学,1
工程学部,资源与安全学院,本科,2021,出国(境)留学或工作,新南威尔士大学,1
工程学部,资源与安全学院,本科,2021,升学,上海交通大学,1
工程学部,资源与安全学院,本科,2021,升学,中国矿业大学(北京),3
工程学部,资源与安全学院,本科,2021,升学,中国科学技术大学,2
工程学部,资源与安全学院,本科,2021,升学,厦门大学,1
工程学部,资源与安全学院,本科,2021,升学,太原理工大学,1
工程学部,资源与安全学院,本科,2021,升学,西安交通大学,1
工程学部,资源与安全学院,本科,2021,升学,重庆大学,40
工程学部,资源与安全学院,本科,2021,就业,上海隧道工程有限公司,5
工程学部,资源与安全学院,本科,2021,就业,中国建筑第五工程局有限公司,2
工程学部,资源与安全学院,本科,2021,就业,中国建筑第八工程局有限公司西南分公司,2
工程学部,资源与安全学院,本科,2021,就业,中建新疆建工土木工程有限公司,2
工程学部,资源与安全学院,本科,2021,就业,其他,20
工程学部,资源与安全学院,本科,2021,就业,宁德时代新能源科技股份有限公司,2
工程学部,资源与安全学院,本科,2021,选调生,中共乐山市委组织部,1
工程学部,资源与安全学院,本科,2021,选调生,中共宁夏区委组织部,1
工程学部,资源与安全学院,本科,2021,选调生,中共成都市委组织部,1
工程学部,资源与安全学院,本科,2021,选调生,中共攀枝花市委组织部,1
工程学部,资源与安全学院,本科,2021,选调生,中共深圳市委组织部,1
工程学部,资源与安全学院,本科,2021,选调生,中共遵义市委组织部,1
工程学部,资源与安全学院,本科,2021,选调生,中共重庆市委组织部,1
工程学部,资源与安全学院,本科,2021,选调生,中共黔东南州委组织部,1
工程学部,资源与安全学院,本科,2021,选调生,广西壮族自治区党委组织部干部规划办,1
工程学部,资源与安全学院,本科,2022,出国(境)留学或工作,伦敦大学学院,1
工程学部,资源与安全学院,本科,2022,出国(境)留学或工作,布里斯托大学,1
工程学部,资源与安全学院,本科,2022,出国(境)留学或工作,特温特大学,1
工程学部,资源与安全学院,本科,2022,升学,中国矿业大学(北京),3
工程学部,资源与安全学院,本科,2022,升学,中国科学技术大学,3
工程学部,资源与安全学院,本科,2022,升学,武汉大学,1
工程学部,资源与安全学院,本科,2022,升学,浙江大学,1
工程学部,资源与安全学院,本科,2022,就业,中建八局第三建设有限公司,3
工程学部,资源与安全学院,本科,2022,就业,其他,23
工程学部,资源与安全学院,本科,2022,就业,广东粤海珠三角供水有限公司,2
工程学部,资源与安全学院,本科,2022,就业,紫金矿业集团股份有限公司,8
工程学部,资源与安全学院,本科,2022,就业,重庆大学,41
工程学部,资源与安全学院,本科,2022,选调生,中共安顺市委组织部,1
工程学部,资源与安全学院,本科,2022,选调生,中共秦皇岛市委组织部,1
工程学部,资源与安全学院,本科,2022,选调生,中共达州市委组织部,1
工程学部,资源与安全学院,本科,2022,选调生,中共铜仁市委组织部,1
工程学部,资源与安全学院,本科,2023,升学,中国矿业大学,3
工程学部,资源与安全学院,本科,2023,升学,中国矿业大学(北京),2
工程学部,资源与安全学院,本科,2023,升学,中国科学技术大学,2
工程学部,资源与安全学院,本科,2023,升学,中国科学院大学,1
工程学部,资源与安全学院,本科,2023,升学,北京理工大学,1
工程学部,资源与安全学院,本科,2023,升学,哈尔滨工业大学,1
工程学部,资源与安全学院,本科,2023,升学,新疆大学,1
工程学部,资源与安全学院,本科,2023,升学,西安科技大学,1
工程学部,资源与安全学院,本科,2023,升学,重庆大学,33
工程学部,资源与安全学院,本科,2023,就业,上海隧道工程有限公司,2
工程学部,资源与安全学院,本科,2023,就业,中国建筑第八工程局有限公司西南分公司,2
工程学部,资源与安全学院,本科,2023,就业,其他,26
工程学部,资源与安全学院,本科,2023,就业,比亚迪股份有限公司,2
工程学部,资源与安全学院,本科,2023,就业,紫金矿业集团股份有限公司,6
工程学部,资源与安全学院,本科,2023,选调生,中共青海省委组织部,1
工程学部,资源与安全学院,硕士,2021,升学,中南大学,1
工程学部,资源与安全学院,硕士,2021,升学,四川大学,2
工程学部,资源与安全学院,硕士,2021,升学,天津大学,1
工程学部,资源与安全学院,硕士,2021,就业,中煤科工集团重庆研究院有限公司,2
工程学部,资源与安全学院,硕士,2021,就业,其他,36
工程学部,资源与安全学院,硕士,2021,就业,江西铜业股份有限公司,2
工程学部,资源与安全学院,硕士,2021,志愿服务西部计划,西山镇人民政府,1
工程学部,资源与安全学院,硕士,2021,选调生,中共德阳市委组织部,1
工程学部,资源与安全学院,硕士,2021,选调生,中共成都市委组织部,3
工程学部,资源与安全学院,硕士,2021,选调生,中共毕节市委组织部,1
工程学部,资源与安全学院,硕士,2021,选调生,中共贵州省委组织部,1
工程学部,资源与安全学院,硕士,2021,选调生,中共贵阳市委组织部,1
工程学部,资源与安全学院,硕士,2021,选调生,中共资阳市委组织部,1
工程学部,资源与安全学院,硕士,2021,选调生,中共重庆市委组织部,1
工程学部,资源与安全学院,硕士,2021,选调生,中共陕西省委组织部,1
工程学部,资源与安全学院,硕士,2021,选调生,中国共产党南充市委员会组织部,1
工程学部,资源与安全学院,硕士,2021,选调生,中国共产党宜宾市委员会组织部,1
工程学部,资源与安全学院,硕士,2021,选调生,中国共产党广安市委员会组织部,2
工程学部,资源与安全学院,硕士,2021,选调生,中国共产党自贡市委员会组织部,2
工程学部,资源与安全学院,硕士,2021,选调生,吕梁市应急管理局,1
工程学部,资源与安全学院,硕士,2022,出国(境)留学或工作,宾夕法尼亚州立大学,1
工程学部,资源与安全学院,硕士,2022,出国(境)留学或工作,格拉斯哥大学,1
工程学部,资源与安全学院,硕士,2022,出国(境)留学或工作,蒙纳士大学,1
工程学部,资源与安全学院,硕士,2022,升学,中国矿业大学,1
工程学部,资源与安全学院,硕士,2022,升学,中国科学院武汉岩土力学研究所,1
工程学部,资源与安全学院,硕士,2022,升学,西湖大学,1
工程学部,资源与安全学院,硕士,2022,就业,中国建筑第八工程局有限公司西南分公司,2
工程学部,资源与安全学院,硕士,2022,就业,其他,36
工程学部,资源与安全学院,硕士,2022,就业,宁德时代新能源科技股份有限公司,2
工程学部,资源与安全学院,硕士,2022,就业,招商局重庆公路工程检测中心有限公司,2
工程学部,资源与安全学院,硕士,2022,就业,重庆大学,3
工程学部,资源与安全学院,硕士,2022,就业,重庆长安汽车股份有限公司,3
工程学部,资源与安全学院,硕士,2022,选调生,中共乐山市委组织部,1
工程学部,资源与安全学院,硕士,2022,选调生,中共南昌市委组织部,1
工程学部,资源与安全学院,硕士,2022,选调生,中共平顶山市委组织部,1
工程学部,资源与安全学院,硕士,2022,选调生,中共德阳市委组织部,2
工程学部,资源与安全学院,硕士,2022,选调生,中共成都市委组织部,5
工程学部,资源与安全学院,硕士,2022,选调生,中共江西省委组织部,2
工程学部,资源与安全学院,硕士,2022,选调生,中共自贡市委组织部,1
工程学部,资源与安全学院,硕士,2022,选调生,中共达州市委组织部,1
工程学部,资源与安全学院,硕士,2022,选调生,中国共产党安顺市委员会组织部,1
工程学部,资源与安全学院,硕士,2022,选调生,中国共产党成都市委员会组织部,1
工程学部,资源与安全学院,硕士,2022,选调生,中国共产党资阳市委员会组织部,1
工程学部,资源与安全学院,硕士,2022,选调生,中国共产党运城市纪律检查委员会,1
工程学部,资源与安全学院,硕士,2022,选调生,中国共产党重庆市委员会组织部,2
工程学部,资源与安全学院,硕士,2023,出国(境)留学或工作,海德堡大学,1
工程学部,资源与安全学院,硕士,2023,升学,中南大学,1
工程学部,资源与安全学院,硕士,2023,升学,中国科学技术大学,1
工程学部,资源与安全学院,硕士,2023,升学,华中科技大学,1
工程学部,资源与安全学院,硕士,2023,升学,南方科技大学,1
工程学部,资源与安全学院,硕士,2023,升学,同济大学,1
工程学部,资源与安全学院,硕士,2023,升学,山东大学,1
工程学部,资源与安全学院,硕士,2023,升学,重庆大学,4
工程学部,资源与安全学院,硕士,2023,就业,其他,31
工程学部,资源与安全学院,硕士,2023,就业,宁德时代新能源科技股份有限公司,2
工程学部,资源与安全学院,硕士,2023,就业,比亚迪股份有限公司,11
工程学部,资源与安全学院,硕士,2023,就业,湖北亿纬动力有限公司,2
工程学部,资源与安全学院,硕士,2023,就业,重庆长安望江工业集团有限公司,2
工程学部,资源与安全学院,硕士,2023,就业,重庆长安汽车股份有限公司,2
工程学部,资源与安全学院,硕士,2023,选调生,中共安顺市委组织部,1
工程学部,资源与安全学院,硕士,2023,选调生,中共山西省委军民融合发展委员会办公室(山西省国防科学技术工业局),1
工程学部,资源与安全学院,硕士,2023,选调生,中共成都市委组织部,3
工程学部,资源与安全学院,硕士,2023,选调生,中共绵阳市委组织部,1
工程学部,资源与安全学院,硕士,2023,选调生,中共贵州省委组织部,2
工程学部,资源与安全学院,硕士,2023,选调生,中共贵阳市委组织部,2
工程学部,资源与安全学院,硕士,2023,选调生,中共重庆市委组织部,1
工程学部,资源与安全学院,硕士,2023,选调生,中共黔东南州委组织部,1
工程学部,资源与安全学院,硕士,2023,选调生,中国共产党东阿县委员会组织部,1
工程学部,资源与安全学院,硕士,2023,选调生,中国共产党广安市委员会组织部,1
工程学部,资源与安全学院,硕士,2023,选调生,中国共产党泸西县委员会办公室,1
工程学部,资源与安全学院,硕士,2023,选调生,昆明市人民政府办公室(昆明市人民政府参事室),1
工程学部,资源与安全学院,硕士,2023,选调生,长治市行政审批服务管理局,1
工程学部,重庆大学–辛辛那提大学联合学院,本科,2021,出国(境)留学或工作,东京工业大学,1
工程学部,重庆大学–辛辛那提大学联合学院,本科,2021,出国(境)留学或工作,代尔夫特理工大学,1
工程学部,重庆大学–辛辛那提大学联合学院,本科,2021,出国(境)留学或工作,伊利诺伊大学厄巴纳-香槟分校,1
工程学部,重庆大学–辛辛那提大学联合学院,本科,2021,出国(境)留学或工作,伦敦大学学院,1
工程学部,重庆大学–辛辛那提大学联合学院,本科,2021,出国(境)留学或工作,伯明翰大学,1
工程学部,重庆大学–辛辛那提大学联合学院,本科,2021,出国(境)留学或工作,佐治亚理工学院(Georgia Institute of Technology),1
工程学部,重庆大学–辛辛那提大学联合学院,本科,2021,出国(境)留学或工作,佛罗里达大学,1
工程学部,重庆大学–辛辛那提大学联合学院,本科,2021,出国(境)留学或工作,俄亥俄州立大学,1
工程学部,重庆大学–辛辛那提大学联合学院,本科,2021,出国(境)留学或工作,凯斯西储大学,1
工程学部,重庆大学–辛辛那提大学联合学院,本科,2021,出国(境)留学或工作,利兹大学,1
工程学部,重庆大学–辛辛那提大学联合学院,本科,2021,出国(境)留学或工作,加州大学欧文分校,1
工程学部,重庆大学–辛辛那提大学联合学院,本科,2021,出国(境)留学或工作,加州大学洛杉矶分校,1
工程学部,重庆大学–辛辛那提大学联合学院,本科,2021,出国(境)留学或工作,南加州大学,1
工程学部,重庆大学–辛辛那提大学联合学院,本科,2021,出国(境)留学或工作,南洋理工大学,4
工程学部,重庆大学–辛辛那提大学联合学院,本科,2021,出国(境)留学或工作,卡内基梅隆大学,1
工程学部,重庆大学–辛辛那提大学联合学院,本科,2021,出国(境)留学或工作,哥伦比亚大学,5
工程学部,重庆大学–辛辛那提大学联合学院,本科,2021,出国(境)留学或工作,埃因霍芬理工大学,1
工程学部,重庆大学–辛辛那提大学联合学院,本科,2021,出国(境)留学或工作,塔弗茨大学,1
工程学部,重庆大学–辛辛那提大学联合学院,本科,2021,出国(境)留学或工作,多伦多大学,1
工程学部,重庆大学–辛辛那提大学联合学院,本科,2021,出国(境)留学或工作,布里斯托大学,1
工程学部,重庆大学–辛辛那提大学联合学院,本科,2021,出国(境)留学或工作,帝国理工学院,1
工程学部,重庆大学–辛辛那提大学联合学院,本科,2021,出国(境)留学或工作,新加坡南洋理工大学,1
工程学部,重庆大学–辛辛那提大学联合学院,本科,2021,出国(境)留学或工作,新加坡国立大学,2
工程学部,重庆大学–辛辛那提大学联合学院,本科,2021,出国(境)留学或工作,格拉斯哥大学,1
工程学部,重庆大学–辛辛那提大学联合学院,本科,2021,出国(境)留学或工作,约翰霍普金斯大学,1
工程学部,重庆大学–辛辛那提大学联合学院,本科,2021,出国(境)留学或工作,莫纳什大学,1
工程学部,重庆大学–辛辛那提大学联合学院,本科,2021,出国(境)留学或工作,西北大学,1
工程学部,重庆大学–辛辛那提大学联合学院,本科,2021,出国(境)留学或工作,香港大学,2
工程学部,重庆大学–辛辛那提大学联合学院,本科,2021,出国(境)留学或工作,香港理工大学,1
工程学部,重庆大学–辛辛那提大学联合学院,本科,2021,出国(境)留学或工作,香港科技大学,6
工程学部,重庆大学–辛辛那提大学联合学院,本科,2021,升学,三峡大学,1
工程学部,重庆大学–辛辛那提大学联合学院,本科,2021,升学,上海交通大学,4
工程学部,重庆大学–辛辛那提大学联合学院,本科,2021,升学,中国科学院自动化研究所,1
工程学部,重庆大学–辛辛那提大学联合学院,本科,2021,升学,华中科技大学,7
工程学部,重庆大学–辛辛那提大学联合学院,本科,2021,升学,同济大学,1
工程学部,重庆大学–辛辛那提大学联合学院,本科,2021,升学,哈尔滨工业大学,3
工程学部,重庆大学–辛辛那提大学联合学院,本科,2021,升学,昆明理工大学,1
工程学部,重庆大学–辛辛那提大学联合学院,本科,2021,升学,浙江大学,5
工程学部,重庆大学–辛辛那提大学联合学院,本科,2021,升学,清华大学,1
工程学部,重庆大学–辛辛那提大学联合学院,本科,2021,升学,清华大学深圳国际研究生院,1
工程学部,重庆大学–辛辛那提大学联合学院,本科,2021,升学,湖南大学,1
工程学部,重庆大学–辛辛那提大学联合学院,本科,2021,升学,西安交通大学,7
工程学部,重庆大学–辛辛那提大学联合学院,本科,2021,升学,重庆大学,4
工程学部,重庆大学–辛辛那提大学联合学院,本科,2021,就业,其他,9
工程学部,重庆大学–辛辛那提大学联合学院,本科,2021,选调生,中共济宁市委组织部(济宁市公务员局),1
工程学部,重庆大学–辛辛那提大学联合学院,本科,2022,出国(境)留学或工作,乔治亚理工学院,1
工程学部,重庆大学–辛辛那提大学联合学院,本科,2022,出国(境)留学或工作,伊利诺伊大学香槟分校,1
工程学部,重庆大学–辛辛那提大学联合学院,本科,2022,出国(境)留学或工作,伦敦大学学院,1
工程学部,重庆大学–辛辛那提大学联合学院,本科,2022,出国(境)留学或工作,佐治亚理工学院,1
工程学部,重庆大学–辛辛那提大学联合学院,本科,2022,出国(境)留学或工作,俄亥俄州立大学,1
工程学部,重庆大学–辛辛那提大学联合学院,本科,2022,出国(境)留学或工作,加州大学伯克利分校,1
工程学部,重庆大学–辛辛那提大学联合学院,本科,2022,出国(境)留学或工作,加州大学欧文分校,1
工程学部,重庆大学–辛辛那提大学联合学院,本科,2022,出国(境)留学或工作,加州大学洛杉矶分校,1
工程学部,重庆大学–辛辛那提大学联合学院,本科,2022,出国(境)留学或工作,南加州大学,1
工程学部,重庆大学–辛辛那提大学联合学院,本科,2022,出国(境)留学或工作,南洋理工大学,7
工程学部,重庆大学–辛辛那提大学联合学院,本科,2022,出国(境)留学或工作,哥伦比亚大学,1
工程学部,重庆大学–辛辛那提大学联合学院,本科,2022,出国(境)留学或工作,多特蒙德工业大学,1
工程学部,重庆大学–辛辛那提大学联合学院,本科,2022,出国(境)留学或工作,宾夕法尼亚大学,3
工程学部,重庆大学–辛辛那提大学联合学院,本科,2022,出国(境)留学或工作,密歇根大学,1
工程学部,重庆大学–辛辛那提大学联合学院,本科,2022,出国(境)留学或工作,布朗大学,1
工程学部,重庆大学–辛辛那提大学联合学院,本科,2022,出国(境)留学或工作,帝国理工学院,1
工程学部,重庆大学–辛辛那提大学联合学院,本科,2022,出国(境)留学或工作,康奈尔大学,2
工程学部,重庆大学–辛辛那提大学联合学院,本科,2022,出国(境)留学或工作,悉尼大学,1
工程学部,重庆大学–辛辛那提大学联合学院,本科,2022,出国(境)留学或工作,新加坡国立大学,1
工程学部,重庆大学–辛辛那提大学联合学院,本科,2022,出国(境)留学或工作,早稻田大学,2
工程学部,重庆大学–辛辛那提大学联合学院,本科,2022,出国(境)留学或工作,杜克大学,3
工程学部,重庆大学–辛辛那提大学联合学院,本科,2022,出国(境)留学或工作,澳门大学,1
工程学部,重庆大学–辛辛那提大学联合学院,本科,2022,出国(境)留学或工作,爱丁堡大学,1
工程学部,重庆大学–辛辛那提大学联合学院,本科,2022,出国(境)留学或工作,约翰霍普金斯大学,3
工程学部,重庆大学–辛辛那提大学联合学院,本科,2022,出国(境)留学或工作,纽约大学,2
工程学部,重庆大学–辛辛那提大学联合学院,本科,2022,出国(境)留学或工作,纽约大学工学院,1
工程学部,重庆大学–辛辛那提大学联合学院,本科,2022,出国(境)留学或工作,辛辛那提大学,1
工程学部,重庆大学–辛辛那提大学联合学院,本科,2022,出国(境)留学或工作,迈阿密大学,1
工程学部,重庆大学–辛辛那提大学联合学院,本科,2022,出国(境)留学或工作,香港城市大学,1
工程学部,重庆大学–辛辛那提大学联合学院,本科,2022,出国(境)留学或工作,香港科技大学,1
工程学部,重庆大学–辛辛那提大学联合学院,本科,2022,升学,上海交通大学,1
工程学部,重庆大学–辛辛那提大学联合学院,本科,2022,升学,中国原子能科学研究院,1
工程学部,重庆大学–辛辛那提大学联合学院,本科,2022,升学,北京理工大学,2
工程学部,重庆大学–辛辛那提大学联合学院,本科,2022,升学,华中科技大学,2
工程学部,重庆大学–辛辛那提大学联合学院,本科,2022,升学,天津大学,1
工程学部,重庆大学–辛辛那提大学联合学院,本科,2022,升学,浙江大学,1
工程学部,重庆大学–辛辛那提大学联合学院,本科,2022,升学,清华大学,5
工程学部,重庆大学–辛辛那提大学联合学院,本科,2022,升学,苏州大学,1
工程学部,重庆大学–辛辛那提大学联合学院,本科,2022,升学,西安交通大学,8
工程学部,重庆大学–辛辛那提大学联合学院,本科,2022,升学,西安近代化学研究所,1
工程学部,重庆大学–辛辛那提大学联合学院,本科,2022,升学,重庆大学,3
工程学部,重庆大学–辛辛那提大学联合学院,本科,2022,就业,其他,6
工程学部,重庆大学–辛辛那提大学联合学院,本科,2023,出国(境)留学或工作,东京工业大学,1
工程学部,重庆大学–辛辛那提大学联合学院,本科,2023,出国(境)留学或工作,代尔夫特理工大学,1
工程学部,重庆大学–辛辛那提大学联合学院,本科,2023,出国(境)留学或工作,伊利诺伊大学厄本那香槟分校,1
工程学部,重庆大学–辛辛那提大学联合学院,本科,2023,出国(境)留学或工作,伦敦大学学院,1
工程学部,重庆大学–辛辛那提大学联合学院,本科,2023,出国(境)留学或工作,佐治亚理工学院,1
工程学部,重庆大学–辛辛那提大学联合学院,本科,2023,出国(境)留学或工作,加州大学伯克利分校,1
工程学部,重庆大学–辛辛那提大学联合学院,本科,2023,出国(境)留学或工作,加州大学圣地亚哥分校,2
工程学部,重庆大学–辛辛那提大学联合学院,本科,2023,出国(境)留学或工作,南洋理工大学,4
工程学部,重庆大学–辛辛那提大学联合学院,本科,2023,出国(境)留学或工作,卡耐基梅隆大学,3
工程学部,重庆大学–辛辛那提大学联合学院,本科,2023,出国(境)留学或工作,宾夕法尼亚大学,7
工程学部,重庆大学–辛辛那提大学联合学院,本科,2023,出国(境)留学或工作,宾夕法尼亚州立大学,1
工程学部,重庆大学–辛辛那提大学联合学院,本科,2023,出国(境)留学或工作,密歇根大学安娜堡分校,1
工程学部,重庆大学–辛辛那提大学联合学院,本科,2023,出国(境)留学或工作,密西根大学安娜堡分校,1
工程学部,重庆大学–辛辛那提大学联合学院,本科,2023,出国(境)留学或工作,帝国理工学院,1
工程学部,重庆大学–辛辛那提大学联合学院,本科,2023,出国(境)留学或工作,斯坦福大学,1
工程学部,重庆大学–辛辛那提大学联合学院,本科,2023,出国(境)留学或工作,新加坡国立大学,4
工程学部,重庆大学–辛辛那提大学联合学院,本科,2023,出国(境)留学或工作,新南威尔士大学,2
工程学部,重庆大学–辛辛那提大学联合学院,本科,2023,出国(境)留学或工作,杜克大学,2
工程学部,重庆大学–辛辛那提大学联合学院,本科,2023,出国(境)留学或工作,约翰斯·霍普金斯大学,2
工程学部,重庆大学–辛辛那提大学联合学院,本科,2023,出国(境)留学或工作,约翰霍普金斯大学,4
工程学部,重庆大学–辛辛那提大学联合学院,本科,2023,出国(境)留学或工作,莱斯大学,1
工程学部,重庆大学–辛辛那提大学联合学院,本科,2023,出国(境)留学或工作,西北大学,1
工程学部,重庆大学–辛辛那提大学联合学院,本科,2023,出国(境)留学或工作,香港中文大学,1
工程学部,重庆大学–辛辛那提大学联合学院,本科,2023,出国(境)留学或工作,香港中文大学(深圳),1
工程学部,重庆大学–辛辛那提大学联合学院,本科,2023,出国(境)留学或工作,香港大学,1
工程学部,重庆大学–辛辛那提大学联合学院,本科,2023,出国(境)留学或工作,香港理工大学,1
工程学部,重庆大学–辛辛那提大学联合学院,本科,2023,出国(境)留学或工作,香港科技大学,1
工程学部,重庆大学–辛辛那提大学联合学院,本科,2023,出国(境)留学或工作,香港科技大学(深圳),1
工程学部,重庆大学–辛辛那提大学联合学院,本科,2023,升学,上海交通大学,1
工程学部,重庆大学–辛辛那提大学联合学院,本科,2023,升学,中国电力科学研究院,1
工程学部,重庆大学–辛辛那提大学联合学院,本科,2023,升学,中国科学院大学,1
工程学部,重庆大学–辛辛那提大学联合学院,本科,2023,升学,华中科技大学,2
工程学部,重庆大学–辛辛那提大学联合学院,本科,2023,升学,华南理工大学,1
工程学部,重庆大学–辛辛那提大学联合学院,本科,2023,升学,同济大学,1
工程学部,重庆大学–辛辛那提大学联合学院,本科,2023,升学,复旦大学,1
工程学部,重庆大学–辛辛那提大学联合学院,本科,2023,升学,天津大学,1
工程学部,重庆大学–辛辛那提大学联合学院,本科,2023,升学,山东大学,1
工程学部,重庆大学–辛辛那提大学联合学院,本科,2023,升学,浙江大学,3
工程学部,重庆大学–辛辛那提大学联合学院,本科,2023,升学,清华大学,3
工程学部,重庆大学–辛辛那提大学联合学院,本科,2023,升学,西安交通大学,3
工程学部,重庆大学–辛辛那提大学联合学院,本科,2023,升学,重庆大学,3
工程学部,重庆大学–辛辛那提大学联合学院,本科,2023,就业,其他,4
工程学部,重庆大学–辛辛那提大学联合学院,本科,2023,就业,鹰腾信息科技(东莞)有限公司,2
建筑学部,土木工程学院,博士,2021,出国(境)留学或工作,香港理工大学,2
建筑学部,土木工程学院,博士,2021,就业,仲恺农业工程学院,1
建筑学部,土木工程学院,博士,2021,就业,北京集智数字科技有限公司,1
建筑学部,土木工程学院,博士,2021,就业,南昌工程学院,1
建筑学部,土木工程学院,博士,2021,就业,吉首大学,1
建筑学部,土木工程学院,博士,2021,就业,哈尔滨工业大学(深圳),1
建筑学部,土木工程学院,博士,2021,就业,太原理工大学,1
建筑学部,土木工程学院,博士,2021,就业,安徽工业大学,1
建筑学部,土木工程学院,博士,2021,就业,安徽建筑大学,1
建筑学部,土木工程学院,博士,2021,就业,山西交通科学研究院集团有限公司,1
建筑学部,土木工程学院,博士,2021,就业,常州大学,1
建筑学部,土木工程学院,博士,2021,就业,成都市龙泉驿区人力资源和社会保障局,1
建筑学部,土木工程学院,博士,2021,就业,杭州云之鼎数据科技有限公司,1
建筑学部,土木工程学院,博士,2021,就业,浙江理工大学,1
建筑学部,土木工程学院,博士,2021,就业,海南大学,1
建筑学部,土木工程学院,博士,2021,就业,深圳大学,1
建筑学部,土木工程学院,博士,2021,就业,清华大学,4
建筑学部,土木工程学院,博士,2021,就业,湖南大学,1
建筑学部,土木工程学院,博士,2021,就业,湖南工程学院,1
建筑学部,土木工程学院,博士,2021,就业,绍兴文理学院,2
建筑学部,土木工程学院,博士,2021,就业,郑州大学,1
建筑学部,土木工程学院,博士,2021,就业,重庆交通大学,2
建筑学部,土木工程学院,博士,2021,就业,重庆大学,1
建筑学部,土木工程学院,博士,2021,就业,重庆大学产业技术研究院,1
建筑学部,土木工程学院,博士,2021,就业,重庆大学溧阳智慧城市研究院,1
建筑学部,土木工程学院,博士,2021,就业,重庆市建筑科学研究院有限公司,1
建筑学部,土木工程学院,博士,2021,就业,重庆科技学院,3
建筑学部,土木工程学院,博士,2021,就业,长沙学院,1
建筑学部,土木工程学院,博士,2021,选调生,中共德阳市委组织部,1
建筑学部,土木工程学院,博士,2021,选调生,中共成都市委组织部,1
建筑学部,土木工程学院,博士,2021,选调生,中共绵阳市委组织部,1
建筑学部,土木工程学院,博士,2021,选调生,中共重庆市云阳县委组织部,1
建筑学部,土木工程学院,博士,2021,选调生,中共重庆市委组织部,1
建筑学部,土木工程学院,博士,2022,出国(境)留学或工作,卧龙岗大学,1
建筑学部,土木工程学院,博士,2022,出国(境)留学或工作,新加坡理工大学,1
建筑学部,土木工程学院,博士,2022,就业,中国人民解放军军事科学院,1
建筑学部,土木工程学院,博士,2022,就业,中国人民解放军空军工程大学,1
建筑学部,土木工程学院,博士,2022,就业,中国人民解放军陆军勤务学院,2
建筑学部,土木工程学院,博士,2022,就业,中国建设基础设施有限公司,1
建筑学部,土木工程学院,博士,2022,就业,中国电建集团华东勘测设计研究院有限公司,1
建筑学部,土木工程学院,博士,2022,就业,中国科学院上海光学精密机械研究所,1
建筑学部,土木工程学院,博士,2022,就业,中国铁道科学研究院集团有限公司,1
建筑学部,土木工程学院,博士,2022,就业,中建三局集团有限公司,1
建筑学部,土木工程学院,博士,2022,就业,中建二局第二建筑工程有限公司,1
建筑学部,土木工程学院,博士,2022,就业,中建海龙科技有限公司,1
建筑学部,土木工程学院,博士,2022,就业,中铁二院重庆勘察设计研究院有限责任公司,1
建筑学部,土木工程学院,博士,2022,就业,中铁十一局集团有限公司,1
建筑学部,土木工程学院,博士,2022,就业,华东交通大学,2
建筑学部,土木工程学院,博士,2022,就业,哈尔滨工业大学,1
建筑学部,土木工程学院,博士,2022,就业,太原理工大学,1
建筑学部,土木工程学院,博士,2022,就业,安徽工业大学,1
建筑学部,土木工程学院,博士,2022,就业,山东建筑大学,1
建筑学部,土木工程学院,博士,2022,就业,山西大学,1
建筑学部,土木工程学院,博士,2022,就业,常州大学,1
建筑学部,土木工程学院,博士,2022,就业,广东海洋大学,1
建筑学部,土木工程学院,博士,2022,就业,昆明理工大学,1
建筑学部,土木工程学院,博士,2022,就业,河北工程大学,1
建筑学部,土木工程学院,博士,2022,就业,河北建筑工程学院,1
建筑学部,土木工程学院,博士,2022,就业,河南城建学院,1
建筑学部,土木工程学院,博士,2022,就业,河南理工大学,1
建筑学部,土木工程学院,博士,2022,就业,河南科技大学,1
建筑学部,土木工程学院,博士,2022,就业,浙江大学,1
建筑学部,土木工程学院,博士,2022,就业,浙江工业大学,1
建筑学部,土木工程学院,博士,2022,就业,深圳大学,1
建筑学部,土木工程学院,博士,2022,就业,清华大学,1
建筑学部,土木工程学院,博士,2022,就业,湖南城市学院,1
建筑学部,土木工程学院,博士,2022,就业,福州大学,1
建筑学部,土木工程学院,博士,2022,就业,福建农林大学,1
建筑学部,土木工程学院,博士,2022,就业,美的集团(上海)有限公司,1
建筑学部,土木工程学院,博士,2022,就业,苏州科技大学,1
建筑学部,土木工程学院,博士,2022,就业,西北农林科技大学,1
建筑学部,土木工程学院,博士,2022,就业,贵州大学,1
建筑学部,土木工程学院,博士,2022,就业,重庆交通大学,3
建筑学部,土木工程学院,博士,2022,就业,重庆城投基础设施建设有限公司,1
建筑学部,土木工程学院,博士,2022,就业,重庆大学,1
建筑学部,土木工程学院,博士,2022,就业,重庆大学溧阳智慧城市研究院,1
建筑学部,土木工程学院,博士,2022,就业,重庆工业职业技术学院,1
建筑学部,土木工程学院,博士,2022,就业,重庆市地质矿产勘查开发局南江水文地质工程地质队,1
建筑学部,土木工程学院,博士,2022,就业,重庆文理学院,1
建筑学部,土木工程学院,博士,2022,就业,重庆渝富产城运营建设发展有限公司,1
建筑学部,土木工程学院,博士,2022,就业,重庆科技学院,2
建筑学部,土木工程学院,博士,2022,就业,重庆第二师范学院,1
建筑学部,土木工程学院,博士,2022,就业,香港理工大学,1
建筑学部,土木工程学院,博士,2022,选调生,泉州市审计局,1
建筑学部,土木工程学院,博士,2023,出国(境)留学或工作,香港理工大学,1
建筑学部,土木工程学院,博士,2023,就业,ARUP香港公司,1
建筑学部,土木工程学院,博士,2023,就业,三峡大学,1
建筑学部,土木工程学院,博士,2023,就业,中国建筑第七工程局有限公司,1
建筑学部,土木工程学院,博士,2023,就业,中国科学院武汉岩土力学研究所,1
建筑学部,土木工程学院,博士,2023,就业,北京科技大学,1
建筑学部,土木工程学院,博士,2023,就业,四川大学,1
建筑学部,土木工程学院,博士,2023,就业,四川蜀道铁路投资集团有限责任公司,1
建筑学部,土木工程学院,博士,2023,就业,广东美的制冷设备有限公司,1
建筑学部,土木工程学院,博士,2023,就业,广州大学,1
建筑学部,土木工程学院,博士,2023,就业,广西科技大学,1
建筑学部,土木工程学院,博士,2023,就业,深圳大学,1
建筑学部,土木工程学院,博士,2023,就业,苏州科技大学,1
建筑学部,土木工程学院,博士,2023,就业,郑州轻工业大学,1
建筑学部,土木工程学院,博士,2023,就业,重庆交通大学,2
建筑学部,土木工程学院,博士,2023,就业,重庆大学,1
建筑学部,土木工程学院,博士,2023,就业,重庆大学溧阳智慧城市研究院,1
建筑学部,土木工程学院,博士,2023,就业,重庆科技学院,2
建筑学部,土木工程学院,博士,2023,就业,长沙理工大学,1
建筑学部,土木工程学院,博士,2023,就业,青岛理工大学,1
建筑学部,土木工程学院,博士,2023,就业,黄河水利委员会河南黄河河务局,1
建筑学部,土木工程学院,博士,2023,选调生,中共重庆市委组织部,3
建筑学部,土木工程学院,博士,2023,选调生,中共重庆市江北区委组织部,1
建筑学部,土木工程学院,博士,2023,选调生,江西省委组织部,1
建筑学部,土木工程学院,本科,2021,出国(境)留学或工作,东京外国语学院,1
建筑学部,土木工程学院,本科,2021,出国(境)留学或工作,东京理科大学,1
建筑学部,土木工程学院,本科,2021,出国(境)留学或工作,伦敦大学学院,3
建筑学部,土木工程学院,本科,2021,出国(境)留学或工作,卡耐基梅隆大学,1
建筑学部,土木工程学院,本科,2021,出国(境)留学或工作,新加坡国立大学,1
建筑学部,土木工程学院,本科,2021,出国(境)留学或工作,新南威尔士大学,2
建筑学部,土木工程学院,本科,2021,出国(境)留学或工作,曼彻斯特大学,1
建筑学部,土木工程学院,本科,2021,出国(境)留学或工作,西交利物浦大学,1
建筑学部,土木工程学院,本科,2021,出国(境)留学或工作,诺丁汉大学·,1
建筑学部,土木工程学院,本科,2021,出国(境)留学或工作,谢菲尔德大学,1
建筑学部,土木工程学院,本科,2021,出国(境)留学或工作,贝尔法斯特女王大学,1
建筑学部,土木工程学院,本科,2021,出国(境)留学或工作,香港中文大学(深圳),1
建筑学部,土木工程学院,本科,2021,出国(境)留学或工作,香港科技大学,2
建筑学部,土木工程学院,本科,2021,升学,上海交通大学,5
建筑学部,土木工程学院,本科,2021,升学,上海应用技术大学,1
建筑学部,土木工程学院,本科,2021,升学,东北大学,1
建筑学部,土木工程学院,本科,2021,升学,东南大学,9
建筑学部,土木工程学院,本科,2021,升学,中南大学,1
建筑学部,土木工程学院,本科,2021,升学,中国测绘科学研究院,1
建筑学部,土木工程学院,本科,2021,升学,中国科学技术大学,1
建筑学部,土木工程学院,本科,2021,升学,中山大学,1
建筑学部,土木工程学院,本科,2021,升学,兰州大学,1
建筑学部,土木工程学院,本科,2021,升学,军事科学院,1
建筑学部,土木工程学院,本科,2021,升学,北京大学(第二学位),2
建筑学部,土木工程学院,本科,2021,升学,北京师范大学,1
建筑学部,土木工程学院,本科,2021,升学,北京科技大学,1
建筑学部,土木工程学院,本科,2021,升学,华中科技大学,1
建筑学部,土木工程学院,本科,2021,升学,华南理工大学,2
建筑学部,土木工程学院,本科,2021,升学,南京大学,1
建筑学部,土木工程学院,本科,2021,升学,南京航空航天大学,1
建筑学部,土木工程学院,本科,2021,升学,厦门大学,1
建筑学部,土木工程学院,本科,2021,升学,合肥工业大学,1
建筑学部,土木工程学院,本科,2021,升学,同济大学,17
建筑学部,土木工程学院,本科,2021,升学,哈尔滨工业大学,4
建筑学部,土木工程学院,本科,2021,升学,哈尔滨工业大学(深圳),3
建筑学部,土木工程学院,本科,2021,升学,大连理工大学,1
建筑学部,土木工程学院,本科,2021,升学,天津大学,4
建筑学部,土木工程学院,本科,2021,升学,武汉大学,8
建筑学部,土木工程学院,本科,2021,升学,浙江大学,4
建筑学部,土木工程学院,本科,2021,升学,清华大学,3
建筑学部,土木工程学院,本科,2021,升学,西安建筑科技大学,1
建筑学部,土木工程学院,本科,2021,升学,西安理工大学,1
建筑学部,土木工程学院,本科,2021,就业,中交二航局第二工程有限公司,2
建筑学部,土木工程学院,本科,2021,就业,中国工程物理研究院院机关,2
建筑学部,土木工程学院,本科,2021,就业,中国建筑第五工程局有限公司,4
建筑学部,土木工程学院,本科,2021,就业,中国建筑第八工程局有限公司上海分公司,4
建筑学部,土木工程学院,本科,2021,就业,中国建筑第八工程局有限公司西南分公司,7
建筑学部,土木工程学院,本科,2021,就业,中国建筑股份有限公司国际工程分公司,2
建筑学部,土木工程学院,本科,2021,就业,中国水利水电第八工程局有限公司,2
建筑学部,土木工程学院,本科,2021,就业,中建一局集团建设发展有限公司,3
建筑学部,土木工程学院,本科,2021,就业,中建三局基础设施建设投资有限公司,2
建筑学部,土木工程学院,本科,2021,就业,中建三局安装工程有限公司,4
建筑学部,土木工程学院,本科,2021,就业,中建三局第一建设工程有限责任公司,6
建筑学部,土木工程学院,本科,2021,就业,中建三局第三建设工程有限责任公司,2
建筑学部,土木工程学院,本科,2021,就业,中建三局第二建设工程有限责任公司,2
建筑学部,土木工程学院,本科,2021,就业,中建三局集团有限公司上海分公司,3
建筑学部,土木工程学院,本科,2021,就业,中建三局集团有限公司工程总承包公司,3
建筑学部,土木工程学院,本科,2021,就业,中建三局集团有限公司广州分公司,7
建筑学部,土木工程学院,本科,2021,就业,中建三局集团有限公司成都分公司,6
建筑学部,土木工程学院,本科,2021,就业,中建三局集团有限公司西南分公司,8
建筑学部,土木工程学院,本科,2021,就业,中建八局发展建设有限公司,4
建筑学部,土木工程学院,本科,2021,就业,中建八局第一建设有限公司,5
建筑学部,土木工程学院,本科,2021,就业,中建八局第三建设有限公司,7
建筑学部,土木工程学院,本科,2021,就业,中建四局第三建设有限公司,3
建筑学部,土木工程学院,本科,2021,就业,保利长大工程有限公司,3
建筑学部,土木工程学院,本科,2021,就业,其他,87
建筑学部,土木工程学院,本科,2021,就业,四川省城市建筑设计研究院,3
建筑学部,土木工程学院,本科,2021,就业,成都华润燃气设计有限公司,2
建筑学部,土木工程学院,本科,2021,就业,成都基准方中建筑设计有限公司,2
建筑学部,土木工程学院,本科,2021,就业,成都基准方中建筑设计有限公司重庆分公司,3
建筑学部,土木工程学院,本科,2021,就业,重庆万友人才服务有限公司,3
建筑学部,土木工程学院,本科,2021,就业,重庆中骏和信置业有限公司,2
建筑学部,土木工程学院,本科,2021,就业,重庆佳兆业房地产开发有限公司,2
建筑学部,土木工程学院,本科,2021,就业,重庆大学,118
建筑学部,土木工程学院,本科,2021,志愿服务西部计划,重庆市南川区住房与城乡建设委员会,1
建筑学部,土木工程学院,本科,2021,志愿服务西部计划,重庆市璧山区璧城街道办事处,1
建筑学部,土木工程学院,本科,2021,选调生,中共陕西省委组织部,1
建筑学部,土木工程学院,本科,2021,选调生,中共黑龙江省委组织部,1
建筑学部,土木工程学院,本科,2021,选调生,中共黔东南州委组织部,1
建筑学部,土木工程学院,本科,2021,选调生,中国共产党呼和浩特市委员会组织部,1
建筑学部,土木工程学院,本科,2021,选调生,中国共产党宜宾市委员会组织部,1
建筑学部,土木工程学院,本科,2022,出国(境)留学或工作,伊利诺伊大学香槟分校,1
建筑学部,土木工程学院,本科,2022,出国(境)留学或工作,南加州大学,1
建筑学部,土木工程学院,本科,2022,出国(境)留学或工作,南洋理工大学,2
建筑学部,土木工程学院,本科,2022,出国(境)留学或工作,卡内基梅隆大学,1
建筑学部,土木工程学院,本科,2022,出国(境)留学或工作,墨尔本大学,1
建筑学部,土木工程学院,本科,2022,出国(境)留学或工作,悉尼大学,1
建筑学部,土木工程学院,本科,2022,出国(境)留学或工作,新南威尔士大学,1
建筑学部,土木工程学院,本科,2022,出国(境)留学或工作,昆士兰大学,1
建筑学部,土木工程学院,本科,2022,出国(境)留学或工作,杜伦大学,1
建筑学部,土木工程学院,本科,2022,出国(境)留学或工作,格拉斯哥大学,1
建筑学部,土木工程学院,本科,2022,出国(境)留学或工作,香港城市大学,2
建筑学部,土木工程学院,本科,2022,出国(境)留学或工作,香港科技大学,1
建筑学部,土木工程学院,本科,2022,升学,东北大学,1
建筑学部,土木工程学院,本科,2022,升学,东南大学,16
建筑学部,土木工程学院,本科,2022,升学,中国农业大学,1
建筑学部,土木工程学院,本科,2022,升学,中国石油大学(华东),1
建筑学部,土木工程学院,本科,2022,升学,中国科学院力学研究所,1
建筑学部,土木工程学院,本科,2022,升学,中国科学院大学,4
建筑学部,土木工程学院,本科,2022,升学,中国科学院成都山地所,1
建筑学部,土木工程学院,本科,2022,升学,中国科学院成都山地灾害与环境研究所,1
建筑学部,土木工程学院,本科,2022,升学,中国科学院武汉岩土力学研究所,1
建筑学部,土木工程学院,本科,2022,升学,中央财经大学,1
建筑学部,土木工程学院,本科,2022,升学,云南大学,2
建筑学部,土木工程学院,本科,2022,升学,兰州大学,1
建筑学部,土木工程学院,本科,2022,升学,北京大学,1
建筑学部,土木工程学院,本科,2022,升学,华南理工大学,1
建筑学部,土木工程学院,本科,2022,升学,南京航空航天大学,1
建筑学部,土木工程学院,本科,2022,升学,同济大学,19
建筑学部,土木工程学院,本科,2022,升学,哈尔滨工业大学,5
建筑学部,土木工程学院,本科,2022,升学,哈尔滨工业大学深圳校区,1
建筑学部,土木工程学院,本科,2022,升学,哈尔滨工程大学,1
建筑学部,土木工程学院,本科,2022,升学,天津大学,1
建筑学部,土木工程学院,本科,2022,升学,太原理工大学,1
建筑学部,土木工程学院,本科,2022,升学,山东大学,1
建筑学部,土木工程学院,本科,2022,升学,昆明理工大学,1
建筑学部,土木工程学院,本科,2022,升学,武汉大学,1
建筑学部,土木工程学院,本科,2022,升学,江苏科技大学,1
建筑学部,土木工程学院,本科,2022,升学,河海大学,1
建筑学部,土木工程学院,本科,2022,升学,浙江大学,7
建筑学部,土木工程学院,本科,2022,升学,清华大学,4
建筑学部,土木工程学院,本科,2022,升学,清华大学深圳研究生院,1
建筑学部,土木工程学院,本科,2022,升学,湘潭大学,1
建筑学部,土木工程学院,本科,2022,升学,西南石油大学,1
建筑学部,土木工程学院,本科,2022,升学,重庆大学,107
建筑学部,土木工程学院,本科,2022,升学,陕西师范大学,1
建筑学部,土木工程学院,本科,2022,就业,上海建工一建集团有限公司,2
建筑学部,土木工程学院,本科,2022,就业,上海建工一建集团有限公司成都分公司,2
建筑学部,土木工程学院,本科,2022,就业,中冶建工集团有限公司,5
建筑学部,土木工程学院,本科,2022,就业,中国建筑第二工程局有限公司西南分公司,2
建筑学部,土木工程学院,本科,2022,就业,中国建筑第五工程局有限公司,3
建筑学部,土木工程学院,本科,2022,就业,中国建筑第五工程局有限公司河南分公司,2
建筑学部,土木工程学院,本科,2022,就业,中国建筑第八工程局有限公司西南分公司,18
建筑学部,土木工程学院,本科,2022,就业,中国建筑第六工程局有限公司,2
建筑学部,土木工程学院,本科,2022,就业,中建-大成建筑有限责任公司,2
建筑学部,土木工程学院,本科,2022,就业,中建一局集团建设发展有限公司,11
建筑学部,土木工程学院,本科,2022,就业,中建一局集团建设发展有限公司西南分公司,2
建筑学部,土木工程学院,本科,2022,就业,中建一局集团第三建筑有限公司,2
建筑学部,土木工程学院,本科,2022,就业,中建三局安装工程有限公司,5
建筑学部,土木工程学院,本科,2022,就业,中建三局第一建设工程有限责任公司,17
建筑学部,土木工程学院,本科,2022,就业,中建三局集团有限公司,13
建筑学部,土木工程学院,本科,2022,就业,中建三局集团有限公司工程总承包公司,3
建筑学部,土木工程学院,本科,2022,就业,中建三局集团有限公司西南分公司,3
建筑学部,土木工程学院,本科,2022,就业,中建五局第三建设有限公司,2
建筑学部,土木工程学院,本科,2022,就业,中建八局发展建设有限公司,7
建筑学部,土木工程学院,本科,2022,就业,中建八局第一建设有限公司,7
建筑学部,土木工程学院,本科,2022,就业,中建八局第三建设有限公司,2
建筑学部,土木工程学院,本科,2022,就业,中建八局第二建设有限公司,4
建筑学部,土木工程学院,本科,2022,就业,中建西南咨询顾问有限公司,2
建筑学部,土木工程学院,本科,2022,就业,中电系统建设工程有限公司,2
建筑学部,土木工程学院,本科,2022,就业,中铁北京工程局集团城市轨道交通工程有限公司,2
建筑学部,土木工程学院,本科,2022,就业,其他,60
建筑学部,土木工程学院,本科,2022,就业,国核电力规划设计研究院重庆有限公司,2
建筑学部,土木工程学院,本科,2022,就业,国网重庆市电力公司,2
建筑学部,土木工程学院,本科,2022,就业,常州市建筑科学研究院集团股份有限公司,2
建筑学部,土木工程学院,本科,2022,就业,广州燃气集团有限公司,2
建筑学部,土木工程学院,本科,2022,就业,成都市美的房地产开发有限公司,2
建筑学部,土木工程学院,本科,2022,就业,浙江琪景建筑科技有限公司,2
建筑学部,土木工程学院,本科,2022,就业,紫金矿业集团股份有限公司,2
建筑学部,土木工程学院,本科,2022,志愿服务西部计划,广阳镇人民政府,1
建筑学部,土木工程学院,本科,2022,志愿服务西部计划,重庆市璧山区河边中学,1
建筑学部,土木工程学院,本科,2023,出国(境)留学或工作,九州大学,1
建筑学部,土木工程学院,本科,2023,出国(境)留学或工作,利兹大学,1
建筑学部,土木工程学院,本科,2023,出国(境)留学或工作,德累斯顿工业大学,1
建筑学部,土木工程学院,本科,2023,出国(境)留学或工作,悉尼大学,1
建筑学部,土木工程学院,本科,2023,出国(境)留学或工作,新加坡国立大学,2
建筑学部,土木工程学院,本科,2023,出国(境)留学或工作,纽卡斯尔大学,1
建筑学部,土木工程学院,本科,2023,出国(境)留学或工作,西澳大学,1
建筑学部,土木工程学院,本科,2023,出国(境)留学或工作,谢菲尔德大学,2
建筑学部,土木工程学院,本科,2023,出国(境)留学或工作,香港城市大学,1
建筑学部,土木工程学院,本科,2023,出国(境)留学或工作,香港科技大学,3
建筑学部,土木工程学院,本科,2023,升学,上海交通大学,1
建筑学部,土木工程学院,本科,2023,升学,东南大学,9
建筑学部,土木工程学院,本科,2023,升学,中南大学,1
建筑学部,土木工程学院,本科,2023,升学,中国农业大学,1
建筑学部,土木工程学院,本科,2023,升学,中国建筑科学研究院,1
建筑学部,土木工程学院,本科,2023,升学,中国石油大学(北京),1
建筑学部,土木工程学院,本科,2023,升学,中国石油大学(华东),1
建筑学部,土木工程学院,本科,2023,升学,中国科学院地理科学与资源研究所,1
建筑学部,土木工程学院,本科,2023,升学,中国科学院大学,1
建筑学部,土木工程学院,本科,2023,升学,中国科学院大学空天信息创新研究院,1
建筑学部,土木工程学院,本科,2023,升学,中山大学,1
建筑学部,土木工程学院,本科,2023,升学,兰州大学,1
建筑学部,土木工程学院,本科,2023,升学,北京师范大学,1
建筑学部,土木工程学院,本科,2023,升学,北京航空航天大学,1
建筑学部,土木工程学院,本科,2023,升学,华南理工大学,2
建筑学部,土木工程学院,本科,2023,升学,厦门大学,1
建筑学部,土木工程学院,本科,2023,升学,同济大学,27
建筑学部,土木工程学院,本科,2023,升学,哈尔滨工业大学,3
建筑学部,土木工程学院,本科,2023,升学,哈尔滨工业大学(深圳),2
建筑学部,土木工程学院,本科,2023,升学,国防科学技术大学,1
建筑学部,土木工程学院,本科,2023,升学,天津大学,2
建筑学部,土木工程学院,本科,2023,升学,武汉大学,2
建筑学部,土木工程学院,本科,2023,升学,浙江大学,8
建筑学部,土木工程学院,本科,2023,升学,清华大学深圳国际研究生院,1
建筑学部,土木工程学院,本科,2023,升学,湖南大学,1
建筑学部,土木工程学院,本科,2023,升学,石家庄铁道大学,1
建筑学部,土木工程学院,本科,2023,升学,福州大学,1
建筑学部,土木工程学院,本科,2023,升学,西安交通大学,2
建筑学部,土木工程学院,本科,2023,升学,西安建筑科技大学,1
建筑学部,土木工程学院,本科,2023,升学,重庆大学,79
建筑学部,土木工程学院,本科,2023,升学,香港中文大学(深圳),1
建筑学部,土木工程学院,本科,2023,就业,中冶建工集团有限公司,2
建筑学部,土木工程学院,本科,2023,就业,中国土木工程集团有限公司,2
建筑学部,土木工程学院,本科,2023,就业,中国建筑第八工程局有限公司上海分公司,5
建筑学部,土木工程学院,本科,2023,就业,中国建筑第八工程局有限公司西南分公司,7
建筑学部,土木工程学院,本科,2023,就业,中国铁路成都局集团有限公司,2
建筑学部,土木工程学院,本科,2023,就业,中建-大成建筑有限责任公司,2
建筑学部,土木工程学院,本科,2023,就业,中建一局华江建设有限公司,2
建筑学部,土木工程学院,本科,2023,就业,中建一局集团建设发展有限公司,7
建筑学部,土木工程学院,本科,2023,就业,中建一局集团第三建筑有限公司,2
建筑学部,土木工程学院,本科,2023,就业,中建三局安装工程有限公司,2
建筑学部,土木工程学院,本科,2023,就业,中建三局第一建设工程有限责任公司,14
建筑学部,土木工程学院,本科,2023,就业,中建三局第二建设工程有限责任公司,2
建筑学部,土木工程学院,本科,2023,就业,中建三局集团(深圳)有限公司,7
建筑学部,土木工程学院,本科,2023,就业,中建三局集团有限公司,9
建筑学部,土木工程学院,本科,2023,就业,中建三局集团有限公司上海分公司,2
建筑学部,土木工程学院,本科,2023,就业,中建三局集团有限公司西南分公司,7
建筑学部,土木工程学院,本科,2023,就业,中建八局发展建设有限公司,2
建筑学部,土木工程学院,本科,2023,就业,中建八局总承包建设有限公司,7
建筑学部,土木工程学院,本科,2023,就业,中建八局第一建设有限公司,7
建筑学部,土木工程学院,本科,2023,就业,中建八局第三建设有限公司,2
建筑学部,土木工程学院,本科,2023,就业,中建科工集团有限公司,6
建筑学部,土木工程学院,本科,2023,就业,其他,49
建筑学部,土木工程学院,本科,2023,就业,广州燃气集团有限公司,2
建筑学部,土木工程学院,本科,2023,就业,深圳桃李未来控股有限公司,2
建筑学部,土木工程学院,本科,2023,选调生,中共六盘水市委组织部,1
建筑学部,土木工程学院,本科,2023,选调生,中共青海省委组织部,1
建筑学部,土木工程学院,本科,2023,选调生,中国共产党唐山市委员会组织部,1
建筑学部,土木工程学院,本科,2023,选调生,云南省住房和城乡建设厅,1
建筑学部,土木工程学院,硕士,2021,出国(境)留学或工作,巴黎萨克雷大学,2
建筑学部,土木工程学院,硕士,2021,出国(境)留学或工作,曼彻斯特大学,1
建筑学部,土木工程学院,硕士,2021,出国(境)留学或工作,香港理工大学,1
建筑学部,土木工程学院,硕士,2021,升学,东南大学,1
建筑学部,土木工程学院,硕士,2021,升学,华中科技大学,1
建筑学部,土木工程学院,硕士,2021,升学,同济大学,1
建筑学部,土木工程学院,硕士,2021,升学,武汉大学,1
建筑学部,土木工程学院,硕士,2021,升学,贵州大学,1
建筑学部,土木工程学院,硕士,2021,升学,重庆大学,9
建筑学部,土木工程学院,硕士,2021,就业,上海市政工程设计研究总院(集团)有限公司,2
建筑学部,土木工程学院,硕士,2021,就业,上海金融期货信息技术有限公司,2
建筑学部,土木工程学院,硕士,2021,就业,中信建筑设计研究总院有限公司,2
建筑学部,土木工程学院,硕士,2021,就业,中冶赛迪工程技术股份有限公司,4
建筑学部,土木工程学院,硕士,2021,就业,中南建筑设计院股份有限公司,4
建筑学部,土木工程学院,硕士,2021,就业,中国建筑第七工程局有限公司,4
建筑学部,土木工程学院,硕士,2021,就业,中国建筑第二工程局有限公司西南分公司,2
建筑学部,土木工程学院,硕士,2021,就业,中国建筑第五工程局有限公司,4
建筑学部,土木工程学院,硕士,2021,就业,中国建筑西南设计研究院有限公司,8
建筑学部,土木工程学院,硕士,2021,就业,中国建筑西南设计研究院有限公司重庆分院,3
建筑学部,土木工程学院,硕士,2021,就业,中国能源建设集团安徽省电力设计院有限公司,2
建筑学部,土木工程学院,硕士,2021,就业,中建信和地产有限公司,3
建筑学部,土木工程学院,硕士,2021,就业,中机中联工程有限公司,6
建筑学部,土木工程学院,硕士,2021,就业,中海建筑有限公司,4
建筑学部,土木工程学院,硕士,2021,就业,中铁二院工程集团有限责任公司,2
建筑学部,土木工程学院,硕士,2021,就业,信息产业电子第十一设计研究院科技工程股份有限公司,3
建筑学部,土木工程学院,硕士,2021,就业,其他,148
建筑学部,土木工程学院,硕士,2021,就业,华东建筑设计研究院有限公司,2
建筑学部,土木工程学院,硕士,2021,就业,华东建筑设计研究院有限公司重庆西南中心,2
建筑学部,土木工程学院,硕士,2021,就业,华为技术有限公司,2
建筑学部,土木工程学院,硕士,2021,就业,四川省建筑科学研究院有限公司,3
建筑学部,土木工程学院,硕士,2021,就业,国药集团重庆医药设计院有限公司,3
建筑学部,土木工程学院,硕士,2021,就业,奥雅纳工程咨询(上海)有限公司,3
建筑学部,土木工程学院,硕士,2021,就业,成都世茂新城房地产开发有限公司,2
建筑学部,土木工程学院,硕士,2021,就业,江苏金科天宸房地产有限公司,2
建筑学部,土木工程学院,硕士,2021,就业,浙江绿城房地产投资有限公司,2
建筑学部,土木工程学院,硕士,2021,就业,重庆华地资环科技有限公司,2
建筑学部,土木工程学院,硕士,2021,就业,重庆市碧桂园房地产开发有限公司,2
建筑学部,土木工程学院,硕士,2021,就业,重庆市设计院有限公司,3
建筑学部,土木工程学院,硕士,2021,就业,重庆绿城致臻房地产开发有限公司,3
建筑学部,土木工程学院,硕士,2021,就业,重庆金科房地产开发有限公司,2
建筑学部,土木工程学院,硕士,2021,就业,重庆龙湖地产发展有限公司,3
建筑学部,土木工程学院,硕士,2021,就业,金茂西南企业管理(重庆)有限公司,2
建筑学部,土木工程学院,硕士,2021,选调生,中共乐山市委组织部,1
建筑学部,土木工程学院,硕士,2021,选调生,中共德阳市委组织部,5
建筑学部,土木工程学院,硕士,2021,选调生,中共成都市委组织部,6
建筑学部,土木工程学院,硕士,2021,选调生,中共江西省委组织部,1
建筑学部,土木工程学院,硕士,2021,选调生,中共温州市鹿城区委组织部,1
建筑学部,土木工程学院,硕士,2021,选调生,中共石家庄市组织部,1
建筑学部,土木工程学院,硕士,2021,选调生,中共绵阳市委组织部,1
建筑学部,土木工程学院,硕士,2021,选调生,中共贵阳市委组织部,2
建筑学部,土木工程学院,硕士,2021,选调生,中共资阳市委组织部,1
建筑学部,土木工程学院,硕士,2021,选调生,中共达州市委组织部,1
建筑学部,土木工程学院,硕士,2021,选调生,中共重庆市委组织部,7
建筑学部,土木工程学院,硕士,2021,选调生,中共长沙市委组织部,1
建筑学部,土木工程学院,硕士,2021,选调生,中共黑龙江省委组织部,1
建筑学部,土木工程学院,硕士,2021,选调生,中国共产党内江市委员会组织部,1
建筑学部,土木工程学院,硕士,2021,选调生,中国共产党广安市委员会组织部,3
建筑学部,土木工程学院,硕士,2021,选调生,北京市大兴区住房与城乡建设委员会,1
建筑学部,土木工程学院,硕士,2021,选调生,广西壮族自治区党委组织部干部规划办,2
建筑学部,土木工程学院,硕士,2021,选调生,楚雄彝族自治州住房和城乡建设局,1
建筑学部,土木工程学院,硕士,2021,选调生,海南省住房和城乡建设厅,1
建筑学部,土木工程学院,硕士,2022,出国(境)留学或工作,佛罗里达大学,1
建筑学部,土木工程学院,硕士,2022,出国(境)留学或工作,巴黎萨克雷大学,1
建筑学部,土木工程学院,硕士,2022,出国(境)留学或工作,巴黎高科路桥学院,1
建筑学部,土木工程学院,硕士,2022,出国(境)留学或工作,根特大学,1
建筑学部,土木工程学院,硕士,2022,出国(境)留学或工作,渥太华大学,1
建筑学部,土木工程学院,硕士,2022,出国(境)留学或工作,香港理工大学,1
建筑学部,土木工程学院,硕士,2022,升学,东南大学,2
建筑学部,土木工程学院,硕士,2022,升学,同济大学,1
建筑学部,土木工程学院,硕士,2022,升学,大连理工大学,1
建筑学部,土木工程学院,硕士,2022,升学,浙江大学,1
建筑学部,土木工程学院,硕士,2022,升学,清华大学,1
建筑学部,土木工程学院,硕士,2022,升学,重庆大学,16
建筑学部,土木工程学院,硕士,2022,就业,上汽大众汽车有限公司,2
建筑学部,土木工程学院,硕士,2022,就业,东原房地产开发集团有限公司,2
建筑学部,土木工程学院,硕士,2022,就业,中信建筑设计研究总院有限公司,2
建筑学部,土木工程学院,硕士,2022,就业,中南建筑设计院股份有限公司,7
建筑学部,土木工程学院,硕士,2022,就业,中国建筑第五工程局有限公司,4
建筑学部,土木工程学院,硕士,2022,就业,中国建筑第八工程局有限公司,2
建筑学部,土木工程学院,硕士,2022,就业,中国建筑西北设计研究院有限公司,2
建筑学部,土木工程学院,硕士,2022,就业,中国建筑西南勘察设计研究院有限公司,2
建筑学部,土木工程学院,硕士,2022,就业,中国建筑西南设计研究院有限公司,10
建筑学部,土木工程学院,硕士,2022,就业,中国瑞林工程技术股份有限公司,2
建筑学部,土木工程学院,硕士,2022,就业,中国电力工程顾问集团中南电力设计院有限公司,4
建筑学部,土木工程学院,硕士,2022,就业,中国电力工程顾问集团西南电力设计院有限公司,3
建筑学部,土木工程学院,硕士,2022,就业,中国电建集团贵阳勘测设计研究院有限公司,2
建筑学部,土木工程学院,硕士,2022,就业,中国船舶集团海装风电股份有限公司,3
建筑学部,土木工程学院,硕士,2022,就业,中建西南咨询顾问有限公司,3
建筑学部,土木工程学院,硕士,2022,就业,中机中联工程有限公司,3
建筑学部,土木工程学院,硕士,2022,就业,中海建筑有限公司,6
建筑学部,土木工程学院,硕士,2022,就业,中铁大桥勘测设计院集团有限公司,2
建筑学部,土木工程学院,硕士,2022,就业,交通银行股份有限公司,2
建筑学部,土木工程学院,硕士,2022,就业,其他,153
建筑学部,土木工程学院,硕士,2022,就业,北京构力科技有限公司武汉研发中心,2
建筑学部,土木工程学院,硕士,2022,就业,华东建筑设计研究院有限公司重庆分公司,2
建筑学部,土木工程学院,硕士,2022,就业,华为技术有限公司,3
建筑学部,土木工程学院,硕士,2022,就业,四川电力设计咨询有限责任公司,2
建筑学部,土木工程学院,硕士,2022,就业,成都辰遥置业有限公司,2
建筑学部,土木工程学院,硕士,2022,就业,珠海格力电器股份有限公司,2
建筑学部,土木工程学院,硕士,2022,就业,重庆小康工业集团股份有限公司,2
建筑学部,土木工程学院,硕士,2022,就业,重庆市城市建设投资(集团)有限公司,3
建筑学部,土木工程学院,硕士,2022,就业,重庆市市政设计研究院有限公司,2
建筑学部,土木工程学院,硕士,2022,就业,重庆招商依城房地产开发有限公司,2
建筑学部,土木工程学院,硕士,2022,就业,重庆赛迪热工环保工程技术有限公司,8
建筑学部,土木工程学院,硕士,2022,就业,重庆长安汽车股份有限公司,3
建筑学部,土木工程学院,硕士,2022,就业,重庆龙湖地产发展有限公司,2
建筑学部,土木工程学院,硕士,2022,就业,阿里巴巴(中国)有限公司,2
建筑学部,土木工程学院,硕士,2022,选调生,中共上海市徐汇区委组织部,1
建筑学部,土木工程学院,硕士,2022,选调生,中共乐山市委组织部,2
建筑学部,土木工程学院,硕士,2022,选调生,中共南充市委组织部,1
建筑学部,土木工程学院,硕士,2022,选调生,中共安顺市委组织部,1
建筑学部,土木工程学院,硕士,2022,选调生,中共杭州市西湖区委组织部,1
建筑学部,土木工程学院,硕士,2022,选调生,中共江西省委组织部,2
建筑学部,土木工程学院,硕士,2022,选调生,中共自贡市委组织部,1
建筑学部,土木工程学院,硕士,2022,选调生,中共贵阳市委组织部,1
建筑学部,土木工程学院,硕士,2022,选调生,中共遵义市委组织部,1
建筑学部,土木工程学院,硕士,2022,选调生,中共鄂尔多斯市委员会组织部,1
建筑学部,土木工程学院,硕士,2022,选调生,中共重庆市垫江县委组织部,1
建筑学部,土木工程学院,硕士,2022,选调生,中共重庆市委组织部,3
建筑学部,土木工程学院,硕士,2022,选调生,中共陕西省委组织部,1
建筑学部,土木工程学院,硕士,2022,选调生,中国共产党内江市委员会组织部,3
建筑学部,土木工程学院,硕士,2022,选调生,中国共产党内江市委员会组织部(待分配),1
建筑学部,土木工程学院,硕士,2022,选调生,中国共产党巧家县委员会组织部,1
建筑学部,土木工程学院,硕士,2022,选调生,中国共产党广安市委员会组织部,2
建筑学部,土木工程学院,硕士,2022,选调生,中国共产党成都市委员会组织部,3
建筑学部,土木工程学院,硕士,2022,选调生,中国共产党泸州市委员会组织部,1
建筑学部,土木工程学院,硕士,2022,选调生,中国共产党遂宁市委员会组织部,1
建筑学部,土木工程学院,硕士,2022,选调生,中国共产党重庆市委员会组织部,12
建筑学部,土木工程学院,硕士,2022,选调生,中山市水务局,1
建筑学部,土木工程学院,硕士,2022,选调生,自贡市委组织部,1
建筑学部,土木工程学院,硕士,2022,选调生,鹤山市雅瑶镇人民政府,1
建筑学部,土木工程学院,硕士,2023,出国(境)留学或工作,代尔夫特理工大学,1
建筑学部,土木工程学院,硕士,2023,出国(境)留学或工作,巴黎萨克雷大学,1
建筑学部,土木工程学院,硕士,2023,出国(境)留学或工作,香港理工大学,1
建筑学部,土木工程学院,硕士,2023,升学,南京大学,1
建筑学部,土木工程学院,硕士,2023,升学,哈尔滨工业大学(深圳),2
建筑学部,土木工程学院,硕士,2023,升学,重庆大学,14
建筑学部,土木工程学院,硕士,2023,就业,东方电气集团东方锅炉股份有限公司,2
建筑学部,土木工程学院,硕士,2023,就业,中冶赛迪信息技术(重庆)有限公司,2
建筑学部,土木工程学院,硕士,2023,就业,中冶赛迪集团有限公司,2
建筑学部,土木工程学院,硕士,2023,就业,中国市政工程中南设计研究总院有限公司,6
建筑学部,土木工程学院,硕士,2023,就业,中国建筑第五工程局有限公司,2
建筑学部,土木工程学院,硕士,2023,就业,中国建筑第八工程局有限公司,2
建筑学部,土木工程学院,硕士,2023,就业,中国建筑第四工程局有限公司,3
建筑学部,土木工程学院,硕士,2023,就业,中国建筑股份有限公司,2
建筑学部,土木工程学院,硕士,2023,就业,中国建筑西南设计研究院有限公司,7
建筑学部,土木工程学院,硕士,2023,就业,中国建筑西南设计研究院有限公司重庆分院,3
建筑学部,土木工程学院,硕士,2023,就业,中国成达工程有限公司,3
建筑学部,土木工程学院,硕士,2023,就业,中国电力工程顾问集团西北电力设计院有限公司,2
建筑学部,土木工程学院,硕士,2023,就业,中国电力工程顾问集团西南电力设计院有限公司,3
建筑学部,土木工程学院,硕士,2023,就业,中国电建集团成都勘测设计研究院有限公司,2
建筑学部,土木工程学院,硕士,2023,就业,中国联合工程有限公司,2
建筑学部,土木工程学院,硕士,2023,就业,中国能源建设集团广东省电力设计研究院有限公司,2
建筑学部,土木工程学院,硕士,2023,就业,中国船舶重工集团海装风电股份有限公司,2
建筑学部,土木工程学院,硕士,2023,就业,中建西南咨询顾问有限公司,2
建筑学部,土木工程学院,硕士,2023,就业,中机中联工程有限公司,3
建筑学部,土木工程学院,硕士,2023,就业,中海建筑有限公司,8
建筑学部,土木工程学院,硕士,2023,就业,中铁工程装备集团有限公司,3
建筑学部,土木工程学院,硕士,2023,就业,中铁第一勘察设计院集团有限公司,2
建筑学部,土木工程学院,硕士,2023,就业,其他,142
建筑学部,土木工程学院,硕士,2023,就业,华为技术有限公司,5
建筑学部,土木工程学院,硕士,2023,就业,宁德时代新能源科技股份有限公司,2
建筑学部,土木工程学院,硕士,2023,就业,广东粤海水务股份有限公司,2
建筑学部,土木工程学院,硕士,2023,就业,明阳智慧能源集团股份公司,8
建筑学部,土木工程学院,硕士,2023,就业,比亚迪股份有限公司,5
建筑学部,土木工程学院,硕士,2023,就业,赛力斯汽车有限公司,4
建筑学部,土木工程学院,硕士,2023,就业,重庆市建设工程质量检验测试中心有限公司,2
建筑学部,土木工程学院,硕士,2023,就业,重庆市铁路(集团)有限公司,2
建筑学部,土木工程学院,硕士,2023,就业,重庆燃气集团股份有限公司,2
建筑学部,土木工程学院,硕士,2023,就业,重庆赛迪工程咨询有限公司,2
建筑学部,土木工程学院,硕士,2023,就业,重庆长安新能源汽车科技有限公司,3
建筑学部,土木工程学院,硕士,2023,就业,隆基绿能科技股份有限公司,2
建筑学部,土木工程学院,硕士,2023,就业,青岛海尔人力资源开发有限公司,2
建筑学部,土木工程学院,硕士,2023,选调生,中共安顺市委组织部,1
建筑学部,土木工程学院,硕士,2023,选调生,中共德阳市委组织部,1
建筑学部,土木工程学院,硕士,2023,选调生,中共成都市委组织部,3
建筑学部,土木工程学院,硕士,2023,选调生,中共攀枝花市委组织部,1
建筑学部,土木工程学院,硕士,2023,选调生,中共昆明市西山区委组织部,1
建筑学部,土木工程学院,硕士,2023,选调生,中共眉山市委组织部,1
建筑学部,土木工程学院,硕士,2023,选调生,中共贵阳市委组织部,1
建筑学部,土木工程学院,硕士,2023,选调生,中共重庆市大足区委组织部,1
建筑学部,土木工程学院,硕士,2023,选调生,中共重庆市委组织部,5
建筑学部,土木工程学院,硕士,2023,选调生,中共重庆市涪陵区委组织部,1
建筑学部,土木工程学院,硕士,2023,选调生,中共重庆市组织部,1
建筑学部,土木工程学院,硕士,2023,选调生,中共陕西省委组织部,1
建筑学部,土木工程学院,硕士,2023,选调生,中国共产主义青年团山西省委员会,1
建筑学部,土木工程学院,硕士,2023,选调生,中国共产党南充市委员会组织部,4
建筑学部,土木工程学院,硕士,2023,选调生,中国共产党宜宾市委员会组织部,2
建筑学部,土木工程学院,硕士,2023,选调生,中国共产党昆明市西山区委员会组织部,1
建筑学部,土木工程学院,硕士,2023,选调生,中国共产党重庆市合川区委员会组织部,2
建筑学部,土木工程学院,硕士,2023,选调生,中国共产党重庆市委员会组织部,5
建筑学部,土木工程学院,硕士,2023,选调生,中国共产党重庆市梁平区委员会组织部,1
建筑学部,土木工程学院,硕士,2023,选调生,中国共产党重庆市璧山区委员会组织部,1
建筑学部,土木工程学院,硕士,2023,选调生,宜宾市叙州区交通运输局,1
建筑学部,土木工程学院,硕士,2023,选调生,江西省委组织部,1
建筑学部,土木工程学院,硕士,2023,选调生,深圳市交通运输局,1
建筑学部,土木工程学院,硕士,2023,选调生,玉溪市自然资源和规划局,1
建筑学部,土木工程学院,硕士,2023,选调生,运城市人民政府发展研究中心,1
建筑学部,土木工程学院,硕士,2023,选调生,鄂尔多斯市住建局,1
建筑学部,土木工程学院,硕士,2023,选调生,陕西省渭南市白水县政府,1
建筑学部,建筑城规学院,博士,2021,升学,重庆大学,1
建筑学部,建筑城规学院,博士,2021,就业,四川美术学院,1
建筑学部,建筑城规学院,博士,2021,就业,国药集团重庆医药设计院有限公司,1
建筑学部,建筑城规学院,博士,2021,就业,广州美术学院,1
建筑学部,建筑城规学院,博士,2021,就业,成都市市级机关国有资产管理服务中心,1
建筑学部,建筑城规学院,博士,2021,就业,成都理工大学,1
建筑学部,建筑城规学院,博士,2021,就业,福建工程学院,1
建筑学部,建筑城规学院,博士,2021,就业,重庆交通大学,1
建筑学部,建筑城规学院,博士,2021,选调生,中共成都市委组织部,1
建筑学部,建筑城规学院,博士,2021,选调生,中共重庆市委组织部,1
建筑学部,建筑城规学院,博士,2021,选调生,福建省人民政府办公厅,1
建筑学部,建筑城规学院,博士,2022,就业,内江师范学院,1
建筑学部,建筑城规学院,博士,2022,就业,四川美术学院,1
建筑学部,建筑城规学院,博士,2022,就业,江苏科技大学,1
建筑学部,建筑城规学院,博士,2022,就业,湖南师范大学,1
建筑学部,建筑城规学院,博士,2022,选调生,中共重庆市委组织部,1
建筑学部,建筑城规学院,博士,2023,就业,清华大学,1
建筑学部,建筑城规学院,博士,2023,就业,福建工程学院,1
建筑学部,建筑城规学院,博士,2023,就业,重庆建筑工程职业学院,1
建筑学部,建筑城规学院,本科,2021,出国(境)留学或工作,不列颠哥伦比亚大学,1
建筑学部,建筑城规学院,本科,2021,出国(境)留学或工作,东京国际语学院,1
建筑学部,建筑城规学院,本科,2021,出国(境)留学或工作,代尔夫特理工大学,3
建筑学部,建筑城规学院,本科,2021,出国(境)留学或工作,伦敦大学学院,6
建筑学部,建筑城规学院,本科,2021,出国(境)留学或工作,加州大学伯克利分校,1
建筑学部,建筑城规学院,本科,2021,出国(境)留学或工作,加州大学洛杉矶分校,2
建筑学部,建筑城规学院,本科,2021,出国(境)留学或工作,卡迪夫大学,2
建筑学部,建筑城规学院,本科,2021,出国(境)留学或工作,哈佛大学,2
建筑学部,建筑城规学院,本科,2021,出国(境)留学或工作,宾夕法尼亚大学,2
建筑学部,建筑城规学院,本科,2021,出国(境)留学或工作,密歇根大学,1
建筑学部,建筑城规学院,本科,2021,出国(境)留学或工作,康奈尔大学,1
建筑学部,建筑城规学院,本科,2021,出国(境)留学或工作,建筑联盟学院,2
建筑学部,建筑城规学院,本科,2021,出国(境)留学或工作,新加坡国立大学,1
建筑学部,建筑城规学院,本科,2021,出国(境)留学或工作,曼彻斯特大学,1
建筑学部,建筑城规学院,本科,2021,出国(境)留学或工作,爱丁堡大学,2
建筑学部,建筑城规学院,本科,2021,出国(境)留学或工作,瑞典皇家理工,1
建筑学部,建筑城规学院,本科,2021,出国(境)留学或工作,米兰理工大学,3
建筑学部,建筑城规学院,本科,2021,出国(境)留学或工作,都灵理工大学,1
建筑学部,建筑城规学院,本科,2021,出国(境)留学或工作,香港中文大学,1
建筑学部,建筑城规学院,本科,2021,出国(境)留学或工作,香港大学,1
建筑学部,建筑城规学院,本科,2021,升学,东南大学,16
建筑学部,建筑城规学院,本科,2021,升学,中国人民大学,1
建筑学部,建筑城规学院,本科,2021,升学,中国传媒大学,1
建筑学部,建筑城规学院,本科,2021,升学,华侨大学,1
建筑学部,建筑城规学院,本科,2021,升学,华南理工大学,5
建筑学部,建筑城规学院,本科,2021,升学,同济大学,17
建筑学部,建筑城规学院,本科,2021,升学,天津大学,3
建筑学部,建筑城规学院,本科,2021,升学,浙江大学,2
建筑学部,建筑城规学院,本科,2021,升学,清华大学,1
建筑学部,建筑城规学院,本科,2021,升学,重庆大学,26
建筑学部,建筑城规学院,本科,2021,就业,上海建筑设计研究院有限公司,2
建筑学部,建筑城规学院,本科,2021,就业,上海联创设计集团股份有限公司重庆分公司,2
建筑学部,建筑城规学院,本科,2021,就业,中国建筑西南设计研究院有限公司,7
建筑学部,建筑城规学院,本科,2021,就业,中机中联工程有限公司,5
建筑学部,建筑城规学院,本科,2021,就业,中联西北工程设计研究院有限公司,2
建筑学部,建筑城规学院,本科,2021,就业,其他,39
建筑学部,建筑城规学院,本科,2021,就业,深圳市城市规划设计研究院有限公司,2
建筑学部,建筑城规学院,本科,2021,就业,重庆天华建筑设计有限公司,2
建筑学部,建筑城规学院,本科,2021,就业,重庆市设计院有限公司,2
建筑学部,建筑城规学院,本科,2021,就业,香港华艺设计顾问(深圳)有限公司,3
建筑学部,建筑城规学院,本科,2021,选调生,中共成都市委组织部,2
建筑学部,建筑城规学院,本科,2022,出国(境)留学或工作,东京大学,1
建筑学部,建筑城规学院,本科,2022,出国(境)留学或工作,代尔夫特理工大学,3
建筑学部,建筑城规学院,本科,2022,出国(境)留学或工作,伦敦大学学院,4
建筑学部,建筑城规学院,本科,2022,出国(境)留学或工作,墨尔本大学,1
建筑学部,建筑城规学院,本科,2022,出国(境)留学或工作,宾夕法尼亚大学,2
建筑学部,建筑城规学院,本科,2022,出国(境)留学或工作,建筑联盟学院,1
建筑学部,建筑城规学院,本科,2022,出国(境)留学或工作,弗吉尼亚大学,1
建筑学部,建筑城规学院,本科,2022,出国(境)留学或工作,新加坡国立大学,3
建筑学部,建筑城规学院,本科,2022,出国(境)留学或工作,曼彻斯特大学,1
建筑学部,建筑城规学院,本科,2022,出国(境)留学或工作,曼彻斯特建筑学院,1
建筑学部,建筑城规学院,本科,2022,出国(境)留学或工作,格拉斯哥大学,1
建筑学部,建筑城规学院,本科,2022,出国(境)留学或工作,格拉斯哥美术学院,1
建筑学部,建筑城规学院,本科,2022,出国(境)留学或工作,爱丁堡大学,1
建筑学部,建筑城规学院,本科,2022,出国(境)留学或工作,米兰理工大学,2
建筑学部,建筑城规学院,本科,2022,出国(境)留学或工作,谢菲尔德大学,2
建筑学部,建筑城规学院,本科,2022,出国(境)留学或工作,都灵理工大学,1
建筑学部,建筑城规学院,本科,2022,出国(境)留学或工作,香港中文大学,2
建筑学部,建筑城规学院,本科,2022,出国(境)留学或工作,香港城市大学,1
建筑学部,建筑城规学院,本科,2022,出国(境)留学或工作,香港大学,3
建筑学部,建筑城规学院,本科,2022,升学,上海交通大学,2
建筑学部,建筑城规学院,本科,2022,升学,东南大学,22
建筑学部,建筑城规学院,本科,2022,升学,中国人民大学,1
建筑学部,建筑城规学院,本科,2022,升学,中国科学技术大学,1
建筑学部,建筑城规学院,本科,2022,升学,中国科学院声学研究所,1
建筑学部,建筑城规学院,本科,2022,升学,北京大学,1
建筑学部,建筑城规学院,本科,2022,升学,华南理工大学,2
建筑学部,建筑城规学院,本科,2022,升学,南京大学,2
建筑学部,建筑城规学院,本科,2022,升学,同济大学,15
建筑学部,建筑城规学院,本科,2022,升学,哈尔滨工业大学,1
建筑学部,建筑城规学院,本科,2022,升学,天津大学,8
建筑学部,建筑城规学院,本科,2022,升学,浙江大学,1
建筑学部,建筑城规学院,本科,2022,升学,清华大学,3
建筑学部,建筑城规学院,本科,2022,升学,电子科技大学,1
建筑学部,建筑城规学院,本科,2022,升学,西南政法大学,1
建筑学部,建筑城规学院,本科,2022,升学,重庆大学,33
建筑学部,建筑城规学院,本科,2022,就业,中国建筑西南设计研究院有限公司,14
建筑学部,建筑城规学院,本科,2022,就业,中机中联工程有限公司,4
建筑学部,建筑城规学院,本科,2022,就业,云南省设计院集团有限公司,2
建筑学部,建筑城规学院,本科,2022,就业,其他,21
建筑学部,建筑城规学院,本科,2022,就业,广州市设计院集团有限公司,2
建筑学部,建筑城规学院,本科,2022,就业,浙江绿城建筑设计有限公司重庆分公司,2
建筑学部,建筑城规学院,本科,2022,就业,深圳市城市规划设计研究院有限公司,2
建筑学部,建筑城规学院,本科,2022,就业,湖南省建筑设计院集团股份有限公司,2
建筑学部,建筑城规学院,本科,2022,志愿服务西部计划,北京立德未来助学公益基金会,1
建筑学部,建筑城规学院,本科,2022,选调生,中共天津市宁河区委组织部,1
建筑学部,建筑城规学院,本科,2022,选调生,中共重庆市永川区组织部,1
建筑学部,建筑城规学院,本科,2022,选调生,中共青海省委组织部,1
建筑学部,建筑城规学院,本科,2022,选调生,中国共产党毕节市委员会组织部,1
建筑学部,建筑城规学院,本科,2022,选调生,元阳县财政局,1
建筑学部,建筑城规学院,本科,2022,选调生,昆明阳宗海风景名胜区管理委员会,1
建筑学部,建筑城规学院,本科,2022,选调生,深圳市南山区桃园街道办事处,1
建筑学部,建筑城规学院,本科,2023,出国(境)留学或工作,代尔夫特理工大学,1
建筑学部,建筑城规学院,本科,2023,出国(境)留学或工作,伦敦大学学院,5
建筑学部,建筑城规学院,本科,2023,出国(境)留学或工作,哈佛大学,1
建筑学部,建筑城规学院,本科,2023,出国(境)留学或工作,哥伦比亚大学,1
建筑学部,建筑城规学院,本科,2023,出国(境)留学或工作,墨尔本大学,1
建筑学部,建筑城规学院,本科,2023,出国(境)留学或工作,宾夕法尼亚大学,3
建筑学部,建筑城规学院,本科,2023,出国(境)留学或工作,慕尼黑工业大学,1
建筑学部,建筑城规学院,本科,2023,出国(境)留学或工作,新加坡国立大学,4
建筑学部,建筑城规学院,本科,2023,出国(境)留学或工作,曼彻斯特建筑学院,1
建筑学部,建筑城规学院,本科,2023,出国(境)留学或工作,香港中文大学,1
建筑学部,建筑城规学院,本科,2023,出国(境)留学或工作,香港城市大学,1
建筑学部,建筑城规学院,本科,2023,出国(境)留学或工作,香港大学,3
建筑学部,建筑城规学院,本科,2023,升学,东南大学,29
建筑学部,建筑城规学院,本科,2023,升学,中央美术学院,1
建筑学部,建筑城规学院,本科,2023,升学,北京体育大学,1
建筑学部,建筑城规学院,本科,2023,升学,北京建筑大学,1
建筑学部,建筑城规学院,本科,2023,升学,华南理工大学,2
建筑学部,建筑城规学院,本科,2023,升学,南京大学,1
建筑学部,建筑城规学院,本科,2023,升学,同济大学,15
建筑学部,建筑城规学院,本科,2023,升学,哈尔滨工业大学,1
建筑学部,建筑城规学院,本科,2023,升学,天津大学,7
建筑学部,建筑城规学院,本科,2023,升学,昆明理工大学,1
建筑学部,建筑城规学院,本科,2023,升学,浙江大学,3
建筑学部,建筑城规学院,本科,2023,升学,清华大学,1
建筑学部,建筑城规学院,本科,2023,升学,重庆大学,26
建筑学部,建筑城规学院,本科,2023,升学,香港中文大学(深圳),1
建筑学部,建筑城规学院,本科,2023,就业,中国建筑西南设计研究院有限公司,2
建筑学部,建筑城规学院,本科,2023,就业,中国建筑西南设计研究院有限公司重庆分院,2
建筑学部,建筑城规学院,本科,2023,就业,中建科工集团有限公司,2
建筑学部,建筑城规学院,本科,2023,就业,其他,43
建筑学部,建筑城规学院,本科,2023,就业,基准方中建筑设计股份有限公司,2
建筑学部,建筑城规学院,本科,2023,就业,成都市建筑设计研究院有限公司,2
建筑学部,建筑城规学院,本科,2023,就业,深圳市华阳国际工程设计股份有限公司,2
建筑学部,建筑城规学院,本科,2023,志愿服务西部计划,北京立德未来助学公益基金会,1
建筑学部,建筑城规学院,本科,2023,志愿服务西部计划,西部计划北碚区地方项目,1
建筑学部,建筑城规学院,本科,2023,志愿服务西部计划,重庆市北碚区静观镇人民政府,1
建筑学部,建筑城规学院,本科,2023,志愿服务西部计划,重庆市江北区人民政府观音桥街道办事处,1
建筑学部,建筑城规学院,本科,2023,选调生,中共成都市委组织部,1
建筑学部,建筑城规学院,本科,2023,选调生,中共黔东南州委组织部(黔东南州公务员局),1
建筑学部,建筑城规学院,本科,2023,选调生,深圳市福田区园岭街道办事处,1
建筑学部,建筑城规学院,硕士,2021,出国(境)留学或工作,新南威尔士大学,1
建筑学部,建筑城规学院,硕士,2021,出国(境)留学或工作,都灵理工大学,1
建筑学部,建筑城规学院,硕士,2021,升学,东南大学,1
建筑学部,建筑城规学院,硕士,2021,升学,厦门大学,1
建筑学部,建筑城规学院,硕士,2021,就业,中南建筑设计院股份有限公司,2
建筑学部,建筑城规学院,硕士,2021,就业,中国城市规划设计研究院西部分院,5
建筑学部,建筑城规学院,硕士,2021,就业,中国建筑西北设计研究院有限公司,2
建筑学部,建筑城规学院,硕士,2021,就业,中国建筑西南设计研究院有限公司,17
建筑学部,建筑城规学院,硕士,2021,就业,中煤科工集团重庆设计研究院有限公司,3
建筑学部,建筑城规学院,硕士,2021,就业,其他,88
建筑学部,建筑城规学院,硕士,2021,就业,华东建筑设计研究院有限公司重庆西南中心,2
建筑学部,建筑城规学院,硕士,2021,就业,同济大学建筑设计研究院(集团)有限公司重庆分公司,2
建筑学部,建筑城规学院,硕士,2021,就业,四川省国土空间规划研究院,4
建筑学部,建筑城规学院,硕士,2021,就业,四川省建筑设计研究院有限公司,8
建筑学部,建筑城规学院,硕士,2021,就业,山东省城乡规划设计研究院,2
建筑学部,建筑城规学院,硕士,2021,就业,广州市城市规划勘测设计研究院,3
建筑学部,建筑城规学院,硕士,2021,就业,成都中南世纪房地产开发有限公司,2
建筑学部,建筑城规学院,硕士,2021,就业,成都市建筑设计研究院,2
建筑学部,建筑城规学院,硕士,2021,就业,旭辉集团股份有限公司,2
建筑学部,建筑城规学院,硕士,2021,就业,昆明市规划设计研究院,3
建筑学部,建筑城规学院,硕士,2021,就业,杭州市规划设计研究院,3
建筑学部,建筑城规学院,硕士,2021,就业,浙江省城乡规划设计研究院,5
建筑学部,建筑城规学院,硕士,2021,就业,深圳市城市规划设计研究院有限公司,4
建筑学部,建筑城规学院,硕士,2021,就业,深圳市蕾奥规划设计咨询股份有限公司,2
建筑学部,建筑城规学院,硕士,2021,就业,重庆大学,2
建筑学部,建筑城规学院,硕士,2021,就业,重庆天华建筑设计有限公司,3
建筑学部,建筑城规学院,硕士,2021,就业,重庆市设计院有限公司,4
建筑学部,建筑城规学院,硕士,2021,就业,重庆市风景园林规划研究院,2
建筑学部,建筑城规学院,硕士,2021,就业,香港华艺设计顾问(深圳)有限公司,2
建筑学部,建筑城规学院,硕士,2021,选调生,中共乐山市委组织部,1
建筑学部,建筑城规学院,硕士,2021,选调生,中共成都市委组织部,13
建筑学部,建筑城规学院,硕士,2021,选调生,中共江西省委组织部,1
建筑学部,建筑城规学院,硕士,2021,选调生,中共绵阳市委组织部,1
建筑学部,建筑城规学院,硕士,2021,选调生,中共贵州省委组织部,1
建筑学部,建筑城规学院,硕士,2021,选调生,中共遵义市委组织部,1
建筑学部,建筑城规学院,硕士,2021,选调生,中共重庆市委组织部,6
建筑学部,建筑城规学院,硕士,2021,选调生,中国共产党宜宾市委员会组织部,2
建筑学部,建筑城规学院,硕士,2021,选调生,怒江傈僳族自治州财政局,1
建筑学部,建筑城规学院,硕士,2022,升学,同济大学,1
建筑学部,建筑城规学院,硕士,2022,升学,重庆大学,6
建筑学部,建筑城规学院,硕士,2022,就业,上海市城市建设设计研究总院(集团)有限公司,2
建筑学部,建筑城规学院,硕士,2022,就业,中共曲靖市委组织部,2
建筑学部,建筑城规学院,硕士,2022,就业,中国城市规划设计研究院西部分院,4
建筑学部,建筑城规学院,硕士,2022,就业,中国建筑第二工程局有限公司西南分公司,2
建筑学部,建筑城规学院,硕士,2022,就业,中国建筑西南设计研究院有限公司,30
建筑学部,建筑城规学院,硕士,2022,就业,中机中联工程有限公司,3
建筑学部,建筑城规学院,硕士,2022,就业,其他,59
建筑学部,建筑城规学院,硕士,2022,就业,四川省国土空间规划研究院,2
建筑学部,建筑城规学院,硕士,2022,就业,四川省建筑设计研究院有限公司,9
建筑学部,建筑城规学院,硕士,2022,就业,广州市城市规划勘测设计研究院,3
建筑学部,建筑城规学院,硕士,2022,就业,成都市规划设计研究院,2
建筑学部,建筑城规学院,硕士,2022,就业,成都设计咨询集团有限公司,4
建筑学部,建筑城规学院,硕士,2022,就业,昆明市规划设计研究院有限公司,2
建筑学部,建筑城规学院,硕士,2022,就业,林同棪国际工程咨询(中国)有限公司,3
建筑学部,建筑城规学院,硕士,2022,就业,江苏省城市规划设计研究院有限公司,3
建筑学部,建筑城规学院,硕士,2022,就业,江苏省城市规划设计研究院有限公司成都西部区域总部,2
建筑学部,建筑城规学院,硕士,2022,就业,浙江省建筑设计研究院,2
建筑学部,建筑城规学院,硕士,2022,就业,深圳市城市规划设计研究院有限公司,2
建筑学部,建筑城规学院,硕士,2022,就业,湖南省建筑设计院集团有限公司,5
建筑学部,建筑城规学院,硕士,2022,就业,重庆市规划设计研究院,8
建筑学部,建筑城规学院,硕士,2022,就业,重庆市设计院有限公司,4
建筑学部,建筑城规学院,硕士,2022,就业,重庆龙湖地产发展有限公司,3
建筑学部,建筑城规学院,硕士,2022,选调生,中共六盘水市委组织部,1
建筑学部,建筑城规学院,硕士,2022,选调生,中共成都市委组织部,11
建筑学部,建筑城规学院,硕士,2022,选调生,中共江西省委组织部,1
建筑学部,建筑城规学院,硕士,2022,选调生,中共贵阳市委组织部,1
建筑学部,建筑城规学院,硕士,2022,选调生,中共重庆市委组织部,3
建筑学部,建筑城规学院,硕士,2022,选调生,中共黔东南州委组织部,1
建筑学部,建筑城规学院,硕士,2022,选调生,中共黔南州委组织部,1
建筑学部,建筑城规学院,硕士,2022,选调生,中国共产党内江市委员会组织部,1
建筑学部,建筑城规学院,硕士,2022,选调生,中国共产党广安市委员会组织部,1
建筑学部,建筑城规学院,硕士,2022,选调生,中国共产党广西壮族自治区委员会组织部,1
建筑学部,建筑城规学院,硕士,2022,选调生,中国共产党扬州市委组织部,1
建筑学部,建筑城规学院,硕士,2022,选调生,中国共产党遂宁市委员会组织部,1
建筑学部,建筑城规学院,硕士,2022,选调生,中国共产党重庆市委员会组织部,3
建筑学部,建筑城规学院,硕士,2022,选调生,中国共产党雅安市委员会组织部,1
建筑学部,建筑城规学院,硕士,2022,选调生,屏边苗族自治县统计局,1
建筑学部,建筑城规学院,硕士,2022,选调生,江苏省委组织部,1
建筑学部,建筑城规学院,硕士,2023,出国(境)留学或工作,东京大学,2
建筑学部,建筑城规学院,硕士,2023,出国(境)留学或工作,杜伦大学,1
建筑学部,建筑城规学院,硕士,2023,升学,东南大学,1
建筑学部,建筑城规学院,硕士,2023,升学,同济大学,2
建筑学部,建筑城规学院,硕士,2023,升学,重庆大学,1
建筑学部,建筑城规学院,硕士,2023,就业,中国城市规划设计研究院西部分院,3
建筑学部,建筑城规学院,硕士,2023,就业,中国市政工程中南设计研究总院有限公司,2
建筑学部,建筑城规学院,硕士,2023,就业,中国建筑西北设计研究院有限公司,3
建筑学部,建筑城规学院,硕士,2023,就业,中国建筑西南设计研究院有限公司,20
建筑学部,建筑城规学院,硕士,2023,就业,其他,74
建筑学部,建筑城规学院,硕士,2023,就业,厦门市城市规划设计研究院有限公司,2
建筑学部,建筑城规学院,硕士,2023,就业,四川省国土空间规划研究院,2
建筑学部,建筑城规学院,硕士,2023,就业,四川省建筑设计研究院有限公司,4
建筑学部,建筑城规学院,硕士,2023,就业,广州市城市规划勘测设计研究院,2
建筑学部,建筑城规学院,硕士,2023,就业,成都市建筑设计研究院有限公司,2
建筑学部,建筑城规学院,硕士,2023,就业,江苏省城市规划设计研究院有限公司,3
建筑学部,建筑城规学院,硕士,2023,就业,贵阳市城乡规划设计研究院,2
建筑学部,建筑城规学院,硕士,2023,就业,重庆市规划设计研究院,6
建筑学部,建筑城规学院,硕士,2023,就业,重庆市设计院有限公司,2
建筑学部,建筑城规学院,硕士,2023,选调生,中共尤溪县委组织部,1
建筑学部,建筑城规学院,硕士,2023,选调生,中共成都市委组织部,8
建筑学部,建筑城规学院,硕士,2023,选调生,中共桐庐县委组织部,1
建筑学部,建筑城规学院,硕士,2023,选调生,中共眉山市委组织部,3
建筑学部,建筑城规学院,硕士,2023,选调生,中共绵阳市委组织部,1
建筑学部,建筑城规学院,硕士,2023,选调生,中共遵义市委组织部,1
建筑学部,建筑城规学院,硕士,2023,选调生,中共重庆市委组织部,6
建筑学部,建筑城规学院,硕士,2023,选调生,中共金华市婺城区委组织部,1
建筑学部,建筑城规学院,硕士,2023,选调生,中共陕西省委组织部,1
建筑学部,建筑城规学院,硕士,2023,选调生,中国共产党内江市委员会组织部,1
建筑学部,建筑城规学院,硕士,2023,选调生,中国共产党宜宾市委员会组织部,1
建筑学部,建筑城规学院,硕士,2023,选调生,中国共产党广安市委员会组织部,1
建筑学部,建筑城规学院,硕士,2023,选调生,中国共产党重庆市委员会组织部,1
建筑学部,建筑城规学院,硕士,2023,选调生,中国共产党重庆市委组织部,1
建筑学部,建筑城规学院,硕士,2023,选调生,云南省住房和城乡建设厅,1
建筑学部,建筑城规学院,硕士,2023,选调生,北京市丰台区北宫镇人民政府,1
建筑学部,建筑城规学院,硕士,2023,选调生,宜宾市自然资源和规划局,1
建筑学部,建筑城规学院,硕士,2023,选调生,成都市武侯区人民政府,1
建筑学部,建筑城规学院,硕士,2023,选调生,玉溪市自然资源和规划局,1
建筑学部,建筑城规学院,硕士,2023,选调生,运城市发展和改革委员会(运城市粮食和物资储备局),1
建筑学部,建筑城规学院,硕士,2023,选调生,黄石市城市管理执法委员会,1
建筑学部,环境与生态学院,博士,2021,就业,中国科学院生态环境研究中心,1
建筑学部,环境与生态学院,博士,2021,就业,北京大学,2
建筑学部,环境与生态学院,博士,2021,就业,南京工业大学,1
建筑学部,环境与生态学院,博士,2021,就业,南京林业大学,1
建筑学部,环境与生态学院,博士,2021,就业,合肥工业大学,1
建筑学部,环境与生态学院,博士,2021,就业,太原师范学院,1
建筑学部,环境与生态学院,博士,2021,就业,延安大学,1
建筑学部,环境与生态学院,博士,2021,就业,沈阳工业大学,1
建筑学部,环境与生态学院,博士,2021,就业,河南师范大学,1
建筑学部,环境与生态学院,博士,2021,就业,湖南科技大学,1
建筑学部,环境与生态学院,博士,2021,就业,苏州科技大学,1
建筑学部,环境与生态学院,博士,2021,就业,西华大学,1
建筑学部,环境与生态学院,博士,2021,就业,重庆交通大学,2
建筑学部,环境与生态学院,博士,2021,就业,重庆大学,2
建筑学部,环境与生态学院,博士,2021,就业,重庆工业职业技术学院,1
建筑学部,环境与生态学院,博士,2021,就业,重庆电子工程职业学院,1
建筑学部,环境与生态学院,博士,2021,就业,重庆科技学院,1
建筑学部,环境与生态学院,博士,2021,就业,长江勘测规划设计研究院,1
建筑学部,环境与生态学院,博士,2021,就业,香港科技大学,1
建筑学部,环境与生态学院,博士,2021,选调生,北京市通州区建设工程质量监督站,1
建筑学部,环境与生态学院,博士,2022,就业,东华理工大学,1
建筑学部,环境与生态学院,博士,2022,就业,中冶赛迪集团有限公司,1
建筑学部,环境与生态学院,博士,2022,就业,中国科学院重庆绿色智能技术研究院,1
建筑学部,环境与生态学院,博士,2022,就业,中机中联工程有限公司,1
建筑学部,环境与生态学院,博士,2022,就业,南方科技大学,1
建筑学部,环境与生态学院,博士,2022,就业,四川农业大学,1
建筑学部,环境与生态学院,博士,2022,就业,山东建筑大学,1
建筑学部,环境与生态学院,博士,2022,就业,广西大学,1
建筑学部,环境与生态学院,博士,2022,就业,新疆大学,1
建筑学部,环境与生态学院,博士,2022,就业,浙江大学,1
建筑学部,环境与生态学院,博士,2022,就业,湖南科技大学,2
建筑学部,环境与生态学院,博士,2022,就业,石河子大学,1
建筑学部,环境与生态学院,博士,2022,就业,苏州科技大学,1
建筑学部,环境与生态学院,博士,2022,就业,重庆华地资环科技有限公司,1
建筑学部,环境与生态学院,博士,2022,就业,重庆城市管理职业学院,1
建筑学部,环境与生态学院,博士,2022,就业,重庆大学,1
建筑学部,环境与生态学院,博士,2022,就业,重庆工商大学,5
建筑学部,环境与生态学院,博士,2022,就业,长江生态环保集团有限公司,1
建筑学部,环境与生态学院,博士,2022,选调生,中国共产党重庆市委员会组织部,1
建筑学部,环境与生态学院,博士,2023,就业,中国科学技术大学,1
建筑学部,环境与生态学院,博士,2023,就业,南阳师范学院,1
建筑学部,环境与生态学院,博士,2023,就业,昆明理工大学,1
建筑学部,环境与生态学院,博士,2023,就业,茅台学院,1
建筑学部,环境与生态学院,博士,2023,就业,西南交通大学,1
建筑学部,环境与生态学院,博士,2023,就业,西南大学,1
建筑学部,环境与生态学院,博士,2023,就业,重庆交通大学,2
建筑学部,环境与生态学院,博士,2023,就业,重庆市排水有限公司,1
建筑学部,环境与生态学院,博士,2023,就业,重庆环卫集团有限公司,1
建筑学部,环境与生态学院,博士,2023,选调生,中国共产党烟台市委员会组织部,1
建筑学部,环境与生态学院,本科,2021,出国(境)留学或工作,代尔夫特理工大学,2
建筑学部,环境与生态学院,本科,2021,出国(境)留学或工作,伯明翰大学,1
建筑学部,环境与生态学院,本科,2021,出国(境)留学或工作,佐治亚理工学院,1
建筑学部,环境与生态学院,本科,2021,出国(境)留学或工作,利兹大学,2
建筑学部,环境与生态学院,本科,2021,出国(境)留学或工作,南安普顿大学,1
建筑学部,环境与生态学院,本科,2021,出国(境)留学或工作,卡耐基梅隆大学,1
建筑学部,环境与生态学院,本科,2021,出国(境)留学或工作,墨尔本大学,1
建筑学部,环境与生态学院,本科,2021,出国(境)留学或工作,昆士兰大学,1
建筑学部,环境与生态学院,本科,2021,出国(境)留学或工作,英国南安普顿大学,1
建筑学部,环境与生态学院,本科,2021,出国(境)留学或工作,萨塞克斯大学,2
建筑学部,环境与生态学院,本科,2021,出国(境)留学或工作,香港理工大学,1
建筑学部,环境与生态学院,本科,2021,升学,上海交通大学,3
建筑学部,环境与生态学院,本科,2021,升学,东南大学,1
建筑学部,环境与生态学院,本科,2021,升学,中南财经政法大学(第二学位),1
建筑学部,环境与生态学院,本科,2021,升学,中国科学技术大学,1
建筑学部,环境与生态学院,本科,2021,升学,中国科学院大气物理研究所,1
建筑学部,环境与生态学院,本科,2021,升学,中国科学院广州地球化学研究所,1
建筑学部,环境与生态学院,本科,2021,升学,中国科学院生态环境研究中心,2
建筑学部,环境与生态学院,本科,2021,升学,中山大学,4
建筑学部,环境与生态学院,本科,2021,升学,云南大学,1
建筑学部,环境与生态学院,本科,2021,升学,兰州大学,1
建筑学部,环境与生态学院,本科,2021,升学,北京大学,1
建筑学部,环境与生态学院,本科,2021,升学,北京师范大学,3
建筑学部,环境与生态学院,本科,2021,升学,华东师范大学,2
建筑学部,环境与生态学院,本科,2021,升学,华南理工大学,2
建筑学部,环境与生态学院,本科,2021,升学,南京大学,5
建筑学部,环境与生态学院,本科,2021,升学,南开大学,1
建筑学部,环境与生态学院,本科,2021,升学,厦门大学,2
建筑学部,环境与生态学院,本科,2021,升学,同济大学,7
建筑学部,环境与生态学院,本科,2021,升学,哈尔滨工业大学,5
建筑学部,环境与生态学院,本科,2021,升学,哈尔滨工业大学(深圳),5
建筑学部,环境与生态学院,本科,2021,升学,四川大学,1
建筑学部,环境与生态学院,本科,2021,升学,复旦大学,2
建筑学部,环境与生态学院,本科,2021,升学,大连理工大学,2
建筑学部,环境与生态学院,本科,2021,升学,天津大学,2
建筑学部,环境与生态学院,本科,2021,升学,昆明理工大学,1
建筑学部,环境与生态学院,本科,2021,升学,武汉大学,2
建筑学部,环境与生态学院,本科,2021,升学,浙江大学,6
建筑学部,环境与生态学院,本科,2021,升学,清华大学,3
建筑学部,环境与生态学院,本科,2021,升学,清华大学深圳国际研究生院,1
建筑学部,环境与生态学院,本科,2021,升学,湖南大学,1
建筑学部,环境与生态学院,本科,2021,升学,西安交通大学,1
建筑学部,环境与生态学院,本科,2021,就业,中国建筑第八工程局有限公司西南分公司,3
建筑学部,环境与生态学院,本科,2021,就业,中建一局集团建设发展有限公司西南分公司,2
建筑学部,环境与生态学院,本科,2021,就业,中建五局第三建设有限公司,2
建筑学部,环境与生态学院,本科,2021,就业,中建新疆建工土木工程有限公司,2
建筑学部,环境与生态学院,本科,2021,就业,其他,34
建筑学部,环境与生态学院,本科,2021,就业,华能重庆珞璜发电有限责任公司,2
建筑学部,环境与生态学院,本科,2021,就业,重庆大学,48
建筑学部,环境与生态学院,本科,2021,选调生,中共重庆市委组织部,1
建筑学部,环境与生态学院,本科,2022,出国(境)留学或工作,代尔夫特理工大学,1
建筑学部,环境与生态学院,本科,2022,出国(境)留学或工作,康奈尔大学,1
建筑学部,环境与生态学院,本科,2022,出国(境)留学或工作,新加坡国立大学,2
建筑学部,环境与生态学院,本科,2022,出国(境)留学或工作,曼彻斯特大学,1
建筑学部,环境与生态学院,本科,2022,出国(境)留学或工作,香港科技大学,1
建筑学部,环境与生态学院,本科,2022,升学,上海交通大学,1
建筑学部,环境与生态学院,本科,2022,升学,上海戏剧学院,1
建筑学部,环境与生态学院,本科,2022,升学,东南大学,3
建筑学部,环境与生态学院,本科,2022,升学,中国人民大学,1
建筑学部,环境与生态学院,本科,2022,升学,中国农业大学,1
建筑学部,环境与生态学院,本科,2022,升学,中国科学技术大学,1
建筑学部,环境与生态学院,本科,2022,升学,中国科学院大学,2
建筑学部,环境与生态学院,本科,2022,升学,中国科学院生态环境研究中心,2
建筑学部,环境与生态学院,本科,2022,升学,中山大学,4
建筑学部,环境与生态学院,本科,2022,升学,兰州大学,3
建筑学部,环境与生态学院,本科,2022,升学,北京师范大学,3
建筑学部,环境与生态学院,本科,2022,升学,华中科技大学,1
建筑学部,环境与生态学院,本科,2022,升学,南京大学,1
建筑学部,环境与生态学院,本科,2022,升学,南开大学,3
建筑学部,环境与生态学院,本科,2022,升学,南方科技大学,1
建筑学部,环境与生态学院,本科,2022,升学,厦门大学,2
建筑学部,环境与生态学院,本科,2022,升学,同济大学,11
建筑学部,环境与生态学院,本科,2022,升学,哈尔滨工业大学,12
建筑学部,环境与生态学院,本科,2022,升学,哈尔滨工业大学(深圳),7
建筑学部,环境与生态学院,本科,2022,升学,四川大学,1
建筑学部,环境与生态学院,本科,2022,升学,复旦大学,6
建筑学部,环境与生态学院,本科,2022,升学,广西大学,2
建筑学部,环境与生态学院,本科,2022,升学,武汉大学,2
建筑学部,环境与生态学院,本科,2022,升学,浙江大学,4
建筑学部,环境与生态学院,本科,2022,升学,深圳大学,1
建筑学部,环境与生态学院,本科,2022,升学,清华大学,3
建筑学部,环境与生态学院,本科,2022,升学,清华大学深圳国际研究生院,1
建筑学部,环境与生态学院,本科,2022,升学,西北农林科技大学,1
建筑学部,环境与生态学院,本科,2022,就业,其他,27
建筑学部,环境与生态学院,本科,2022,就业,重庆大学,54
建筑学部,环境与生态学院,本科,2022,就业,重庆钢铁股份有限公司,2
建筑学部,环境与生态学院,本科,2022,选调生,中国共产党雅安市委员会组织部,1
建筑学部,环境与生态学院,本科,2022,选调生,巍山彝族回族自治县人民政府办公室,1
建筑学部,环境与生态学院,本科,2023,出国(境)留学或工作,利物浦大学,1
建筑学部,环境与生态学院,本科,2023,出国(境)留学或工作,名古屋大学,2
建筑学部,环境与生态学院,本科,2023,出国(境)留学或工作,墨尔本大学,2
建筑学部,环境与生态学院,本科,2023,出国(境)留学或工作,悉尼大学,2
建筑学部,环境与生态学院,本科,2023,出国(境)留学或工作,新加坡国立大学,1
建筑学部,环境与生态学院,本科,2023,出国(境)留学或工作,曼彻斯特大学,1
建筑学部,环境与生态学院,本科,2023,出国(境)留学或工作,都柏林圣三一学院,1
建筑学部,环境与生态学院,本科,2023,升学,上海交通大学,1
建筑学部,环境与生态学院,本科,2023,升学,上海财经大学,1
建筑学部,环境与生态学院,本科,2023,升学,东南大学,3
建筑学部,环境与生态学院,本科,2023,升学,中国农业大学,1
建筑学部,环境与生态学院,本科,2023,升学,中国地质大学,1
建筑学部,环境与生态学院,本科,2023,升学,中国地质大学(武汉),1
建筑学部,环境与生态学院,本科,2023,升学,中国科学院大学,1
建筑学部,环境与生态学院,本科,2023,升学,中国科学院大学地球化学研究所,1
建筑学部,环境与生态学院,本科,2023,升学,中国科学院生态环境研究中心,1
建筑学部,环境与生态学院,本科,2023,升学,中山大学,3
建筑学部,环境与生态学院,本科,2023,升学,中科院重庆绿色智能科技研究院,1
建筑学部,环境与生态学院,本科,2023,升学,云南大学,1
建筑学部,环境与生态学院,本科,2023,升学,兰州大学,1
建筑学部,环境与生态学院,本科,2023,升学,北京林业大学,2
建筑学部,环境与生态学院,本科,2023,升学,华东师范大学,2
建筑学部,环境与生态学院,本科,2023,升学,华南理工大学,1
建筑学部,环境与生态学院,本科,2023,升学,南京大学,4
建筑学部,环境与生态学院,本科,2023,升学,南方科技大学,3
建筑学部,环境与生态学院,本科,2023,升学,厦门大学,3
建筑学部,环境与生态学院,本科,2023,升学,同济大学,8
建筑学部,环境与生态学院,本科,2023,升学,哈尔滨工业大学,14
建筑学部,环境与生态学院,本科,2023,升学,哈尔滨工业大学(深圳),3
建筑学部,环境与生态学院,本科,2023,升学,复旦大学,2
建筑学部,环境与生态学院,本科,2023,升学,天津大学,1
建筑学部,环境与生态学院,本科,2023,升学,太原理工大学,1
建筑学部,环境与生态学院,本科,2023,升学,广东工业大学,1
建筑学部,环境与生态学院,本科,2023,升学,新疆大学,2
建筑学部,环境与生态学院,本科,2023,升学,武汉大学,2
建筑学部,环境与生态学院,本科,2023,升学,浙江大学,6
建筑学部,环境与生态学院,本科,2023,升学,清华大学,5
建筑学部,环境与生态学院,本科,2023,升学,清华大学深圳国际研究生院,1
建筑学部,环境与生态学院,本科,2023,升学,电子科技大学,1
建筑学部,环境与生态学院,本科,2023,升学,西安交通大学,1
建筑学部,环境与生态学院,本科,2023,升学,重庆大学,43
建筑学部,环境与生态学院,本科,2023,就业,中国建筑西南设计研究院有限公司,2
建筑学部,环境与生态学院,本科,2023,就业,中建三局安装工程有限公司,2
建筑学部,环境与生态学院,本科,2023,就业,中建三局绿色产业投资有限公司,2
建筑学部,环境与生态学院,本科,2023,就业,中建科工集团有限公司,2
建筑学部,环境与生态学院,本科,2023,就业,其他,25
建筑学部,环境与生态学院,本科,2023,就业,比亚迪股份有限公司,2
建筑学部,环境与生态学院,本科,2023,就业,重庆新东方教育培训学校有限公司,2
建筑学部,环境与生态学院,本科,2023,选调生,中共邯郸市委组织部,1
建筑学部,环境与生态学院,本科,2023,选调生,云龙县漕涧镇人民政府,1
建筑学部,环境与生态学院,硕士,2021,出国(境)留学或工作,代尔夫特理工大学,1
建筑学部,环境与生态学院,硕士,2021,出国(境)留学或工作,南丹麦大学,1
建筑学部,环境与生态学院,硕士,2021,出国(境)留学或工作,昆士兰大学,2
建筑学部,环境与生态学院,硕士,2021,出国(境)留学或工作,柏林自由大学,1
建筑学部,环境与生态学院,硕士,2021,出国(境)留学或工作,法兰克福大学,1
建筑学部,环境与生态学院,硕士,2021,升学,内蒙古大学,1
建筑学部,环境与生态学院,硕士,2021,升学,南京大学,1
建筑学部,环境与生态学院,硕士,2021,升学,南开大学,1
建筑学部,环境与生态学院,硕士,2021,升学,同济大学,2
建筑学部,环境与生态学院,硕士,2021,升学,清华大学,1
建筑学部,环境与生态学院,硕士,2021,升学,西安建筑科技大学,1
建筑学部,环境与生态学院,硕士,2021,升学,重庆大学,3
建筑学部,环境与生态学院,硕士,2021,就业,中南建筑设计院股份有限公司,2
建筑学部,环境与生态学院,硕士,2021,就业,中国建筑西南设计研究院有限公司,2
建筑学部,环境与生态学院,硕士,2021,就业,中机中联工程有限公司,5
建筑学部,环境与生态学院,硕士,2021,就业,其他,94
建筑学部,环境与生态学院,硕士,2021,就业,南昌昌城科技有限公司,2
建筑学部,环境与生态学院,硕士,2021,就业,奥雅纳工程咨询(上海)有限公司,2
建筑学部,环境与生态学院,硕士,2021,就业,广东省建筑设计研究院有限公司,2
建筑学部,环境与生态学院,硕士,2021,就业,广西北投环保水务集团有限公司,2
建筑学部,环境与生态学院,硕士,2021,就业,成都环境投资集团有限公司,4
建筑学部,环境与生态学院,硕士,2021,就业,武汉市政工程设计研究院有限责任公司,3
建筑学部,环境与生态学院,硕士,2021,就业,重庆华地资环科技有限公司,2
建筑学部,环境与生态学院,硕士,2021,就业,重庆市市政设计研究院有限公司,6
建筑学部,环境与生态学院,硕士,2021,选调生,中共娄底市委组织部,1
建筑学部,环境与生态学院,硕士,2021,选调生,中共开封市委组织部,1
建筑学部,环境与生态学院,硕士,2021,选调生,中共德阳市委组织部,2
建筑学部,环境与生态学院,硕士,2021,选调生,中共成都市委组织部,3
建筑学部,环境与生态学院,硕士,2021,选调生,中共曲靖市沾益区委组织部,1
建筑学部,环境与生态学院,硕士,2021,选调生,中共江西省委组织部,1
建筑学部,环境与生态学院,硕士,2021,选调生,中共眉山市委组织部,2
建筑学部,环境与生态学院,硕士,2021,选调生,中共绵阳市委组织部,1
建筑学部,环境与生态学院,硕士,2021,选调生,中共贵州省委组织部,1
建筑学部,环境与生态学院,硕士,2021,选调生,中共重庆市委组织部,5
建筑学部,环境与生态学院,硕士,2021,选调生,中共铜仁市委组织部,1
建筑学部,环境与生态学院,硕士,2021,选调生,中共龙岩市委组织部,1
建筑学部,环境与生态学院,硕士,2021,选调生,中国共产党内江市委员会组织部,1
建筑学部,环境与生态学院,硕士,2021,选调生,中国共产党南充市委员会组织部,1
建筑学部,环境与生态学院,硕士,2021,选调生,中国共产党宜宾市委员会组织部,3
建筑学部,环境与生态学院,硕士,2021,选调生,中国共产党广安市委员会组织部,1
建筑学部,环境与生态学院,硕士,2021,选调生,中国共产党洛阳市委员会组织部,1
建筑学部,环境与生态学院,硕士,2021,选调生,中国共产党自贡市委员会组织部,1
建筑学部,环境与生态学院,硕士,2021,选调生,中国共产党遂宁市委员会组织部,1
建筑学部,环境与生态学院,硕士,2021,选调生,四川省达州市达川区石梯镇政府,1
建筑学部,环境与生态学院,硕士,2021,选调生,恩施土家族苗族自治州住房和城乡建设局,1
建筑学部,环境与生态学院,硕士,2021,选调生,江苏省委组织部规划办,2
建筑学部,环境与生态学院,硕士,2022,出国(境)留学或工作,亚琛工业大学,1
建筑学部,环境与生态学院,硕士,2022,出国(境)留学或工作,莱顿大学,1
建筑学部,环境与生态学院,硕士,2022,出国(境)留学或工作,阿德莱德大学,1
建筑学部,环境与生态学院,硕士,2022,出国(境)留学或工作,香港理工大学,1
建筑学部,环境与生态学院,硕士,2022,升学,北京师范大学,1
建筑学部,环境与生态学院,硕士,2022,升学,哈尔滨工业大学,2
建筑学部,环境与生态学院,硕士,2022,升学,四川大学,1
建筑学部,环境与生态学院,硕士,2022,升学,国科大杭州高等研究院,1
建筑学部,环境与生态学院,硕士,2022,升学,浙江大学,1
建筑学部,环境与生态学院,硕士,2022,升学,清华大学,1
建筑学部,环境与生态学院,硕士,2022,升学,重庆大学,7
建筑学部,环境与生态学院,硕士,2022,就业,中国市政工程中南设计研究总院有限公司,6
建筑学部,环境与生态学院,硕士,2022,就业,中国市政工程西南设计研究总院有限公司,2
建筑学部,环境与生态学院,硕士,2022,就业,中国建筑西南设计研究院有限公司,4
建筑学部,环境与生态学院,硕士,2022,就业,其他,99
建筑学部,环境与生态学院,硕士,2022,就业,四川发展国润水务投资有限公司,2
建筑学部,环境与生态学院,硕士,2022,就业,广东省建筑设计研究院有限公司,2
建筑学部,环境与生态学院,硕士,2022,就业,广州地铁设计研究院股份有限公司,2
建筑学部,环境与生态学院,硕士,2022,就业,林同棪国际工程咨询(中国)有限公司,2
建筑学部,环境与生态学院,硕士,2022,就业,湖南省建筑设计院集团有限公司,4
建筑学部,环境与生态学院,硕士,2022,就业,重庆三峰环境集团股份有限公司,3
建筑学部,环境与生态学院,硕士,2022,就业,重庆市市政设计研究院有限公司,4
建筑学部,环境与生态学院,硕士,2022,就业,重庆赛迪热工环保工程技术有限公司,2
建筑学部,环境与生态学院,硕士,2022,就业,长江生态环保集团有限公司,3
建筑学部,环境与生态学院,硕士,2022,就业,黄河勘测规划设计研究院有限公司,2
建筑学部,环境与生态学院,硕士,2022,就业,龙湖物业服务集团有限公司,3
建筑学部,环境与生态学院,硕士,2022,志愿服务西部计划,重庆市大渡口区发展和改革委员会,1
建筑学部,环境与生态学院,硕士,2022,选调生,中共常州市委组织部,1
建筑学部,环境与生态学院,硕士,2022,选调生,中共成都市委组织部,1
建筑学部,环境与生态学院,硕士,2022,选调生,中共池州市委组织部,1
建筑学部,环境与生态学院,硕士,2022,选调生,中共重庆市云阳县委组织部,1
建筑学部,环境与生态学院,硕士,2022,选调生,中共重庆市委组织部,1
建筑学部,环境与生态学院,硕士,2022,选调生,中共重庆市忠县县委组织部,1
建筑学部,环境与生态学院,硕士,2022,选调生,中共黑龙江省委组织部,1
建筑学部,环境与生态学院,硕士,2022,选调生,中国共产党宜宾市委员会组织部,1
建筑学部,环境与生态学院,硕士,2022,选调生,中国共产党广西壮族自治区委员会组织部,2
建筑学部,环境与生态学院,硕士,2022,选调生,中国共产党泸州市委员会组织部,1
建筑学部,环境与生态学院,硕士,2022,选调生,中国共产党重庆市委员会组织部,7
建筑学部,环境与生态学院,硕士,2022,选调生,住房和城乡建设部,1
建筑学部,环境与生态学院,硕士,2022,选调生,山西省住房和城乡建设厅,1
建筑学部,环境与生态学院,硕士,2022,选调生,黄冈市发展和改革委员会,1
建筑学部,环境与生态学院,硕士,2023,出国(境)留学或工作,图宾根大学,1
建筑学部,环境与生态学院,硕士,2023,出国(境)留学或工作,昆士兰大学,2
建筑学部,环境与生态学院,硕士,2023,出国(境)留学或工作,波茨坦大学,1
建筑学部,环境与生态学院,硕士,2023,出国(境)留学或工作,香港城市大学,1
建筑学部,环境与生态学院,硕士,2023,升学,上海交通大学,1
建筑学部,环境与生态学院,硕士,2023,升学,华东师范大学,1
建筑学部,环境与生态学院,硕士,2023,升学,华中科技大学,1
建筑学部,环境与生态学院,硕士,2023,升学,吉林大学,1
建筑学部,环境与生态学院,硕士,2023,升学,同济大学,1
建筑学部,环境与生态学院,硕士,2023,升学,四川大学,2
建筑学部,环境与生态学院,硕士,2023,升学,重庆大学,3
建筑学部,环境与生态学院,硕士,2023,就业,上海市政工程设计研究总院(集团)有限公司深圳分公司,2
建筑学部,环境与生态学院,硕士,2023,就业,中国城市规划设计研究院西部分院,2
建筑学部,环境与生态学院,硕士,2023,就业,中国市政工程中南设计研究总院有限公司,6
建筑学部,环境与生态学院,硕士,2023,就业,其他,91
建筑学部,环境与生态学院,硕士,2023,就业,成都环境投资集团有限公司,2
建筑学部,环境与生态学院,硕士,2023,就业,林同棪国际工程咨询(中国)有限公司,2
建筑学部,环境与生态学院,硕士,2023,就业,比亚迪股份有限公司,5
建筑学部,环境与生态学院,硕士,2023,就业,重庆长安汽车股份有限公司,3
建筑学部,环境与生态学院,硕士,2023,就业,重庆阁林环保科技有限公司,2
建筑学部,环境与生态学院,硕士,2023,选调生,中共凉山彝族自治州委组织部,1
建筑学部,环境与生态学院,硕士,2023,选调生,中共天津市东丽区委组织部,1
建筑学部,环境与生态学院,硕士,2023,选调生,中共安顺市委组织部,1
建筑学部,环境与生态学院,硕士,2023,选调生,中共德阳市委组织部,2
建筑学部,环境与生态学院,硕士,2023,选调生,中共攀枝花市委组织部,1
建筑学部,环境与生态学院,硕士,2023,选调生,中共绵阳市委组织部,1
建筑学部,环境与生态学院,硕士,2023,选调生,中共贵州省委组织部,1
建筑学部,环境与生态学院,硕士,2023,选调生,中共贵阳市委组织部,2
建筑学部,环境与生态学院,硕士,2023,选调生,中共邵阳市委组织部,1
建筑学部,环境与生态学院,硕士,2023,选调生,中共重庆市委组织部,4
建筑学部,环境与生态学院,硕士,2023,选调生,中共重庆市渝北区委组织部,1
建筑学部,环境与生态学院,硕士,2023,选调生,中共重庆市潼南区委组织部,1
建筑学部,环境与生态学院,硕士,2023,选调生,中共重庆市璧山区委组织部,1
建筑学部,环境与生态学院,硕士,2023,选调生,中国共产主义青年团中央委员会,1
建筑学部,环境与生态学院,硕士,2023,选调生,中国共产党屏边苗族自治县委员会机构编制委员会办公室,1
建筑学部,环境与生态学院,硕士,2023,选调生,中国共产党泸州市委员会组织部,1
建筑学部,环境与生态学院,硕士,2023,选调生,中国共产党烟台市委员会组织部,1
建筑学部,环境与生态学院,硕士,2023,选调生,中国共产党重庆市委员会组织部,1
建筑学部,环境与生态学院,硕士,2023,选调生,墨江哈尼族自治县发展和改革局,1
建筑学部,环境与生态学院,硕士,2023,选调生,富源县自然资源局,1
建筑学部,环境与生态学院,硕士,2023,选调生,山西省供销合作社联合社,1
建筑学部,环境与生态学院,硕士,2023,选调生,广西壮族自治区水利工程与河道管理中心,1
建筑学部,环境与生态学院,硕士,2023,选调生,德州市文化和旅游局,1
建筑学部,环境与生态学院,硕士,2023,选调生,攀枝花市乡村振兴局,1
建筑学部,环境与生态学院,硕士,2023,选调生,江西省委组织部,1
建筑学部,环境与生态学院,硕士,2023,选调生,重庆市潼南区,1
建筑学部,管理科学与房地产学院,博士,2021,就业,东莞理工学院,1
建筑学部,管理科学与房地产学院,博士,2021,就业,中建丝路建设投资有限公司,1
建筑学部,管理科学与房地产学院,博士,2021,就业,安徽工业大学,1
建筑学部,管理科学与房地产学院,博士,2021,就业,西华大学,1
建筑学部,管理科学与房地产学院,博士,2021,就业,西南大学,1
建筑学部,管理科学与房地产学院,博士,2021,就业,西安建筑科技大学,1
建筑学部,管理科学与房地产学院,博士,2021,就业,重庆科技学院,1
建筑学部,管理科学与房地产学院,博士,2022,出国(境)留学或工作,西北大学,1
建筑学部,管理科学与房地产学院,博士,2022,就业,中共重庆市委党校,1
建筑学部,管理科学与房地产学院,博士,2022,就业,中关村科学城城市大脑股份有限公司,1
建筑学部,管理科学与房地产学院,博士,2022,就业,中国融通农业发展集团有限公司,1
建筑学部,管理科学与房地产学院,博士,2022,就业,北京建筑大学,1
建筑学部,管理科学与房地产学院,博士,2022,就业,北方工业大学,1
建筑学部,管理科学与房地产学院,博士,2022,就业,华侨大学,1
建筑学部,管理科学与房地产学院,博士,2022,就业,山东建筑大学,1
建筑学部,管理科学与房地产学院,博士,2022,就业,河南财经政法大学,1
建筑学部,管理科学与房地产学院,博士,2022,就业,浙江大学,1
建筑学部,管理科学与房地产学院,博士,2022,就业,盐城工学院,1
建筑学部,管理科学与房地产学院,博士,2022,就业,福建工程学院,1
建筑学部,管理科学与房地产学院,博士,2022,就业,西南大学,1
建筑学部,管理科学与房地产学院,博士,2022,就业,郑州大学,1
建筑学部,管理科学与房地产学院,博士,2022,就业,重庆交通大学,1
建筑学部,管理科学与房地产学院,博士,2022,就业,重庆建筑工程职业学院,1
建筑学部,管理科学与房地产学院,博士,2022,就业,重庆科技学院,1
建筑学部,管理科学与房地产学院,博士,2022,就业,香港理工大学,1
建筑学部,管理科学与房地产学院,博士,2023,就业,中国矿业大学,1
建筑学部,管理科学与房地产学院,本科,2021,出国(境)留学或工作,伦敦大学,1
建筑学部,管理科学与房地产学院,本科,2021,出国(境)留学或工作,伦敦大学学院,3
建筑学部,管理科学与房地产学院,本科,2021,出国(境)留学或工作,南洋理工大学,3
建筑学部,管理科学与房地产学院,本科,2021,出国(境)留学或工作,卡耐基梅隆,1
建筑学部,管理科学与房地产学院,本科,2021,出国(境)留学或工作,墨尔本大学,1
建筑学部,管理科学与房地产学院,本科,2021,出国(境)留学或工作,布兰迪斯大学,1
建筑学部,管理科学与房地产学院,本科,2021,出国(境)留学或工作,布里斯托大学,1
建筑学部,管理科学与房地产学院,本科,2021,出国(境)留学或工作,德累斯顿工业大学,1
建筑学部,管理科学与房地产学院,本科,2021,出国(境)留学或工作,新加坡国立大学,1
建筑学部,管理科学与房地产学院,本科,2021,出国(境)留学或工作,曼彻斯特大学,4
建筑学部,管理科学与房地产学院,本科,2021,出国(境)留学或工作,杜克大学,1
建筑学部,管理科学与房地产学院,本科,2021,出国(境)留学或工作,格拉斯哥大学,2
建筑学部,管理科学与房地产学院,本科,2021,出国(境)留学或工作,格罗宁根大学,1
建筑学部,管理科学与房地产学院,本科,2021,出国(境)留学或工作,波士顿大学,1
建筑学部,管理科学与房地产学院,本科,2021,出国(境)留学或工作,美国东北大学,1
建筑学部,管理科学与房地产学院,本科,2021,出国(境)留学或工作,香港城市大学,1
建筑学部,管理科学与房地产学院,本科,2021,出国(境)留学或工作,香港大学,1
建筑学部,管理科学与房地产学院,本科,2021,升学,上海交通大学,1
建筑学部,管理科学与房地产学院,本科,2021,升学,上海财经大学,2
建筑学部,管理科学与房地产学院,本科,2021,升学,东南大学,2
建筑学部,管理科学与房地产学院,本科,2021,升学,中国人民大学,3
建筑学部,管理科学与房地产学院,本科,2021,升学,中国政法大学,1
建筑学部,管理科学与房地产学院,本科,2021,升学,中央财经大学,1
建筑学部,管理科学与房地产学院,本科,2021,升学,华南理工大学,1
建筑学部,管理科学与房地产学院,本科,2021,升学,同济大学,5
建筑学部,管理科学与房地产学院,本科,2021,升学,哈尔滨工业大学(深圳),1
建筑学部,管理科学与房地产学院,本科,2021,升学,复旦大学,1
建筑学部,管理科学与房地产学院,本科,2021,升学,大连理工大学,1
建筑学部,管理科学与房地产学院,本科,2021,升学,天津大学,2
建筑学部,管理科学与房地产学院,本科,2021,升学,武汉大学,3
建筑学部,管理科学与房地产学院,本科,2021,升学,浙江大学,3
建筑学部,管理科学与房地产学院,本科,2021,升学,重庆大学,84
建筑学部,管理科学与房地产学院,本科,2021,就业,中国建筑第二工程局有限公司西南分公司,2
建筑学部,管理科学与房地产学院,本科,2021,就业,中国建筑第八工程局有限公司上海分公司,5
建筑学部,管理科学与房地产学院,本科,2021,就业,中国建筑第八工程局有限公司西南分公司,4
建筑学部,管理科学与房地产学院,本科,2021,就业,中国建筑股份有限公司国际工程分公司,2
建筑学部,管理科学与房地产学院,本科,2021,就业,中广核惠州核电有限公司,2
建筑学部,管理科学与房地产学院,本科,2021,就业,中建一局集团建设发展有限公司,3
建筑学部,管理科学与房地产学院,本科,2021,就业,中建一局集团建设发展有限公司西南分公司,3
建筑学部,管理科学与房地产学院,本科,2021,就业,中建三局第一建设工程有限责任公司,7
建筑学部,管理科学与房地产学院,本科,2021,就业,中建三局第三建设工程有限责任公司,3
建筑学部,管理科学与房地产学院,本科,2021,就业,中建八局第三建设有限公司,6
建筑学部,管理科学与房地产学院,本科,2021,就业,中建新疆建工土木工程有限公司,2
建筑学部,管理科学与房地产学院,本科,2021,就业,中建海峡建设发展有限公司,2
建筑学部,管理科学与房地产学院,本科,2021,就业,中建西南咨询顾问有限公司,4
建筑学部,管理科学与房地产学院,本科,2021,就业,其他,65
建筑学部,管理科学与房地产学院,本科,2021,就业,杭州博仕信企业管理咨询有限公司,2
建筑学部,管理科学与房地产学院,本科,2021,就业,重庆南碧企业管理有限公司,2
建筑学部,管理科学与房地产学院,本科,2021,就业,重庆碧桂园顺碧企业管理有限公司,2
建筑学部,管理科学与房地产学院,本科,2021,志愿服务西部计划,昌都市农村农业局,1
建筑学部,管理科学与房地产学院,本科,2021,志愿服务西部计划,沙坪坝区住房和城乡建委,1
建筑学部,管理科学与房地产学院,本科,2021,选调生,中共衡水市委组织部,1
建筑学部,管理科学与房地产学院,本科,2021,选调生,中国共产党遂宁市委员会组织部,1
建筑学部,管理科学与房地产学院,本科,2021,选调生,中山市三乡镇人民政府,1
建筑学部,管理科学与房地产学院,本科,2021,选调生,江门市新会区投资评审中心,1
建筑学部,管理科学与房地产学院,本科,2022,出国(境)留学或工作,代尔夫特理工大学,1
建筑学部,管理科学与房地产学院,本科,2022,出国(境)留学或工作,伦敦国王学院,1
建筑学部,管理科学与房地产学院,本科,2022,出国(境)留学或工作,伦敦大学学院,1
建筑学部,管理科学与房地产学院,本科,2022,出国(境)留学或工作,北海道大学,1
建筑学部,管理科学与房地产学院,本科,2022,出国(境)留学或工作,华威大学,3
建筑学部,管理科学与房地产学院,本科,2022,出国(境)留学或工作,南洋理工大学,2
建筑学部,管理科学与房地产学院,本科,2022,出国(境)留学或工作,哥伦比亚大学,1
建筑学部,管理科学与房地产学院,本科,2022,出国(境)留学或工作,墨尔本大学,2
建筑学部,管理科学与房地产学院,本科,2022,出国(境)留学或工作,新加坡国立大学,1
建筑学部,管理科学与房地产学院,本科,2022,出国(境)留学或工作,曼彻斯特大学,1
建筑学部,管理科学与房地产学院,本科,2022,出国(境)留学或工作,格拉斯哥大学,1
建筑学部,管理科学与房地产学院,本科,2022,出国(境)留学或工作,爱尔兰国立高威大学,1
建筑学部,管理科学与房地产学院,本科,2022,出国(境)留学或工作,皇家墨尔本理工大学,1
建筑学部,管理科学与房地产学院,本科,2022,出国(境)留学或工作,香港城市大学,2
建筑学部,管理科学与房地产学院,本科,2022,出国(境)留学或工作,香港大学,1
建筑学部,管理科学与房地产学院,本科,2022,出国(境)留学或工作,香港理工大学,1
建筑学部,管理科学与房地产学院,本科,2022,出国(境)留学或工作,香港科技大学,1
建筑学部,管理科学与房地产学院,本科,2022,升学,上海交通大学,1
建筑学部,管理科学与房地产学院,本科,2022,升学,上海财经大学,1
建筑学部,管理科学与房地产学院,本科,2022,升学,东南大学,2
建筑学部,管理科学与房地产学院,本科,2022,升学,中国政法大学,1
建筑学部,管理科学与房地产学院,本科,2022,升学,北京师范大学,2
建筑学部,管理科学与房地产学院,本科,2022,升学,北京理工大学,1
建筑学部,管理科学与房地产学院,本科,2022,升学,华中科技大学,1
建筑学部,管理科学与房地产学院,本科,2022,升学,南京大学,3
建筑学部,管理科学与房地产学院,本科,2022,升学,南京理工大学,1
建筑学部,管理科学与房地产学院,本科,2022,升学,合肥工业大学,1
建筑学部,管理科学与房地产学院,本科,2022,升学,同济大学,2
建筑学部,管理科学与房地产学院,本科,2022,升学,哈尔滨工业大学,1
建筑学部,管理科学与房地产学院,本科,2022,升学,复旦大学,1
建筑学部,管理科学与房地产学院,本科,2022,升学,大连理工大学,1
建筑学部,管理科学与房地产学院,本科,2022,升学,天津大学,1
建筑学部,管理科学与房地产学院,本科,2022,升学,浙江大学,2
建筑学部,管理科学与房地产学院,本科,2022,升学,深圳大学,1
建筑学部,管理科学与房地产学院,本科,2022,升学,清华大学,2
建筑学部,管理科学与房地产学院,本科,2022,升学,湖南大学,1
建筑学部,管理科学与房地产学院,本科,2022,升学,西安交通大学,2
建筑学部,管理科学与房地产学院,本科,2022,升学,重庆大学,80
建筑学部,管理科学与房地产学院,本科,2022,升学,陕西师范大学,1
建筑学部,管理科学与房地产学院,本科,2022,就业,中国建筑第八工程局有限公司上海分公司,7
建筑学部,管理科学与房地产学院,本科,2022,就业,中国建筑第八工程局有限公司西南分公司,8
建筑学部,管理科学与房地产学院,本科,2022,就业,中建三局第一建设工程有限责任公司,5
建筑学部,管理科学与房地产学院,本科,2022,就业,中建三局集团有限公司西南分公司,6
建筑学部,管理科学与房地产学院,本科,2022,就业,中建东方装饰有限公司,2
建筑学部,管理科学与房地产学院,本科,2022,就业,中建五局第三建设有限公司,3
建筑学部,管理科学与房地产学院,本科,2022,就业,中建八局第一建设有限公司,2
建筑学部,管理科学与房地产学院,本科,2022,就业,中建四局第三建设有限公司,2
建筑学部,管理科学与房地产学院,本科,2022,就业,中建海龙科技有限公司,7
建筑学部,管理科学与房地产学院,本科,2022,就业,中建西南咨询顾问有限公司,2
建筑学部,管理科学与房地产学院,本科,2022,就业,中海建筑有限公司,2
建筑学部,管理科学与房地产学院,本科,2022,就业,其他,47
建筑学部,管理科学与房地产学院,本科,2022,就业,比亚迪股份有限公司,2
建筑学部,管理科学与房地产学院,本科,2022,就业,浙江江南工程管理股份有限公司,2
建筑学部,管理科学与房地产学院,本科,2022,志愿服务西部计划,北京立德未来助学公益基金会,1
建筑学部,管理科学与房地产学院,本科,2022,志愿服务西部计划,十堰市竹山县城关镇人民政府,1
建筑学部,管理科学与房地产学院,本科,2022,志愿服务西部计划,重庆高新技术产业开发区财政局,1
建筑学部,管理科学与房地产学院,本科,2022,选调生,中共绵阳市委组织部,1
建筑学部,管理科学与房地产学院,本科,2022,选调生,中共贵阳市委组织部,1
建筑学部,管理科学与房地产学院,本科,2023,出国(境)留学或工作,伦敦国王学院,1
建筑学部,管理科学与房地产学院,本科,2023,出国(境)留学或工作,伦敦大学学院,3
建筑学部,管理科学与房地产学院,本科,2023,出国(境)留学或工作,华威大学,1
建筑学部,管理科学与房地产学院,本科,2023,出国(境)留学或工作,墨尔本大学,1
建筑学部,管理科学与房地产学院,本科,2023,出国(境)留学或工作,新加坡国立大学,2
建筑学部,管理科学与房地产学院,本科,2023,出国(境)留学或工作,格拉斯哥大学,1
建筑学部,管理科学与房地产学院,本科,2023,出国(境)留学或工作,澳洲国立大学,1
建筑学部,管理科学与房地产学院,本科,2023,出国(境)留学或工作,纽约市哥伦比亚大学,1
建筑学部,管理科学与房地产学院,本科,2023,出国(境)留学或工作,阿姆斯特丹大学,1
建筑学部,管理科学与房地产学院,本科,2023,出国(境)留学或工作,香港城市大学,1
建筑学部,管理科学与房地产学院,本科,2023,出国(境)留学或工作,香港大学,4
建筑学部,管理科学与房地产学院,本科,2023,出国(境)留学或工作,香港理工大学,1
建筑学部,管理科学与房地产学院,本科,2023,出国(境)留学或工作,香港科技大学,2
建筑学部,管理科学与房地产学院,本科,2023,升学,上海财经大学,3
建筑学部,管理科学与房地产学院,本科,2023,升学,东北财经大学,1
建筑学部,管理科学与房地产学院,本科,2023,升学,中国政法大学,1
建筑学部,管理科学与房地产学院,本科,2023,升学,中国科学技术大学,2
建筑学部,管理科学与房地产学院,本科,2023,升学,北京师范大学,1
建筑学部,管理科学与房地产学院,本科,2023,升学,华中科技大学,1
建筑学部,管理科学与房地产学院,本科,2023,升学,南京大学,3
建筑学部,管理科学与房地产学院,本科,2023,升学,厦门大学,2
建筑学部,管理科学与房地产学院,本科,2023,升学,同济大学,2
建筑学部,管理科学与房地产学院,本科,2023,升学,哈尔滨工业大学,2
建筑学部,管理科学与房地产学院,本科,2023,升学,天津大学,4
建筑学部,管理科学与房地产学院,本科,2023,升学,武汉大学,2
建筑学部,管理科学与房地产学院,本科,2023,升学,清华大学,2
建筑学部,管理科学与房地产学院,本科,2023,升学,清华大学深圳国际研究生院,1
建筑学部,管理科学与房地产学院,本科,2023,升学,电子科技大学,1
建筑学部,管理科学与房地产学院,本科,2023,升学,西安交通大学,4
建筑学部,管理科学与房地产学院,本科,2023,升学,重庆大学,70
建筑学部,管理科学与房地产学院,本科,2023,就业,中国建筑一局集团天津有限公司,2
建筑学部,管理科学与房地产学院,本科,2023,就业,中国建筑第八工程局有限公司上海分公司,4
建筑学部,管理科学与房地产学院,本科,2023,就业,中国建筑第八工程局有限公司西南分公司,4
建筑学部,管理科学与房地产学院,本科,2023,就业,中建一局集团建设发展有限公司,4
建筑学部,管理科学与房地产学院,本科,2023,就业,中建三局第一建设工程有限责任公司,2
建筑学部,管理科学与房地产学院,本科,2023,就业,中建三局集团有限公司,3
建筑学部,管理科学与房地产学院,本科,2023,就业,中建三局集团有限公司上海分公司,6
建筑学部,管理科学与房地产学院,本科,2023,就业,中建八局浙江建设有限公司,2
建筑学部,管理科学与房地产学院,本科,2023,就业,中建八局第二建设有限公司,2
建筑学部,管理科学与房地产学院,本科,2023,就业,中建海龙科技有限公司,2
建筑学部,管理科学与房地产学院,本科,2023,就业,中建科工集团有限公司,2
建筑学部,管理科学与房地产学院,本科,2023,就业,中建西南咨询顾问有限公司,4
建筑学部,管理科学与房地产学院,本科,2023,就业,中铁五局集团建筑工程有限责任公司,2
建筑学部,管理科学与房地产学院,本科,2023,就业,其他,47
建筑学部,管理科学与房地产学院,本科,2023,就业,比亚迪股份有限公司,3
建筑学部,管理科学与房地产学院,本科,2023,志愿服务西部计划,四川省绵阳市三台县永明镇人民政府,1
建筑学部,管理科学与房地产学院,本科,2023,志愿服务西部计划,国家税务总局左贡县税务局,1
建筑学部,管理科学与房地产学院,本科,2023,志愿服务西部计划,重庆市北碚区人民政府办公室,1
建筑学部,管理科学与房地产学院,本科,2023,选调生,中共彭水苗族土家族自治县委组织部,1
建筑学部,管理科学与房地产学院,本科,2023,选调生,中共遵义市委组织部,1
建筑学部,管理科学与房地产学院,硕士,2021,出国(境)留学或工作,科廷大学,1
建筑学部,管理科学与房地产学院,硕士,2021,出国(境)留学或工作,香港大学,1
建筑学部,管理科学与房地产学院,硕士,2021,出国(境)留学或工作,香港理工大学,1
建筑学部,管理科学与房地产学院,硕士,2021,升学,东南大学,2
建筑学部,管理科学与房地产学院,硕士,2021,升学,中国科学院地理科学与资源研究所,1
建筑学部,管理科学与房地产学院,硕士,2021,升学,同济大学,1
建筑学部,管理科学与房地产学院,硕士,2021,升学,复旦大学,1
建筑学部,管理科学与房地产学院,硕士,2021,升学,浙江大学,1
建筑学部,管理科学与房地产学院,硕士,2021,升学,清华大学,1
建筑学部,管理科学与房地产学院,硕士,2021,升学,重庆大学,3
建筑学部,管理科学与房地产学院,硕士,2021,就业,中国长江电力股份有限公司,2
建筑学部,管理科学与房地产学院,硕士,2021,就业,中城投集团第三工程局有限公司,2
建筑学部,管理科学与房地产学院,硕士,2021,就业,其他,139
建筑学部,管理科学与房地产学院,硕士,2021,就业,北京外企人力资源服务青岛有限公司,2
建筑学部,管理科学与房地产学院,硕士,2021,就业,厦门兆琮隆房地产开发有限公司,2
建筑学部,管理科学与房地产学院,硕士,2021,就业,四川省城乡建设研究院,2
建筑学部,管理科学与房地产学院,硕士,2021,就业,湖北龙湖企业管理有限公司,2
建筑学部,管理科学与房地产学院,硕士,2021,就业,重庆凯竣房地产开发有限公司,2
建筑学部,管理科学与房地产学院,硕士,2021,就业,重庆南碧企业管理有限公司,2
建筑学部,管理科学与房地产学院,硕士,2021,就业,重庆招商依城房地产开发有限公司,2
建筑学部,管理科学与房地产学院,硕士,2021,就业,重庆金科房地产开发有限公司,3
建筑学部,管理科学与房地产学院,硕士,2021,就业,重庆锦腾房地产开发有限公司,2
建筑学部,管理科学与房地产学院,硕士,2021,就业,重庆龙湖地产发展有限公司,3
建筑学部,管理科学与房地产学院,硕士,2021,选调生,中共乐清市委组织部,1
建筑学部,管理科学与房地产学院,硕士,2021,选调生,中共包头市委员会组织部,1
建筑学部,管理科学与房地产学院,硕士,2021,选调生,中共南充市委组织部,1
建筑学部,管理科学与房地产学院,硕士,2021,选调生,中共德阳市委组织部,1
建筑学部,管理科学与房地产学院,硕士,2021,选调生,中共成都市委组织部,2
建筑学部,管理科学与房地产学院,硕士,2021,选调生,中共扬州市委组织部,1
建筑学部,管理科学与房地产学院,硕士,2021,选调生,中共江西省委组织部,1
建筑学部,管理科学与房地产学院,硕士,2021,选调生,中共济宁市委组织部(济宁市公务员局),1
建筑学部,管理科学与房地产学院,硕士,2021,选调生,中共海宁市委组织部,1
建筑学部,管理科学与房地产学院,硕士,2021,选调生,中共温岭市委组织部,1
建筑学部,管理科学与房地产学院,硕士,2021,选调生,中共重庆市委组织部,2
建筑学部,管理科学与房地产学院,硕士,2021,选调生,中共雅安市委组织部,1
建筑学部,管理科学与房地产学院,硕士,2021,选调生,中国共产党宜宾市委员会组织部,2
建筑学部,管理科学与房地产学院,硕士,2021,选调生,中国共产党广州市纪律检查委员会,1
建筑学部,管理科学与房地产学院,硕士,2021,选调生,广西壮族自治区党委组织部干部规划办,1
建筑学部,管理科学与房地产学院,硕士,2021,选调生,晋中市应急管理局,1
建筑学部,管理科学与房地产学院,硕士,2022,出国(境)留学或工作,香港中文大学,1
建筑学部,管理科学与房地产学院,硕士,2022,出国(境)留学或工作,香港城市大学,1
建筑学部,管理科学与房地产学院,硕士,2022,出国(境)留学或工作,香港大学,1
建筑学部,管理科学与房地产学院,硕士,2022,出国(境)留学或工作,香港理工大学,1
建筑学部,管理科学与房地产学院,硕士,2022,升学,中山大学,1
建筑学部,管理科学与房地产学院,硕士,2022,升学,北京大学,1
建筑学部,管理科学与房地产学院,硕士,2022,升学,同济大学,1
建筑学部,管理科学与房地产学院,硕士,2022,升学,复旦大学,1
建筑学部,管理科学与房地产学院,硕士,2022,就业,中冶赛迪集团有限公司,3
建筑学部,管理科学与房地产学院,硕士,2022,就业,中国电建集团华东勘测设计研究院有限公司,2
建筑学部,管理科学与房地产学院,硕士,2022,就业,中建五局第三建设有限公司,3
建筑学部,管理科学与房地产学院,硕士,2022,就业,中建西南咨询顾问有限公司,4
建筑学部,管理科学与房地产学院,硕士,2022,就业,中海建筑有限公司,3
建筑学部,管理科学与房地产学院,硕士,2022,就业,保利(四川)投资发展有限公司,2
建筑学部,管理科学与房地产学院,硕士,2022,就业,其他,174
建筑学部,管理科学与房地产学院,硕士,2022,就业,北京三快在线科技有限公司,2
建筑学部,管理科学与房地产学院,硕士,2022,就业,华夏航空股份有限公司,2
建筑学部,管理科学与房地产学院,硕士,2022,就业,山东电力工程咨询院有限公司,2
建筑学部,管理科学与房地产学院,硕士,2022,就业,广州市城市建设开发有限公司,3
建筑学部,管理科学与房地产学院,硕士,2022,就业,林同棪国际工程咨询(中国)有限公司,2
建筑学部,管理科学与房地产学院,硕士,2022,就业,重庆两江新区置业发展有限公司,2
建筑学部,管理科学与房地产学院,硕士,2022,就业,重庆大学,3
建筑学部,管理科学与房地产学院,硕士,2022,就业,重庆市水利局,2
建筑学部,管理科学与房地产学院,硕士,2022,就业,重庆房地产职业学院,5
建筑学部,管理科学与房地产学院,硕士,2022,就业,重庆长安新能源汽车科技有限公司,3
建筑学部,管理科学与房地产学院,硕士,2022,就业,重庆龙湖地产发展有限公司,2
建筑学部,管理科学与房地产学院,硕士,2022,选调生,中共成都市委组织部,1
建筑学部,管理科学与房地产学院,硕士,2022,选调生,中共株洲市委组织部,1
建筑学部,管理科学与房地产学院,硕士,2022,选调生,中共武汉市硚口区委员会组织部,1
建筑学部,管理科学与房地产学院,硕士,2022,选调生,中共滨州市委组织部,1
建筑学部,管理科学与房地产学院,硕士,2022,选调生,中共益阳市资阳区区委组织部,1
建筑学部,管理科学与房地产学院,硕士,2022,选调生,中共眉山市委组织部,1
建筑学部,管理科学与房地产学院,硕士,2022,选调生,中共石家庄市委组织部,1
建筑学部,管理科学与房地产学院,硕士,2022,选调生,中共绵阳市委组织部,1
建筑学部,管理科学与房地产学院,硕士,2022,选调生,中共重庆市万州区委组织部,1
建筑学部,管理科学与房地产学院,硕士,2022,选调生,中共重庆市委组织部,1
建筑学部,管理科学与房地产学院,硕士,2022,选调生,中国共产党内江市委员会组织部,1
建筑学部,管理科学与房地产学院,硕士,2022,选调生,中国共产党成都市委员会组织部,1
建筑学部,管理科学与房地产学院,硕士,2022,选调生,中国共产党洛阳市委员会组织部,1
建筑学部,管理科学与房地产学院,硕士,2022,选调生,中国共产党自贡市委员会组织部,1
建筑学部,管理科学与房地产学院,硕士,2022,选调生,中国共产党重庆市委员会组织部,6
建筑学部,管理科学与房地产学院,硕士,2022,选调生,吕梁市财政局,1
建筑学部,管理科学与房地产学院,硕士,2022,选调生,新疆维吾尔自治区建设工程安全总站,1
建筑学部,管理科学与房地产学院,硕士,2022,选调生,曲靖市地方公路管理处,1
建筑学部,管理科学与房地产学院,硕士,2022,选调生,郑州市人民政府办公厅,1
建筑学部,管理科学与房地产学院,硕士,2023,出国(境)留学或工作,阿德莱德大学,1
建筑学部,管理科学与房地产学院,硕士,2023,出国(境)留学或工作,香港理工大学,1
建筑学部,管理科学与房地产学院,硕士,2023,出国(境)留学或工作,香港科技大学,1
建筑学部,管理科学与房地产学院,硕士,2023,升学,中国人民大学,1
建筑学部,管理科学与房地产学院,硕士,2023,升学,南京大学,1
建筑学部,管理科学与房地产学院,硕士,2023,升学,山东大学,1
建筑学部,管理科学与房地产学院,硕士,2023,升学,重庆大学,3
建筑学部,管理科学与房地产学院,硕士,2023,就业,中冶赛迪集团有限公司,2
建筑学部,管理科学与房地产学院,硕士,2023,就业,中建二局第三建筑工程有限公司,2
建筑学部,管理科学与房地产学院,硕士,2023,就业,中海建筑有限公司,8
建筑学部,管理科学与房地产学院,硕士,2023,就业,中铁十一局集团第五工程有限公司,2
建筑学部,管理科学与房地产学院,硕士,2023,就业,其他,150
建筑学部,管理科学与房地产学院,硕士,2023,就业,广联达西安科技有限公司,3
建筑学部,管理科学与房地产学院,硕士,2023,就业,赛力斯汽车有限公司,3
建筑学部,管理科学与房地产学院,硕士,2023,就业,锐捷网络股份有限公司,2
建筑学部,管理科学与房地产学院,硕士,2023,选调生,中共南充市委组织部,1
建筑学部,管理科学与房地产学院,硕士,2023,选调生,中共天津市蓟州区委组织部,1
建筑学部,管理科学与房地产学院,硕士,2023,选调生,中共温州市鹿城区委组织部,1
建筑学部,管理科学与房地产学院,硕士,2023,选调生,中共濮阳市委组织部,1
建筑学部,管理科学与房地产学院,硕士,2023,选调生,中共眉山市委组织部,1
建筑学部,管理科学与房地产学院,硕士,2023,选调生,中共贵阳市委组织部,1
建筑学部,管理科学与房地产学院,硕士,2023,选调生,中共重庆市南川区委组织部干部科,1
建筑学部,管理科学与房地产学院,硕士,2023,选调生,中共重庆市委组织部,5
建筑学部,管理科学与房地产学院,硕士,2023,选调生,中共金华市金东区委组织部,1
建筑学部,管理科学与房地产学院,硕士,2023,选调生,中共黑龙江省委组织部,1
建筑学部,管理科学与房地产学院,硕士,2023,选调生,中国共产党内江市委员会组织部(待分配),1
建筑学部,管理科学与房地产学院,硕士,2023,选调生,中国共产党南充市委员会组织部,1
建筑学部,管理科学与房地产学院,硕士,2023,选调生,中国共产党宁波市江北区委员会组织部,1
建筑学部,管理科学与房地产学院,硕士,2023,选调生,中国共产党达州市委员会组织部,1
建筑学部,管理科学与房地产学院,硕士,2023,选调生,中国共产党重庆市委员会组织部,1
建筑学部,管理科学与房地产学院,硕士,2023,选调生,中国共产党长治市委员会办公室,1
建筑学部,管理科学与房地产学院,硕士,2023,选调生,吕梁市工业和信息化局,1
建筑学部,管理科学与房地产学院,硕士,2023,选调生,大理市农业农村局,1
建筑学部,管理科学与房地产学院,硕士,2023,选调生,宁波市鄞州区委组织部,1
建筑学部,管理科学与房地产学院,硕士,2023,选调生,海南省儋州市人民政府政府服务中心,1
建筑学部,管理科学与房地产学院,硕士,2023,选调生,自贡市住房和城乡建设局,1
建筑学部,管理科学与房地产学院,硕士,2023,选调生,自贡市委组织部,1
理学部,化学化工学院,博士,2021,就业,中国核动力研究设计院,1
理学部,化学化工学院,博士,2021,就业,中国科学院大连化学物理研究所,1
理学部,化学化工学院,博士,2021,就业,中国科学院深圳先进技术研究院,1
理学部,化学化工学院,博士,2021,就业,中国科学院重庆绿色智能技术研究院,2
理学部,化学化工学院,博士,2021,就业,北京清新环保技术有限公司四川分公司,1
理学部,化学化工学院,博士,2021,就业,华新水泥技术管理(武汉)有限公司,1
理学部,化学化工学院,博士,2021,就业,复旦大学,1
理学部,化学化工学院,博士,2021,就业,川北医学院,1
理学部,化学化工学院,博士,2021,就业,广西科技大学,1
理学部,化学化工学院,博士,2021,就业,慈溪市崇寿镇人民政府,1
理学部,化学化工学院,博士,2021,就业,成都市机关生活服务中心,1
理学部,化学化工学院,博士,2021,就业,新墨西哥大学,1
理学部,化学化工学院,博士,2021,就业,武汉大学,1
理学部,化学化工学院,博士,2021,就业,绵阳师范学院,1
理学部,化学化工学院,博士,2021,就业,苏州科技大学,1
理学部,化学化工学院,博士,2021,就业,西华师范大学,1
理学部,化学化工学院,博士,2021,就业,贵州医科大学,2
理学部,化学化工学院,博士,2021,就业,重庆医药高等专科学校,1
理学部,化学化工学院,博士,2021,就业,重庆品正食品有限公司,1
理学部,化学化工学院,博士,2021,就业,重庆大学,1
理学部,化学化工学院,博士,2021,就业,重庆工业职业技术学院,2
理学部,化学化工学院,博士,2021,就业,重庆理工大学,1
理学部,化学化工学院,博士,2021,就业,重庆科技学院,6
理学部,化学化工学院,博士,2021,就业,铜仁学院,1
理学部,化学化工学院,博士,2022,出国(境)留学或工作,新加坡国立大学,2
理学部,化学化工学院,博士,2022,就业,东方电气集团东方锅炉股份有限公司,1
理学部,化学化工学院,博士,2022,就业,中国石油化工股份有限公司茂名分公司,1
理学部,化学化工学院,博士,2022,就业,中汽院新能源科技有限公司,1
理学部,化学化工学院,博士,2022,就业,嘉兴南湖学院,1
理学部,化学化工学院,博士,2022,就业,宜宾学院,1
理学部,化学化工学院,博士,2022,就业,比亚迪股份有限公司,1
理学部,化学化工学院,博士,2022,就业,清华大学,2
理学部,化学化工学院,博士,2022,就业,重庆博腾制药科技股份有限公司,1
理学部,化学化工学院,博士,2022,就业,重庆大学,1
理学部,化学化工学院,博士,2023,就业,中国科学院化学研究所,1
理学部,化学化工学院,博士,2023,就业,中国科学院山西煤炭化学研究所,1
理学部,化学化工学院,博士,2023,就业,中国科学院重庆绿色智能技术研究院,1
理学部,化学化工学院,博士,2023,就业,中节能万润股份有限公司,1
理学部,化学化工学院,博士,2023,就业,南京理工大学,1
理学部,化学化工学院,博士,2023,就业,四川文理学院,1
理学部,化学化工学院,博士,2023,就业,四川轻化工大学,1
理学部,化学化工学院,博士,2023,就业,巢湖学院,1
理学部,化学化工学院,博士,2023,就业,广州天赐高新材料股份有限公司,2
理学部,化学化工学院,博士,2023,就业,康龙化成(北京)新药技术股份有限公司,1
理学部,化学化工学院,博士,2023,就业,徐州工业职业技术学院,1
理学部,化学化工学院,博士,2023,就业,成都倍特药业股份有限公司,1
理学部,化学化工学院,博士,2023,就业,成都大学,2
理学部,化学化工学院,博士,2023,就业,成都理工大学,1
理学部,化学化工学院,博士,2023,就业,成都航空职业技术学院,1
理学部,化学化工学院,博士,2023,就业,武汉大学,1
理学部,化学化工学院,博士,2023,就业,比亚迪股份有限公司,3
理学部,化学化工学院,博士,2023,就业,河南师范大学,2
理学部,化学化工学院,博士,2023,就业,苏州科技大学,1
理学部,化学化工学院,博士,2023,就业,西华大学,1
理学部,化学化工学院,博士,2023,就业,西华师范大学,1
理学部,化学化工学院,博士,2023,就业,西南科技大学,1
理学部,化学化工学院,博士,2023,就业,重庆大学,1
理学部,化学化工学院,博士,2023,就业,重庆文理学院,1
理学部,化学化工学院,博士,2023,就业,重庆理工大学,2
理学部,化学化工学院,博士,2023,就业,金凤实验室,1
理学部,化学化工学院,博士,2023,就业,长江师范学院,1
理学部,化学化工学院,本科,2021,出国(境)留学或工作,佛罗里达大学,1
理学部,化学化工学院,本科,2021,出国(境)留学或工作,日本筑波大学,1
理学部,化学化工学院,本科,2021,升学,中国科学技术大学,2
理学部,化学化工学院,本科,2021,升学,中国科学院上海有机化学研究所,1
理学部,化学化工学院,本科,2021,升学,中国科学院上海药物研究所,1
理学部,化学化工学院,本科,2021,升学,中国科学院大连化学物理研究所,2
理学部,化学化工学院,本科,2021,升学,中国科学院长春应用化学研究所,1
理学部,化学化工学院,本科,2021,升学,中国药科大学,1
理学部,化学化工学院,本科,2021,升学,中山大学,1
理学部,化学化工学院,本科,2021,升学,北京大学(第二学位),1
理学部,化学化工学院,本科,2021,升学,华东师范大学,1
理学部,化学化工学院,本科,2021,升学,华南理工大学,1
理学部,化学化工学院,本科,2021,升学,南方科技大学,1
理学部,化学化工学院,本科,2021,升学,厦门大学,2
理学部,化学化工学院,本科,2021,升学,同济大学,1
理学部,化学化工学院,本科,2021,升学,哈尔滨工业大学,1
理学部,化学化工学院,本科,2021,升学,四川大学,4
理学部,化学化工学院,本科,2021,升学,天津大学,2
理学部,化学化工学院,本科,2021,升学,武汉大学,5
理学部,化学化工学院,本科,2021,升学,浙江大学,1
理学部,化学化工学院,本科,2021,升学,深圳大学,1
理学部,化学化工学院,本科,2021,升学,西南政法大学,1
理学部,化学化工学院,本科,2021,升学,西安交通大学,1
理学部,化学化工学院,本科,2021,升学,重庆大学,37
理学部,化学化工学院,本科,2021,就业,万华化学集团股份有限公司,5
理学部,化学化工学院,本科,2021,就业,其他,27
理学部,化学化工学院,本科,2021,就业,华峰重庆氨纶有限公司,2
理学部,化学化工学院,本科,2021,就业,强生(上海)医疗器材有限公司,2
理学部,化学化工学院,本科,2021,就业,惠州锂威新能源科技有限公司,2
理学部,化学化工学院,本科,2021,就业,成都展辰涂料有限公司,2
理学部,化学化工学院,本科,2021,就业,成都药明康德新药开发有限公司,2
理学部,化学化工学院,本科,2021,就业,杭州乐敦科技有限公司,2
理学部,化学化工学院,本科,2021,就业,衢州华友钴新材料有限公司,2
理学部,化学化工学院,本科,2021,就业,郑州平行线教育科技有限公司,2
理学部,化学化工学院,本科,2021,就业,重庆中元生物技术有限公司,2
理学部,化学化工学院,本科,2021,就业,重庆市沙坪坝区愚公课外培训学校有限公司,2
理学部,化学化工学院,本科,2021,就业,重庆柳江医药科技有限公司,2
理学部,化学化工学院,本科,2021,选调生,中共重庆市委组织部,1
理学部,化学化工学院,本科,2021,选调生,中国共产党广安市委员会组织部,1
理学部,化学化工学院,本科,2021,选调生,广西壮族自治区党委组织部干部规划办,1
理学部,化学化工学院,本科,2022,出国(境)留学或工作,伦敦大学学院,1
理学部,化学化工学院,本科,2022,出国(境)留学或工作,南洋理工大学,1
理学部,化学化工学院,本科,2022,出国(境)留学或工作,新加坡国立大学,2
理学部,化学化工学院,本科,2022,出国(境)留学或工作,芝加哥大学,1
理学部,化学化工学院,本科,2022,升学,上海交通大学,2
理学部,化学化工学院,本科,2022,升学,中国原子能科学研究院,1
理学部,化学化工学院,本科,2022,升学,中国科学技术大学,1
理学部,化学化工学院,本科,2022,升学,中国科学技术大学苏州纳米技术与纳米仿生研究所,1
理学部,化学化工学院,本科,2022,升学,中国科学院上海有机化学研究所,1
理学部,化学化工学院,本科,2022,升学,中国科学院大学福建物质结构所,1
理学部,化学化工学院,本科,2022,升学,中国科学院广州化学研究所,1
理学部,化学化工学院,本科,2022,升学,中国科学院福建物质结构研究所,1
理学部,化学化工学院,本科,2022,升学,中国药科大学,1
理学部,化学化工学院,本科,2022,升学,中山大学,1
理学部,化学化工学院,本科,2022,升学,云南大学,2
理学部,化学化工学院,本科,2022,升学,兰州大学,3
理学部,化学化工学院,本科,2022,升学,内蒙古大学,1
理学部,化学化工学院,本科,2022,升学,华中科技大学,1
理学部,化学化工学院,本科,2022,升学,南京中医药大学,1
理学部,化学化工学院,本科,2022,升学,南京大学,2
理学部,化学化工学院,本科,2022,升学,南京工业大学,1
理学部,化学化工学院,本科,2022,升学,厦门大学,6
理学部,化学化工学院,本科,2022,升学,同济大学,1
理学部,化学化工学院,本科,2022,升学,四川大学,3
理学部,化学化工学院,本科,2022,升学,复旦大学,1
理学部,化学化工学院,本科,2022,升学,天津大学,2
理学部,化学化工学院,本科,2022,升学,广西大学,1
理学部,化学化工学院,本科,2022,升学,新疆大学,1
理学部,化学化工学院,本科,2022,升学,武汉大学,4
理学部,化学化工学院,本科,2022,升学,浙江大学,3
理学部,化学化工学院,本科,2022,升学,福州大学,1
理学部,化学化工学院,本科,2022,升学,西南财经大学,1
理学部,化学化工学院,本科,2022,升学,西安交通大学,6
理学部,化学化工学院,本科,2022,升学,重庆医科大学,1
理学部,化学化工学院,本科,2022,升学,重庆大学,37
理学部,化学化工学院,本科,2022,就业,万华化学集团股份有限公司,2
理学部,化学化工学院,本科,2022,就业,其他,23
理学部,化学化工学院,本科,2022,就业,宁德新能源科技有限公司,3
理学部,化学化工学院,本科,2022,就业,比亚迪股份有限公司,4
理学部,化学化工学院,本科,2022,就业,浙江华友钴业股份有限公司,5
理学部,化学化工学院,本科,2022,就业,重庆药友制药有限责任公司,3
理学部,化学化工学院,本科,2022,选调生,中共安顺市委组织部,1
理学部,化学化工学院,本科,2022,选调生,中共黔南州委组织部,1
理学部,化学化工学院,本科,2022,选调生,中国共产党成都市委员会组织部,1
理学部,化学化工学院,本科,2022,选调生,中国共产党普洱市委员会组织部,1
理学部,化学化工学院,本科,2023,出国(境)留学或工作,曼彻斯特大学,2
理学部,化学化工学院,本科,2023,出国(境)留学或工作,爱尔兰圣三一学院,1
理学部,化学化工学院,本科,2023,出国(境)留学或工作,香港大学,1
理学部,化学化工学院,本科,2023,出国(境)留学或工作,马尔堡大学,1
理学部,化学化工学院,本科,2023,升学,上海交通大学,1
理学部,化学化工学院,本科,2023,升学,上海外国语大学,1
理学部,化学化工学院,本科,2023,升学,中南大学,1
理学部,化学化工学院,本科,2023,升学,中国农业大学,1
理学部,化学化工学院,本科,2023,升学,中国原子能科学研究院,1
理学部,化学化工学院,本科,2023,升学,中国石油大学(北京),1
理学部,化学化工学院,本科,2023,升学,中国科学院化学研究所,1
理学部,化学化工学院,本科,2023,升学,中国科学院大学上海有机化学研究所,1
理学部,化学化工学院,本科,2023,升学,中国科学院大连化学物理研究所,4
理学部,化学化工学院,本科,2023,升学,中山大学,1
理学部,化学化工学院,本科,2023,升学,兰州大学,1
理学部,化学化工学院,本科,2023,升学,北京理工大学,1
理学部,化学化工学院,本科,2023,升学,南京大学,2
理学部,化学化工学院,本科,2023,升学,厦门大学,4
理学部,化学化工学院,本科,2023,升学,哈尔滨工业大学,2
理学部,化学化工学院,本科,2023,升学,复旦大学,3
理学部,化学化工学院,本科,2023,升学,大连理工大学,1
理学部,化学化工学院,本科,2023,升学,天津大学,3
理学部,化学化工学院,本科,2023,升学,山东大学,1
理学部,化学化工学院,本科,2023,升学,武汉大学,4
理学部,化学化工学院,本科,2023,升学,江南大学,1
理学部,化学化工学院,本科,2023,升学,江苏大学,1
理学部,化学化工学院,本科,2023,升学,浙江大学,3
理学部,化学化工学院,本科,2023,升学,福州大学,1
理学部,化学化工学院,本科,2023,升学,西安交通大学,3
理学部,化学化工学院,本科,2023,升学,重庆大学,27
理学部,化学化工学院,本科,2023,就业,万华化学(四川)有限公司,2
理学部,化学化工学院,本科,2023,就业,其他,34
理学部,化学化工学院,本科,2023,就业,比亚迪股份有限公司,2
理学部,化学化工学院,本科,2023,就业,江西赣锋锂业股份有限公司,4
理学部,化学化工学院,本科,2023,就业,浙江国邦药业有限公司,3
理学部,化学化工学院,本科,2023,就业,贵州胜威福全化工有限公司,2
理学部,化学化工学院,本科,2023,选调生,中共成都市委组织部,1
理学部,化学化工学院,本科,2023,选调生,中共重庆市酉阳县委组织部,1
理学部,化学化工学院,本科,2023,选调生,中国共产党内江市委员会组织部,1
理学部,化学化工学院,硕士,2021,出国(境)留学或工作,京都大学,1
理学部,化学化工学院,硕士,2021,出国(境)留学或工作,名古屋大学,1
理学部,化学化工学院,硕士,2021,出国(境)留学或工作,巴利亚多利德大学,1
理学部,化学化工学院,硕士,2021,出国(境)留学或工作,汉诺威大学,1
理学部,化学化工学院,硕士,2021,升学,吉林大学,1
理学部,化学化工学院,硕士,2021,升学,四川大学,1
理学部,化学化工学院,硕士,2021,升学,苏州大学,1
理学部,化学化工学院,硕士,2021,升学,重庆大学,7
理学部,化学化工学院,硕士,2021,就业,上海合全药物研发有限公司,2
理学部,化学化工学院,硕士,2021,就业,中国石油化工股份有限公司茂名分公司,4
理学部,化学化工学院,硕士,2021,就业,中核四0四有限公司,2
理学部,化学化工学院,硕士,2021,就业,其他,67
理学部,化学化工学院,硕士,2021,就业,四川长虹电源有限责任公司,10
理学部,化学化工学院,硕士,2021,就业,惠州锂威新能源科技有限公司,4
理学部,化学化工学院,硕士,2021,就业,湖北亿纬动力有限公司,4
理学部,化学化工学院,硕士,2021,就业,珠海冠宇电池股份有限公司,5
理学部,化学化工学院,硕士,2021,就业,重庆电力高等专科学校,3
理学部,化学化工学院,硕士,2021,就业,重庆红宇精密工业集团有限公司,3
理学部,化学化工学院,硕士,2021,就业,重庆长安新能源汽车科技有限公司,2
理学部,化学化工学院,硕士,2021,就业,长江存储科技有限责任公司,2
理学部,化学化工学院,硕士,2021,选调生,中共三门峡市委组织部,1
理学部,化学化工学院,硕士,2021,选调生,中共南充市委组织部,1
理学部,化学化工学院,硕士,2021,选调生,中共天津市宁河区委组织部,1
理学部,化学化工学院,硕士,2021,选调生,中共平顶山市委组织部,1
理学部,化学化工学院,硕士,2021,选调生,中共德阳市委组织部,1
理学部,化学化工学院,硕士,2021,选调生,中共攀枝花市委组织部,1
理学部,化学化工学院,硕士,2021,选调生,中共曲靖市委组织部,1
理学部,化学化工学院,硕士,2021,选调生,中共湖南省委组织部(中共永州市委组织部),1
理学部,化学化工学院,硕士,2021,选调生,中共滁州市委组织部,1
理学部,化学化工学院,硕士,2021,选调生,中共眉山市委组织部,3
理学部,化学化工学院,硕士,2021,选调生,中共重庆市委组织部,1
理学部,化学化工学院,硕士,2021,选调生,中国共产党内江市委员会组织部,2
理学部,化学化工学院,硕士,2021,选调生,中国共产党广安市委员会组织部,2
理学部,化学化工学院,硕士,2021,选调生,中国共产党达州市委员会组织部,1
理学部,化学化工学院,硕士,2021,选调生,广西壮族自治区党委组织部干部规划办,2
理学部,化学化工学院,硕士,2022,出国(境)留学或工作,新加坡国立大学,1
理学部,化学化工学院,硕士,2022,出国(境)留学或工作,汉诺威大学,1
理学部,化学化工学院,硕士,2022,出国(境)留学或工作,阿德莱德大学,1
理学部,化学化工学院,硕士,2022,出国(境)留学或工作,香港理工大学,1
理学部,化学化工学院,硕士,2022,升学,吉林大学,2
理学部,化学化工学院,硕士,2022,升学,湖南大学,1
理学部,化学化工学院,硕士,2022,升学,西北工业大学,1
理学部,化学化工学院,硕士,2022,升学,重庆大学,12
理学部,化学化工学院,硕士,2022,就业,上汽大众汽车有限公司,4
理学部,化学化工学院,硕士,2022,就业,中国石油化工股份有限公司洛阳分公司,2
理学部,化学化工学院,硕士,2022,就业,中电科技集团重庆声光电有限公司,2
理学部,化学化工学院,硕士,2022,就业,中芯国际集成电路制造(北京)有限公司,2
理学部,化学化工学院,硕士,2022,就业,其他,55
理学部,化学化工学院,硕士,2022,就业,华电云南发电有限公司,2
理学部,化学化工学院,硕士,2022,就业,四川长虹电源有限责任公司,2
理学部,化学化工学院,硕士,2022,就业,德阳三环科技有限公司,2
理学部,化学化工学院,硕士,2022,就业,武汉新芯集成电路制造有限公司,4
理学部,化学化工学院,硕士,2022,就业,比亚迪股份有限公司,11
理学部,化学化工学院,硕士,2022,就业,联合微电子中心有限责任公司,7
理学部,化学化工学院,硕士,2022,就业,重庆电力高等专科学校,2
理学部,化学化工学院,硕士,2022,就业,重庆红宇精密工业集团有限公司,2
理学部,化学化工学院,硕士,2022,就业,重庆药友制药有限责任公司,3
理学部,化学化工学院,硕士,2022,就业,重庆长安新能源汽车科技有限公司,15
理学部,化学化工学院,硕士,2022,选调生,中共安顺市委组织部,1
理学部,化学化工学院,硕士,2022,选调生,中共德阳市委组织部,1
理学部,化学化工学院,硕士,2022,选调生,中共眉山市委组织部,2
理学部,化学化工学院,硕士,2022,选调生,中共达州市委组织部,1
理学部,化学化工学院,硕士,2022,选调生,中共重庆市委组织部,1
理学部,化学化工学院,硕士,2022,选调生,中国共产党内江市委员会组织部,1
理学部,化学化工学院,硕士,2022,选调生,中国共产党内江市委员会组织部(待分配),1
理学部,化学化工学院,硕士,2022,选调生,中国共产党南充市委员会组织部,1
理学部,化学化工学院,硕士,2022,选调生,中国共产党宜宾市委员会组织部,1
理学部,化学化工学院,硕士,2022,选调生,中国共产党广安市委员会组织部,3
理学部,化学化工学院,硕士,2022,选调生,中国共产党广西壮族自治区委员会组织部,1
理学部,化学化工学院,硕士,2022,选调生,中国共产党泸州市委员会组织部,1
理学部,化学化工学院,硕士,2022,选调生,中国共产党资阳市委员会组织部,1
理学部,化学化工学院,硕士,2022,选调生,中国共产党遂宁市委员会组织部,2
理学部,化学化工学院,硕士,2022,选调生,中国共产党重庆市委员会组织部,1
理学部,化学化工学院,硕士,2022,选调生,新疆维吾尔自治区工信厅,1
理学部,化学化工学院,硕士,2022,选调生,运城市发展和改革委员会,1
理学部,化学化工学院,硕士,2023,出国(境)留学或工作,德国电子同步加速器研究所,1
理学部,化学化工学院,硕士,2023,出国(境)留学或工作,斯德哥尔摩大学,1
理学部,化学化工学院,硕士,2023,出国(境)留学或工作,澳门大学,1
理学部,化学化工学院,硕士,2023,升学,上海交通大学,2
理学部,化学化工学院,硕士,2023,升学,吉林大学,1
理学部,化学化工学院,硕士,2023,升学,四川大学,1
理学部,化学化工学院,硕士,2023,升学,电子科技大学,1
理学部,化学化工学院,硕士,2023,升学,重庆大学,5
理学部,化学化工学院,硕士,2023,就业,万华化学(四川)有限公司,2
理学部,化学化工学院,硕士,2023,就业,中国石化润滑油有限公司合成油脂分公司,2
理学部,化学化工学院,硕士,2023,就业,中核四0四有限公司,2
理学部,化学化工学院,硕士,2023,就业,其他,62
理学部,化学化工学院,硕士,2023,就业,四川东树新材料有限公司,2
理学部,化学化工学院,硕士,2023,就业,四川长虹电源有限责任公司,3
理学部,化学化工学院,硕士,2023,就业,比亚迪股份有限公司,37
理学部,化学化工学院,硕士,2023,就业,湖北亿纬动力有限公司,2
理学部,化学化工学院,硕士,2023,就业,重庆药友制药有限责任公司,3
理学部,化学化工学院,硕士,2023,就业,重庆长安新能源汽车科技有限公司,9
理学部,化学化工学院,硕士,2023,就业,重庆长安汽车股份有限公司,3
理学部,化学化工学院,硕士,2023,选调生,中共德阳市委组织部,1
理学部,化学化工学院,硕士,2023,选调生,中共绵阳市委组织部,1
理学部,化学化工学院,硕士,2023,选调生,中共自贡市委组织部,1
理学部,化学化工学院,硕士,2023,选调生,中共重庆市委组织部,3
理学部,化学化工学院,硕士,2023,选调生,中共重庆市涪陵区组织部,1
理学部,化学化工学院,硕士,2023,选调生,中共重庆市璧山区委组织部,1
理学部,化学化工学院,硕士,2023,选调生,中共铜仁市委组织部,1
理学部,化学化工学院,硕士,2023,选调生,中国共产党元谋县委员会机构编制委员会办公室,1
理学部,化学化工学院,硕士,2023,选调生,中国共产党内江市委员会组织部,1
理学部,化学化工学院,硕士,2023,选调生,中国共产党达州市委员会组织部,1
理学部,化学化工学院,硕士,2023,选调生,中国共产党重庆市北碚区委员会组织部,1
理学部,化学化工学院,硕士,2023,选调生,中国共产党镇江新区工作委员会组织部,1
理学部,化学化工学院,硕士,2023,选调生,凉山彝族自治州教育和体育局,1
理学部,化学化工学院,硕士,2023,选调生,玉林市医疗保障局,1
理学部,弘深学院,本科,2023,出国(境)留学或工作,东北大学,1
理学部,弘深学院,本科,2023,出国(境)留学或工作,伦敦大学国王学院,1
理学部,弘深学院,本科,2023,出国(境)留学或工作,伯明翰大学,1
理学部,弘深学院,本科,2023,出国(境)留学或工作,南安普顿大学,1
理学部,弘深学院,本科,2023,出国(境)留学或工作,哥本哈根大学,1
理学部,弘深学院,本科,2023,出国(境)留学或工作,墨尔本大学,2
理学部,弘深学院,本科,2023,出国(境)留学或工作,布朗大学,1
理学部,弘深学院,本科,2023,出国(境)留学或工作,帝国理工学院,1
理学部,弘深学院,本科,2023,出国(境)留学或工作,悉尼大学,5
理学部,弘深学院,本科,2023,出国(境)留学或工作,新加坡国立大学,5
理学部,弘深学院,本科,2023,出国(境)留学或工作,新南威尔士大学,5
理学部,弘深学院,本科,2023,出国(境)留学或工作,昆士兰大学,1
理学部,弘深学院,本科,2023,出国(境)留学或工作,杜伦大学,1
理学部,弘深学院,本科,2023,出国(境)留学或工作,格拉斯哥大学,1
理学部,弘深学院,本科,2023,出国(境)留学或工作,汉诺威大学,1
理学部,弘深学院,本科,2023,出国(境)留学或工作,蒙纳士大学,1
理学部,弘深学院,本科,2023,出国(境)留学或工作,西澳大学,5
理学部,弘深学院,本科,2023,出国(境)留学或工作,阿德莱德大学,2
理学部,弘深学院,本科,2023,出国(境)留学或工作,香港中文大学(深圳),1
理学部,弘深学院,本科,2023,出国(境)留学或工作,香港城市大学,2
理学部,弘深学院,本科,2023,出国(境)留学或工作,香港大学,2
理学部,弘深学院,本科,2023,出国(境)留学或工作,香港理工大学,1
理学部,弘深学院,本科,2023,出国(境)留学或工作,香港科技大学,2
理学部,弘深学院,本科,2023,升学,上海交通大学,6
理学部,弘深学院,本科,2023,升学,上海微系统与信息技术研究所,1
理学部,弘深学院,本科,2023,升学,上海财经大学,1
理学部,弘深学院,本科,2023,升学,东南大学,2
理学部,弘深学院,本科,2023,升学,中国科学技术大学,1
理学部,弘深学院,本科,2023,升学,中国科学院大学,1
理学部,弘深学院,本科,2023,升学,中山大学,2
理学部,弘深学院,本科,2023,升学,北京协和医学院,1
理学部,弘深学院,本科,2023,升学,北京大学,2
理学部,弘深学院,本科,2023,升学,北京理工大学,1
理学部,弘深学院,本科,2023,升学,华中科技大学,5
理学部,弘深学院,本科,2023,升学,南开大学,1
理学部,弘深学院,本科,2023,升学,厦门大学,2
理学部,弘深学院,本科,2023,升学,同济大学,3
理学部,弘深学院,本科,2023,升学,哈尔滨工业大学(深圳),1
理学部,弘深学院,本科,2023,升学,四川大学,1
理学部,弘深学院,本科,2023,升学,武汉大学,1
理学部,弘深学院,本科,2023,升学,浙江大学,5
理学部,弘深学院,本科,2023,升学,清华大学深圳国际研究生院,1
理学部,弘深学院,本科,2023,升学,西安交通大学,9
理学部,弘深学院,本科,2023,升学,重庆大学,8
理学部,弘深学院,本科,2023,就业,其他,14
理学部,数学与统计学院,博士,2021,就业,中国民用航空飞行学院,1
理学部,数学与统计学院,博士,2021,就业,广西民族大学,1
理学部,数学与统计学院,博士,2021,就业,浙江师范大学,1
理学部,数学与统计学院,博士,2021,就业,温州大学,1
理学部,数学与统计学院,博士,2021,就业,湖南工商大学,1
理学部,数学与统计学院,博士,2021,就业,盐城师范学院,1
理学部,数学与统计学院,博士,2021,就业,石河子大学,1
理学部,数学与统计学院,博士,2021,就业,西南石油大学,1
理学部,数学与统计学院,博士,2021,就业,重庆工商大学,1
理学部,数学与统计学院,博士,2021,就业,重庆邮电大学,1
理学部,数学与统计学院,博士,2022,就业,宁波财经学院,1
理学部,数学与统计学院,博士,2022,就业,广东白云学院,1
理学部,数学与统计学院,博士,2022,就业,重庆交通大学,1
理学部,数学与统计学院,博士,2022,就业,重庆工商大学,2
理学部,数学与统计学院,博士,2022,就业,重庆邮电大学,1
理学部,数学与统计学院,博士,2022,就业,鹏城实验室,1
理学部,数学与统计学院,博士,2023,就业,加利福尼亚大学洛杉矶分校,1
理学部,数学与统计学院,博士,2023,就业,河北经贸大学,1
理学部,数学与统计学院,博士,2023,就业,石河子大学,1
理学部,数学与统计学院,博士,2023,就业,西南石油大学,1
理学部,数学与统计学院,博士,2023,就业,重庆师范大学,2
理学部,数学与统计学院,博士,2023,就业,重庆理工大学,1
理学部,数学与统计学院,本科,2021,出国(境)留学或工作,北卡罗莱纳大学教堂山分校,1
理学部,数学与统计学院,本科,2021,出国(境)留学或工作,南加州大学,1
理学部,数学与统计学院,本科,2021,出国(境)留学或工作,瑞典皇家理工学院,1
理学部,数学与统计学院,本科,2021,出国(境)留学或工作,谢菲尔德大学,1
理学部,数学与统计学院,本科,2021,出国(境)留学或工作,都柏林大学,1
理学部,数学与统计学院,本科,2021,出国(境)留学或工作,香港中文大学,1
理学部,数学与统计学院,本科,2021,出国(境)留学或工作,香港大学,1
理学部,数学与统计学院,本科,2021,升学,上海交通大学,1
理学部,数学与统计学院,本科,2021,升学,上海财经大学,2
理学部,数学与统计学院,本科,2021,升学,中共中央党校,1
理学部,数学与统计学院,本科,2021,升学,中南大学,2
理学部,数学与统计学院,本科,2021,升学,中国人民大学,1
理学部,数学与统计学院,本科,2021,升学,中国科学技术大学,3
理学部,数学与统计学院,本科,2021,升学,中国科学院大学,1
理学部,数学与统计学院,本科,2021,升学,中国科学院自动化所,1
理学部,数学与统计学院,本科,2021,升学,中央财经大学,2
理学部,数学与统计学院,本科,2021,升学,中山大学,2
理学部,数学与统计学院,本科,2021,升学,北京师范大学,1
理学部,数学与统计学院,本科,2021,升学,北京应用物理与计算数学研究所,1
理学部,数学与统计学院,本科,2021,升学,北京计算科学研究中心,1
理学部,数学与统计学院,本科,2021,升学,华中师范大学,1
理学部,数学与统计学院,本科,2021,升学,华中科技大学,1
理学部,数学与统计学院,本科,2021,升学,南开大学,1
理学部,数学与统计学院,本科,2021,升学,厦门大学,5
理学部,数学与统计学院,本科,2021,升学,同济大学,1
理学部,数学与统计学院,本科,2021,升学,四川大学,3
理学部,数学与统计学院,本科,2021,升学,复旦大学,2
理学部,数学与统计学院,本科,2021,升学,山东大学,3
理学部,数学与统计学院,本科,2021,升学,山西大学,1
理学部,数学与统计学院,本科,2021,升学,浙江工商大学,1
理学部,数学与统计学院,本科,2021,升学,深圳大学,1
理学部,数学与统计学院,本科,2021,升学,西南财经大学,1
理学部,数学与统计学院,本科,2021,升学,西安交通大学,4
理学部,数学与统计学院,本科,2021,升学,重庆大学,25
理学部,数学与统计学院,本科,2021,就业,中国平安财产保险股份有限公司重庆分公司,2
理学部,数学与统计学院,本科,2021,就业,中国重汽集团重庆燃油喷射系统有限公司,2
理学部,数学与统计学院,本科,2021,就业,其他,17
理学部,数学与统计学院,本科,2021,志愿服务西部计划,共青团阿克苏市委员会,1
理学部,数学与统计学院,本科,2021,选调生,中共德阳市委组织部,1
理学部,数学与统计学院,本科,2021,选调生,中共成都市委组织部,1
理学部,数学与统计学院,本科,2022,出国(境)留学或工作,丹麦技术大学,1
理学部,数学与统计学院,本科,2022,出国(境)留学或工作,北海道大学,1
理学部,数学与统计学院,本科,2022,出国(境)留学或工作,密歇根大学,2
理学部,数学与统计学院,本科,2022,出国(境)留学或工作,曼彻斯特大学,2
理学部,数学与统计学院,本科,2022,出国(境)留学或工作,格拉斯哥大学,4
理学部,数学与统计学院,本科,2022,出国(境)留学或工作,西澳大学,1
理学部,数学与统计学院,本科,2022,出国(境)留学或工作,阿德莱德大学,1
理学部,数学与统计学院,本科,2022,出国(境)留学或工作,香港城市大学,1
理学部,数学与统计学院,本科,2022,出国(境)留学或工作,香港大学,1
理学部,数学与统计学院,本科,2022,升学,上海交通大学,1
理学部,数学与统计学院,本科,2022,升学,上海师范大学,1
理学部,数学与统计学院,本科,2022,升学,上海理工大学,1
理学部,数学与统计学院,本科,2022,升学,上海财经大学,1
理学部,数学与统计学院,本科,2022,升学,东南大学,1
理学部,数学与统计学院,本科,2022,升学,中央财经大学,1
理学部,数学与统计学院,本科,2022,升学,北京大学,1
理学部,数学与统计学院,本科,2022,升学,北京师范大学,2
理学部,数学与统计学院,本科,2022,升学,北京理工大学,1
理学部,数学与统计学院,本科,2022,升学,北京航空航天大学,1
理学部,数学与统计学院,本科,2022,升学,华东师范大学,1
理学部,数学与统计学院,本科,2022,升学,华中科技大学,3
理学部,数学与统计学院,本科,2022,升学,南开大学,1
理学部,数学与统计学院,本科,2022,升学,厦门大学,2
理学部,数学与统计学院,本科,2022,升学,同济大学,1
理学部,数学与统计学院,本科,2022,升学,四川大学,2
理学部,数学与统计学院,本科,2022,升学,复旦大学,2
理学部,数学与统计学院,本科,2022,升学,对外经济贸易大学,1
理学部,数学与统计学院,本科,2022,升学,山东大学,1
理学部,数学与统计学院,本科,2022,升学,山西财经大学,1
理学部,数学与统计学院,本科,2022,升学,新疆大学,1
理学部,数学与统计学院,本科,2022,升学,武汉大学,4
理学部,数学与统计学院,本科,2022,升学,浙江大学,1
理学部,数学与统计学院,本科,2022,升学,清华大学,1
理学部,数学与统计学院,本科,2022,升学,西南财经大学,3
理学部,数学与统计学院,本科,2022,升学,西安交通大学,1
理学部,数学与统计学院,本科,2022,就业,其他,20
理学部,数学与统计学院,本科,2022,就业,重庆大学,32
理学部,数学与统计学院,本科,2022,志愿服务西部计划,共青团重庆市大足区委,1
理学部,数学与统计学院,本科,2022,选调生,中共彭水苗族土家族自治县委组织部,1
理学部,数学与统计学院,本科,2022,选调生,中共黔东南州委组织部,1
理学部,数学与统计学院,本科,2022,选调生,中国共产党毕节市委员会组织部,1
理学部,数学与统计学院,本科,2022,选调生,乌鲁木齐市人力资源和社会保障局,1
理学部,数学与统计学院,本科,2023,出国(境)留学或工作,伦敦艺术大学,1
理学部,数学与统计学院,本科,2023,出国(境)留学或工作,南安普顿大学,1
理学部,数学与统计学院,本科,2023,出国(境)留学或工作,悉尼大学,1
理学部,数学与统计学院,本科,2023,出国(境)留学或工作,新加坡国立大学,7
理学部,数学与统计学院,本科,2023,出国(境)留学或工作,新南威尔士大学,1
理学部,数学与统计学院,本科,2023,出国(境)留学或工作,田纳西大学,1
理学部,数学与统计学院,本科,2023,出国(境)留学或工作,香港城市大学,2
理学部,数学与统计学院,本科,2023,升学,上海交通大学,1
理学部,数学与统计学院,本科,2023,升学,东南大学,1
理学部,数学与统计学院,本科,2023,升学,中南大学,1
理学部,数学与统计学院,本科,2023,升学,中国人民大学,1
理学部,数学与统计学院,本科,2023,升学,中国科学技术大学,3
理学部,数学与统计学院,本科,2023,升学,中山大学,1
理学部,数学与统计学院,本科,2023,升学,北京师范大学,2
理学部,数学与统计学院,本科,2023,升学,北京理工大学,3
理学部,数学与统计学院,本科,2023,升学,华中科技大学,2
理学部,数学与统计学院,本科,2023,升学,华南理工大学,1
理学部,数学与统计学院,本科,2023,升学,南开大学,1
理学部,数学与统计学院,本科,2023,升学,同济大学,1
理学部,数学与统计学院,本科,2023,升学,哈尔滨工业大学,1
理学部,数学与统计学院,本科,2023,升学,商务部国际贸易经济合作研究院,1
理学部,数学与统计学院,本科,2023,升学,四川大学,1
理学部,数学与统计学院,本科,2023,升学,国防科学技术大学,1
理学部,数学与统计学院,本科,2023,升学,复旦大学,1
理学部,数学与统计学院,本科,2023,升学,大连理工大学,1
理学部,数学与统计学院,本科,2023,升学,对外经济贸易大学,1
理学部,数学与统计学院,本科,2023,升学,武汉大学,5
理学部,数学与统计学院,本科,2023,升学,浙江大学,1
理学部,数学与统计学院,本科,2023,升学,湖南大学,1
理学部,数学与统计学院,本科,2023,升学,电子科技大学,1
理学部,数学与统计学院,本科,2023,升学,西南交通大学,1
理学部,数学与统计学院,本科,2023,升学,西南财经大学,1
理学部,数学与统计学院,本科,2023,升学,西安交通大学,3
理学部,数学与统计学院,本科,2023,升学,重庆医科大学,1
理学部,数学与统计学院,本科,2023,升学,重庆大学,25
理学部,数学与统计学院,本科,2023,升学,陕西师范大学,1
理学部,数学与统计学院,本科,2023,升学,首都师范大学,1
理学部,数学与统计学院,本科,2023,就业,其他,26
理学部,数学与统计学院,本科,2023,就业,合肥我们方田教育科技有限公司,2
理学部,数学与统计学院,本科,2023,就业,泉州聚龙外国语学校,2
理学部,数学与统计学院,本科,2023,选调生,中共临高县委组织部,1
理学部,数学与统计学院,本科,2023,选调生,中共贵州省委组织部,1
理学部,数学与统计学院,本科,2023,选调生,中共重庆市巴南区委组织部,1
理学部,数学与统计学院,本科,2023,选调生,柳州市发展和改革委员会,1
理学部,数学与统计学院,硕士,2021,出国(境)留学或工作,香港中文大学(深圳),1
理学部,数学与统计学院,硕士,2021,就业,其他,61
理学部,数学与统计学院,硕士,2021,就业,胡桃街(上海)信息技术有限公司,2
理学部,数学与统计学院,硕士,2021,就业,许继集团有限公司,2
理学部,数学与统计学院,硕士,2021,就业,重庆市江津区教育评估监测中心,3
理学部,数学与统计学院,硕士,2021,选调生,中共眉山市委组织部,1
理学部,数学与统计学院,硕士,2021,选调生,中共重庆市委组织部,5
理学部,数学与统计学院,硕士,2021,选调生,中国共产党内江市委员会组织部,1
理学部,数学与统计学院,硕士,2021,选调生,朔州市中级人民法院,1
理学部,数学与统计学院,硕士,2022,出国(境)留学或工作,夏威夷大学,1
理学部,数学与统计学院,硕士,2022,升学,华中科技大学,1
理学部,数学与统计学院,硕士,2022,升学,重庆大学,1
理学部,数学与统计学院,硕士,2022,就业,中国电信股份有限公司重庆分公司,2
理学部,数学与统计学院,硕士,2022,就业,其他,65
理学部,数学与统计学院,硕士,2022,就业,北京大学重庆大数据研究院,2
理学部,数学与统计学院,硕士,2022,就业,重庆富民银行股份有限公司,2
理学部,数学与统计学院,硕士,2022,就业,重庆长安汽车软件科技有限公司,2
理学部,数学与统计学院,硕士,2022,就业,重庆高新技术产业开发区管理委员会,2
理学部,数学与统计学院,硕士,2022,选调生,中共东莞市委组织部,1
理学部,数学与统计学院,硕士,2022,选调生,中共德阳市委组织部,1
理学部,数学与统计学院,硕士,2022,选调生,中共成都市委组织部,2
理学部,数学与统计学院,硕士,2022,选调生,中共绵阳市委组织部,1
理学部,数学与统计学院,硕士,2022,选调生,中共赵县县委组织部,1
理学部,数学与统计学院,硕士,2022,选调生,中共铜仁市委组织部,1
理学部,数学与统计学院,硕士,2022,选调生,中共黑龙江省委组织部,1
理学部,数学与统计学院,硕士,2022,选调生,中国共产党内江市委员会组织部(待分配),1
理学部,数学与统计学院,硕士,2022,选调生,中国共产党重庆市委员会组织部,2
理学部,数学与统计学院,硕士,2022,选调生,吕梁市大数据应用局,1
理学部,数学与统计学院,硕士,2022,选调生,太原市审计局,1
理学部,数学与统计学院,硕士,2022,选调生,石家庄市正定县委组织部,1
理学部,数学与统计学院,硕士,2023,升学,北京航空航天大学,1
理学部,数学与统计学院,硕士,2023,升学,厦门大学,1
理学部,数学与统计学院,硕士,2023,升学,重庆大学,4
理学部,数学与统计学院,硕士,2023,就业,其他,75
理学部,数学与统计学院,硕士,2023,就业,成都飞机工业(集团)有限责任公司,2
理学部,数学与统计学院,硕士,2023,就业,比亚迪股份有限公司,13
理学部,数学与统计学院,硕士,2023,就业,重庆长安新能源汽车科技有限公司,2
理学部,数学与统计学院,硕士,2023,就业,重庆长安汽车股份有限公司,6
理学部,数学与统计学院,硕士,2023,就业,重庆长安汽车软件科技有限公司,4
理学部,数学与统计学院,硕士,2023,选调生,中共安徽省委组织部,1
理学部,数学与统计学院,硕士,2023,选调生,中共平顶山市委组织部,2
理学部,数学与统计学院,硕士,2023,选调生,中共贵阳市委组织部,1
理学部,数学与统计学院,硕士,2023,选调生,中共重庆市委组织部,4
理学部,数学与统计学院,硕士,2023,选调生,中共重庆市巫山县组织部,1
理学部,数学与统计学院,硕士,2023,选调生,中国共产党广安市委员会组织部,1
理学部,数学与统计学院,硕士,2023,选调生,中国共产党重庆市委员会组织部,1
理学部,数学与统计学院,硕士,2023,选调生,江苏省委组织部,1
理学部,数学与统计学院,硕士,2023,选调生,江西省委组织部,1
理学部,物理学院,博士,2021,就业,上海交通大学,2
理学部,物理学院,博士,2021,就业,中国电子科技集团公司第四十一研究所,1
理学部,物理学院,博士,2021,就业,北京大学,1
理学部,物理学院,博士,2021,就业,周口师范学院,1
理学部,物理学院,博士,2021,就业,广西大学,1
理学部,物理学院,博士,2021,就业,广西科技大学,1
理学部,物理学院,博士,2021,就业,清华大学,1
理学部,物理学院,博士,2021,就业,湘潭大学,1
理学部,物理学院,博士,2021,就业,绵阳师范学院,1
理学部,物理学院,博士,2021,就业,西南大学,1
理学部,物理学院,博士,2021,就业,西南科技大学,1
理学部,物理学院,博士,2021,就业,西昌学院,1
理学部,物理学院,博士,2021,就业,重庆师范大学,1
理学部,物理学院,博士,2021,就业,重庆电子工程职业学院,1
理学部,物理学院,博士,2021,就业,重庆邮电大学,4
理学部,物理学院,博士,2022,就业,中国人民解放军陆军军医大学,1
理学部,物理学院,博士,2022,就业,中国科学院大学,1
理学部,物理学院,博士,2022,就业,中国科学院高能物理研究所,1
理学部,物理学院,博士,2022,就业,北京航空航天大学,1
理学部,物理学院,博士,2022,就业,重庆文理学院,1
理学部,物理学院,博士,2022,就业,重庆理工大学,1
理学部,物理学院,博士,2023,就业,中电科芯片技术(集团)有限公司,1
理学部,物理学院,博士,2023,就业,南方科技大学,1
理学部,物理学院,博士,2023,就业,比亚迪股份有限公司,2
理学部,物理学院,博士,2023,就业,西北农林科技大学,1
理学部,物理学院,博士,2023,就业,西南科技大学,1
理学部,物理学院,博士,2023,就业,贵州师范大学,1
理学部,物理学院,博士,2023,就业,重庆三峡学院,1
理学部,物理学院,博士,2023,就业,重庆师范大学,1
理学部,物理学院,博士,2023,就业,重庆理工大学,1
理学部,物理学院,博士,2023,就业,重庆邮电大学,1
理学部,物理学院,本科,2021,出国(境)留学或工作,南加州大学,1
理学部,物理学院,本科,2021,出国(境)留学或工作,芝加哥大学,1
理学部,物理学院,本科,2021,升学,三峡大学,1
理学部,物理学院,本科,2021,升学,东南大学,2
理学部,物理学院,本科,2021,升学,中国原子能科学研究院,1
理学部,物理学院,本科,2021,升学,中国工程物理研究院,1
理学部,物理学院,本科,2021,升学,中国科学技术大学,3
理学部,物理学院,本科,2021,升学,中国科学院微电子研究所,2
理学部,物理学院,本科,2021,升学,中国科学院物理研究所,2
理学部,物理学院,本科,2021,升学,中国科学院理论物理研究所,1
理学部,物理学院,本科,2021,升学,中国科学院福建物质结构研究所,1
理学部,物理学院,本科,2021,升学,兰州大学,1
理学部,物理学院,本科,2021,升学,华中科技大学,1
理学部,物理学院,本科,2021,升学,南京大学,2
理学部,物理学院,本科,2021,升学,哈尔滨工程大学,1
理学部,物理学院,本科,2021,升学,复旦大学,4
理学部,物理学院,本科,2021,升学,武汉大学,4
理学部,物理学院,本科,2021,升学,浙江大学,4
理学部,物理学院,本科,2021,升学,电子科技大学,1
理学部,物理学院,本科,2021,升学,西南财经大学,1
理学部,物理学院,本科,2021,升学,重庆大学,16
理学部,物理学院,本科,2021,升学,重庆师范大学,1
理学部,物理学院,本科,2021,就业,其他,21
理学部,物理学院,本科,2022,出国(境)留学或工作,东京中央日本语学校,1
理学部,物理学院,本科,2022,出国(境)留学或工作,克拉克大学,1
理学部,物理学院,本科,2022,出国(境)留学或工作,南安普敦大学,1
理学部,物理学院,本科,2022,出国(境)留学或工作,南洋理工大学,2
理学部,物理学院,本科,2022,出国(境)留学或工作,新加坡国立大学,1
理学部,物理学院,本科,2022,出国(境)留学或工作,爱丁堡大学,1
理学部,物理学院,本科,2022,出国(境)留学或工作,香港中文大学,1
理学部,物理学院,本科,2022,升学,上海交通大学,1
理学部,物理学院,本科,2022,升学,东南大学,1
理学部,物理学院,本科,2022,升学,中国人民大学,1
理学部,物理学院,本科,2022,升学,中国工程物理研究院——北京计算科学研究中心,1
理学部,物理学院,本科,2022,升学,中国科学技术大学,1
理学部,物理学院,本科,2022,升学,中国科学院大学(国家天文台),1
理学部,物理学院,本科,2022,升学,中国科学院理论物理研究所,1
理学部,物理学院,本科,2022,升学,中国科学院长春光学精密机械与物理研究所,1
理学部,物理学院,本科,2022,升学,中国科学院高能物理研究所,1
理学部,物理学院,本科,2022,升学,华东师范大学,1
理学部,物理学院,本科,2022,升学,华中师范大学,1
理学部,物理学院,本科,2022,升学,华中科技大学,1
理学部,物理学院,本科,2022,升学,华南理工大学,1
理学部,物理学院,本科,2022,升学,南京大学,2
理学部,物理学院,本科,2022,升学,南开大学,1
理学部,物理学院,本科,2022,升学,南方科技大学,2
理学部,物理学院,本科,2022,升学,厦门大学,1
理学部,物理学院,本科,2022,升学,复旦大学,2
理学部,物理学院,本科,2022,升学,武汉大学,1
理学部,物理学院,本科,2022,升学,浙江大学,3
理学部,物理学院,本科,2022,升学,清华大学,2
理学部,物理学院,本科,2022,升学,电子科技大学,3
理学部,物理学院,本科,2022,升学,西安交通大学,1
理学部,物理学院,本科,2022,就业,其他,17
理学部,物理学院,本科,2022,就业,重庆大学,25
理学部,物理学院,本科,2022,志愿服务西部计划,克州人大常委会,1
理学部,物理学院,本科,2023,出国(境)留学或工作,南安普顿大学,1
理学部,物理学院,本科,2023,出国(境)留学或工作,南洋理工大学,1
理学部,物理学院,本科,2023,出国(境)留学或工作,德累斯顿工业大学,1
理学部,物理学院,本科,2023,出国(境)留学或工作,新加坡国立大学,3
理学部,物理学院,本科,2023,出国(境)留学或工作,香港城市大学,1
理学部,物理学院,本科,2023,升学,上海交通大学,1
理学部,物理学院,本科,2023,升学,东南大学,1
理学部,物理学院,本科,2023,升学,中国人民大学,1
理学部,物理学院,本科,2023,升学,中国工程物理研究院,3
理学部,物理学院,本科,2023,升学,中国科学技术大学,2
理学部,物理学院,本科,2023,升学,中国科学院半导体研究所,1
理学部,物理学院,本科,2023,升学,中国科学院国家天文台,1
理学部,物理学院,本科,2023,升学,中国科学院大学,6
理学部,物理学院,本科,2023,升学,中国科学院大学杭州高等研究院,1
理学部,物理学院,本科,2023,升学,兰州大学,1
理学部,物理学院,本科,2023,升学,北京大学,2
理学部,物理学院,本科,2023,升学,华中科技大学,2
理学部,物理学院,本科,2023,升学,南京大学,4
理学部,物理学院,本科,2023,升学,南方科技大学,5
理学部,物理学院,本科,2023,升学,四川大学,1
理学部,物理学院,本科,2023,升学,复旦大学,1
理学部,物理学院,本科,2023,升学,天津大学,1
理学部,物理学院,本科,2023,升学,武汉大学,1
理学部,物理学院,本科,2023,升学,浙江大学,1
理学部,物理学院,本科,2023,升学,湖南大学,1
理学部,物理学院,本科,2023,升学,电子科技大学,1
理学部,物理学院,本科,2023,升学,西安交通大学,1
理学部,物理学院,本科,2023,升学,重庆大学,20
理学部,物理学院,本科,2023,就业,其他,18
理学部,物理学院,本科,2023,就业,贵阳航空电机有限公司,2
理学部,物理学院,本科,2023,志愿服务西部计划,重庆市綦江区石角镇人民政府,1
理学部,物理学院,硕士,2021,升学,上海交通大学,1
理学部,物理学院,硕士,2021,升学,中山大学,1
理学部,物理学院,硕士,2021,升学,北京大学,1
理学部,物理学院,硕士,2021,升学,华中科技大学,1
理学部,物理学院,硕士,2021,升学,西湖大学,1
理学部,物理学院,硕士,2021,升学,重庆大学,3
理学部,物理学院,硕士,2021,就业,其他,16
理学部,物理学院,硕士,2021,就业,重庆市南开中学校,2
理学部,物理学院,硕士,2022,升学,中山大学,1
理学部,物理学院,硕士,2022,升学,北京理工大学,1
理学部,物理学院,硕士,2022,升学,华中科技大学,1
理学部,物理学院,硕士,2022,升学,南方科技大学,1
理学部,物理学院,硕士,2022,升学,重庆大学,1
理学部,物理学院,硕士,2022,就业,中电科技集团重庆声光电有限公司,5
理学部,物理学院,硕士,2022,就业,其他,16
理学部,物理学院,硕士,2022,就业,江苏省靖江第一高级中学,2
理学部,物理学院,硕士,2022,选调生,中国共产党广安市委员会组织部,1
理学部,物理学院,硕士,2022,选调生,中国共产党遂宁市委员会组织部,1
理学部,物理学院,硕士,2022,选调生,中国共产党重庆市委员会组织部,1
理学部,物理学院,硕士,2023,升学,中国科学院纳米能源与系统研究所,1
理学部,物理学院,硕士,2023,升学,南京大学,1
理学部,物理学院,硕士,2023,升学,重庆大学,5
理学部,物理学院,硕士,2023,就业,其他,25
理学部,物理学院,硕士,2023,就业,比亚迪股份有限公司,2
理学部,物理学院,硕士,2023,选调生,中共重庆市沙坪坝区委组织部,1
理学部,物理学院,硕士,2023,选调生,中国共产党重庆市南川区委员会组织部,1
理学部,生命科学学院,博士,2021,就业,上海市农业科学院,1
理学部,生命科学学院,博士,2021,就业,周口师范学院,2
理学部,生命科学学院,博士,2021,就业,河南工业大学,1
理学部,生命科学学院,博士,2021,就业,西昌学院,1
理学部,生命科学学院,博士,2021,就业,贵州医科大学,1
理学部,生命科学学院,博士,2022,出国(境)留学或工作,新加坡国立大学,1
理学部,生命科学学院,博士,2022,就业,上海橙帆医药有限公司,1
理学部,生命科学学院,博士,2022,就业,六盘水师范学院,1
理学部,生命科学学院,博士,2022,就业,四川大学,1
理学部,生命科学学院,博士,2022,就业,四川省医学科学院·四川省人民医院,1
理学部,生命科学学院,博士,2022,就业,四川美术学院,1
理学部,生命科学学院,博士,2022,就业,成都市农林科学院园艺研究所,1
理学部,生命科学学院,博士,2022,就业,河南师范大学,1
理学部,生命科学学院,博士,2022,就业,海南大学,1
理学部,生命科学学院,博士,2022,就业,西华师范大学,1
理学部,生命科学学院,博士,2022,就业,西昌学院,1
理学部,生命科学学院,博士,2022,就业,贵州医科大学,1
理学部,生命科学学院,博士,2023,就业,苏州大学,1
理学部,生命科学学院,博士,2023,就业,西南大学,2
理学部,生命科学学院,本科,2021,升学,上海科技大学,1
理学部,生命科学学院,本科,2021,升学,中国科学技术大学,1
理学部,生命科学学院,本科,2021,升学,中国科学院分子细胞科学卓越创新中心,2
理学部,生命科学学院,本科,2021,升学,中国科学院南京地质古生物研究所,1
理学部,生命科学学院,本科,2021,升学,中国科学院成都生物研究所,1
理学部,生命科学学院,本科,2021,升学,北京大学,1
理学部,生命科学学院,本科,2021,升学,华南理工大学,1
理学部,生命科学学院,本科,2021,升学,四川大学,1
理学部,生命科学学院,本科,2021,升学,武汉大学,1
理学部,生命科学学院,本科,2021,升学,浙江大学,2
理学部,生命科学学院,本科,2021,升学,清华大学,1
理学部,生命科学学院,本科,2021,就业,其他,7
理学部,生命科学学院,本科,2021,就业,深圳市新产业生物医学工程股份有限公司,2
理学部,生命科学学院,本科,2021,就业,重庆大学,8
理学部,生命科学学院,本科,2021,选调生,中国共产党昌都市委员会组织部,1
理学部,生命科学学院,本科,2022,升学,中国农业科学院-沼科所,1
理学部,生命科学学院,本科,2022,升学,北京大学,1
理学部,生命科学学院,本科,2022,升学,厦门大学,1
理学部,生命科学学院,本科,2022,升学,武汉大学,3
理学部,生命科学学院,本科,2022,升学,汕头大学,1
理学部,生命科学学院,本科,2022,升学,浙江大学,3
理学部,生命科学学院,本科,2022,升学,重庆大学,4
理学部,生命科学学院,本科,2022,就业,其他,7
理学部,生命科学学院,本科,2023,出国(境)留学或工作,谢菲尔德大学,1
理学部,生命科学学院,本科,2023,升学,中国科学院分子细胞科学卓越创新中心,1
理学部,生命科学学院,本科,2023,升学,中国科学院昆明动物研究所,1
理学部,生命科学学院,本科,2023,升学,中国科学院生物与化学交叉研究中心,1
理学部,生命科学学院,本科,2023,升学,北京大学,1
理学部,生命科学学院,本科,2023,升学,厦门大学,2
理学部,生命科学学院,本科,2023,升学,同济大学,1
理学部,生命科学学院,本科,2023,升学,武汉大学,1
理学部,生命科学学院,本科,2023,升学,湖南大学,1
理学部,生命科学学院,本科,2023,升学,西南大学,1
理学部,生命科学学院,本科,2023,升学,重庆大学,3
理学部,生命科学学院,本科,2023,就业,其他,2
理学部,生命科学学院,硕士,2021,升学,中国科学院青岛生物能源与过程研究所,1
理学部,生命科学学院,硕士,2021,升学,重庆大学,2
理学部,生命科学学院,硕士,2021,就业,其他,13
理学部,生命科学学院,硕士,2021,就业,成都药明康德新药开发有限公司,2
理学部,生命科学学院,硕士,2021,就业,重庆中元汇吉生物技术有限公司,2
理学部,生命科学学院,硕士,2021,选调生,中共乐山市委组织部,1
理学部,生命科学学院,硕士,2021,选调生,中共六盘水市委组织部,1
理学部,生命科学学院,硕士,2021,选调生,中共德阳市委组织部,1
理学部,生命科学学院,硕士,2021,选调生,中共攀枝花市委组织部,1
理学部,生命科学学院,硕士,2021,选调生,中共泸州市委组织部,1
理学部,生命科学学院,硕士,2021,选调生,中共芷江侗族自治县委组织部,1
理学部,生命科学学院,硕士,2021,选调生,中共遵义市委组织部,1
理学部,生命科学学院,硕士,2021,选调生,中国共产党内江市委员会组织部(待分配),1
理学部,生命科学学院,硕士,2022,升学,同济大学,1
理学部,生命科学学院,硕士,2022,升学,苏州大学,1
理学部,生命科学学院,硕士,2022,就业,其他,17
理学部,生命科学学院,硕士,2022,就业,葆光生物技术研究(重庆)有限公司,2
理学部,生命科学学院,硕士,2022,选调生,中共乐山市委组织部,1
理学部,生命科学学院,硕士,2022,选调生,中共黔东南州委组织部(黔东南州公务员局),1
理学部,生命科学学院,硕士,2022,选调生,中国共产党内江市委员会组织部(待分配),2
理学部,生命科学学院,硕士,2023,升学,重庆大学,3
理学部,生命科学学院,硕士,2023,就业,其他,22
理学部,生命科学学院,硕士,2023,选调生,中共眉山市委组织部,1
理学部,生命科学学院,硕士,2023,选调生,中共重庆市委组织部,1
社会科学学部,公共管理学院,博士,2021,就业,云南师范大学,1
社会科学学部,公共管理学院,博士,2021,就业,华东师范大学,1
社会科学学部,公共管理学院,博士,2021,就业,四川外国语大学,1
社会科学学部,公共管理学院,博士,2021,就业,浙江省发展规划研究院,1
社会科学学部,公共管理学院,博士,2021,就业,西南大学,1
社会科学学部,公共管理学院,博士,2021,就业,重庆工商大学,6
社会科学学部,公共管理学院,博士,2021,选调生,中共乐山市委组织部,1
社会科学学部,公共管理学院,博士,2021,选调生,中共重庆市委组织部,1
社会科学学部,公共管理学院,博士,2022,就业,南方电网能源发展研究院有限责任公司,1
社会科学学部,公共管理学院,博士,2022,就业,四川外国语大学,2
社会科学学部,公共管理学院,博士,2022,就业,重庆农村商业银行股份有限公司,1
社会科学学部,公共管理学院,博士,2022,就业,重庆理工大学,1
社会科学学部,公共管理学院,博士,2023,就业,徐州工程学院,1
社会科学学部,公共管理学院,博士,2023,就业,新疆大学,1
社会科学学部,公共管理学院,博士,2023,就业,西南财经大学,1
社会科学学部,公共管理学院,博士,2023,就业,重庆工程职业技术学院,1
社会科学学部,公共管理学院,博士,2023,就业,重庆理工大学,1
社会科学学部,公共管理学院,本科,2021,出国(境)留学或工作,利兹大学,1
社会科学学部,公共管理学院,本科,2021,出国(境)留学或工作,华威大学,2
社会科学学部,公共管理学院,本科,2021,出国(境)留学或工作,南洋理工大学,1
社会科学学部,公共管理学院,本科,2021,出国(境)留学或工作,墨尔本大学,1
社会科学学部,公共管理学院,本科,2021,出国(境)留学或工作,悉尼大学,2
社会科学学部,公共管理学院,本科,2021,出国(境)留学或工作,曼彻斯特大学,1
社会科学学部,公共管理学院,本科,2021,出国(境)留学或工作,杜伦大学,1
社会科学学部,公共管理学院,本科,2021,出国(境)留学或工作,格拉斯哥大学,1
社会科学学部,公共管理学院,本科,2021,出国(境)留学或工作,香港城市大学,1
社会科学学部,公共管理学院,本科,2021,升学,上海社会科学院,1
社会科学学部,公共管理学院,本科,2021,升学,上海财经大学,1
社会科学学部,公共管理学院,本科,2021,升学,中国人民大学,4
社会科学学部,公共管理学院,本科,2021,升学,中央民族大学,1
社会科学学部,公共管理学院,本科,2021,升学,中山大学,3
社会科学学部,公共管理学院,本科,2021,升学,云南大学,1
社会科学学部,公共管理学院,本科,2021,升学,北京体育大学,1
社会科学学部,公共管理学院,本科,2021,升学,北京师范大学(第二学位),1
社会科学学部,公共管理学院,本科,2021,升学,华中科技大学,3
社会科学学部,公共管理学院,本科,2021,升学,华南理工大学,1
社会科学学部,公共管理学院,本科,2021,升学,四川大学,2
社会科学学部,公共管理学院,本科,2021,升学,武汉大学,2
社会科学学部,公共管理学院,本科,2021,升学,浙江大学,2
社会科学学部,公共管理学院,本科,2021,升学,浙江财经大学,1
社会科学学部,公共管理学院,本科,2021,升学,石河子大学,1
社会科学学部,公共管理学院,本科,2021,升学,西南财经大学,1
社会科学学部,公共管理学院,本科,2021,升学,西安交通大学,4
社会科学学部,公共管理学院,本科,2021,升学,重庆大学,43
社会科学学部,公共管理学院,本科,2021,就业,中国建筑第八工程局有限公司西南分公司,2
社会科学学部,公共管理学院,本科,2021,就业,中国建设银行股份有限公司新疆维吾尔自治区分行,2
社会科学学部,公共管理学院,本科,2021,就业,中国银行股份有限公司西藏自治区分行,2
社会科学学部,公共管理学院,本科,2021,就业,中建桥梁有限公司,2
社会科学学部,公共管理学院,本科,2021,就业,其他,49
社会科学学部,公共管理学院,本科,2021,就业,海信集团控股股份有限公司,2
社会科学学部,公共管理学院,本科,2021,选调生,中共天门市委组织部,1
社会科学学部,公共管理学院,本科,2021,选调生,中共安顺市委组织部,1
社会科学学部,公共管理学院,本科,2021,选调生,中共遵义市委组织部,1
社会科学学部,公共管理学院,本科,2021,选调生,广西壮族自治区党委组织部干部规划办,2
社会科学学部,公共管理学院,本科,2021,选调生,甘肃省纪委监委,1
社会科学学部,公共管理学院,本科,2022,出国(境)留学或工作,佛罗里达大学,1
社会科学学部,公共管理学院,本科,2022,出国(境)留学或工作,华威大学,1
社会科学学部,公共管理学院,本科,2022,出国(境)留学或工作,密歇根大学,1
社会科学学部,公共管理学院,本科,2022,出国(境)留学或工作,澳门大学,1
社会科学学部,公共管理学院,本科,2022,出国(境)留学或工作,谢菲尔德大学,1
社会科学学部,公共管理学院,本科,2022,出国(境)留学或工作,香港中文大学,2
社会科学学部,公共管理学院,本科,2022,出国(境)留学或工作,香港城市大学,1
社会科学学部,公共管理学院,本科,2022,升学,上海财经大学,1
社会科学学部,公共管理学院,本科,2022,升学,中南大学,2
社会科学学部,公共管理学院,本科,2022,升学,中国地质大学(武汉),1
社会科学学部,公共管理学院,本科,2022,升学,中山大学,3
社会科学学部,公共管理学院,本科,2022,升学,北京体育大学,1
社会科学学部,公共管理学院,本科,2022,升学,北京工业大学,1
社会科学学部,公共管理学院,本科,2022,升学,北京师范大学,1
社会科学学部,公共管理学院,本科,2022,升学,华中科技大学,2
社会科学学部,公共管理学院,本科,2022,升学,南开大学,1
社会科学学部,公共管理学院,本科,2022,升学,厦门大学,2
社会科学学部,公共管理学院,本科,2022,升学,哈尔滨工业大学(深圳),1
社会科学学部,公共管理学院,本科,2022,升学,商务部国际贸易经济合作研究院,1
社会科学学部,公共管理学院,本科,2022,升学,四川大学,2
社会科学学部,公共管理学院,本科,2022,升学,复旦大学,1
社会科学学部,公共管理学院,本科,2022,升学,大连理工大学,1
社会科学学部,公共管理学院,本科,2022,升学,成都理工大学,1
社会科学学部,公共管理学院,本科,2022,升学,新疆大学,1
社会科学学部,公共管理学院,本科,2022,升学,暨南大学,1
社会科学学部,公共管理学院,本科,2022,升学,武汉大学,1
社会科学学部,公共管理学院,本科,2022,升学,湖南大学,1
社会科学学部,公共管理学院,本科,2022,升学,西北大学,1
社会科学学部,公共管理学院,本科,2022,升学,西南财经大学,1
社会科学学部,公共管理学院,本科,2022,升学,西安交通大学,3
社会科学学部,公共管理学院,本科,2022,升学,重庆大学,39
社会科学学部,公共管理学院,本科,2022,就业,中国农业银行股份有限公司西藏自治区分行,2
社会科学学部,公共管理学院,本科,2022,就业,中建七局国际工程建设有限公司,2
社会科学学部,公共管理学院,本科,2022,就业,其他,39
社会科学学部,公共管理学院,本科,2022,志愿服务西部计划,柯坪县乡村振兴局,1
社会科学学部,公共管理学院,本科,2022,选调生,中共凉山彝族自治州委组织部,1
社会科学学部,公共管理学院,本科,2022,选调生,中共德阳市委组织部,2
社会科学学部,公共管理学院,本科,2022,选调生,中共新和县委组织部,1
社会科学学部,公共管理学院,本科,2022,选调生,中共陕西省委组织部,2
社会科学学部,公共管理学院,本科,2022,选调生,中共黔东南州委组织部(黔东南州公务员局),1
社会科学学部,公共管理学院,本科,2022,选调生,中国共产党成都市委员会组织部,1
社会科学学部,公共管理学院,本科,2022,选调生,中国共产党毕节市委员会组织部,1
社会科学学部,公共管理学院,本科,2022,选调生,广西壮族自治区党委组织部干部规划办,1
社会科学学部,公共管理学院,本科,2022,选调生,新疆维吾尔自治区交通运输厅,1
社会科学学部,公共管理学院,本科,2022,选调生,永德县人民政府办公室,1
社会科学学部,公共管理学院,本科,2022,选调生,深圳市罗湖区翠竹街道办事处,1
社会科学学部,公共管理学院,本科,2023,出国(境)留学或工作,南洋理工大学,1
社会科学学部,公共管理学院,本科,2023,出国(境)留学或工作,哥伦比亚大学,1
社会科学学部,公共管理学院,本科,2023,出国(境)留学或工作,悉尼大学,1
社会科学学部,公共管理学院,本科,2023,出国(境)留学或工作,拉夫堡大学,1
社会科学学部,公共管理学院,本科,2023,出国(境)留学或工作,新加坡国立大学,1
社会科学学部,公共管理学院,本科,2023,出国(境)留学或工作,澳洲国立大学,1
社会科学学部,公共管理学院,本科,2023,出国(境)留学或工作,澳门大学,2
社会科学学部,公共管理学院,本科,2023,出国(境)留学或工作,香港中文大学,2
社会科学学部,公共管理学院,本科,2023,出国(境)留学或工作,香港城市大学,3
社会科学学部,公共管理学院,本科,2023,出国(境)留学或工作,香港大学,1
社会科学学部,公共管理学院,本科,2023,出国(境)留学或工作,香港科技大学,1
社会科学学部,公共管理学院,本科,2023,升学,上海交通大学,1
社会科学学部,公共管理学院,本科,2023,升学,中国人民大学,1
社会科学学部,公共管理学院,本科,2023,升学,中国农业大学烟台研究院,1
社会科学学部,公共管理学院,本科,2023,升学,中国科学院大学,1
社会科学学部,公共管理学院,本科,2023,升学,中央财经大学,1
社会科学学部,公共管理学院,本科,2023,升学,中山大学,2
社会科学学部,公共管理学院,本科,2023,升学,北京大学,1
社会科学学部,公共管理学院,本科,2023,升学,华中科技大学,1
社会科学学部,公共管理学院,本科,2023,升学,南京大学,1
社会科学学部,公共管理学院,本科,2023,升学,南开大学,1
社会科学学部,公共管理学院,本科,2023,升学,商务部国际贸易经济合作研究院,1
社会科学学部,公共管理学院,本科,2023,升学,四川大学,2
社会科学学部,公共管理学院,本科,2023,升学,山东大学,1
社会科学学部,公共管理学院,本科,2023,升学,浙江大学,1
社会科学学部,公共管理学院,本科,2023,升学,苏州大学,1
社会科学学部,公共管理学院,本科,2023,升学,西安交通大学,1
社会科学学部,公共管理学院,本科,2023,升学,重庆大学,36
社会科学学部,公共管理学院,本科,2023,就业,中建四局安装工程有限公司,2
社会科学学部,公共管理学院,本科,2023,就业,其他,57
社会科学学部,公共管理学院,本科,2023,就业,比亚迪股份有限公司,2
社会科学学部,公共管理学院,本科,2023,志愿服务西部计划,北京立德未来助学公益基金会,1
社会科学学部,公共管理学院,本科,2023,选调生,中共安顺市委组织部,1
社会科学学部,公共管理学院,本科,2023,选调生,中共成都市委组织部,1
社会科学学部,公共管理学院,本科,2023,选调生,中共浦江县委组织部,1
社会科学学部,公共管理学院,本科,2023,选调生,中共贵州省委组织部,1
社会科学学部,公共管理学院,本科,2023,选调生,中共黔东南州委组织部(黔东南州公务员局),2
社会科学学部,公共管理学院,本科,2023,选调生,中共黔西南州委组织部,1
社会科学学部,公共管理学院,本科,2023,选调生,中国共产党宣威市委员会巡察工作领导小组办公室,1
社会科学学部,公共管理学院,本科,2023,选调生,中国共产党泸州市委员会组织部,1
社会科学学部,公共管理学院,本科,2023,选调生,中国共产党达州市委员会组织部,1
社会科学学部,公共管理学院,本科,2023,选调生,中国共产党重庆市委员会组织部,1
社会科学学部,公共管理学院,本科,2023,选调生,云南省供销合作社联合社,1
社会科学学部,公共管理学院,硕士,2021,升学,中国人民大学,1
社会科学学部,公共管理学院,硕士,2021,升学,中山大学,1
社会科学学部,公共管理学院,硕士,2021,升学,兰州大学,1
社会科学学部,公共管理学院,硕士,2021,升学,华中科技大学,1
社会科学学部,公共管理学院,硕士,2021,升学,南开大学,1
社会科学学部,公共管理学院,硕士,2021,升学,四川大学,1
社会科学学部,公共管理学院,硕士,2021,升学,重庆大学,2
社会科学学部,公共管理学院,硕士,2021,就业,中共重庆市永川区委办公室,2
社会科学学部,公共管理学院,硕士,2021,就业,其他,186
社会科学学部,公共管理学院,硕士,2021,就业,北京三快在线科技有限公司,2
社会科学学部,公共管理学院,硕士,2021,就业,北京世纪好未来教育科技有限公司,2
社会科学学部,公共管理学院,硕士,2021,就业,国家税务总局重庆市南岸区税务局,2
社会科学学部,公共管理学院,硕士,2021,就业,重庆两江新区档案馆,2
社会科学学部,公共管理学院,硕士,2021,就业,重庆中元生物技术有限公司,2
社会科学学部,公共管理学院,硕士,2021,就业,重庆城市科技学院,5
社会科学学部,公共管理学院,硕士,2021,就业,重庆市南岸区市政园林管理局,2
社会科学学部,公共管理学院,硕士,2021,就业,重庆市委机要局,2
社会科学学部,公共管理学院,硕士,2021,就业,重庆市永川区财政局,2
社会科学学部,公共管理学院,硕士,2021,就业,重庆市老干部活动中心,2
社会科学学部,公共管理学院,硕士,2021,就业,重庆长安跨越车辆有限公司,2
社会科学学部,公共管理学院,硕士,2021,选调生,中共乐山市委组织部,1
社会科学学部,公共管理学院,硕士,2021,选调生,中共兰州市委组织部,1
社会科学学部,公共管理学院,硕士,2021,选调生,中共南充市委组织部,1
社会科学学部,公共管理学院,硕士,2021,选调生,中共安顺市委组织部,1
社会科学学部,公共管理学院,硕士,2021,选调生,中共德阳市委组织部,1
社会科学学部,公共管理学院,硕士,2021,选调生,中共成都市委组织部,1
社会科学学部,公共管理学院,硕士,2021,选调生,中共泸州市委组织部,1
社会科学学部,公共管理学院,硕士,2021,选调生,中共贵阳市委组织部,1
社会科学学部,公共管理学院,硕士,2021,选调生,中共重庆市委组织部,3
社会科学学部,公共管理学院,硕士,2021,选调生,中共重庆市黔江区委组织部,1
社会科学学部,公共管理学院,硕士,2021,选调生,中共陕西省委组织部,1
社会科学学部,公共管理学院,硕士,2021,选调生,中国共产党元阳县委会,1
社会科学学部,公共管理学院,硕士,2021,选调生,中国共产党内江市委员会组织部,3
社会科学学部,公共管理学院,硕士,2021,选调生,中国共产党内江市委员会组织部(待分配),1
社会科学学部,公共管理学院,硕士,2021,选调生,中国共产党广安市委员会组织部,3
社会科学学部,公共管理学院,硕士,2021,选调生,中国共产党达州市委组织部,1
社会科学学部,公共管理学院,硕士,2021,选调生,兰溪市基层自然资源和规划管理中心,1
社会科学学部,公共管理学院,硕士,2021,选调生,山西省生态环境厅,1
社会科学学部,公共管理学院,硕士,2021,选调生,广西壮族自治区党委组织部干部规划办(定向选调生),1
社会科学学部,公共管理学院,硕士,2022,出国(境)留学或工作,埃克塞特大学,1
社会科学学部,公共管理学院,硕士,2022,出国(境)留学或工作,威斯康星大学麦迪逊分校,1
社会科学学部,公共管理学院,硕士,2022,升学,上海交通大学,1
社会科学学部,公共管理学院,硕士,2022,升学,中国社会科学院大学,1
社会科学学部,公共管理学院,硕士,2022,升学,中山大学,1
社会科学学部,公共管理学院,硕士,2022,就业,其他,251
社会科学学部,公共管理学院,硕士,2022,就业,国家税务总局泸州市龙马潭区税务局,2
社会科学学部,公共管理学院,硕士,2022,就业,浙江华友钴业股份有限公司,3
社会科学学部,公共管理学院,硕士,2022,就业,重庆两江新区国库集中支付中心,2
社会科学学部,公共管理学院,硕士,2022,就业,重庆大学,6
社会科学学部,公共管理学院,硕士,2022,就业,重庆市涪陵区人民政府江北街道办事处,2
社会科学学部,公共管理学院,硕士,2022,就业,重庆市老干部活动中心,2
社会科学学部,公共管理学院,硕士,2022,就业,重庆机场集团有限公司,2
社会科学学部,公共管理学院,硕士,2022,就业,重庆空港航空地面服务有限公司,2
社会科学学部,公共管理学院,硕士,2022,就业,重庆长安新能源汽车科技有限公司,2
社会科学学部,公共管理学院,硕士,2022,就业,重庆长安民生物流股份有限公司,2
社会科学学部,公共管理学院,硕士,2022,选调生,中共乐山市委组织部,1
社会科学学部,公共管理学院,硕士,2022,选调生,中共云南省昆明市五华区委组织部,1
社会科学学部,公共管理学院,硕士,2022,选调生,中共兰州市委组织部,1
社会科学学部,公共管理学院,硕士,2022,选调生,中共南充市委组织部,1
社会科学学部,公共管理学院,硕士,2022,选调生,中共南昌市委组织部,1
社会科学学部,公共管理学院,硕士,2022,选调生,中共成都市委组织部,1
社会科学学部,公共管理学院,硕士,2022,选调生,中共石柱土家族自治县委组织部,1
社会科学学部,公共管理学院,硕士,2022,选调生,中共贵阳市委组织部,1
社会科学学部,公共管理学院,硕士,2022,选调生,中共重庆市云阳县委组织部,1
社会科学学部,公共管理学院,硕士,2022,选调生,中共重庆市委组织部,1
社会科学学部,公共管理学院,硕士,2022,选调生,中共重庆市酉阳县委组织部,1
社会科学学部,公共管理学院,硕士,2022,选调生,中共雅安市委组织部,1
社会科学学部,公共管理学院,硕士,2022,选调生,中国共产党内江市委员会组织部(待分配),1
社会科学学部,公共管理学院,硕士,2022,选调生,中国共产党宜良县委员会办公室(宜良县国家保密局、宜良县国家密码管理局、宜良县档案局),1
社会科学学部,公共管理学院,硕士,2022,选调生,中国共产党泸州市委员会组织部,1
社会科学学部,公共管理学院,硕士,2022,选调生,中国共产党重庆市委员会组织部,2
社会科学学部,公共管理学院,硕士,2022,选调生,国家市场监督管理总局,1
社会科学学部,公共管理学院,硕士,2023,出国(境)留学或工作,香港大学,1
社会科学学部,公共管理学院,硕士,2023,升学,上海交通大学,1
社会科学学部,公共管理学院,硕士,2023,升学,中山大学,1
社会科学学部,公共管理学院,硕士,2023,升学,重庆大学,5
社会科学学部,公共管理学院,硕士,2023,就业,中建桥梁有限公司,3
社会科学学部,公共管理学院,硕士,2023,就业,其他,142
社会科学学部,公共管理学院,硕士,2023,就业,比亚迪股份有限公司,3
社会科学学部,公共管理学院,硕士,2023,就业,重庆城市科技学院,2
社会科学学部,公共管理学院,硕士,2023,就业,重庆市江北区市场监督管理局,2
社会科学学部,公共管理学院,硕士,2023,就业,重庆江津综合保税区开发建设有限公司,2
社会科学学部,公共管理学院,硕士,2023,就业,重庆长安新能源汽车科技有限公司,2
社会科学学部,公共管理学院,硕士,2023,就业,重庆长安汽车股份有限公司,2
社会科学学部,公共管理学院,硕士,2023,志愿服务西部计划,北京立德未来助学公益基金会,1
社会科学学部,公共管理学院,硕士,2023,选调生,中共乐山市委组织部,1
社会科学学部,公共管理学院,硕士,2023,选调生,中共安顺市委组织部,1
社会科学学部,公共管理学院,硕士,2023,选调生,中共石柱土家族自治县委组织部,1
社会科学学部,公共管理学院,硕士,2023,选调生,中共贵州省委组织部,1
社会科学学部,公共管理学院,硕士,2023,选调生,中共遵义市委组织部,2
社会科学学部,公共管理学院,硕士,2023,选调生,中共邯郸市委组织部,1
社会科学学部,公共管理学院,硕士,2023,选调生,中共重庆市丰都县委组织部,1
社会科学学部,公共管理学院,硕士,2023,选调生,中共重庆市委组织部,4
社会科学学部,公共管理学院,硕士,2023,选调生,中共重庆市黔江区委组织部,1
社会科学学部,公共管理学院,硕士,2023,选调生,中共黔西南州委组织部,1
社会科学学部,公共管理学院,硕士,2023,选调生,中国共产党内江市委员会组织部,2
社会科学学部,公共管理学院,硕士,2023,选调生,中国共产党巫山县委员会组织部,1
社会科学学部,公共管理学院,硕士,2023,选调生,中国共产党广安市委员会组织部,1
社会科学学部,公共管理学院,硕士,2023,选调生,中国共产党玉溪市红塔区委员会机构编制委员会办公室,1
社会科学学部,公共管理学院,硕士,2023,选调生,天水工信局,1
社会科学学部,公共管理学院,硕士,2023,选调生,河北省司法厅,1
社会科学学部,公共管理学院,硕士,2023,选调生,澄江市人民政府办公室,1
社会科学学部,公共管理学院,硕士,2023,选调生,重庆市潼南区委组织部,1
社会科学学部,公共管理学院,硕士,2023,选调生,金昌市妇女联合会,1
社会科学学部,新闻学院,本科,2021,出国(境)留学或工作,伦敦大学国王学院,1
社会科学学部,新闻学院,本科,2021,出国(境)留学或工作,利兹大学,1
社会科学学部,新闻学院,本科,2021,出国(境)留学或工作,北海道大学,1
社会科学学部,新闻学院,本科,2021,出国(境)留学或工作,华威大学,2
社会科学学部,新闻学院,本科,2021,出国(境)留学或工作,埃塞克商学院,1
社会科学学部,新闻学院,本科,2021,出国(境)留学或工作,埃塞克高等商学院,1
社会科学学部,新闻学院,本科,2021,出国(境)留学或工作,延世大学,1
社会科学学部,新闻学院,本科,2021,出国(境)留学或工作,进和外语学校,1
社会科学学部,新闻学院,本科,2021,出国(境)留学或工作,香港中文大学,1
社会科学学部,新闻学院,本科,2021,出国(境)留学或工作,香港浸会大学,1
社会科学学部,新闻学院,本科,2021,升学,上海交通大学,1
社会科学学部,新闻学院,本科,2021,升学,中国传媒大学,5
社会科学学部,新闻学院,本科,2021,升学,中山大学,2
社会科学学部,新闻学院,本科,2021,升学,北京航空航天大学,1
社会科学学部,新闻学院,本科,2021,升学,华东师范大学,2
社会科学学部,新闻学院,本科,2021,升学,华中科技大学,3
社会科学学部,新闻学院,本科,2021,升学,南京大学,1
社会科学学部,新闻学院,本科,2021,升学,南开大学,1
社会科学学部,新闻学院,本科,2021,升学,四川大学,2
社会科学学部,新闻学院,本科,2021,升学,复旦大学,2
社会科学学部,新闻学院,本科,2021,升学,山东大学,1
社会科学学部,新闻学院,本科,2021,升学,广西大学,1
社会科学学部,新闻学院,本科,2021,升学,暨南大学,1
社会科学学部,新闻学院,本科,2021,升学,武汉大学(非全日制),1
社会科学学部,新闻学院,本科,2021,升学,西安交通大学,1
社会科学学部,新闻学院,本科,2021,升学,陕西师范大学,1
社会科学学部,新闻学院,本科,2021,就业,中国建筑第七工程局有限公司,2
社会科学学部,新闻学院,本科,2021,就业,中建一局集团建设发展有限公司,3
社会科学学部,新闻学院,本科,2021,就业,其他,28
社会科学学部,新闻学院,本科,2021,就业,重庆大学,9
社会科学学部,新闻学院,本科,2021,就业,重庆长安汽车股份有限公司,2
社会科学学部,新闻学院,本科,2021,选调生,甘肃省农村农业厅,1
社会科学学部,新闻学院,本科,2022,出国(境)留学或工作,东京国际文化学院,1
社会科学学部,新闻学院,本科,2022,出国(境)留学或工作,利兹大学,1
社会科学学部,新闻学院,本科,2022,出国(境)留学或工作,华威大学,1
社会科学学部,新闻学院,本科,2022,出国(境)留学或工作,墨尔本大学,1
社会科学学部,新闻学院,本科,2022,出国(境)留学或工作,多伦多大学,1
社会科学学部,新闻学院,本科,2022,出国(境)留学或工作,澳门大学,1
社会科学学部,新闻学院,本科,2022,出国(境)留学或工作,爱丁堡大学,1
社会科学学部,新闻学院,本科,2022,出国(境)留学或工作,纽约大学,1
社会科学学部,新闻学院,本科,2022,出国(境)留学或工作,香港中文大学,3
社会科学学部,新闻学院,本科,2022,出国(境)留学或工作,香港城市大学,1
社会科学学部,新闻学院,本科,2022,出国(境)留学或工作,香港科技大学,1
社会科学学部,新闻学院,本科,2022,出国(境)留学或工作,鲁汶大学,1
社会科学学部,新闻学院,本科,2022,升学,上海交通大学,1
社会科学学部,新闻学院,本科,2022,升学,上海大学,1
社会科学学部,新闻学院,本科,2022,升学,中国人民大学,1
社会科学学部,新闻学院,本科,2022,升学,中国传媒大学,3
社会科学学部,新闻学院,本科,2022,升学,中国政法大学,1
社会科学学部,新闻学院,本科,2022,升学,北京大学,1
社会科学学部,新闻学院,本科,2022,升学,华东师范大学,2
社会科学学部,新闻学院,本科,2022,升学,华中科技大学,1
社会科学学部,新闻学院,本科,2022,升学,厦门大学,1
社会科学学部,新闻学院,本科,2022,升学,复旦大学,2
社会科学学部,新闻学院,本科,2022,升学,山东大学,1
社会科学学部,新闻学院,本科,2022,升学,武汉大学,2
社会科学学部,新闻学院,本科,2022,升学,西安交通大学,1
社会科学学部,新闻学院,本科,2022,升学,重庆大学,11
社会科学学部,新闻学院,本科,2022,就业,其他,32
社会科学学部,新闻学院,本科,2022,志愿服务西部计划,喀什疏附县人民法院,1
社会科学学部,新闻学院,本科,2022,志愿服务西部计划,新疆建设兵团,1
社会科学学部,新闻学院,本科,2022,选调生,中共长沙市市委组织部,1
社会科学学部,新闻学院,本科,2023,出国(境)留学或工作,SKEMA商学院,1
社会科学学部,新闻学院,本科,2023,出国(境)留学或工作,伦敦大学学院,2
社会科学学部,新闻学院,本科,2023,出国(境)留学或工作,墨尔本大学,2
社会科学学部,新闻学院,本科,2023,出国(境)留学或工作,布里斯托大学,1
社会科学学部,新闻学院,本科,2023,出国(境)留学或工作,爱丁堡大学,2
社会科学学部,新闻学院,本科,2023,出国(境)留学或工作,西北大学,1
社会科学学部,新闻学院,本科,2023,出国(境)留学或工作,香港中文大学,1
社会科学学部,新闻学院,本科,2023,出国(境)留学或工作,香港城市大学,1
社会科学学部,新闻学院,本科,2023,出国(境)留学或工作,香港大学,1
社会科学学部,新闻学院,本科,2023,出国(境)留学或工作,香港浸会大学,1
社会科学学部,新闻学院,本科,2023,升学,上海交通大学,1
社会科学学部,新闻学院,本科,2023,升学,上海大学,1
社会科学学部,新闻学院,本科,2023,升学,中国传媒大学,2
社会科学学部,新闻学院,本科,2023,升学,中山大学,1
社会科学学部,新闻学院,本科,2023,升学,兰州大学,1
社会科学学部,新闻学院,本科,2023,升学,北京体育大学,1
社会科学学部,新闻学院,本科,2023,升学,北京大学,1
社会科学学部,新闻学院,本科,2023,升学,华东师范大学,2
社会科学学部,新闻学院,本科,2023,升学,华中科技大学,1
社会科学学部,新闻学院,本科,2023,升学,南京大学,3
社会科学学部,新闻学院,本科,2023,升学,厦门大学,1
社会科学学部,新闻学院,本科,2023,升学,吉林大学,1
社会科学学部,新闻学院,本科,2023,升学,四川大学,1
社会科学学部,新闻学院,本科,2023,升学,复旦大学,2
社会科学学部,新闻学院,本科,2023,升学,山东大学,2
社会科学学部,新闻学院,本科,2023,升学,武汉大学,3
社会科学学部,新闻学院,本科,2023,升学,浙江大学,1
社会科学学部,新闻学院,本科,2023,升学,西安交通大学,2
社会科学学部,新闻学院,本科,2023,升学,重庆大学,10
社会科学学部,新闻学院,本科,2023,就业,上海禹璨信息技术有限公司,2
社会科学学部,新闻学院,本科,2023,就业,其他,28
社会科学学部,新闻学院,本科,2023,选调生,中共石家庄市委组织部,1
社会科学学部,新闻学院,硕士,2021,出国(境)留学或工作,哥伦比亚大学,1
社会科学学部,新闻学院,硕士,2021,升学,四川大学,1
社会科学学部,新闻学院,硕士,2021,升学,复旦大学,1
社会科学学部,新闻学院,硕士,2021,升学,重庆大学,1
社会科学学部,新闻学院,硕士,2021,就业,世强先进(深圳)科技股份有限公司,2
社会科学学部,新闻学院,硕士,2021,就业,其他,47
社会科学学部,新闻学院,硕士,2021,就业,北京达佳互联信息技术有限公司,2
社会科学学部,新闻学院,硕士,2021,就业,重庆市璧山中学校,2
社会科学学部,新闻学院,硕士,2021,选调生,中共天津市静海区委组织部,1
社会科学学部,新闻学院,硕士,2021,选调生,中共广元市委组织部,1
社会科学学部,新闻学院,硕士,2021,选调生,中共德阳市委组织部,2
社会科学学部,新闻学院,硕士,2021,选调生,中共成都市委组织部,1
社会科学学部,新闻学院,硕士,2021,选调生,中共曲靖市委组织部,1
社会科学学部,新闻学院,硕士,2021,选调生,中共江西省委组织部,1
社会科学学部,新闻学院,硕士,2021,选调生,中共河南省委组织部,1
社会科学学部,新闻学院,硕士,2021,选调生,中共济源产城融合示范区工作委员会组织部,1
社会科学学部,新闻学院,硕士,2021,选调生,中共遵义市委组织部,1
社会科学学部,新闻学院,硕士,2021,选调生,中共重庆市委组织部,2
社会科学学部,新闻学院,硕士,2021,选调生,中共陕西省委组织部,1
社会科学学部,新闻学院,硕士,2021,选调生,中国共产党陆良县委员会组织部,1
社会科学学部,新闻学院,硕士,2021,选调生,广西壮族自治区党委组织部干部规划办,1
社会科学学部,新闻学院,硕士,2022,升学,中国社会科学院研究生院,1
社会科学学部,新闻学院,硕士,2022,升学,华东师范大学,1
社会科学学部,新闻学院,硕士,2022,就业,其他,55
社会科学学部,新闻学院,硕士,2022,就业,南方报业传媒集团,2
社会科学学部,新闻学院,硕士,2022,就业,武汉斗鱼鱼乐网络科技有限公司,2
社会科学学部,新闻学院,硕士,2022,就业,济南历下控股集团有限公司,2
社会科学学部,新闻学院,硕士,2022,就业,重庆广播电视集团(总台),2
社会科学学部,新闻学院,硕士,2022,选调生,中共城口县委组织部,1
社会科学学部,新闻学院,硕士,2022,选调生,中共成都市委组织部,1
社会科学学部,新闻学院,硕士,2022,选调生,中共酒泉市委组织部,1
社会科学学部,新闻学院,硕士,2022,选调生,中国共产党成都市委员会组织部,2
社会科学学部,新闻学院,硕士,2022,选调生,中国共产党重庆市委员会组织部,1
社会科学学部,新闻学院,硕士,2022,选调生,宜昌市招商局,1
社会科学学部,新闻学院,硕士,2022,选调生,宜昌市教育局,1
社会科学学部,新闻学院,硕士,2022,选调生,新疆维吾尔自治区党委宣传部,1
社会科学学部,新闻学院,硕士,2023,升学,厦门大学,1
社会科学学部,新闻学院,硕士,2023,升学,重庆大学,1
社会科学学部,新闻学院,硕士,2023,就业,其他,51
社会科学学部,新闻学院,硕士,2023,就业,比亚迪股份有限公司,3
社会科学学部,新闻学院,硕士,2023,就业,浙江吉利控股集团汽车销售有限公司,2
社会科学学部,新闻学院,硕士,2023,选调生,中共临汾市委宣传部,1
社会科学学部,新闻学院,硕士,2023,选调生,中共绵阳市委组织部,1
社会科学学部,新闻学院,硕士,2023,选调生,中共贵州省委组织部,1
社会科学学部,新闻学院,硕士,2023,选调生,中共重庆市委组织部,2
社会科学学部,新闻学院,硕士,2023,选调生,中共重庆市巫山县委组织部,1
社会科学学部,新闻学院,硕士,2023,选调生,中共隆昌市委组织部,1
社会科学学部,新闻学院,硕士,2023,选调生,中国共产党宜宾市委员会组织部,1
社会科学学部,新闻学院,硕士,2023,选调生,中国共产党巴中市委员会组织部,1
社会科学学部,新闻学院,硕士,2023,选调生,中国共产党平邑县委员会组织部,1
社会科学学部,法学院,博士,2021,就业,中共重庆市纪律检查委员会,1
社会科学学部,法学院,博士,2021,就业,云南警官学院,1
社会科学学部,法学院,博士,2021,就业,南京信息工程大学,1
社会科学学部,法学院,博士,2021,就业,四川旅游学院,1
社会科学学部,法学院,博士,2021,就业,天津工业大学,1
社会科学学部,法学院,博士,2021,就业,山东师范大学,1
社会科学学部,法学院,博士,2021,就业,广州南沙资讯科技园有限公司,1
社会科学学部,法学院,博士,2021,就业,汕头大学,1
社会科学学部,法学院,博士,2021,就业,西南政法大学,3
社会科学学部,法学院,博士,2021,就业,郑州大学,1
社会科学学部,法学院,博士,2021,就业,重庆三峡融资担保集团股份有限公司,1
社会科学学部,法学院,博士,2021,就业,重庆交通大学,1
社会科学学部,法学院,博士,2021,就业,重庆医科大学,1
社会科学学部,法学院,博士,2021,就业,重庆市人民代表大会常务委员会办公厅,1
社会科学学部,法学院,博士,2021,选调生,中共重庆市委组织部,1
社会科学学部,法学院,博士,2021,选调生,四川省司法厅,1
社会科学学部,法学院,博士,2022,就业,上海政法学院,1
社会科学学部,法学院,博士,2022,就业,中南财经政法大学,1
社会科学学部,法学院,博士,2022,就业,四川师范大学,1
社会科学学部,法学院,博士,2022,就业,广西民族大学,1
社会科学学部,法学院,博士,2022,就业,成都理工大学,1
社会科学学部,法学院,博士,2022,就业,西北师范大学,1
社会科学学部,法学院,博士,2022,就业,西北政法大学,1
社会科学学部,法学院,博士,2022,就业,西南大学,1
社会科学学部,法学院,博士,2022,就业,西安交通大学,2
社会科学学部,法学院,博士,2022,就业,重庆工商大学,2
社会科学学部,法学院,博士,2022,就业,重庆邮电大学,1
社会科学学部,法学院,博士,2022,就业,重庆青年职业技术学院,1
社会科学学部,法学院,博士,2023,就业,中共浙江省委党校(浙江行政学院),1
社会科学学部,法学院,博士,2023,就业,中共郑州市委党校(郑州市行政学院郑州市社会主义学院),1
社会科学学部,法学院,博士,2023,就业,中国应用法学研究所,1
社会科学学部,法学院,博士,2023,就业,中国计量大学,1
社会科学学部,法学院,博士,2023,就业,华中政法大学,1
社会科学学部,法学院,博士,2023,就业,四川省社会科学院,1
社会科学学部,法学院,博士,2023,就业,山东科技大学,1
社会科学学部,法学院,博士,2023,就业,河南省社会科学院,1
社会科学学部,法学院,博士,2023,就业,济南大学,1
社会科学学部,法学院,博士,2023,就业,浙江师范大学,1
社会科学学部,法学院,博士,2023,就业,陕西师范大学,1
社会科学学部,法学院,本科,2021,出国(境)留学或工作,伦敦大学学院,2
社会科学学部,法学院,本科,2021,出国(境)留学或工作,利兹大学,1
社会科学学部,法学院,本科,2021,出国(境)留学或工作,爱丁堡大学,1
社会科学学部,法学院,本科,2021,出国(境)留学或工作,都柏林圣三一学院,1
社会科学学部,法学院,本科,2021,出国(境)留学或工作,阿姆斯特丹大学,1
社会科学学部,法学院,本科,2021,出国(境)留学或工作,香港中文大学,2
社会科学学部,法学院,本科,2021,出国(境)留学或工作,香港城市大学,1
社会科学学部,法学院,本科,2021,升学,上海交通大学,1
社会科学学部,法学院,本科,2021,升学,中南财经政法大学,1
社会科学学部,法学院,本科,2021,升学,中国人民公安大学,1
社会科学学部,法学院,本科,2021,升学,中国政法大学,6
社会科学学部,法学院,本科,2021,升学,中山大学,1
社会科学学部,法学院,本科,2021,升学,华东师范大学,1
社会科学学部,法学院,本科,2021,升学,南京大学,1
社会科学学部,法学院,本科,2021,升学,南开大学,1
社会科学学部,法学院,本科,2021,升学,厦门大学,4
社会科学学部,法学院,本科,2021,升学,四川大学,1
社会科学学部,法学院,本科,2021,升学,复旦大学,1
社会科学学部,法学院,本科,2021,升学,天津大学,1
社会科学学部,法学院,本科,2021,升学,武汉大学,3
社会科学学部,法学院,本科,2021,升学,重庆大学,16
社会科学学部,法学院,本科,2021,就业,其他,27
社会科学学部,法学院,本科,2021,选调生,中共黑龙江省委组织部,1
社会科学学部,法学院,本科,2021,选调生,广西壮族自治区党委组织部干部规划部,1
社会科学学部,法学院,本科,2022,出国(境)留学或工作,乔治城大学,1
社会科学学部,法学院,本科,2022,出国(境)留学或工作,伦敦大学学院,1
社会科学学部,法学院,本科,2022,出国(境)留学或工作,南加州大学,1
社会科学学部,法学院,本科,2022,出国(境)留学或工作,墨尔本大学,1
社会科学学部,法学院,本科,2022,出国(境)留学或工作,新南威尔士大学,1
社会科学学部,法学院,本科,2022,出国(境)留学或工作,香港城市大学,2
社会科学学部,法学院,本科,2022,升学,东南大学,1
社会科学学部,法学院,本科,2022,升学,中南大学,1
社会科学学部,法学院,本科,2022,升学,中国人民大学,3
社会科学学部,法学院,本科,2022,升学,中国政法大学,5
社会科学学部,法学院,本科,2022,升学,中山大学,1
社会科学学部,法学院,本科,2022,升学,兰州大学,2
社会科学学部,法学院,本科,2022,升学,北京师范大学,1
社会科学学部,法学院,本科,2022,升学,厦门大学,4
社会科学学部,法学院,本科,2022,升学,吉林大学,1
社会科学学部,法学院,本科,2022,升学,同济大学,1
社会科学学部,法学院,本科,2022,升学,四川大学,1
社会科学学部,法学院,本科,2022,升学,天津大学,2
社会科学学部,法学院,本科,2022,升学,新疆大学,2
社会科学学部,法学院,本科,2022,升学,昌都市洛隆县司法局俄西司法所,1
社会科学学部,法学院,本科,2022,升学,武汉大学,4
社会科学学部,法学院,本科,2022,升学,西北政法大学,1
社会科学学部,法学院,本科,2022,升学,重庆大学,17
社会科学学部,法学院,本科,2022,就业,其他,22
社会科学学部,法学院,本科,2022,选调生,中共晋州市委组织部,1
社会科学学部,法学院,本科,2022,选调生,中共黔东南州委组织部,1
社会科学学部,法学院,本科,2022,选调生,中共黔东南州委组织部(黔东南州公务员局),1
社会科学学部,法学院,本科,2022,选调生,喀什地区爱国卫生运动委员会办公室,1
社会科学学部,法学院,本科,2022,选调生,广州市白云区总工会,1
社会科学学部,法学院,本科,2022,选调生,石家庄市鹿泉区司法局,1
社会科学学部,法学院,本科,2023,出国(境)留学或工作,日内瓦高级国际关系与发展学院,1
社会科学学部,法学院,本科,2023,出国(境)留学或工作,谢菲尔德大学,1
社会科学学部,法学院,本科,2023,出国(境)留学或工作,香港中文大学,1
社会科学学部,法学院,本科,2023,出国(境)留学或工作,香港大学,1
社会科学学部,法学院,本科,2023,升学,上海财经大学,1
社会科学学部,法学院,本科,2023,升学,东南大学,2
社会科学学部,法学院,本科,2023,升学,中南大学,1
社会科学学部,法学院,本科,2023,升学,中国人民大学,1
社会科学学部,法学院,本科,2023,升学,中国政法大学,2
社会科学学部,法学院,本科,2023,升学,中国社会科学院大学,1
社会科学学部,法学院,本科,2023,升学,中山大学,1
社会科学学部,法学院,本科,2023,升学,兰州大学,1
社会科学学部,法学院,本科,2023,升学,北京大学,2
社会科学学部,法学院,本科,2023,升学,华东政法大学,2
社会科学学部,法学院,本科,2023,升学,南京大学,1
社会科学学部,法学院,本科,2023,升学,南京航空航天大学,1
社会科学学部,法学院,本科,2023,升学,厦门大学,3
社会科学学部,法学院,本科,2023,升学,四川大学,3
社会科学学部,法学院,本科,2023,升学,天津大学,1
社会科学学部,法学院,本科,2023,升学,新疆大学,2
社会科学学部,法学院,本科,2023,升学,武汉大学,4
社会科学学部,法学院,本科,2023,升学,清华大学,1
社会科学学部,法学院,本科,2023,升学,西安交通大学,2
社会科学学部,法学院,本科,2023,升学,重庆大学,10
社会科学学部,法学院,本科,2023,升学,陕西师范大学,1
社会科学学部,法学院,本科,2023,就业,其他,21
社会科学学部,法学院,本科,2023,志愿服务西部计划,图木舒克市,1
社会科学学部,法学院,本科,2023,志愿服务西部计划,新疆生产建设兵团第六师五家渠市,1
社会科学学部,法学院,本科,2023,选调生,中华人民共和国最高人民法院,1
社会科学学部,法学院,硕士,2021,升学,中国人民大学,1
社会科学学部,法学院,硕士,2021,升学,中国政法大学,1
社会科学学部,法学院,硕士,2021,升学,西南政法大学,3
社会科学学部,法学院,硕士,2021,升学,重庆大学,8
社会科学学部,法学院,硕士,2021,就业,中国建筑第七工程局有限公司,3
社会科学学部,法学院,硕士,2021,就业,其他,105
社会科学学部,法学院,硕士,2021,就业,北京大成(重庆)律师事务所,2
社会科学学部,法学院,硕士,2021,就业,北京德恒(重庆)律师事务所,3
社会科学学部,法学院,硕士,2021,就业,哈尔滨银行股份有限公司重庆分行,2
社会科学学部,法学院,硕士,2021,就业,重庆中世律师事务所,2
社会科学学部,法学院,硕士,2021,志愿服务西部计划,重庆两江新区劳动保障监察大队,1
社会科学学部,法学院,硕士,2021,选调生,东营市新时代文明实践中心,1
社会科学学部,法学院,硕士,2021,选调生,中共巴中市委组织部,1
社会科学学部,法学院,硕士,2021,选调生,中共成都市委组织部,4
社会科学学部,法学院,硕士,2021,选调生,中共洛阳市委组织部,1
社会科学学部,法学院,硕士,2021,选调生,中共深圳市纪律检查委员会,1
社会科学学部,法学院,硕士,2021,选调生,中共石家庄市委组织部,1
社会科学学部,法学院,硕士,2021,选调生,中共荆门市委组织部,1
社会科学学部,法学院,硕士,2021,选调生,中共贵州省委组织部,2
社会科学学部,法学院,硕士,2021,选调生,中共贵阳市委组织部,1
社会科学学部,法学院,硕士,2021,选调生,中共达州市委组织部,1
社会科学学部,法学院,硕士,2021,选调生,中共重庆市委组织部,2
社会科学学部,法学院,硕士,2021,选调生,中共陕西省委组织部,2
社会科学学部,法学院,硕士,2021,选调生,中共黑龙江省委组织部,3
社会科学学部,法学院,硕士,2021,选调生,中国共产党内江市委员会组织部,1
社会科学学部,法学院,硕士,2021,选调生,中国共产党宜宾市委员会组织部,2
社会科学学部,法学院,硕士,2021,选调生,中国共产党广安市委员会组织部,2
社会科学学部,法学院,硕士,2021,选调生,中国共产党遂宁市委员会组织部,1
社会科学学部,法学院,硕士,2021,选调生,临汾市人民检察院,1
社会科学学部,法学院,硕士,2021,选调生,云南省公安厅,1
社会科学学部,法学院,硕士,2021,选调生,云南省卫生健康综合监督中心,1
社会科学学部,法学院,硕士,2021,选调生,佛山市司法局,1
社会科学学部,法学院,硕士,2021,选调生,广西壮族自治区党委组织部干部规划办,4
社会科学学部,法学院,硕士,2021,选调生,海南省市场监督管理局,1
社会科学学部,法学院,硕士,2021,选调生,甘肃省高级人民检察院,1
社会科学学部,法学院,硕士,2021,选调生,福建省2021年选调生南平市法院类,1
社会科学学部,法学院,硕士,2022,升学,中国政法大学,1
社会科学学部,法学院,硕士,2022,升学,厦门大学,1
社会科学学部,法学院,硕士,2022,升学,武汉大学,1
社会科学学部,法学院,硕士,2022,升学,浙江大学,1
社会科学学部,法学院,硕士,2022,升学,重庆大学,4
社会科学学部,法学院,硕士,2022,就业,上海锦天城(重庆)律师事务所,2
社会科学学部,法学院,硕士,2022,就业,中国建设银行股份有限公司重庆市分行,2
社会科学学部,法学院,硕士,2022,就业,中建海峡建设发展有限公司,4
社会科学学部,法学院,硕士,2022,就业,其他,114
社会科学学部,法学院,硕士,2022,就业,江西省交通投资集团有限责任公司,2
社会科学学部,法学院,硕士,2022,选调生,中共乐山市委组织部,2
社会科学学部,法学院,硕士,2022,选调生,中共凉山彝族自治州委组织部,1
社会科学学部,法学院,硕士,2022,选调生,中共平顶山市委组织部,2
社会科学学部,法学院,硕士,2022,选调生,中共眉山市委组织部,1
社会科学学部,法学院,硕士,2022,选调生,中共自贡市委组织部,1
社会科学学部,法学院,硕士,2022,选调生,中共贵州省委组织部,3
社会科学学部,法学院,硕士,2022,选调生,中共重庆市委组织部,1
社会科学学部,法学院,硕士,2022,选调生,中共黑龙江省委组织部,1
社会科学学部,法学院,硕士,2022,选调生,中华人民共和国财政部,1
社会科学学部,法学院,硕士,2022,选调生,中国共产党南充市委员会组织部,1
社会科学学部,法学院,硕士,2022,选调生,中国共产党宜宾市委员会组织部,1
社会科学学部,法学院,硕士,2022,选调生,中国共产党广安市委员会组织部,2
社会科学学部,法学院,硕士,2022,选调生,中国共产党成都市委员会组织部,5
社会科学学部,法学院,硕士,2022,选调生,中国共产党泸州市委员会组织部,1
社会科学学部,法学院,硕士,2022,选调生,中国共产党达州市委员会组织部,1
社会科学学部,法学院,硕士,2022,选调生,中国共产党重庆市委员会组织部,1
社会科学学部,法学院,硕士,2022,选调生,云南省昆明市中级人民法院,1
社会科学学部,法学院,硕士,2022,选调生,天津市和平区人民政府五大道街道办事处,1
社会科学学部,法学院,硕士,2022,选调生,成都市大邑县应急管理局,1
社会科学学部,法学院,硕士,2022,选调生,昆明市人民检察院,1
社会科学学部,法学院,硕士,2022,选调生,福建省委组织部,1
社会科学学部,法学院,硕士,2022,选调生,荆州市人大常委会办公室,1
社会科学学部,法学院,硕士,2022,选调生,荆州市文化和旅游局,1
社会科学学部,法学院,硕士,2022,选调生,黑龙江省妇女联合会,1
社会科学学部,法学院,硕士,2022,选调生,黑龙江省纪律检查委员会,1
社会科学学部,法学院,硕士,2023,升学,中国政法大学,1
社会科学学部,法学院,硕士,2023,升学,武汉大学,1
社会科学学部,法学院,硕士,2023,升学,重庆大学,1
社会科学学部,法学院,硕士,2023,就业,上海锦天城(重庆)律师事务所,3
社会科学学部,法学院,硕士,2023,就业,中移物联网有限公司,2
社会科学学部,法学院,硕士,2023,就业,乐山市商业银行股份有限公司,2
社会科学学部,法学院,硕士,2023,就业,其他,81
社会科学学部,法学院,硕士,2023,就业,重庆市沙坪坝区人民检察院,2
社会科学学部,法学院,硕士,2023,就业,重庆长安汽车股份有限公司,2
社会科学学部,法学院,硕士,2023,选调生,中共九龙坡区委组织部,1
社会科学学部,法学院,硕士,2023,选调生,中共云南省委老干部局,1
社会科学学部,法学院,硕士,2023,选调生,中共云南省纪律检查委员会、云南省监察委员会,1
社会科学学部,法学院,硕士,2023,选调生,中共成都市委组织部,2
社会科学学部,法学院,硕士,2023,选调生,中共绵阳市委组织部,2
社会科学学部,法学院,硕士,2023,选调生,中共自贡市纪律检查委员会,1
社会科学学部,法学院,硕士,2023,选调生,中共贵州省委组织部,5
社会科学学部,法学院,硕士,2023,选调生,中共重庆市垫江县委组织部,1
社会科学学部,法学院,硕士,2023,选调生,中共重庆市委组织部,1
社会科学学部,法学院,硕士,2023,选调生,中共重庆市巴南区委组织部,2
社会科学学部,法学院,硕士,2023,选调生,中共陕西省委组织部,1
社会科学学部,法学院,硕士,2023,选调生,中共青岛市黄岛区委员会组织部,1
社会科学学部,法学院,硕士,2023,选调生,中国共产党宜宾市委员会组织部,2
社会科学学部,法学院,硕士,2023,选调生,中国共产党嵩明县纪律检查委员会,1
社会科学学部,法学院,硕士,2023,选调生,中国共产党广安市委员会组织部,4
社会科学学部,法学院,硕士,2023,选调生,中国共产党德阳市委员会组织部,1
社会科学学部,法学院,硕士,2023,选调生,中国共产党达州市委员会组织部,4
社会科学学部,法学院,硕士,2023,选调生,中国共产党重庆市开州区委员会组织部,1
社会科学学部,法学院,硕士,2023,选调生,云南省司法厅,1
社会科学学部,法学院,硕士,2023,选调生,云南省昆明市人民检察院,1
社会科学学部,法学院,硕士,2023,选调生,云南省高级人民法院,1
社会科学学部,法学院,硕士,2023,选调生,南阳市检察院,1
社会科学学部,法学院,硕士,2023,选调生,山西省晋中市中级人民法院,1
社会科学学部,法学院,硕士,2023,选调生,山西省监狱管理局,1
社会科学学部,法学院,硕士,2023,选调生,新疆维吾尔自治区财政厅,1
社会科学学部,法学院,硕士,2023,选调生,昆明市官渡区人民检察院,1
社会科学学部,法学院,硕士,2023,选调生,晋中市人力资源和社会保障局,1
社会科学学部,法学院,硕士,2023,选调生,甘肃省高级人民法院,1
社会科学学部,法学院,硕士,2023,选调生,自贡市政府国有资产监督管理委员会,1
社会科学学部,经济与工商管理学院,博士,2021,就业,四川外国语大学,1
社会科学学部,经济与工商管理学院,博士,2021,就业,四川师范大学,1
社会科学学部,经济与工商管理学院,博士,2021,就业,四川金融控股集团有限公司,1
社会科学学部,经济与工商管理学院,博士,2021,就业,国家外汇管理局研究中心,1
社会科学学部,经济与工商管理学院,博士,2021,就业,安徽大学,1
社会科学学部,经济与工商管理学院,博士,2021,就业,常州大学,1
社会科学学部,经济与工商管理学院,博士,2021,就业,江西财经大学,1
社会科学学部,经济与工商管理学院,博士,2021,就业,河南大学,1
社会科学学部,经济与工商管理学院,博士,2021,就业,海南大学,1
社会科学学部,经济与工商管理学院,博士,2021,就业,清华大学,1
社会科学学部,经济与工商管理学院,博士,2021,就业,湖南大学,1
社会科学学部,经济与工商管理学院,博士,2021,就业,西南政法大学,2
社会科学学部,经济与工商管理学院,博士,2021,就业,西南科技大学,1
社会科学学部,经济与工商管理学院,博士,2021,就业,重庆交通大学,2
社会科学学部,经济与工商管理学院,博士,2021,就业,重庆工商大学,4
社会科学学部,经济与工商管理学院,博士,2021,就业,重庆师范大学,2
社会科学学部,经济与工商管理学院,博士,2021,就业,重庆理工大学,2
社会科学学部,经济与工商管理学院,博士,2021,就业,重庆银行股份有限公司,1
社会科学学部,经济与工商管理学院,博士,2022,就业,中南大学,1
社会科学学部,经济与工商管理学院,博士,2022,就业,南京师范大学,1
社会科学学部,经济与工商管理学院,博士,2022,就业,四川农业大学,1
社会科学学部,经济与工商管理学院,博士,2022,就业,四川师范大学,1
社会科学学部,经济与工商管理学院,博士,2022,就业,安徽大学,1
社会科学学部,经济与工商管理学院,博士,2022,就业,广州大学,1
社会科学学部,经济与工商管理学院,博士,2022,就业,扬州大学,2
社会科学学部,经济与工商管理学院,博士,2022,就业,杭州华为企业通信技术有限公司,1
社会科学学部,经济与工商管理学院,博士,2022,就业,浙江工商大学,1
社会科学学部,经济与工商管理学院,博士,2022,就业,浙江省国有资本运营有限公司,1
社会科学学部,经济与工商管理学院,博士,2022,就业,浙江财经大学,1
社会科学学部,经济与工商管理学院,博士,2022,就业,海南大学,1
社会科学学部,经济与工商管理学院,博士,2022,就业,湖南文理学院,1
社会科学学部,经济与工商管理学院,博士,2022,就业,苏州科技大学,1
社会科学学部,经济与工商管理学院,博士,2022,就业,西南政法大学,2
社会科学学部,经济与工商管理学院,博士,2022,就业,贵州商学院,1
社会科学学部,经济与工商管理学院,博士,2022,就业,重庆工商大学,3
社会科学学部,经济与工商管理学院,博士,2022,就业,重庆市旅游局,1
社会科学学部,经济与工商管理学院,博士,2022,就业,重庆理工大学,1
社会科学学部,经济与工商管理学院,博士,2022,就业,重庆联合产权交易所集团股份有限公司,1
社会科学学部,经济与工商管理学院,博士,2022,就业,重庆银行,1
社会科学学部,经济与工商管理学院,博士,2022,选调生,中国共产党重庆市委员会组织部,1
社会科学学部,经济与工商管理学院,博士,2023,就业,北京雁栖湖应用数学研究院,1
社会科学学部,经济与工商管理学院,博士,2023,就业,华夏银行股份有限公司,1
社会科学学部,经济与工商管理学院,博士,2023,就业,四川外国语大学,1
社会科学学部,经济与工商管理学院,博士,2023,就业,国信证券股份有限公司,1
社会科学学部,经济与工商管理学院,博士,2023,就业,安徽财经大学,1
社会科学学部,经济与工商管理学院,博士,2023,就业,山东财经大学,1
社会科学学部,经济与工商管理学院,博士,2023,就业,江南大学,1
社会科学学部,经济与工商管理学院,博士,2023,就业,浙江财经大学,1
社会科学学部,经济与工商管理学院,博士,2023,就业,西南政法大学,1
社会科学学部,经济与工商管理学院,博士,2023,就业,西安交通大学,1
社会科学学部,经济与工商管理学院,博士,2023,就业,重庆医科大学,1
社会科学学部,经济与工商管理学院,博士,2023,就业,重庆工商大学,2
社会科学学部,经济与工商管理学院,博士,2023,就业,重庆理工大学,2
社会科学学部,经济与工商管理学院,博士,2023,就业,重庆第二师范学院,1
社会科学学部,经济与工商管理学院,博士,2023,就业,重庆邮电大学,1
社会科学学部,经济与工商管理学院,博士,2023,就业,香港城市大学,1
社会科学学部,经济与工商管理学院,本科,2021,出国(境)留学或工作,伦敦国王学院,3
社会科学学部,经济与工商管理学院,本科,2021,出国(境)留学或工作,华威大学,4
社会科学学部,经济与工商管理学院,本科,2021,出国(境)留学或工作,南加利福尼亚大学,1
社会科学学部,经济与工商管理学院,本科,2021,出国(境)留学或工作,南洋理工大学,2
社会科学学部,经济与工商管理学院,本科,2021,出国(境)留学或工作,哥德堡大学,1
社会科学学部,经济与工商管理学院,本科,2021,出国(境)留学或工作,墨尔本大学,1
社会科学学部,经济与工商管理学院,本科,2021,出国(境)留学或工作,布里斯托大学,1
社会科学学部,经济与工商管理学院,本科,2021,出国(境)留学或工作,悉尼大学,1
社会科学学部,经济与工商管理学院,本科,2021,出国(境)留学或工作,新加坡管理大学,1
社会科学学部,经济与工商管理学院,本科,2021,出国(境)留学或工作,曼切斯特大学,1
社会科学学部,经济与工商管理学院,本科,2021,出国(境)留学或工作,格拉斯哥大学,4
社会科学学部,经济与工商管理学院,本科,2021,出国(境)留学或工作,约翰霍普金斯大学,1
社会科学学部,经济与工商管理学院,本科,2021,出国(境)留学或工作,苏黎世大学,1
社会科学学部,经济与工商管理学院,本科,2021,出国(境)留学或工作,香港中文大学,6
社会科学学部,经济与工商管理学院,本科,2021,出国(境)留学或工作,香港中文大学(深圳),3
社会科学学部,经济与工商管理学院,本科,2021,出国(境)留学或工作,香港城市大学,2
社会科学学部,经济与工商管理学院,本科,2021,出国(境)留学或工作,香港大学,2
社会科学学部,经济与工商管理学院,本科,2021,出国(境)留学或工作,香港理工大学,1
社会科学学部,经济与工商管理学院,本科,2021,出国(境)留学或工作,香港科技大学,1
社会科学学部,经济与工商管理学院,本科,2021,升学,上海交通大学,2
社会科学学部,经济与工商管理学院,本科,2021,升学,上海财经大学,3
社会科学学部,经济与工商管理学院,本科,2021,升学,东北大学,1
社会科学学部,经济与工商管理学院,本科,2021,升学,东北财经大学,1
社会科学学部,经济与工商管理学院,本科,2021,升学,中共上海市委党校,1
社会科学学部,经济与工商管理学院,本科,2021,升学,中共浙江省委党校,1
社会科学学部,经济与工商管理学院,本科,2021,升学,中国人民大学,1
社会科学学部,经济与工商管理学院,本科,2021,升学,中国传媒大学,2
社会科学学部,经济与工商管理学院,本科,2021,升学,中国科学技术大学,3
社会科学学部,经济与工商管理学院,本科,2021,升学,中国科学院大学,1
社会科学学部,经济与工商管理学院,本科,2021,升学,中央财经大学,4
社会科学学部,经济与工商管理学院,本科,2021,升学,中山大学,3
社会科学学部,经济与工商管理学院,本科,2021,升学,北京体育大学,1
社会科学学部,经济与工商管理学院,本科,2021,升学,北京大学深圳研究生院,1
社会科学学部,经济与工商管理学院,本科,2021,升学,北京师范大学,1
社会科学学部,经济与工商管理学院,本科,2021,升学,北京理工大学,2
社会科学学部,经济与工商管理学院,本科,2021,升学,华南师范大学,2
社会科学学部,经济与工商管理学院,本科,2021,升学,华南理工大学,4
社会科学学部,经济与工商管理学院,本科,2021,升学,南京农业大学,1
社会科学学部,经济与工商管理学院,本科,2021,升学,南京大学,5
社会科学学部,经济与工商管理学院,本科,2021,升学,南开大学,4
社会科学学部,经济与工商管理学院,本科,2021,升学,厦门大学,1
社会科学学部,经济与工商管理学院,本科,2021,升学,同济大学,6
社会科学学部,经济与工商管理学院,本科,2021,升学,哈尔滨工业大学,1
社会科学学部,经济与工商管理学院,本科,2021,升学,哈尔滨工业大学(深圳),1
社会科学学部,经济与工商管理学院,本科,2021,升学,四川大学,2
社会科学学部,经济与工商管理学院,本科,2021,升学,复旦大学,3
社会科学学部,经济与工商管理学院,本科,2021,升学,大连理工大学,1
社会科学学部,经济与工商管理学院,本科,2021,升学,天津大学,3
社会科学学部,经济与工商管理学院,本科,2021,升学,对外经济贸易大学,2
社会科学学部,经济与工商管理学院,本科,2021,升学,武汉大学,6
社会科学学部,经济与工商管理学院,本科,2021,升学,浙江大学,1
社会科学学部,经济与工商管理学院,本科,2021,升学,电子科技大学,1
社会科学学部,经济与工商管理学院,本科,2021,升学,西南财经大学,3
社会科学学部,经济与工商管理学院,本科,2021,升学,西安交通大学,7
社会科学学部,经济与工商管理学院,本科,2021,升学,辽宁大学,1
社会科学学部,经济与工商管理学院,本科,2021,就业,上海德邦物流有限公司,2
社会科学学部,经济与工商管理学院,本科,2021,就业,中国建筑第七工程局有限公司,4
社会科学学部,经济与工商管理学院,本科,2021,就业,中铁文化旅游投资集团有限公司,2
社会科学学部,经济与工商管理学院,本科,2021,就业,其他,72
社会科学学部,经济与工商管理学院,本科,2021,就业,北京京东世纪贸易有限公司,2
社会科学学部,经济与工商管理学院,本科,2021,就业,合肥美的电冰箱有限公司,3
社会科学学部,经济与工商管理学院,本科,2021,就业,广东美的生活电器制造有限公司,2
社会科学学部,经济与工商管理学院,本科,2021,就业,慕思健康睡眠股份有限公司,2
社会科学学部,经济与工商管理学院,本科,2021,就业,桂林银行股份有限公司,2
社会科学学部,经济与工商管理学院,本科,2021,就业,正邦集团有限公司,2
社会科学学部,经济与工商管理学院,本科,2021,就业,深圳市神舟电脑股份有限公司,2
社会科学学部,经济与工商管理学院,本科,2021,就业,重庆大学,49
社会科学学部,经济与工商管理学院,本科,2021,就业,重庆市沙坪坝区学而思培优课外培训学校有限公司,3
社会科学学部,经济与工商管理学院,本科,2021,志愿服务西部计划,新疆建设兵团第九师核算中心162团财政所-核算中心,1
社会科学学部,经济与工商管理学院,本科,2021,志愿服务西部计划,第十四师二二五团农业发展服务中心,1
社会科学学部,经济与工商管理学院,本科,2021,选调生,中共忠县县委组织部,1
社会科学学部,经济与工商管理学院,本科,2021,选调生,中共绵阳市委组织部,1
社会科学学部,经济与工商管理学院,本科,2021,选调生,中共重庆市委组织部,1
社会科学学部,经济与工商管理学院,本科,2022,出国(境)留学或工作,京都大学,2
社会科学学部,经济与工商管理学院,本科,2022,出国(境)留学或工作,伦敦国王学院,1
社会科学学部,经济与工商管理学院,本科,2022,出国(境)留学或工作,伯明翰大学,1
社会科学学部,经济与工商管理学院,本科,2022,出国(境)留学或工作,华威大学,4
社会科学学部,经济与工商管理学院,本科,2022,出国(境)留学或工作,南加州大学,2
社会科学学部,经济与工商管理学院,本科,2022,出国(境)留学或工作,南安普敦大学,1
社会科学学部,经济与工商管理学院,本科,2022,出国(境)留学或工作,南洋理工大学,6
社会科学学部,经济与工商管理学院,本科,2022,出国(境)留学或工作,博科尼大学,1
社会科学学部,经济与工商管理学院,本科,2022,出国(境)留学或工作,墨尔本大学,1
社会科学学部,经济与工商管理学院,本科,2022,出国(境)留学或工作,布里斯托大学,6
社会科学学部,经济与工商管理学院,本科,2022,出国(境)留学或工作,悉尼大学,2
社会科学学部,经济与工商管理学院,本科,2022,出国(境)留学或工作,新加坡国立大学,2
社会科学学部,经济与工商管理学院,本科,2022,出国(境)留学或工作,新加坡管理大学,2
社会科学学部,经济与工商管理学院,本科,2022,出国(境)留学或工作,旧金山大学,1
社会科学学部,经济与工商管理学院,本科,2022,出国(境)留学或工作,昆士兰大学,1
社会科学学部,经济与工商管理学院,本科,2022,出国(境)留学或工作,曼彻斯特大学,5
社会科学学部,经济与工商管理学院,本科,2022,出国(境)留学或工作,杜伦大学,2
社会科学学部,经济与工商管理学院,本科,2022,出国(境)留学或工作,格拉斯哥大学,2
社会科学学部,经济与工商管理学院,本科,2022,出国(境)留学或工作,澳大利亚国立大学,1
社会科学学部,经济与工商管理学院,本科,2022,出国(境)留学或工作,苏黎世大学,1
社会科学学部,经济与工商管理学院,本科,2022,出国(境)留学或工作,西北大学,2
社会科学学部,经济与工商管理学院,本科,2022,出国(境)留学或工作,香港中文大学,10
社会科学学部,经济与工商管理学院,本科,2022,出国(境)留学或工作,香港城市大学,3
社会科学学部,经济与工商管理学院,本科,2022,出国(境)留学或工作,香港大学,4
社会科学学部,经济与工商管理学院,本科,2022,出国(境)留学或工作,香港科技大学,2
社会科学学部,经济与工商管理学院,本科,2022,出国(境)留学或工作,麦考瑞大学,1
社会科学学部,经济与工商管理学院,本科,2022,升学,上海交通大学,5
社会科学学部,经济与工商管理学院,本科,2022,升学,上海师范大学,1
社会科学学部,经济与工商管理学院,本科,2022,升学,上海财经大学,5
社会科学学部,经济与工商管理学院,本科,2022,升学,东北财经大学,1
社会科学学部,经济与工商管理学院,本科,2022,升学,东南大学,4
社会科学学部,经济与工商管理学院,本科,2022,升学,中南大学,1
社会科学学部,经济与工商管理学院,本科,2022,升学,中国人民大学,4
社会科学学部,经济与工商管理学院,本科,2022,升学,中国政法大学,1
社会科学学部,经济与工商管理学院,本科,2022,升学,中国科学技术大学,3
社会科学学部,经济与工商管理学院,本科,2022,升学,中国科学院大学,1
社会科学学部,经济与工商管理学院,本科,2022,升学,中国计量大学,1
社会科学学部,经济与工商管理学院,本科,2022,升学,中央财经大学,3
社会科学学部,经济与工商管理学院,本科,2022,升学,中山大学,3
社会科学学部,经济与工商管理学院,本科,2022,升学,北京大学深圳研究生院,1
社会科学学部,经济与工商管理学院,本科,2022,升学,北京理工大学,1
社会科学学部,经济与工商管理学院,本科,2022,升学,华东师范大学,2
社会科学学部,经济与工商管理学院,本科,2022,升学,华中科技大学,1
社会科学学部,经济与工商管理学院,本科,2022,升学,华南理工大学,1
社会科学学部,经济与工商管理学院,本科,2022,升学,南京大学,8
社会科学学部,经济与工商管理学院,本科,2022,升学,南开大学,2
社会科学学部,经济与工商管理学院,本科,2022,升学,厦门大学,2
社会科学学部,经济与工商管理学院,本科,2022,升学,同济大学,2
社会科学学部,经济与工商管理学院,本科,2022,升学,哈尔滨工业大学,2
社会科学学部,经济与工商管理学院,本科,2022,升学,复旦大学,1
社会科学学部,经济与工商管理学院,本科,2022,升学,天津大学,3
社会科学学部,经济与工商管理学院,本科,2022,升学,对外经济贸易大学,3
社会科学学部,经济与工商管理学院,本科,2022,升学,武汉大学,5
社会科学学部,经济与工商管理学院,本科,2022,升学,浙江大学,1
社会科学学部,经济与工商管理学院,本科,2022,升学,清华大学,1
社会科学学部,经济与工商管理学院,本科,2022,升学,湖北省社会科学院,1
社会科学学部,经济与工商管理学院,本科,2022,升学,电子科技大学,1
社会科学学部,经济与工商管理学院,本科,2022,升学,西华大学,1
社会科学学部,经济与工商管理学院,本科,2022,升学,西南财经大学,4
社会科学学部,经济与工商管理学院,本科,2022,升学,西安交通大学,5
社会科学学部,经济与工商管理学院,本科,2022,升学,重庆大学,55
社会科学学部,经济与工商管理学院,本科,2022,就业,中国工商银行股份有限公司乌鲁木齐分行,2
社会科学学部,经济与工商管理学院,本科,2022,就业,中国建筑土木建设有限公司,2
社会科学学部,经济与工商管理学院,本科,2022,就业,其他,71
社会科学学部,经济与工商管理学院,本科,2022,就业,广东美的制冷设备有限公司,2
社会科学学部,经济与工商管理学院,本科,2022,就业,成都万科物业服务有限公司重庆分公司,2
社会科学学部,经济与工商管理学院,本科,2022,就业,毕马威华振会计师事务所(特殊普通合伙),2
社会科学学部,经济与工商管理学院,本科,2022,就业,浙江晶盛机电股份有限公司,2
社会科学学部,经济与工商管理学院,本科,2022,就业,浪潮集团有限公司,2
社会科学学部,经济与工商管理学院,本科,2022,就业,海信家电集团股份有限公司,2
社会科学学部,经济与工商管理学院,本科,2022,就业,海信集团控股股份有限公司,3
社会科学学部,经济与工商管理学院,本科,2022,就业,福建南孚市场营销有限公司,2
社会科学学部,经济与工商管理学院,本科,2022,志愿服务西部计划,人和街道办事处,1
社会科学学部,经济与工商管理学院,本科,2022,选调生,中共石家庄市委组织部,1
社会科学学部,经济与工商管理学院,本科,2022,选调生,中共黔东南州委组织部,1
社会科学学部,经济与工商管理学院,本科,2022,选调生,中共黔南州委组织部,1
社会科学学部,经济与工商管理学院,本科,2022,选调生,中共黔西南州委组织部,1
社会科学学部,经济与工商管理学院,本科,2022,选调生,中国共产党泸县委员会组织部,1
社会科学学部,经济与工商管理学院,本科,2022,选调生,义乌市委组织部,1
社会科学学部,经济与工商管理学院,本科,2022,选调生,喀什地区巴楚县人民法院,1
社会科学学部,经济与工商管理学院,本科,2022,选调生,喀什地区疏附县审计局,1
社会科学学部,经济与工商管理学院,本科,2023,出国(境)留学或工作,伦敦大学学院,2
社会科学学部,经济与工商管理学院,本科,2023,出国(境)留学或工作,华威大学,5
社会科学学部,经济与工商管理学院,本科,2023,出国(境)留学或工作,华盛顿大学圣路易斯分校,1
社会科学学部,经济与工商管理学院,本科,2023,出国(境)留学或工作,南洋理工大学,2
社会科学学部,经济与工商管理学院,本科,2023,出国(境)留学或工作,哥伦比亚大学,1
社会科学学部,经济与工商管理学院,本科,2023,出国(境)留学或工作,埃塞克高等商学院,1
社会科学学部,经济与工商管理学院,本科,2023,出国(境)留学或工作,墨尔本大学,4
社会科学学部,经济与工商管理学院,本科,2023,出国(境)留学或工作,悉尼大学,6
社会科学学部,经济与工商管理学院,本科,2023,出国(境)留学或工作,新加坡管理大学,1
社会科学学部,经济与工商管理学院,本科,2023,出国(境)留学或工作,昆士兰大学,1
社会科学学部,经济与工商管理学院,本科,2023,出国(境)留学或工作,曼彻斯特大学,1
社会科学学部,经济与工商管理学院,本科,2023,出国(境)留学或工作,杜伦大学,1
社会科学学部,经济与工商管理学院,本科,2023,出国(境)留学或工作,格拉斯哥大学,4
社会科学学部,经济与工商管理学院,本科,2023,出国(境)留学或工作,维克森林大学,1
社会科学学部,经济与工商管理学院,本科,2023,出国(境)留学或工作,谢菲尔德大学,1
社会科学学部,经济与工商管理学院,本科,2023,出国(境)留学或工作,香港中文大学(深圳),1
社会科学学部,经济与工商管理学院,本科,2023,出国(境)留学或工作,香港城市大学,6
社会科学学部,经济与工商管理学院,本科,2023,出国(境)留学或工作,香港大学,6
社会科学学部,经济与工商管理学院,本科,2023,升学,上海交通大学,1
社会科学学部,经济与工商管理学院,本科,2023,升学,上海财经大学,3
社会科学学部,经济与工商管理学院,本科,2023,升学,东南大学,1
社会科学学部,经济与工商管理学院,本科,2023,升学,中南大学,1
社会科学学部,经济与工商管理学院,本科,2023,升学,中国人民大学,1
社会科学学部,经济与工商管理学院,本科,2023,升学,中国地质大学(北京),1
社会科学学部,经济与工商管理学院,本科,2023,升学,中国科学技术大学,4
社会科学学部,经济与工商管理学院,本科,2023,升学,中央财经大学,3
社会科学学部,经济与工商管理学院,本科,2023,升学,中山大学,1
社会科学学部,经济与工商管理学院,本科,2023,升学,兰州大学,1
社会科学学部,经济与工商管理学院,本科,2023,升学,北京大学,1
社会科学学部,经济与工商管理学院,本科,2023,升学,北京师范大学,2
社会科学学部,经济与工商管理学院,本科,2023,升学,北京理工大学,2
社会科学学部,经济与工商管理学院,本科,2023,升学,北方工业大学,1
社会科学学部,经济与工商管理学院,本科,2023,升学,华东师范大学,2
社会科学学部,经济与工商管理学院,本科,2023,升学,华中科技大学,1
社会科学学部,经济与工商管理学院,本科,2023,升学,南京农业大学,1
社会科学学部,经济与工商管理学院,本科,2023,升学,南京大学,5
社会科学学部,经济与工商管理学院,本科,2023,升学,南开大学,1
社会科学学部,经济与工商管理学院,本科,2023,升学,厦门大学,3
社会科学学部,经济与工商管理学院,本科,2023,升学,哈尔滨工业大学(深圳),1
社会科学学部,经济与工商管理学院,本科,2023,升学,商务部国际贸易经济合作研究院,1
社会科学学部,经济与工商管理学院,本科,2023,升学,四川大学,1
社会科学学部,经济与工商管理学院,本科,2023,升学,复旦大学,3
社会科学学部,经济与工商管理学院,本科,2023,升学,天津大学,3
社会科学学部,经济与工商管理学院,本科,2023,升学,武汉大学,1
社会科学学部,经济与工商管理学院,本科,2023,升学,浙江大学,1
社会科学学部,经济与工商管理学院,本科,2023,升学,电子科技大学,1
社会科学学部,经济与工商管理学院,本科,2023,升学,西南财经大学,2
社会科学学部,经济与工商管理学院,本科,2023,升学,西安交通大学,4
社会科学学部,经济与工商管理学院,本科,2023,升学,重庆大学,35
社会科学学部,经济与工商管理学院,本科,2023,就业,中审众环会计师事务所(特殊普通合伙)重庆分所,3
社会科学学部,经济与工商管理学院,本科,2023,就业,其他,73
社会科学学部,经济与工商管理学院,本科,2023,就业,比亚迪股份有限公司,2
社会科学学部,经济与工商管理学院,本科,2023,就业,蓝月亮(中国)有限公司,3
社会科学学部,经济与工商管理学院,本科,2023,选调生,中共乐山市委组织部,1
社会科学学部,经济与工商管理学院,本科,2023,选调生,中共垫江县委组织部,1
社会科学学部,经济与工商管理学院,本科,2023,选调生,中共安顺市委组织部,1
社会科学学部,经济与工商管理学院,本科,2023,选调生,中共黔东南州委组织部,1
社会科学学部,经济与工商管理学院,本科,2023,选调生,自贡市委组织部,1
社会科学学部,经济与工商管理学院,硕士,2021,出国(境)留学或工作,新加坡管理大学,1
社会科学学部,经济与工商管理学院,硕士,2021,出国(境)留学或工作,萨里大学,1
社会科学学部,经济与工商管理学院,硕士,2021,升学,四川大学,1
社会科学学部,经济与工商管理学院,硕士,2021,升学,清华大学,1
社会科学学部,经济与工商管理学院,硕士,2021,就业,上海浦东发展银行股份有限公司重庆分行,2
社会科学学部,经济与工商管理学院,硕士,2021,就业,中国汽车工程研究院股份有限公司,2
社会科学学部,经济与工商管理学院,硕士,2021,就业,交通银行股份有限公司重庆市分行,2
社会科学学部,经济与工商管理学院,硕士,2021,就业,其他,327
社会科学学部,经济与工商管理学院,硕士,2021,就业,富士康科技集团(重庆),7
社会科学学部,经济与工商管理学院,硕士,2021,就业,成都龙湖辰治置业有限公司,2
社会科学学部,经济与工商管理学院,硕士,2021,就业,申万宏源证券承销保荐有限责任公司,2
社会科学学部,经济与工商管理学院,硕士,2021,就业,西南证券股份有限公司,2
社会科学学部,经济与工商管理学院,硕士,2021,就业,重庆三峡银行股份有限公司,2
社会科学学部,经济与工商管理学院,硕士,2021,就业,重庆医药(集团)股份有限公司,3
社会科学学部,经济与工商管理学院,硕士,2021,就业,重庆和平药房连锁有限责任公司,2
社会科学学部,经济与工商管理学院,硕士,2021,就业,重庆大学,6
社会科学学部,经济与工商管理学院,硕士,2021,就业,重庆市城市建设投资(集团)有限公司,2
社会科学学部,经济与工商管理学院,硕士,2021,就业,重庆机场集团有限公司,2
社会科学学部,经济与工商管理学院,硕士,2021,就业,重庆耀中国际学校,2
社会科学学部,经济与工商管理学院,硕士,2021,就业,重庆金科房地产开发有限公司,3
社会科学学部,经济与工商管理学院,硕士,2021,就业,重庆银行股份有限公司文化宫支行,2
社会科学学部,经济与工商管理学院,硕士,2021,就业,重庆长安汽车股份有限公司,2
社会科学学部,经济与工商管理学院,硕士,2021,就业,长安福特汽车有限公司,5
社会科学学部,经济与工商管理学院,硕士,2021,选调生,中共乐山市委组织部,1
社会科学学部,经济与工商管理学院,硕士,2021,选调生,中共巴中市委组织部,1
社会科学学部,经济与工商管理学院,硕士,2021,选调生,中共开封市委组织部,1
社会科学学部,经济与工商管理学院,硕士,2021,选调生,中共德阳市委组织部,2
社会科学学部,经济与工商管理学院,硕士,2021,选调生,中共成都市委组织部,1
社会科学学部,经济与工商管理学院,硕士,2021,选调生,中共贵州省委组织部,1
社会科学学部,经济与工商管理学院,硕士,2021,选调生,中共遵义市委组织部,1
社会科学学部,经济与工商管理学院,硕士,2021,选调生,中共重庆市委组织部,2
社会科学学部,经济与工商管理学院,硕士,2021,选调生,中共阿坝州委组织部,1
社会科学学部,经济与工商管理学院,硕士,2021,选调生,中共陕西省委组织部,1
社会科学学部,经济与工商管理学院,硕士,2021,选调生,中国共产党内江市委员会组织部,1
社会科学学部,经济与工商管理学院,硕士,2021,选调生,中国共产党宜宾市委员会组织部,1
社会科学学部,经济与工商管理学院,硕士,2021,选调生,中国共产党广安市委员会组织部,1
社会科学学部,经济与工商管理学院,硕士,2021,选调生,中国共产党广安市委员组织部,1
社会科学学部,经济与工商管理学院,硕士,2021,选调生,中国共产党自贡市委员会组织部,1
社会科学学部,经济与工商管理学院,硕士,2021,选调生,中国共产党重庆市委员会组织部,1
社会科学学部,经济与工商管理学院,硕士,2022,出国(境)留学或工作,坦佩雷大学,1
社会科学学部,经济与工商管理学院,硕士,2022,升学,上海交通大学,1
社会科学学部,经济与工商管理学院,硕士,2022,升学,中山大学,1
社会科学学部,经济与工商管理学院,硕士,2022,升学,重庆大学,1
社会科学学部,经济与工商管理学院,硕士,2022,就业,上海恬淡资产管理有限公司,2
社会科学学部,经济与工商管理学院,硕士,2022,就业,上海浦东发展银行股份有限公司成都分行,2
社会科学学部,经济与工商管理学院,硕士,2022,就业,中国建筑第二工程局有限公司西南分公司,2
社会科学学部,经济与工商管理学院,硕士,2022,就业,中国民生银行股份有限公司重庆分行,3
社会科学学部,经济与工商管理学院,硕士,2022,就业,中国铁路成都局集团有限公司,2
社会科学学部,经济与工商管理学院,硕士,2022,就业,中国银行保险监督管理委员会重庆监管局,2
社会科学学部,经济与工商管理学院,硕士,2022,就业,中电科技集团重庆声光电有限公司,6
社会科学学部,经济与工商管理学院,硕士,2022,就业,中移物联网有限公司,2
社会科学学部,经济与工商管理学院,硕士,2022,就业,云航时代(重庆)科技有限公司,2
社会科学学部,经济与工商管理学院,硕士,2022,就业,交通银行股份有限公司重庆市分行,2
社会科学学部,经济与工商管理学院,硕士,2022,就业,光大证券股份有限公司,2
社会科学学部,经济与工商管理学院,硕士,2022,就业,兴业银行股份有限公司重庆分行,2
社会科学学部,经济与工商管理学院,硕士,2022,就业,其他,371
社会科学学部,经济与工商管理学院,硕士,2022,就业,北京京东世纪贸易有限公司,2
社会科学学部,经济与工商管理学院,硕士,2022,就业,华为技术有限公司,2
社会科学学部,经济与工商管理学院,硕士,2022,就业,华夏航空股份有限公司,2
社会科学学部,经济与工商管理学院,硕士,2022,就业,天健会计师事务所(特殊普通合伙)重庆分所,3
社会科学学部,经济与工商管理学院,硕士,2022,就业,德勤华庆商务服务有限公司,3
社会科学学部,经济与工商管理学院,硕士,2022,就业,德勤华永会计师事务所(特殊普通合伙)重庆分所,2
社会科学学部,经济与工商管理学院,硕士,2022,就业,恒丰银行股份有限公司重庆分行,2
社会科学学部,经济与工商管理学院,硕士,2022,就业,成都龙湖物业服务有限公司,2
社会科学学部,经济与工商管理学院,硕士,2022,就业,新奥集团股份有限公司,2
社会科学学部,经济与工商管理学院,硕士,2022,就业,杭州银行股份有限公司,2
社会科学学部,经济与工商管理学院,硕士,2022,就业,申万宏源证券有限公司重庆分公司,2
社会科学学部,经济与工商管理学院,硕士,2022,就业,申港证券股份有限公司,2
社会科学学部,经济与工商管理学院,硕士,2022,就业,荣耀终端有限公司,3
社会科学学部,经济与工商管理学院,硕士,2022,就业,西南证券股份有限公司,2
社会科学学部,经济与工商管理学院,硕士,2022,就业,重庆优合一众网络科技有限公司,2
社会科学学部,经济与工商管理学院,硕士,2022,就业,重庆前卫科技集团有限公司,3
社会科学学部,经济与工商管理学院,硕士,2022,就业,重庆医药(集团)股份有限公司,2
社会科学学部,经济与工商管理学院,硕士,2022,就业,重庆国际复合材料股份有限公司,3
社会科学学部,经济与工商管理学院,硕士,2022,就业,重庆小康工业集团股份有限公司,2
社会科学学部,经济与工商管理学院,硕士,2022,就业,重庆市人民政府办公厅,2
社会科学学部,经济与工商管理学院,硕士,2022,就业,重庆水务集团股份有限公司,2
社会科学学部,经济与工商管理学院,硕士,2022,就业,重庆长安汽车股份有限公司,6
社会科学学部,经济与工商管理学院,硕士,2022,就业,金科地产集团股份有限公司,2
社会科学学部,经济与工商管理学院,硕士,2022,就业,长安福特汽车有限公司,7
社会科学学部,经济与工商管理学院,硕士,2022,就业,马上消费金融股份有限公司,2
社会科学学部,经济与工商管理学院,硕士,2022,就业,鸿富锦精密电子(重庆)有限公司,3
社会科学学部,经济与工商管理学院,硕士,2022,志愿服务西部计划,南岸区委政法委,1
社会科学学部,经济与工商管理学院,硕士,2022,选调生,中共南昌市委组织部,1
社会科学学部,经济与工商管理学院,硕士,2022,选调生,中共天津市河北区委组织部,1
社会科学学部,经济与工商管理学院,硕士,2022,选调生,中共武汉市委组织部,1
社会科学学部,经济与工商管理学院,硕士,2022,选调生,中共绵阳市委组织部,1
社会科学学部,经济与工商管理学院,硕士,2022,选调生,中共贵州省委组织部,2
社会科学学部,经济与工商管理学院,硕士,2022,选调生,中共贵阳市委组织部,2
社会科学学部,经济与工商管理学院,硕士,2022,选调生,中共达州市委组织部,2
社会科学学部,经济与工商管理学院,硕士,2022,选调生,中共重庆市委组织部,2
社会科学学部,经济与工商管理学院,硕士,2022,选调生,中共黔南州委组织部,1
社会科学学部,经济与工商管理学院,硕士,2022,选调生,中国共产党广西壮族自治区委员会组织部,1
社会科学学部,经济与工商管理学院,硕士,2022,选调生,中国共产党成都市委员会组织部,3
社会科学学部,经济与工商管理学院,硕士,2022,选调生,中国共产党泸州市委员会组织部,1
社会科学学部,经济与工商管理学院,硕士,2022,选调生,中国共产党自贡市委员会组织部,1
社会科学学部,经济与工商管理学院,硕士,2022,选调生,中国共产党重庆市委员会组织部,22
社会科学学部,经济与工商管理学院,硕士,2023,升学,中国人民大学,1
社会科学学部,经济与工商管理学院,硕士,2023,升学,重庆大学,4
社会科学学部,经济与工商管理学院,硕士,2023,就业,中信银行股份有限公司重庆分行,2
社会科学学部,经济与工商管理学院,硕士,2023,就业,中冶建工集团有限公司,2
社会科学学部,经济与工商管理学院,硕士,2023,就业,中国农业银行股份有限公司重庆市分行,3
社会科学学部,经济与工商管理学院,硕士,2023,就业,中国工商银行股份有限公司重庆市分行,2
社会科学学部,经济与工商管理学院,硕士,2023,就业,中国电信股份有限公司重庆分公司,2
社会科学学部,经济与工商管理学院,硕士,2023,就业,中国联合网络通信有限公司重庆市分公司,2
社会科学学部,经济与工商管理学院,硕士,2023,就业,中国航发贵州黎阳航空动力有限公司,2
社会科学学部,经济与工商管理学院,硕士,2023,就业,中建桥梁有限公司,2
社会科学学部,经济与工商管理学院,硕士,2023,就业,中移物联网有限公司,2
社会科学学部,经济与工商管理学院,硕士,2023,就业,交通银行股份有限公司重庆市分行,4
社会科学学部,经济与工商管理学院,硕士,2023,就业,其他,289
社会科学学部,经济与工商管理学院,硕士,2023,就业,康宁显示科技(重庆)有限公司,2
社会科学学部,经济与工商管理学院,硕士,2023,就业,德勤华庆商务服务有限公司,6
社会科学学部,经济与工商管理学院,硕士,2023,就业,成都华为技术有限公司,2
社会科学学部,经济与工商管理学院,硕士,2023,就业,比亚迪股份有限公司,4
社会科学学部,经济与工商管理学院,硕士,2023,就业,江西赣锋锂业股份有限公司,2
社会科学学部,经济与工商管理学院,硕士,2023,就业,西南证券股份有限公司,2
社会科学学部,经济与工商管理学院,硕士,2023,就业,贵州元晨和农业发展有限公司,2
社会科学学部,经济与工商管理学院,硕士,2023,就业,重庆四联测控技术有限公司,2
社会科学学部,经济与工商管理学院,硕士,2023,就业,重庆市交通行政执法总队高速公路第五支队,2
社会科学学部,经济与工商管理学院,硕士,2023,就业,重庆市轨道交通(集团)有限公司,2
社会科学学部,经济与工商管理学院,硕士,2023,就业,重庆长安新能源汽车科技有限公司,3
社会科学学部,经济与工商管理学院,硕士,2023,就业,重庆长安汽车股份有限公司,4
社会科学学部,经济与工商管理学院,硕士,2023,就业,马上消费金融股份有限公司,3
社会科学学部,经济与工商管理学院,硕士,2023,选调生,中共乐山市委组织部,1
社会科学学部,经济与工商管理学院,硕士,2023,选调生,中共成都市委组织部,1
社会科学学部,经济与工商管理学院,硕士,2023,选调生,中共重庆市南川区委组织部干部科,1
社会科学学部,经济与工商管理学院,硕士,2023,选调生,中共重庆市委组织部,17
社会科学学部,经济与工商管理学院,硕士,2023,选调生,中共重庆市涪陵区委组织部,1
社会科学学部,经济与工商管理学院,硕士,2023,选调生,中共重庆市铜梁区委组织部,1
社会科学学部,经济与工商管理学院,硕士,2023,选调生,中共铜仁市委组织部,1
社会科学学部,经济与工商管理学院,硕士,2023,选调生,中共陕西省委组织部,1
社会科学学部,经济与工商管理学院,硕士,2023,选调生,中共黔南州委组织部,1
社会科学学部,经济与工商管理学院,硕士,2023,选调生,中国共产党云阳县委员会组织部,1
社会科学学部,经济与工商管理学院,硕士,2023,选调生,中国共产党广安市委员会组织部,1
社会科学学部,经济与工商管理学院,硕士,2023,选调生,中国共产党泸州市委员会组织部,1
社会科学学部,经济与工商管理学院,硕士,2023,选调生,中国共产党郑州市委员会组织部,1
社会科学学部,经济与工商管理学院,硕士,2023,选调生,中国共产党重庆市委员会组织部,9
社会科学学部,经济与工商管理学院,硕士,2023,选调生,四川省林业和草原局,1
社会科学学部,经济与工商管理学院,硕士,2023,选调生,大理白族自治州发展和改革委员会,1
社会科学学部,经济与工商管理学院,硕士,2023,选调生,普洱市思茅区工业信息化和科学技术局,1
社会科学学部,经济与工商管理学院,硕士,2023,选调生,曲靖市商务局,1
社会科学学部,经济与工商管理学院,硕士,2023,选调生,黄石市审计局,1
社会科学学部,马克思主义学院,硕士,2021,升学,四川大学,1
社会科学学部,马克思主义学院,硕士,2021,升学,西南大学,2
社会科学学部,马克思主义学院,硕士,2021,就业,其他,12
社会科学学部,马克思主义学院,硕士,2021,就业,西南石油大学,4
社会科学学部,马克思主义学院,硕士,2021,就业,重庆大学,3
社会科学学部,马克思主义学院,硕士,2021,就业,重庆电力高等专科学校,2
社会科学学部,马克思主义学院,硕士,2021,选调生,中共南充市委组织部,2
社会科学学部,马克思主义学院,硕士,2021,选调生,中共廊坊市委组织部,1
社会科学学部,马克思主义学院,硕士,2021,选调生,中共成都市委组织部,1
社会科学学部,马克思主义学院,硕士,2021,选调生,中共攀枝花市委组织部,1
社会科学学部,马克思主义学院,硕士,2021,选调生,中共朔州市委政策研究室,1
社会科学学部,马克思主义学院,硕士,2021,选调生,中共泸州市委组织部,1
社会科学学部,马克思主义学院,硕士,2021,选调生,中共眉山市委组织部,1
社会科学学部,马克思主义学院,硕士,2021,选调生,中共绵阳市委组织部,1
社会科学学部,马克思主义学院,硕士,2021,选调生,四川省监狱管理局,1
社会科学学部,马克思主义学院,硕士,2022,升学,上海交通大学,1
社会科学学部,马克思主义学院,硕士,2022,升学,中山大学,1
社会科学学部,马克思主义学院,硕士,2022,升学,同济大学,1
社会科学学部,马克思主义学院,硕士,2022,就业,其他,18
社会科学学部,马克思主义学院,硕士,2022,就业,成都航空职业技术学院,2
社会科学学部,马克思主义学院,硕士,2022,就业,重庆大学,2
社会科学学部,马克思主义学院,硕士,2022,就业,重庆电力高等专科学校,2
社会科学学部,马克思主义学院,硕士,2022,选调生,中共乐山市委组织部,1
社会科学学部,马克思主义学院,硕士,2022,选调生,中共凉山州委组织部,1
社会科学学部,马克思主义学院,硕士,2022,选调生,中共安顺市委组织部,1
社会科学学部,马克思主义学院,硕士,2022,选调生,中共达州市委组织部,1
社会科学学部,马克思主义学院,硕士,2022,选调生,中共遵义市委组织部,1
社会科学学部,马克思主义学院,硕士,2022,选调生,中国共产党内江市委员会组织部,2
社会科学学部,马克思主义学院,硕士,2022,选调生,中国共产党宜宾市委员会党校(宜宾行政学院、宜宾社会主义学院),2
社会科学学部,马克思主义学院,硕士,2023,升学,东南大学,1
社会科学学部,马克思主义学院,硕士,2023,升学,中国社会科学院大学,1
社会科学学部,马克思主义学院,硕士,2023,升学,南开大学,1
社会科学学部,马克思主义学院,硕士,2023,升学,同济大学,1
社会科学学部,马克思主义学院,硕士,2023,就业,其他,18
社会科学学部,马克思主义学院,硕士,2023,就业,重庆电力高等专科学校,2
社会科学学部,马克思主义学院,硕士,2023,选调生,中共乐山市委组织部,1
社会科学学部,马克思主义学院,硕士,2023,选调生,中国共产党南充市委员会组织部,2
社会科学学部,马克思主义学院,硕士,2023,选调生,中国共产党泸州市委员会组织部,1
社会科学学部,马克思主义学院,硕士,2023,选调生,中国共产党绍兴市上虞区委组织部,1
社会科学学部,马克思主义学院,硕士,2023,选调生,中国共产党达州市委员会组织部,1
